rank,Name,Team,playerid,IP,K/9+,BB/9+,K/BB+,HR/9+,K%+,BB%+,AVG+,WHIP+,BABIP+,LOB%+,ERA-,FIP-,xFIP-,LD%+,GB%+,FB%+
1,Jacob Misiorowski,MIL,31623,174.2,154.41969364173914,66.18823256067405,233.30384643685073,61.66197947961112,173.2376494542077,74.25408837391807,64.96996842221898,61.285913425961716,82.52614811051642,113.20016949924998,43.43505806101596,51.656281970144626,54.35804040304683,93.11793230267811,105.04994488378621,97.95582380926565
2,Cristopher Sánchez,PHI,20778,207.0,119.44110607274408,57.118962755816305,209.10937346940827,70.61268385390653,123.22378514599698,58.92790901430719,104.83057559937443,91.97539584495047,115.86459774859968,110.11608860631863,67.25566606306539,64.73430796003171,62.87380332120717,88.61189485222882,137.37600057331997,65.14775713327936
3,Cam Schlittler,NYY,32095,193.2,129.19012365398243,66.95949402215831,192.9377253019939,64.12588764949211,140.19262603153317,72.66211054955366,76.00168496777295,70.66955496756012,86.91584494169287,112.93066013417963,47.05050588858215,60.42585530810618,68.97074899193596,93.98641320187564,105.12838471864418,97.62361614205041
4,Chris Sale,ATL,10603,162.2,131.59627894382763,50.07272991527382,262.81027248722404,47.29343890286507,141.09719392985556,53.687852085024886,88.75361757678128,75.20800666285137,105.7096696833749,112.44001840949235,51.40936658530014,55.09363005438085,66.8253235409398,101.00385769958045,106.5955844310731,92.34694593338726
5,Jesús Luzardo,PHI,19959,178.2,132.39175162951858,76.47120965818837,173.1262670070183,64.58730964099243,138.97006128235435,80.27092586716729,87.95162705650918,82.5955112039846,102.51339050108483,104.96371630898184,66.2911798974612,64.15320377394413,69.6282560809664,91.68637821110839,114.99427315762757,87.88584837767152
6,Dylan Cease,TOR,18525,169.0,148.04627587039965,122.1458902322303,121.20446846503047,50.521270721804825,155.74684456293585,128.49925852865277,74.37466599187266,84.6239847693854,95.05293406990243,107.51358400279179,58.03261630620958,61.16167901525116,70.62401579061628,104.46633611119086,102.49556771036885,95.17874736395832
7,Tarik Skubal,2 Tms,22267,158.2,123.75457670054031,44.87902946694712,275.55625114829934,68.31384946333431,135.1319062218191,49.0129997474521,88.97557446184531,73.96811895685632,100.29843781838339,105.8665384665086,65.10634698236721,59.3399473507562,64.76633687315214,106.85638776294759,103.92374512450158,92.52521282076044
8,Drew Rasmussen,TBR,25385,172.0,105.90271270039634,49.23710219611499,215.0872183659069,63.178289894643136,116.10075878213866,53.97845415056351,82.52920756005858,70.18405068244114,87.11596751744057,106.2759699046385,63.942128717442806,67.55191460367212,77.60877278806355,98.85393900355808,106.76008919709173,93.50595013879074
9,Parker Messick,CLE,31986,186.1,108.43089814791927,69.59475277222903,155.80326771745402,70.81522863324099,115.33168417956053,74.02391797514989,89.30278632464206,81.70372882807541,94.60751263564798,112.49665117681013,61.9076000143436,75.35851989939275,81.23636769326285,94.78236857167309,107.74860838389533,94.49170561925986
10,Reid Detmers,LAA,27468,185.0,119.39799023815753,68.66579758461204,173.88277038990404,79.7168549837106,127.28073165095653,73.19916093613877,87.1854405804776,79.79886809347364,94.88353747192996,101.41909121209906,81.49199682710416,73.45397115338243,81.31300607654353,95.26309048967642,90.41149989635248,112.36529440060326
11,Yoshinobu Yamamoto,LAD,33825,185.0,105.29599197026627,59.65072200929919,176.52089967985185,83.16828173224286,117.51722190796256,66.5741099644082,74.79186994583593,66.54214714513738,75.43498632058572,111.538781638436,60.45677541647967,77.54039372633957,77.874248925849,83.75660833449992,115.55351575538191,91.2340009477358
12,Jacob deGrom,TEX,10954,162.2,129.3551661101905,74.83938715997508,172.84370169985294,95.43324919473366,134.31716659645622,77.71018760100455,93.25268007786234,87.44608890928558,103.45967756062089,96.51729598115892,103.38601460190893,74.90146016093598,75.77846396621992,110.16431386118724,88.10715886692947,107.38544210601123
13,Chase Burns,CIN,35333,154.1,128.29926697646007,95.33808750204732,134.5729386166317,84.74003695154713,134.24390148999296,99.75549226922085,89.63134387044346,89.17752886145378,100.43005244058702,111.64175820967968,66.8406803970303,74.17169675749744,81.73485402577245,103.5937002046979,87.23777055902319,112.04751571071345
14,Paul Skenes,PIT,33677,174.1,122.78964563071082,73.85055990916136,166.26772341360996,88.25697276773725,128.41430003696175,77.2334481583125,92.74662286653424,85.52574061002623,101.56419244088963,96.26694084931056,88.39813848509763,78.99683088446434,80.81533259891744,100.32723182091394,94.95907400271987,105.30332758128765
15,Payton Tolle,BOS,35466,148.2,120.41173050286258,71.20612447315538,169.10305443940268,78.31517825121523,126.58747148444778,74.85818026083145,91.85189650023612,84.30265125320268,100.98268195071863,107.4274871157379,71.03197671890487,73.57764452515048,85.60371558485878,78.62985262221777,90.70841798427426,120.30091555149967
16,Bryan Woo,SEA,30279,173.0,105.89567643603752,59.660852873982726,177.4960835250367,80.75969673876023,110.0250633509027,61.987317925726735,95.36044544134191,84.88960026772808,98.90175434393272,91.48025369530714,103.24119023171814,81.4735466436248,87.8146099720633,109.43484986883787,91.37815977101623,104.32988682979652
17,Zack Wheeler,PHI,10310,162.0,127.51300371567955,76.2291341871924,167.27594256054186,99.72493062938156,136.7920888946016,81.77630546593639,85.76528028463377,80.23734883480988,93.46960266740518,113.72453161208182,69.26329783265938,77.38000734951709,71.93518744142852,103.5937002046979,103.02254808142821,94.93007728816733
18,Trevor Rogers,BAL,22286,169.2,96.87002618852523,60.832973057892424,159.23934348633162,86.92112924323429,100.261547339717,62.962797956047176,102.56232479244541,91.08917387300738,103.13071197219286,95.85853510827165,99.24996828928232,83.51489274708594,94.70171998103997,91.95166492796308,93.15200437133065,111.14393258226205
19,Cade Cavalli,WSN,27473,169.2,126.1669635444638,74.33320434574874,169.7316342934491,81.61602542040532,129.50563943573113,76.30023502002436,95.48156574199939,88.32877525886762,106.76559313193248,106.52734633034422,70.769471970795,75.92536433722033,74.24019282022398,93.21073205728997,118.82991029019448,82.96617784506707
20,Ranger Suarez,BOS,17277,148.1,98.80423793061543,82.071059328711,120.38864792653064,52.32744517168797,102.11476436060103,84.8209234927102,96.73190839597564,91.23072918701317,101.7782532021641,103.8953972405279,75.4630954153325,76.50774580621444,89.0577190579657,126.56143436586353,101.86296907538697,84.8861302414805
21,Braxton Ashcraft,PIT,23793,165.1,111.99480134551256,55.62189321188985,201.3502130219857,102.36741167048989,118.5724122394743,58.88864375582499,96.09058329646189,83.24434638360859,99.60714155664657,100.85543570597373,84.39295868916248,83.02834713357099,75.35391631493302,103.82442098598278,108.75611733186734,88.59737810886094
22,Gavin Williams,CLE,30122,184.1,140.8426198011111,87.57838236335006,160.818933931162,117.90234402766828,148.39688362378914,92.27575202225506,88.21266226625643,85.51006097271198,99.85044344341341,104.61633102613222,90.91708259080511,85.33051804772008,68.85482803665867,90.43230528388091,105.85297722955502,98.62856535403586
23,Max Fried,NYY,13743,112.2,96.6327167214937,77.51566198376388,124.66218436167375,27.557057068359427,106.96840911091576,85.80662084504822,82.35546185993215,76.43456775112433,89.4057249993237,100.75743446034666,67.39729841785709,62.53678756119434,86.74200754919092,74.47366290366382,119.48428266535404,92.29945950565067
24,Nolan McLean,NYM,33703,179.2,115.5703423167014,102.36904969629903,112.89578418207648,72.79153405524616,118.72563867887305,105.16392250536839,87.59168703448705,89.37055323988515,94.96911500966301,103.02408609344313,76.8482029786726,85.663677692001,87.51086596722705,105.38753027134796,108.27382864718986,88.34085560003805
25,Sonny Gray,BOS,12768,169.0,92.29663067469306,72.03475455849622,128.12791815602992,73.48548344221622,97.38173125391424,76.00352129484212,97.4053583911375,88.263724555561,98.05146919840178,115.08160948528305,63.73543638326332,84.05240112703602,88.85153057138398,104.62515299435704,111.96217214717292,85.21034814370539
26,Shane Baz,BAL,22264,179.2,89.73038039620124,92.79915202191658,96.6931045351643,64.80254185757897,89.39357560518673,92.45082663625247,106.3636427034035,103.56549735652774,107.13870231934021,95.01190654802636,101.12526206131068,87.75955560165134,104.05811118298811,118.91098675825404,92.25452337972366,98.71663148747838
27,Sandy Alcantara,MIA,18684,211.0,77.10336150620901,72.22435634620538,106.75534516566132,87.504068764803,78.60582125746815,73.63174053602108,102.91219141297935,94.5803058131985,97.24086711077821,101.12862888759587,92.49000920889395,97.3351867888284,104.28255939823556,103.43578248607434,100.21931217061008,98.04873568602633
28,Eduardo Rodriguez,ARI,13164,189.2,80.69696702902813,85.88925312079859,93.95467238067758,77.06586487628371,82.96085263746596,88.29880268169433,98.83276403262727,94.73697621926563,95.25025507777924,110.86847979497595,68.81448651705112,94.63797678671811,105.27558402498312,106.85364166740044,92.44919223688758,104.77036248788636
29,Kevin Gausman,2 Tms,14107,177.2,109.16991467710959,69.89267772520353,156.28883088634882,113.16264206188234,110.33203940689944,70.62703554261203,105.9324834250982,97.65757153991579,107.98343415336191,95.011200348673,109.36925599330655,89.76851374534297,86.10269605797421,100.97049070924007,96.84584393885672,102.74387833598742
30,Logan Webb,SFG,17995,160.2,89.26705210882243,67.04960342611629,133.1358380049449,62.24679972557485,91.70472703167057,68.8805701912209,98.83925593777919,89.46944143754656,99.49145381964696,90.95446493590241,105.81068571574585,84.99280933306322,88.69433957740601,100.98756914412874,120.84902812912794,76.89824988793877
31,Shohei Ohtani,LAD,19755,85.2,118.6926739636871,79.74429420703646,148.84158698513988,35.92093073161431,127.7344594862414,85.81906379632933,73.96134798065108,72.29625639482344,84.97236606127744,112.04565474668313,42.68255548237453,60.7077204715521,76.79695272346628,81.0092914917958,121.9235151932295,85.6963007397121
32,Nick Martinez,TBR,12730,180.0,63.39285117515819,38.227139857448655,165.83205517356785,94.86771980555051,67.39089557700527,40.638038498071445,102.63632358378194,84.15132422330595,91.97017390855697,112.76076650027427,74.27874452697603,95.00947887335833,107.87330212882331,109.05072113790928,86.24745766048828,109.8803088869092
33,Logan Gilbert,SEA,22250,186.0,115.37911640350174,69.71947336578802,165.4905175169571,121.01893863078152,122.0125559371508,73.72782214977505,91.7001765615452,83.50368827088512,93.51061393842308,108.37051459748928,96.02541001415106,96.05134467460172,83.41363433913972,99.28713530864374,92.71075806606375,107.96839165134027
34,Sean Burke,CHW,29878,142.1,114.00171162788575,100.40563886160298,113.54114548289083,87.25325764893532,114.55305777939047,100.89122838455664,96.10610122520686,96.69714370736156,102.19316004517292,106.02851535508249,90.19624375251219,88.21022185646375,98.09740576015943,98.18590594756687,87.44115201666787,114.01942223957306
35,MacKenzie Gore,TEX,22201,173.0,105.29056060666011,108.61334993476876,96.94071812281851,85.24634843728552,103.5618768729498,106.83010943831928,99.03504907207028,102.66752928921457,102.11291029776619,97.44522828301864,112.55980789147615,93.08232354017322,101.26687667553018,101.03175555551525,95.88637644002183,103.78597179572016
36,Taj Bradley,MIN,22543,178.1,120.33933854240284,112.78517597722785,106.69783367005581,100.10680233920108,122.33879281202181,114.65911494275522,88.41991506973463,93.99206555568556,93.81911669701758,107.80646345256397,89.65057270296235,93.2595308676181,91.6798665327289,112.51613630632633,86.69744443205595,107.69225753584813
37,Dustin May,2 Tms,19716,145.2,105.80702354205755,90.18783707902948,117.31850562203516,73.93793583592365,106.00693528543734,90.35823622277582,105.02511413252451,100.78217250763149,110.87604803781555,93.43247262222408,113.67978509395846,87.27294867851435,94.1027167685789,108.38270326879515,99.68568560586901,96.16036409839785
38,Michael Soroka,ARI,18383,112.0,105.12036285515016,65.68680819595949,160.0326837647226,61.819281990671435,110.03728620549589,68.75925616422114,92.25889473226239,83.28839224669923,97.68550333777219,103.28607181880152,78.32616924732748,75.82030554506761,87.59137721245476,129.0730566244973,86.3387422089194,100.31578062269992
39,Andre Pallante,STL,26108,162.0,72.67580565438676,81.09482408079154,89.61830292128006,56.98567498082864,74.06044154516806,82.63985946797071,103.71209244927253,97.22878798396722,100.08721102814786,98.40348397921251,93.0112753864002,90.40132263635245,94.48931290268509,99.09851005059703,132.02146140087538,65.72464372573222
40,Michael King,SDP,19853,185.0,91.9893560965803,99.4178705279974,92.52798806360374,83.16828216097507,96.02064789491158,103.7747035648169,90.94831632991635,90.10054753055464,90.04479052768049,110.96015507918963,79.7975934468489,98.46105096020553,102.88598859275137,85.81726624867271,106.18096167058278,100.37019247649641
41,Davis Martin,CHW,21448,140.2,90.7935359118647,84.66273287344472,107.24144322683098,71.73323973846311,91.22154540109635,85.06183968535977,108.97509827782793,102.21570933674373,109.94927144142875,101.29384880619898,97.45237210720175,88.88848114905721,99.36100080996377,115.79392927976902,102.29749448903043,89.77009923703118
42,Jared Jones,PIT,27863,101.2,129.4907384807264,80.1163678644381,161.62831756558901,90.80340269350094,135.4941054196512,83.8306703436611,85.88057833763789,82.72880732913653,94.84043057198055,100.55379273201225,86.03249860999978,76.35077856557945,80.47869093193178,95.84456510923084,86.27804299100677,116.95279742673237
43,Noah Cameron,KCR,30184,170.1,92.18874446196364,85.45431573561633,107.88073647367933,95.69470988024665,92.73976430160342,85.96508187226154,99.2744087072898,96.1495344563227,96.79125698704787,96.03043564457397,100.09833214588181,95.38940162558409,101.68588687974159,105.14406779078385,93.97628921634448,103.74277122880935
44,Foster Griffin,2 Tms,16432,172.2,97.36945224760277,68.64184291591054,141.9264897895947,102.63467484439657,99.55373091964603,70.17307173160954,102.13679150606254,92.72439465882374,101.09569652794839,105.80319882199775,85.19294050634836,93.45274574681889,89.73835064238584,104.6513517967798,107.12524583348673,90.00192450319837
45,Walbert Ureña,LAA,29357,146.2,99.92701166789418,117.28781377695417,85.19812006195485,52.92207433343429,102.44956696329666,120.24862316763374,84.58627885297348,91.21894681323025,88.97027742678813,108.80384126887579,72.99653606780859,87.5078809866707,94.36428820159557,76.93265652321723,134.2726198208721,75.63120368224554
46,José Soriano,2 Tms,22100,177.1,99.76601331773831,108.94403184632222,91.57547447258345,78.78624689377554,101.26103417310284,110.57658597808471,97.24255949610522,98.85797303710288,99.84140164000105,100.52499425788159,94.7730308563103,94.47926821843345,90.06298555912747,98.50771909461315,129.29590444414396,70.13464625956956
47,Kyle Leahy,STL,24763,140.0,100.91554627864627,76.94740231420761,131.1487359773933,82.42570763645347,101.24907372815247,77.20171319262829,110.69996665031266,102.67683555665587,114.05720016048859,108.46279948760464,88.90953503053619,86.79567443456716,86.50436886760626,117.32298572407052,107.33458577297081,83.40713283286364
48,Ryan Weathers,NYY,23796,137.1,109.0049893430199,73.22824168081668,148.85648987442102,101.73369970816462,112.38274321926947,75.49737452692851,102.60557266290395,94.05904439924745,106.1534203707817,104.30723971483016,86.88736420943746,85.40534447693922,78.31371778995145,99.79284222571344,118.38819832925434,80.8927267114536
49,Joe Ryan,MIN,21390,144.2,115.05749988999973,56.71059092819768,202.88538506339796,112.67280272702693,115.59543396058591,56.975731632477874,99.97327585275308,89.2910708590067,103.17879155819386,97.58068631430518,91.09934053916191,90.28748319210015,90.66287181355747,91.6883093246488,88.80683340100549,115.813845476871
50,George Kirby,SEA,25436,174.2,88.7029319562932,71.21291902216856,124.56016949279862,97.76444399138818,89.15699742521848,71.5774527797549,118.58408046632559,107.4105714558611,116.51916943289979,101.03705737689133,111.55207244413664,97.95025909735284,95.55483662371795,104.38790772971758,105.37616209239093,92.20829937916832
51,Landen Roupp,SFG,30076,155.0,98.7453223845351,127.13575894404386,77.66919583795232,54.59595419259695,99.50251431343051,128.11065044059796,90.44562761723985,99.15326827869642,94.66976397732367,95.70321403534562,98.28381238048634,91.66699254453029,99.82466990108774,86.94033901977286,117.13026954140395,87.93638630937525
52,Michael Wacha,KCR,14078,200.2,82.42674281879162,71.2179521805619,115.73871601893207,116.04175823615901,86.85863172905589,75.0471702490059,93.04811002031,85.0638367112744,85.02913213790032,108.68134888333789,77.62434570098075,104.5050535856068,106.04694651431043,103.01824438849592,85.6546914579837,113.49012256912047
53,Peter Lambert,HOU,17969,155.2,103.56461409845433,100.30610170356198,103.2485692474014,84.76597972546863,103.52960752778107,100.27219454013448,95.39430021916789,96.31772650722141,97.82087996845436,104.89834173623555,93.03553369401878,95.47173602123092,105.27979090947122,97.49623623904921,88.01721180136288,113.7595171705841
54,Shane McClanahan,TBR,21483,118.0,94.03946517444525,87.4688793819683,107.51191341622355,65.7788504399065,97.16029632011426,90.37165464456368,87.12407695394293,86.01202205209685,87.78115755726282,95.19162648263163,80.41110674830769,83.92083700733282,97.07978865017456,86.4562426705412,107.41505902918588,98.96777866862311
55,Logan Henderson,MIL,31475,98.1,119.73030906121443,50.76810831269165,235.8376392579505,109.5283978681582,135.5445817217503,57.47368378309656,75.52064705488702,64.53866723810825,76.7004599931199,120.16490515673637,59.517598431149544,79.27916760192971,78.3072469499043,100.11155854255229,73.06208780385536,129.15656773900318
56,Brandon Pfaadt,ARI,27782,114.2,69.07274672807246,48.11940663291137,143.54446784959333,67.09069451012581,72.9083256870496,50.79145458007759,100.00787280481657,84.68552993712062,94.16655910817289,101.57529166374543,80.23656466786187,87.48661415276871,100.656496930862,95.60300117534553,105.64900849525247,96.06686845092047
57,Tyler Glasnow,LAD,14374,74.0,141.744604210012,88.76595514218684,159.68352156882625,72.77224632814217,155.55965610766046,97.41747326986389,71.13839576764913,72.32842062350556,84.28256915931878,94.83602802096766,84.2906962768712,63.62861370591577,68.63487968614106,92.72275600434973,95.57504617500237,108.42773577122924
58,Max Meyer,MIA,27474,111.0,116.67413049720852,97.05077803903794,120.21967464254921,76.2375917188908,119.7310471265921,99.59355169533889,85.03768511785003,86.79410512105942,91.37690262159066,110.45770611229888,63.06384023260815,83.40106077745178,88.77099006216079,103.95215564411468,98.08335056438752,100.10751255746315
59,Eury Pérez,MIA,27768,158.0,113.12837948666585,113.08108572334544,100.0418220729826,97.38058329826994,116.20223684195427,116.15365650421876,88.70252165416943,92.91520846142095,92.3849214039579,99.27416729702469,92.6363545815201,97.86236169431916,98.92500375938465,92.4491453593061,92.01951794167314,112.4198973436872
60,Jake Bennett,BOS,31959,109.2,85.91206587106278,48.26433412328227,178.0032151993712,84.93269269760191,91.09946916040798,51.178551315824116,100.5039899913211,84.8355665236487,97.70121821761538,99.30594119572507,88.58918236348137,84.96018832860837,90.61976862691886,103.13453665566563,101.70558450837281,96.66426464931371
61,Casey Mize,2 Tms,20492,131.1,88.12731390581686,76.29850349603754,115.28086207274768,105.700039441777,89.93042195765699,77.89433692192954,100.5172077472692,94.01353447067432,96.00238159393206,94.61028632959453,105.63558221729687,98.86156871125306,108.91170485140503,96.63910028805645,79.55403166529436,123.36431748481955
62,Gerrit Cole,NYY,13125,127.0,107.98262140367689,52.096344354060896,207.27485503215672,134.45818531558206,112.6719638653568,54.3587215702225,97.22343232075194,84.76011697956199,95.16566905237748,111.89663173982176,87.12370597161065,92.7113109015343,88.65083943734663,97.06568673682222,83.31648552920585,118.88376054917534
63,Griffin Jax,TBR,20253,103.1,107.38700100788041,71.71145765726355,149.74873656804195,90.1382431137901,114.01702239747087,76.13888670548681,93.99326475567399,85.57061045814694,97.44219466218425,99.3445545729809,75.12896871992939,82.26108851119052,79.85830991222518,104.35339936485725,109.65016013843665,87.7604037936366
64,Christian Scott,NYM,30107,110.0,130.38400507589992,112.2647306976708,116.13977357964845,83.9243615436655,129.23788517711762,111.27788394197202,92.15088523522267,97.31460778886223,103.69789396275706,105.57604939451089,93.64096361368325,86.12453570835953,92.3896792313029,122.09257487127358,76.56506453316129,114.39581691884868
65,Tyler Mahle,2 Tms,16358,149.0,98.41164394942417,81.11659518920276,121.32122034191934,103.26263338867902,102.00361941290541,84.07730842836109,101.16341543264981,94.42222378087841,100.71071183214266,102.55583410577478,97.2842844288134,97.61221367325282,91.33935572437801,96.7364336336147,104.74149101229098,96.48575731330935
66,Janson Junk,MIA,23301,122.2,77.65611012359393,70.68471767222862,109.86265781165481,94.07282062955011,78.24382085716834,71.21966654990514,108.90540514252389,99.73235872078958,102.90408943879055,97.60247366735442,100.29768062532622,98.59631965924073,106.19041768608575,87.44922701500492,101.46804502196993,104.66714055894934
67,Framber Valdez,DET,17295,174.0,81.22146308587003,101.90523923309571,79.70293217350941,71.37383240284989,79.50171339588782,99.74753832714326,104.44759975990871,104.72884815857138,101.56218403345227,99.18520920480141,96.5085345469056,98.89060278540634,99.78088374078139,97.10585869610537,134.59071073576646,65.29817742035681
68,Will Warren,NYY,30182,149.1,105.15278961400976,92.15471354263995,114.10462510345974,109.15178153188769,103.01247665226478,90.27896635829072,108.53841236686492,106.58125411510689,109.89083815992524,97.44810923039721,98.79206110918723,95.48068864336165,91.3309630687186,106.46786636866482,106.59759283245054,89.90115863807254
69,Blake Snell,LAD,13543,42.2,137.97047360405844,98.53021040623476,140.02859831450007,0.0,145.3382657341902,103.79184255611507,82.30570518872452,84.22709177514768,106.87943306368017,109.40013236021571,45.36983068435252,39.91937600984157,72.650651018144,98.41401519446299,102.42704202315404,98.15899148164242
70,Freddy Peralta,2 Tms,18679,169.0,98.20147798653277,98.1160284803127,100.06415131715617,104.942931132434,97.05912721330198,96.97982526800918,101.2987273038058,101.48723032368147,100.0165969935227,97.533879225158,107.21905511010935,102.3864990831694,104.38622617053178,96.67939143889069,94.49935960929116,107.4453778693989
71,Michael McGreevy,STL,29869,168.2,72.9761195206734,74.77391589816034,97.59568972077001,95.7832351439045,74.89004878693743,76.73499439855428,106.55870777978029,97.91904269244422,99.01035394624444,101.65336051952771,95.80848760972185,102.11660506378655,102.05360561742671,107.86961253763845,104.12976463489736,91.59696525872938
72,Connor Prielipp,MIN,31857,116.2,105.8818463046925,97.54221743095786,108.54976428738881,86.48979043913356,105.77050843473896,97.43964683115992,101.90243356636186,100.8351318037297,105.8136435872499,83.46330200910288,122.22246079988625,92.34219732067841,96.71773816881588,93.02933543757392,102.50793514311304,100.83563794122989
73,Keider Montero,DET,22630,136.2,65.87522960073696,61.96669580195859,106.30747574406891,96.55051757097456,69.42010172323806,65.30124098273326,91.89531297617687,82.14052750909322,81.47394348848782,99.99539678083049,88.21568201777075,102.00444763197456,118.97153653074459,72.17601818139562,91.33361823996857,122.84721720396396
74,Hunter Brown,HOU,25880,107.1,120.94094658341892,135.61228635786796,89.18140880558357,79.54746745171852,122.73179049370901,137.62037496816927,85.94827473040387,97.42524974694766,94.48480509656153,108.7394983134457,77.68720953653117,92.0903572059086,85.36345391961366,69.6158121528956,138.5643001490477,74.77500138024342
75,Bubba Chandler,PIT,29868,148.2,95.75252315599835,137.85392962393811,69.45940727059478,77.62062330513069,92.9688115558244,133.84624664820834,98.26850452262254,109.54906399264928,99.25513207660744,93.05232104667066,107.86212212863579,102.9421211051349,114.01378700315081,103.83517711987504,93.28206772459707,105.37249092331187
76,Seth Lugo,KCR,12447,172.1,81.39951156485033,82.92689998054993,98.1581515723772,103.5921461916652,79.6483507641163,81.14287828069078,120.91488549496955,113.32654753936066,115.63140433245864,93.44758571730478,120.92257210053657,104.40650362004666,108.37909583711483,108.13159437575821,97.71649750397933,98.35436857255485
77,Andrew Alvarez,WSN,29914,86.0,107.03164446880922,125.26321830843155,85.44538856972979,53.672556054491416,108.60586195559915,127.10558304642667,90.88667212669348,98.68864988136784,98.17658879119351,107.01109865337762,78.3825105137973,81.85307492717303,89.2024507497692,109.87210621492582,119.61680127648889,73.80375280920671
78,Shota Imanaga,CHC,33829,174.1,106.8269916621942,55.76470848377015,191.56737968025374,154.4497022907338,112.66990646451876,58.81476496220598,96.35085573793577,83.77136641502524,91.47503425139728,114.07601226549828,91.7920125290447,107.91249439395527,88.76592978918852,95.04988954746459,87.91388384094047,115.57515535477268
79,Carlos Rodón,NYY,16137,84.1,112.96097073345803,119.24914953431139,94.72685720719745,64.4268736844236,119.4742744224278,126.12502553424108,70.7110250374582,81.14429125260479,75.56111570239872,103.86114302781981,64.31475597535552,81.32251180622033,95.55105290033626,108.92651254730086,86.93239671628032,109.22633519311916
80,Justin Wrobleski,LAD,31204,128.1,89.23936770195222,57.32666801250213,155.66815603086926,119.89193882576816,93.17252389757535,59.85329558598236,96.81119532426685,85.19992769336963,90.63262573981538,110.55171279394574,85.47597559296861,98.44280854456224,96.70355633368669,92.20381683035534,96.65281566849715,107.51777092261815
81,Clay Holmes,2 Tms,13649,101.1,82.38619958599652,108.9018153450152,75.65181415432731,45.55105062276508,85.10282278324327,112.49276926945396,87.25466759104009,91.30103887545636,87.35418024371067,101.29083631240844,80.03378612303416,87.22106809166448,92.35040132214698,82.52379491151525,144.5363855763931,60.41900449938098
82,Emerson Hancock,SEA,27470,138.2,95.12282916399025,61.0729449330266,155.7528132994498,111.95054274111378,99.37245969901473,63.80138911816563,99.44847811942998,87.60970977582431,96.51125086016236,109.99810981457053,92.00236691399627,100.4559442357117,94.17691290773715,81.99195690004129,105.17351570773134,103.52263434804978
83,J.T. Ginn,ATH,27889,131.1,93.26038063778952,110.83034411904723,84.1469744470965,94.56127052416973,94.61472038888274,112.43983563771378,92.05388987518666,95.42888894275985,89.89934534016501,104.43020769586582,80.9942021960947,99.34534329527317,103.18330981070747,95.4700863591668,111.26123747631449,90.48116610823989
84,David Peterson,2 Tms,20302,116.1,102.12474839606391,124.22147228710068,82.21183158399302,72.74246050463466,96.840066431006,117.79334217025499,112.63663957995512,119.62167814081049,117.08269637906284,94.25746556532211,122.46769748060923,93.59596376190163,90.8879855201876,121.0068860487836,121.47644932783376,66.23413716958463
85,Gage Jump,ATH,35418,98.2,114.5881208086225,123.3838574200123,92.87124267487899,94.40154062139793,110.31999820210146,118.78811261963091,111.77909414646075,116.89287544348312,119.52909211894602,92.70710246816147,122.04888959302868,91.34456824065796,97.84014196088506,118.82892254594199,93.3935885448507,97.56734454058139
86,Nathan Eovaldi,TEX,9132,137.0,106.97782234458113,65.67941935643596,162.87875897338483,135.9749642460571,109.06498404360401,66.96083809281063,103.20494587510483,93.16542009215337,101.80591033618643,106.12074631802142,101.75757487660162,101.79676114698479,81.50419864013845,93.29213042088288,118.47024145313063,84.02969828435823
87,Matthew Boyd,CHC,15440,126.2,81.11871837087882,80.89849018098336,100.27222702285432,91.10209987371326,84.39782903372993,84.16869744384205,99.61376487520602,92.35741314114718,94.96911500966303,100.41117798233599,95.18375164305803,101.68608273604542,102.50146659313091,107.2139099965708,100.53166772290332,95.82584033890298
88,Joey Cantillo,CLE,23335,144.0,111.95526483836305,141.51393139049708,79.11254008860944,91.63359311537074,108.42848515975707,137.05600165241583,105.49385662024882,115.86825749140066,111.98947033773554,99.74971852515681,96.73332746569038,103.23362448522204,101.64057827328487,91.74291801774315,108.21632218193248,95.50987549729219
89,Troy Melton,DET,31807,114.1,86.06791575970519,85.64456874294798,100.49430765874372,88.25489020552409,89.27748006288775,88.8383442665766,89.82897408790603,86.75291648526415,85.90797124386424,111.49556855452349,65.9045737217164,97.65243925948522,102.21331206603617,101.2438677231162,104.2181822303881,94.97666483062908
90,Brandon Young,BAL,27819,156.2,88.87125925106606,103.04435335320765,86.24563793173115,108.9969556285891,88.74368331378074,102.89642917667265,103.29814721093425,103.55548078961085,98.89189145582209,108.08169775635128,87.68562504528481,108.30297951455043,107.15295589316155,90.36747936805735,103.0228481400665,101.61730978949674
91,Kyle Harrison,MIL,27758,112.1,129.58133679303884,81.86486573235719,158.28687266303413,136.96853928050373,128.1918918880609,80.98706232350128,104.47873300329809,100.05789551003188,111.23697267335528,106.1296442821879,94.55180933634159,97.52996347549005,80.36040202870642,126.08443742200089,86.19166626646866,101.96571134570638
92,Tanner Bibee,CLE,30134,188.0,82.41194383280033,77.42403520392861,106.44232662871427,119.73150307424787,84.69914742004133,79.5728063076026,101.37989006681292,94.0669839651188,93.61655286065968,99.95997818867994,105.35185502964656,110.9862411772648,107.806352393475,102.48994612505162,89.9535106969122,109.26108958328355
93,Cal Quantrill,TEX,19312,76.2,83.29319779200698,41.42338803611189,201.07770604536356,101.24222824370402,90.46389162015525,44.98951740266636,86.95760406328125,72.20930057220882,80.29958634198518,115.21208758929365,60.61212034615521,90.27976422338688,94.33328553881327,77.78254825206245,104.2181822303881,106.60744550179619
94,Walker Buehler,SDP,19374,153.2,91.24389576003293,97.46155621151544,93.62039619225237,110.13934409579986,91.99276936798128,98.26145861086717,105.83906695697938,102.999081395841,102.70085555576462,100.32326546385688,114.99130937368584,107.36027600472424,100.07683226995341,87.84928309458141,113.85446217556485,91.03546612144383
95,Kyle Bradish,BAL,24586,155.0,95.9053728544229,119.51909719849377,80.24271921012883,100.15360438409506,94.74889506728185,118.07786993549696,108.87208750339003,112.10990227259427,108.70417734479983,100.42367038830781,101.49390492654959,105.53830830063634,102.56150450694422,99.99019122902479,108.91685853089793,90.68950572741944
96,Martín Pérez,ATL,6902,132.2,73.4161761056127,122.79141940048058,59.78933697322534,69.58552291084072,73.76080941760972,123.36783075283353,94.62309529227986,101.43632766220436,89.69305306468173,109.05224436108578,74.3485036388685,105.36762619072006,111.5663471554917,108.01855645198175,109.5252346061441,85.67169305548703
97,Ben Brown,CHC,23590,42.1,103.6605640832988,68.27290119414087,151.83266196295978,18.172596848098614,114.28872719747172,75.27281803105845,74.05931003095657,68.63470788507196,83.06167245493464,114.56136040250584,41.425711811172505,57.68173315795653,83.31530185368653,115.1041112234491,97.04543162170518,95.67153156284934
98,Rhett Lowder,CIN,33876,126.1,84.72161702649936,106.06946402428447,79.87371023896726,103.52147197898327,80.06215542118993,100.235926071981,114.42424886033803,116.81053881883581,109.64108575842708,88.34040971258536,139.97995762836942,105.70712737970726,113.80731334188307,105.8621753689773,96.20827801847301,101.18835696976878
99,Anthony Kay,CHW,20387,151.0,88.73997812702623,92.89019777548313,95.5321238559556,102.80668072999788,84.39820821192095,88.34536919985469,106.93801292122717,105.40485963973181,103.06834709899861,101.65772429469868,108.07553082695105,111.11825457895665,109.9212020485148,111.40211517507359,105.72859064031539,88.36287783482533
100,Andrew Abbott,CIN,29911,166.0,84.46472922141113,120.29391316292073,70.2152971238215,120.49380736044209,82.14992154518538,116.99718284525866,104.65587371228422,111.00732132776676,97.58587153882712,101.31205338748113,107.79915574151333,112.84054712393598,117.3001713038462,89.2000548187315,92.29761212481448,113.73866029448543
101,Robert Gasser,MIL,29812,104.0,99.8275905177253,83.37171907781841,119.73795292285298,110.95768693246546,101.01144872095766,84.36042475862476,93.08670665039519,89.69519270779153,90.73340330735408,104.57594443023758,95.8753368111933,103.7823374292874,103.53896497481276,118.99276337066244,78.86431580618203,113.44833647863273
102,Nick Pivetta,SDP,15454,34.2,129.6729490639903,60.633975843109845,213.86185924396375,44.38307355201505,137.14647263696605,64.12853122546309,85.36607492117896,77.196680124841,100.06324378412769,104.05846457609609,70.97382093272606,52.51929325299079,82.08783311087039,88.29008516629092,73.08483422966208,135.02732063018468
103,Emmet Sheehan,LAD,29839,107.0,123.03637610972262,78.57861319945314,156.57743266075917,150.98541439803708,123.85474395094008,79.10127163526639,98.04344872410944,92.89712077974984,99.30721038664764,101.79715720520342,114.57884992812946,104.12497296746916,90.49756869041067,93.19848417411475,84.8956733397169,119.77148840445186
104,Kumar Rocker,TEX,31843,130.1,95.582361059433,117.77238136913614,81.15855401959003,107.19765672893169,92.38278338731052,113.83000081513022,105.40572474337307,110.90971343771088,103.33019110560133,104.43685635501909,110.35820570247907,108.1663297366833,107.69596299775995,94.12341971205669,104.2181822303881,98.50657580597976
105,Randy Vásquez,SDP,24719,117.0,64.9508255017434,71.86249091320259,90.38209527572278,85.47851324539933,67.7620007610332,74.97281273713612,100.26615319005911,90.83884605641744,91.4320902420778,104.35624708424677,91.76413342399638,101.96760789740263,115.69260672003682,96.8558980895107,91.6659731409485,110.60562418750573
106,Jack Flaherty,DET,17479,86.1,123.68241645245615,128.748373315565,96.06522722785074,98.89685235267379,117.04759556081963,121.84179188577761,97.869930847693,108.65471118848001,105.44361540448872,93.7112402385032,109.72220959421387,97.8385707695596,107.8543295396695,105.11789339589272,72.74488509426702,125.93598203319101
107,Aaron Nola,PHI,16149,175.1,108.0490526814031,88.41494290465874,122.20677671083642,162.34417191093826,108.75862712569493,88.99557584861904,107.3360001733841,102.9177260836079,103.94629503545205,107.61277082267301,107.84532617625206,112.58296835121597,91.70741652816243,98.21757978419784,96.99260332646598,104.15020612042272
108,Trey Yesavage,TOR,35456,97.2,103.97086734220208,127.35689458524739,81.63740838005188,95.368109340747,107.97899670617264,132.26656481168482,75.62676474594458,87.38640084971178,74.23250648503517,103.47530525815706,89.26063550341398,100.83254100983893,110.22203781357418,84.04175582254231,80.73435194211979,128.03781033476588
109,Hayden Wesneski,HOU,27581,61.0,78.9431191533454,86.77030344488152,90.97942110190085,50.89773260545716,83.47081428284808,91.74691702160854,90.9884513349646,86.97340683771023,89.71402060276965,93.01526332664375,79.1395139159466,86.12408836830316,100.38956527901976,110.01745601738465,108.53607301455683,86.11636401309616
110,Bailey Ober,MIN,21224,128.0,76.06051595880243,76.50022507449334,99.42521928023702,127.34374200309966,75.34306391990684,75.77862397628573,107.23638907335112,101.51821298835337,96.74687849926816,99.59010964389049,109.71279138006527,114.46616162926605,118.7447247421041,88.90694075385525,83.79309275109613,122.43049350803186
111,Brandon Woodruff,MIL,16162,45.1,110.96663069206139,57.958949279112844,191.45728351364374,84.8499961641453,123.4843716727956,64.4970857510823,71.14809425377969,64.09270782216151,72.15371200433857,99.32380446331062,71.72259874177898,76.04413523430004,92.22409834685025,90.08147819114366,64.21108792939452,143.7568753627627
112,Bryce Elder,ATL,27779,149.0,86.91831271287887,86.40680736588672,100.59197266258622,123.91515927329597,87.38664108278154,86.87237781012473,99.80326474497495,96.98804445849997,92.64571158435017,102.94430313335398,97.8585692520895,111.22373941544095,99.31952936880649,106.36853101620787,102.08675271088173,94.56105837559123
113,Matthew Liberatore,STL,22294,155.0,106.34111641411472,93.23288989229881,114.05965826344733,138.97151976297405,104.45379181183716,91.57820591648729,116.69992495709245,112.47236401762576,116.87942780896027,97.6882394097607,126.79798238495646,111.69418815962506,96.51335979169741,118.13316667291494,87.75878738469449,104.23161582988682
114,Shane Drohan,MIL,27814,94.0,107.03164287785916,103.42178379156867,103.49042349886926,106.39346946272283,105.58368856992371,102.02266254806678,112.34019539855605,110.62511326961662,116.07336278958813,96.77776148284227,122.2166636723933,101.11534612370411,98.33031110358466,113.366690516403,90.78658386603931,103.32525419120253
115,Patrick Sandoval,BOS,19447,64.2,108.46275289913862,126.86802657359036,85.4925836211743,84.02061470664849,101.3829010581005,118.58677698280695,123.83161097713828,129.60246431311919,131.00792086603028,95.6305864720855,120.84223616731879,95.97463485121698,105.71979555391316,113.27836120995455,89.59106890076511,104.2914493202388
116,Yusei Kikuchi,LAA,20633,67.2,103.6540577792553,117.33225853559624,88.34233641909512,80.29556155144071,98.05887147862282,110.99872829655548,113.16210754264502,118.17504761464647,117.38339530719288,98.14363017889862,119.47156072106786,95.7026612756241,101.12325377910574,115.55239019883665,102.51527078305487,89.66233204765322
117,Gabriel Hughes,COL,31614,61.0,96.50393940088338,99.06862847798337,97.41119879382718,88.2810873322018,92.43941154248863,94.89607985725858,111.12241550263676,111.55854496066976,111.6575283356364,77.33240241947186,140.4331288009728,92.66333207411166,101.66167684837224,116.96062894590402,96.04936413019108,95.82584033890298
118,Andrew Painter,PHI,30091,116.2,96.3284775680989,96.84112254452216,99.47063220175806,131.88113437441103,94.30503969613436,94.80691490593446,110.50884270948471,108.79375519824235,106.74603899399624,97.60247366735442,124.67393763377068,110.14830501000536,102.84667174393174,97.11909394190425,99.47658010235851,102.0043345840362
119,Mitch Keller,PIT,17594,115.2,82.3557582622081,95.40677501749487,86.32065973825418,99.7659870225385,80.88824394162634,93.70669984942475,106.97455893360393,105.10698289004917,101.77206021092829,88.97141263318142,122.43131827272184,107.83784802989686,109.3532286913425,133.06925560751517,88.8323952436516,95.61867423750215
120,Bryce Miller,SEA,29837,113.2,105.91342570418729,88.47517733286625,119.70976458902709,136.57309917912542,109.92409186011378,91.82550034787512,92.5409474935739,89.96752163590962,89.0995410096,99.49155975879312,108.15613068560117,110.94371840231989,96.68321656125391,92.87114835512669,88.14137515525589,115.92265907049651
121,Roki Sasaki,LAD,35323,119.1,104.93884392826467,105.68603698352052,99.29300607755461,141.82747643822205,104.67147617906546,105.4167630279911,100.38072904972208,101.8774391969927,97.15231305586217,104.783436452567,109.9465059408776,113.3092725677949,97.3955025103748,100.84342472591592,101.18333024067513,98.29614878212656
122,Anthony Molina,SFG,26952,24.2,121.49537660292368,53.25957377169437,228.11931652689466,62.37621194228045,126.73601396493812,55.55689544696705,94.91706324183554,83.69431637152334,105.52123889962559,74.23410457627519,107.40768969811498,61.28205510960566,82.05333739773965,114.25775742636723,70.05953625353531,125.35784499130047
123,Carmen Mlodzinski,PIT,27572,52.1,89.98838945685036,100.41295788341287,89.61830292128006,73.50063447672356,82.43777004781477,91.9876473508261,133.72742379281843,134.4163542774535,134.0847466707311,93.19766476537727,135.29830919480287,91.70036796835602,101.26995273156709,131.6869069696372,100.93323008272601,83.18558592258447
124,Grant Holmes,ATL,16944,143.2,81.9499809987788,107.903155590274,75.94771431314092,112.45085134875714,82.16836591713542,108.19069956715481,99.40405168599504,101.65295812922,92.24923582084213,113.33901291543395,85.07364881185137,114.7626984831638,107.62518053987573,103.35609976578239,103.80380820063799,94.20134984335718
125,Kris Bubic,KCR,21455,50.1,106.07200376511801,136.7063270748555,77.59114506560587,61.684007658840365,109.9795041600518,141.74233765659153,83.18944122053907,94.71161181326926,88.80491852732824,96.34460283177853,96.18638749694621,88.66048960598279,100.23926431215284,92.08081097172605,106.38939450204037,97.25094100947929
126,Kyle Freeland,COL,16256,135.1,85.41441425723652,56.302978652059025,151.7049641913578,164.85141922263253,80.54278934894036,53.09172784650353,127.05457212897981,116.38717148630589,117.1285751785844,87.370480667457,140.6637259599035,115.93141079167712,102.82973081593755,104.93327344985583,96.51305063482263,101.32110047370703
127,Quinn Mathews,STL,33851,49.1,99.7997736381159,106.51914754338874,93.69186214497459,77.97026492785056,99.66410303042085,106.374340198566,104.63584387999478,105.39284283821455,107.72276115004944,106.98552845677729,92.95662737055186,92.52320741418139,98.12154565936181,110.99325007132816,96.98241517061862,97.78997256906631
128,David Sandlin,CHW,31743,31.2,99.17568102462326,66.8588025303962,148.3360126661427,73.53382980146273,107.13297607546528,72.22317308663257,92.43271246726562,82.55507852764985,94.98293927309103,69.59119377721873,109.94125382135196,75.94793373093263,83.08418948339028,94.24362812006784,111.80494637392933,90.52116674606545
129,Jake Irvin,WSN,21504,96.2,108.50793985151029,114.15914163496524,95.04971520596092,127.3335085845591,105.16709153033183,110.64429677734307,100.50854114917276,105.20044216702453,100.06324378412769,92.43454246014866,126.3917945207034,112.22155030881171,107.50943856965516,96.05961268164327,90.08382549925301,112.71845902374345
130,Connelly Early,2 Tms,33666,94.2,103.9730052171502,95.05014780559948,108.19803274265001,122.98792163597253,104.9279576442074,95.92140155819864,95.53475418210073,94.21223266141287,93.72273446046604,119.64269795762677,78.08515241874122,109.70061542003234,99.76279253013332,89.40215739751258,102.67921586717887,102.48779000310118
131,Ian Seymour,TBR,27932,77.0,137.31466841437953,51.55508272346921,266.34555161846635,201.60790122381053,140.0159235791187,52.56927283737076,99.88205936018669,87.87375237871875,100.46662999377554,111.92031363052007,106.42367044535229,109.2279207703057,72.48062599854309,97.85472198545729,83.0952340104115,118.72374123101707
132,Randy Dobnak,KCR,23798,64.2,72.84811761882445,90.03537369738672,80.91055234537042,72.01766974855586,71.7408318745438,88.66684131418575,112.99353236648022,108.20022249994355,107.65682472332357,105.36717479138338,87.8870254012163,98.30598939822923,103.59941483812759,117.48847447631302,117.43609811680089,73.11489361663578
133,Ryan Gusto,MIA,26440,78.2,88.43716396167208,93.52020360485574,94.56476767545104,107.57253831527109,83.70441966816179,88.51543719742459,117.05187245633472,115.66418277884698,113.24230516057379,109.4319440301411,97.07361922035862,107.65172126030761,109.78408769562444,116.89561457559255,91.75890996022457,100.51094756233152
134,Slade Cecconi,CLE,27500,107.1,81.92773873606394,86.29872844905805,94.93504810633131,115.7054082305613,79.27387235650592,83.5032715095598,117.61265827731384,113.18521762344673,110.79904713647531,97.75571071115161,115.58431140891534,111.34364029048113,106.14274097387502,101.8992258474701,105.11920410421986,93.71048723823795
135,Zebby Matthews,MIN,31827,130.1,93.17271965970475,79.19177194086193,117.6545467842451,142.93020583436459,95.01089590247281,80.75412125273287,103.5725114797548,96.75102449203725,96.78540196888113,94.63850048521329,117.6946499467886,114.70567955421811,96.30464418507248,98.75333333509252,104.48958388593252,95.92779878556638
136,Luis Severino,ATH,15890,62.2,108.58330382348329,130.91700431708097,82.94056620023709,111.47415746916558,107.06708840240408,129.08892688229275,106.60831753052274,112.8803801855302,109.99084802355823,103.60595590379008,92.87833755167887,101.81020733496902,100.11039559593316,92.90024320103264,108.0781149416137,95.08052356422924
137,Zac Thornton,NYM,33891,84.1,79.95644264029575,56.08043597235097,142.57457282930918,127.71097802556409,85.46219354995127,59.942098050782825,102.23517974034301,87.0391475835413,93.24722031632184,114.86796341725145,83.15940813098305,107.66807462321158,98.76209249270286,116.02494422926164,88.61130147119374,104.35850673311455
138,Jonah Tong,NYM,32157,20.2,139.83166109656617,88.99503016570452,157.12299862239888,37.224513764159845,141.8756610805982,90.29592050041494,84.9607279367479,85.09422172936831,104.46602651062933,87.83239888902395,95.44051173610042,57.7849528522871,78.96531081826652,82.87496016375832,100.04501779005743,108.49151690076266
139,Chris Bassitt,BAL,12304,91.2,73.08947443298374,106.82213637763172,68.42165626398601,84.67532245724824,68.51029635051238,100.12954813085298,122.99514158950666,123.30285737532417,116.40745402596508,103.9360108839644,116.0227411944829,111.259479857187,118.7987630845589,110.8907610619724,106.0405766277835,88.29044933514307
140,Hunter Greene,CIN,22182,27.2,127.66424648671372,85.47199044051011,149.36383817497634,111.22505230910956,124.67861115567467,83.47308804944066,107.24395457194407,105.01937393081373,116.07336278958813,68.24179795271236,159.79639465173827,81.66677312558154,85.44155486019328,144.2443923491444,66.33485190412668,114.44252819976344
141,Robbie Ray,2 Tms,11486,159.1,88.67056476758363,135.2213781167035,65.57436798819987,106.22225215320064,88.87252982525077,135.52936989750023,96.06273902428092,105.57442048262939,91.59530669110356,106.96687683441117,91.88953335741803,117.4182438510815,118.35875354706899,105.63831262695349,81.49030268612574,117.26056796100477
142,Trevor McDonald,SFG,26448,70.1,86.74128443884794,85.92208181996467,100.95342421636215,76.56606259163684,84.0575151479933,83.26365725196231,103.9224176717221,100.0159587369311,102.32059468655636,89.48586088297881,125.56349434497058,104.96613318678092,98.05131792571254,101.18454427757197,131.8422714841189,64.87864780030405
143,Kade Anderson,SEA,37238,35.2,93.92338869080997,66.78069808792384,140.64451569110773,87.04939566600882,97.83833422988486,69.56427132701279,106.26388477076156,94.85438061998632,106.47248121701638,104.4109543734769,97.5522142141503,88.39638664742891,87.61004456201671,123.18503120320636,98.20559471919624,90.38078014620179
144,Sean Manaea,NYM,15873,107.2,98.41609187961896,65.89017282299623,149.36383817497634,142.90525432412224,98.17426444058877,65.72826617856535,105.01810357821357,95.16257845465049,99.9839857692492,97.20118808542789,113.99018139519627,113.67442651692355,101.65273263554855,86.32808315860257,95.13115643556968,112.09815309297436
145,Lake Bachar,2 Tms,19222,25.0,119.87544887708725,147.1384621861042,81.47118447389096,30.77226728664365,121.90797541171794,149.6332396864019,79.1137115478425,94.81223643440583,92.85869023167052,118.07342737864022,50.290434312881786,78.35117838041808,97.5145807276616,96.5703983642179,104.97055938018558,96.32015215959969
146,Jacob Lopez,ATH,25098,114.2,94.94726229465589,124.6314183890842,76.18244597462736,155.68936155656093,90.84988146604496,119.25303688301823,104.67545584041338,112.65210995093197,96.83243368945156,98.8944957883616,120.77163301158276,123.15880331276527,127.08074431379114,74.48397236734453,75.63897135374226,138.09910555919564
147,Chad Patrick,MIL,30113,28.1,83.10692306226385,139.10147768461707,59.7455352536963,27.151998658287535,83.81173312576095,140.28116240640344,98.6151306408681,107.94561271999781,101.91807464451641,110.98131785538013,68.8536945024137,85.73495016248079,123.75844252886539,102.31476553195475,76.46003703528287,124.37299103170412
148,Mick Abel,MIN,27756,17.0,117.00137297735658,93.40567813036166,125.26152178059408,0.0,116.18302173059303,92.75236176935039,90.9884513349646,90.45827338714442,107.92264404362808,114.21024332293806,50.83524699640739,59.86965918615087,95.66131912098128,83.42204882594801,107.44975388740572,100.43571311086563
149,Colin Rea,CHC,12317,100.2,79.74211832745902,96.57265938754335,82.57214642513986,114.63178233829865,78.63903219012701,95.23675209903789,106.44411811159351,104.8180493674532,98.83474455351069,103.36135739702455,108.87966873146392,116.54853915184356,113.48886051207603,95.07016749631117,99.50227785619,102.99827548311235
150,Dean Kremer,2 Tms,19350,90.1,99.6636296566772,84.96125455068496,117.30480079648939,154.66524994578216,105.46515483539454,89.90693668349564,92.15596781916003,87.67109165893784,84.46119968631761,94.74293497155554,113.99885961760606,116.20515588197786,98.51046429588216,98.30668256611423,84.36709989318078,117.17097949658859
151,Stephen Kolek,KCR,21487,54.0,65.91305650056188,58.81098460380274,112.07609844567794,114.99117592804286,67.7552302773309,60.45466432721991,108.93855397927734,95.39997872886839,97.04778577902779,93.28591172849482,105.24742505889981,108.40671766526559,101.676694767291,111.27479857684892,111.16606115922933,82.74552350427355
152,Jack Leiter,TEX,30146,80.0,108.61114812046348,115.78412737011159,93.80486894525565,135.83332824423275,104.36663122043505,111.25928919228463,105.30309015258108,110.52870806533659,104.54346145126398,95.97143705529544,130.0033822919691,114.56108441073707,102.86597282070906,117.06825698555488,89.09456674051508,102.93132652494728
153,Joe Boyle,TBR,29608,15.2,106.91279308398924,101.35510165889276,105.48338675844171,49.54407074026778,108.21512715957837,102.58973347216028,76.25698778549412,83.43332575466276,80.67307279008743,53.174809592787284,123.88287631270998,72.84827570036401,97.46206420227178,81.52609346197744,99.48099223954127,109.70050467853494
154,Patrick Corbin,TOR,9323,69.0,78.89337866522958,92.05197773934815,85.70525173628937,101.24223300134463,74.63712144096776,87.0858196309654,122.85985091289575,119.23449883194638,116.68259891729917,101.9007307820601,123.18614635375486,109.83298669357654,112.17590556755148,139.35036505777384,91.72418963519775,89.13799079383182
155,Jackson Jobe,DET,30203,46.0,116.06429585525697,92.05197646706392,126.0856107662213,118.11593686904496,117.95729201501963,93.55333255770026,91.36412619596773,90.26162870935485,93.51061393842308,106.12897688522274,93.60359717694358,99.48681878222622,86.87295557972303,88.2085599123667,115.60814763966701,89.53984254243296
156,Robert Stock,NYM,6576,30.0,103.4639205388656,131.37361609361506,78.75547831118273,51.28710790543515,91.43098175797736,116.09475412749828,121.625327790404,132.5332227714063,128.2916115042816,90.91423737865094,146.10646256064618,93.86900673558371,116.9951065808485,121.22667035312058,88.6923915311489,101.67644687202227
157,Reynaldo López,ATL,16400,57.1,100.80887276471265,109.98721424618458,91.65508253312731,120.76324911384728,97.96176603864578,106.88088537577183,111.30042497881236,113.35858243760254,110.41124753155944,96.01732544604491,119.67929147343548,109.97825398478014,105.54681051591936,105.40056702055021,88.63345977521729,109.6329003544383
158,Spencer Miles,TOR,31621,22.0,90.41015184613917,60.14759576576319,150.3138261683579,70.56276455438697,88.34750601464107,58.77536834668315,118.84205888648435,108.34434107960251,118.93515874195745,83.34491439982327,138.69208717817855,77.42602199565141,84.39950252184276,93.82882363581429,126.72539532619456,75.1395598301951
159,Michael Lorenzen,COL,14843,114.2,76.5400713352531,112.2786164106063,68.1697665698431,127.47232062941708,67.1804704591383,98.54877350971358,138.06118289721533,144.6988988125461,128.74638502964243,84.86569558620334,151.07448000429386,119.32750962170459,116.92777393654707,112.22650820977704,107.19109048934727,86.10437840656441
160,Drew Anderson,DET,15130,51.2,97.25615634413069,117.811685873416,82.55221571539869,105.16128848547876,102.0314055310789,123.59620335178572,87.68616777300065,92.2674450995584,85.38934473781562,122.43941415376713,62.50304878576566,106.39734216536343,100.28890170553568,71.59224159766408,119.79982218018645,93.3982624649577
161,Jackson Kent,WSN,35462,32.1,89.37693878582822,186.90267172755492,47.82004304127984,47.58597676579036,81.74293070169192,170.93863409343254,110.01750512121848,134.79290998059398,112.55598815960064,84.13760421677668,149.84594390830728,101.96909753378023,118.95957368773354,103.5937002046979,116.71918742173368,80.07707199818196
162,Sean Newcomb,CHW,16943,10.2,127.58538636123988,99.24353892888517,128.5578776439903,0.0,152.71147898445733,118.78811261963091,48.9349654238465,57.66715272153472,66.07508818997637,120.9726920171474,20.39925688646104,42.53883838297246,56.86019728722889,122.01184057625669,138.9575763882427,48.3891950168826
163,Tomoyuki Sugano,COL,35321,154.1,66.57691774031396,61.28877129447571,108.62824593803086,164.49536788005838,66.9007181699436,61.586850912275224,112.10478546435152,100.5724365700216,95.61781115043941,95.98904963446358,113.478865394047,122.90978856670806,112.43777255923086,108.41201154098124,88.17182705187949,108.63168664903276
164,Tim Mayza,PHI,15042,9.2,110.72239231430878,54.361498329481016,203.6779611847274,0.0,114.28872719747172,56.11246496256138,108.99567070832789,94.91769621908396,124.36431727455872,92.12642723616167,85.98202929739371,38.14929552605752,76.25476884506803,129.49212525587234,93.57952323890744,92.25469120524323
165,Kendry Rojas,MIN,29423,12.1,118.83212298584398,150.2064322163388,79.11254008860944,0.0,127.53925691384865,161.21243895824446,50.72526903691406,74.81143883763153,64.23966907358815,106.34961932382909,52.55265534407299,67.73296905569295,105.41172408499229,81.99195690004129,77.8162428357781,132.10250272634576
166,Cody Bradford,TEX,27597,38.2,48.732878769676205,61.59943681639373,79.11254008860944,100.36945370752328,47.264547848458314,59.74343308840434,127.38383186895044,115.33430330961613,111.41128008674848,103.69087887184062,114.45638864586512,111.2772441186403,128.5511199847809,102.48994612505162,84.66119008623254,114.7899238050613
167,Jack Perkins,ATH,31468,81.1,122.27602838322329,117.13991102411454,104.38460147064296,181.32317453304677,115.23587739099324,110.39547408696568,116.31350444209107,121.00648049741534,117.78268627352763,88.72655023310325,150.5269611600438,119.25385110804153,96.18645400162211,115.35664926277998,87.37483968945658,105.57642560685443
168,Mitch Bratt,ARI,30003,44.0,72.9761187642011,161.23125448408092,45.26176914763547,87.42120577275001,70.69405794246836,156.1893346413595,99.80326474497495,116.42997162414612,93.03590147257064,101.94317777677162,111.8449054779043,124.62598558852427,142.75147427297398,102.0240981841724,66.7688610070405,135.02732063018468
169,Ryan Feltner,COL,21446,107.2,76.54584923970364,114.6977082474379,66.7370340764475,142.90525432412224,73.03097074882484,109.43094776897581,114.52079687326619,118.598138820348,103.32940307678469,87.84912881791071,129.0709439231048,123.55380947949304,119.31498010906795,85.1053061127719,101.89395428968153,105.37419682325857
170,Max Scherzer,TOR,3137,84.2,84.07807162729038,109.4023231435279,76.85218176645807,137.51405316366342,83.39105244299769,108.50837285317832,99.21676475844107,102.62028448596968,89.56694843784707,89.71834906536824,139.00410954731976,122.14027796182,125.35801320603721,89.72855191941646,73.80431579140928,132.45836095627652
171,Riley Cornelio,WSN,31953,7.2,167.52779594648652,137.08551945593587,122.20677671083642,0.0,195.92353207729155,160.3213275025331,34.51529572430383,59.839418023809955,58.036681394794066,138.18964099243217,0.0,35.77905382066835,64.44427941325256,86.32808315860258,79.40080769048605,129.15656773900318
172,Garrett Crochet,BOS,27463,30.0,129.1120455127075,97.03812425352352,133.05290830567097,129.36507246211434,119.68357833223683,89.95186760738135,111.59559188121094,112.77131774087701,119.91404893736453,84.30152746052441,147.84122115159022,104.04901701927261,90.38144225499813,132.63404771552868,88.68762961671447,95.639820918575
173,Kyle Hart,SDP,19646,8.2,98.79844281794588,60.63397917917156,162.94236894778192,0.0,110.82543223996745,68.01510836537786,66.80379817607194,61.757347497741875,75.70001921060097,118.44826368805764,25.808663577339164,46.32869907504944,87.52899632066769,22.52036915930954,124.27952510147404,112.31005872378492
174,Casey Legumina,TBR,25921,10.1,60.785106690957655,51.22247968268038,118.66881013291415,0.0,68.67498428604739,57.87113196266436,80.87862340885742,66.96831681602292,80.94198303272105,110.60360412996333,41.73832404487251,67.42160034577125,96.04264741998595,68.32663057921783,145.90545531708395,67.74487302363563
175,Brandon Sproat,MIL,33850,88.1,112.68614546464104,124.92887453590097,90.20023994159766,139.34610658726416,111.29687552543157,123.38866531107413,100.10478518227094,105.60339679614019,100.38777322342757,100.5246927574121,125.14916823339139,121.23878906215,100.40992256439351,100.53397066060145,103.52257212753322,95.91373784107776
176,Hunter Dobbins,STL,30240,40.0,101.68005903183912,137.9422958020289,73.71202402646841,96.16332655845342,100.4155290111537,136.22679328476045,93.88160437010644,105.13452684370637,94.37740712798288,105.02412715424845,92.80907698896493,109.93920164686729,106.15879173345448,107.3268064110539,100.86048544467148,95.4129598559227
177,Cade Povich,BAL,30055,31.1,86.86664438074125,101.35510165889276,85.70525173628937,123.86017685066946,85.33876744459128,99.57238923299863,121.74064568859373,117.78822459481803,116.88826742302885,108.62853967174648,113.14274199391588,115.25201722003328,113.6537804281632,68.67882959233062,105.29259644508838,109.99811866097038
178,Brady Basso,ATH,25582,16.2,75.3735232535922,79.39483398248883,94.9350481063313,93.14285809458596,63.769628233730614,67.17184937785402,147.4243262136135,152.24128862942473,138.75768519895038,86.98131107772562,168.59020796471916,93.79707976573624,109.89331982871182,116.4658477296178,106.84995455560336,84.6810914065662
179,Brad Lord,WSN,31972,11.2,119.2638524021497,180.16956510956618,66.1953373850364,0.0,112.13233572149817,169.39612038760055,67.42522885677958,98.3076291039701,81.2513539527117,113.80323365279912,54.167922596793304,80.35512647518904,112.43970958959684,71.44393092559996,123.20814991383058,89.07349493897189
180,Ryan Yarbrough,NYY,16502,5.0,125.62255073628816,52.92989436944778,237.3376202658283,0.0,121.74201794292883,51.29486673608014,118.84205888648435,107.64536586242599,138.75768519895038,138.25450516245417,0.0,30.760817344340175,96.98518342748,102.48994612505162,48.63515177236132,152.4259646842451
181,Blade Tidwell,SFG,31701,44.2,86.26431059589768,105.88321563358012,81.47118447389096,120.56298057064956,87.54030136218873,107.449400037033,90.36731971454094,92.43850155945353,82.77362756306694,95.49690629823951,118.62939231838534,124.77120773503698,118.52881738755657,88.33571301154608,90.47999019216351,116.14078956873098
182,Aaron Civale,ATH,19479,72.1,78.15226560571685,80.49245321531214,97.09266281444452,171.69189322987725,73.71535020758925,75.92267760895535,126.29420119289759,121.18074139452352,113.15004372446597,109.30377536623243,113.76231204739248,124.67877283332571,122.75172722639658,124.48171555339023,66.94717230394488,122.39331833950502
183,Tatsuya Imai,HOU,37124,58.2,128.47759427510664,180.4428014440824,71.2012860797485,119.0746745210334,121.28261433240861,170.33767211862693,94.10570273816636,117.95554187475152,101.59044809208868,95.11366435240701,142.13228675468199,119.38655432525532,105.29780844158623,90.6373671680879,105.87243907188824,98.50657580597975
184,Grant Taylor,CHW,33927,5.0,104.6854389797401,0.0,,0.0,139.4960625982621,0.0,25.996700381418453,15.377906475814552,31.535837545215994,138.25450516245417,0.0,26.21695961819635,77.59939989031605,46.58633868188735,66.32066133091034,161.66390184545634
185,José Suarez,2 Tms,19911,5.0,170.31217431754123,157.6483643698716,81.47118447389096,0.0,165.2592841193304,153.03399474030414,108.99567070832789,122.33837892646038,158.28185834943838,69.09482049621609,171.54034383943602,40.91593658327813,62.09588841026544,141.2641365015057,108.2738286688446,69.67269856065245
186,Tyler Phillips,MIA,20629,90.0,80.86835254246205,102.1794802666556,79.14343631114927,128.2177711222323,82.67695121031907,104.46469497922624,98.96421074933136,98.55034618198944,89.77549153257208,111.12156693659227,91.92032701927525,118.72918264423579,102.42248685675122,94.70319561880054,115.54595139922729,85.78309343660642
187,Grayson Rodriguez,LAA,24492,98.2,90.1850950808603,115.33708411001149,78.1926268299253,125.86872082853058,85.45704716044,109.29041439925702,117.1830961355309,120.01001878864265,112.47423288310824,89.77565265441345,146.15412756960296,121.93697112890418,111.29646790852313,121.0641754886071,97.58509407821772,92.08040993010586
188,Jack Dreyer,LAD,30249,4.0,160.54745780146987,65.68680595868014,244.41355342167284,0.0,182.86196351595476,74.81661920191563,88.75361757678128,76.46147224516649,130.58253313828664,69.09482049621609,107.54330076038958,19.721525899328704,55.9748010917084,194.23818788380854,29.775302913707574,129.15656773900318
189,Gordon Graceffo,STL,29519,3.0,142.70885137908434,0.0,,0.0,203.17995925899197,0.0,0.0,0.0,0.0,,0.0,10.399008309729789,46.07772623035557,0.0,95.28096932386424,154.9878812868038
190,Mason Montgomery,PIT,29770,5.0,171.2506216549012,157.64833430083235,108.62824593803086,0.0,174.1542505321903,160.32132750253308,69.03059144860767,91.75376669419978,104.46602651062933,138.18964099243217,0.0,40.297497976683395,76.16483380886818,51.79685010234895,95.28096932386424,129.15656773900318
191,Noah Schultz,CHW,32056,60.1,95.43148259831433,135.98009666472447,70.18047909555109,115.78531595149042,90.26215799426815,128.61433599858262,104.87557760708984,114.69709859912227,102.02770970511057,86.81858732245797,155.07943257195035,121.3117965129516,122.92055032549658,114.2030823858149,81.98497009581253,111.77904076844641
192,Chris Paddack,2 Tms,20099,41.0,80.92636460776833,83.31009923787246,97.13871992457115,131.34503437566514,73.42902635513664,75.59192100763623,134.9586844051431,132.40889712089637,126.85160362004989,83.0887081702241,180.73044800019477,115.22033516372072,113.56524771161503,117.07507198594934,91.36531303886012,100.84827875495368
193,Jack Kochanowicz,LAA,27688,64.0,76.87837272327698,148.8653062443825,51.642908091422115,84.89582993916886,70.87908010546198,137.2484278837473,106.02575841833408,121.34129876660688,100.09882763108362,84.79226403867061,150.2139644559889,121.19689820072796,120.4846090425615,69.65336139445743,138.11438730291076,75.22640630187686
194,Ryan Johnson,LAA,35325,95.0,83.74835370596008,111.43133866928359,75.15691308417895,130.726809848258,82.54365515354777,109.82842512834677,100.28316201927996,103.59853095704304,91.4885836476596,100.34601172672204,110.39648130680108,125.26426903521596,124.19002898349616,89.27695610675268,83.88292722628636,122.15321187906889
195,Bradgley Rodriguez,SDP,29107,4.0,107.03163853431326,0.0,,0.0,140.66304854193487,0.0,31.860272976280463,19.115368061291623,38.69112092986271,138.18964099243217,0.0,26.151955002571377,61.9130460085201,57.55205561172455,105.86774358731475,114.8058378754192
196,Coleman Crow,MIL,27926,16.2,64.21898557034783,78.82417015731961,81.47118447389096,92.31679481671765,60.15196151445436,73.83218997235755,118.33815676904172,114.69221274291046,108.06830328685793,77.4338504750965,143.06267539194312,108.31876213214417,126.65152783844773,103.5937002046979,87.34088838807392,111.93569195436504
197,Griffin Canning,SDP,19867,50.1,108.44928298015155,135.7237400892096,79.90443090438156,137.55814141229624,105.49728629216241,132.0293283994685,115.28820427499427,121.52817548227122,116.93958191488359,86.87360461240822,168.8672804918043,119.32212194297793,102.12130771082289,87.54397174133814,107.35883859090252,98.23175570877521
198,Mason Adams,COL,31663,29.0,114.4131346095372,108.72299274837836,105.23361326519729,159.16688677754973,114.28872719747172,108.60477027985304,115.67288296793717,113.3739108504809,117.64192174620418,104.80675015051956,85.33599334810789,113.85345967841197,90.58043582192408,123.01751899307874,95.28096932386424,93.6385116107773
199,Wandy Peralta,SDP,14295,5.0,85.6253108274506,52.549444766944106,162.94236894778192,0.0,96.243138331696,59.06575152898632,115.05098574767945,91.75376669419978,124.36431727455872,115.15803411429692,44.73501358564661,49.99720038269578,78.49356923644632,184.9887502915364,85.07229400513557,73.80375280920671
200,Alec Gamboa,BOS,26227,4.2,67.29779136985795,56.710598019639704,118.66881013291415,0.0,66.9581100471658,56.424353973931694,109.45979107965664,98.85798366999637,108.40444156167999,69.12725258122708,135.7725642186255,59.50106740524669,121.76794799845932,64.05621632815726,91.19090957317746,127.02163723687092
201,Adrian Houser,SFG,12718,73.2,79.91050522039741,92.73432109755652,86.17144510094789,125.31692045352672,76.65707274115135,88.95878514984169,113.96996977421132,112.09737024800206,105.52123889962559,94.35217081199674,125.87598622419868,121.71784246364358,109.46114602142296,115.3459263720574,98.08335056438752,94.42538973370684
202,PJ Poulin,WSN,23394,15.0,78.48987855089132,70.06593554368692,112.02287865160005,102.57422600070444,86.70179285719031,77.39650312574862,85.9626233133605,76.46148227157738,78.34951988297199,136.09585843590105,42.13060258978032,101.93698780049134,103.11592300061659,86.32808315860258,102.08675271088173,104.5553165442878
203,Braydon Fisher,TOR,24609,11.1,101.60646688027455,233.51422152549426,43.51189704873519,0.0,109.11691987846841,250.77490630003263,35.65261766594531,88.19682644788324,43.361776624672,127.6195432162458,19.230417606669928,91.0330041805853,120.7905670143746,85.40828809590984,111.45555606393609,95.26622792765319
204,Jacob Latz,TEX,21306,4.0,78.51407923480507,66.16235534233952,118.66881013291415,0.0,95.65444279698332,80.60621947912223,0.0,19.22238309476819,0.0,138.25450516245417,0.0,56.58110809379725,111.3827026877741,0.0,97.27030354472264,152.4259646842451
205,Aaron Ashby,MIL,23550,2.1,183.48283391351785,0.0,,0.0,182.86196351595473,0.0,124.25506460749381,98.30762056570732,174.11004418438222,46.06321361808084,185.79570055231142,-7.922871242031191,38.22657944098969,0.0,119.1012116548303,129.15656773900318
206,Tyler Alexander,TEX,17735,6.0,87.23786581645007,88.21647378978602,98.89067511076178,0.0,101.45168176790315,102.58973347216028,43.78391643186266,51.259688252715165,49.556316142482274,110.60360412996333,36.88039038097156,70.6004456026788,95.10971075185533,73.20710393579424,138.9575763882427,72.5837925253239
207,Carson Palmquist,WSN,31612,10.2,130.4448292659472,147.79533584318693,88.26044981955813,72.12250414790434,108.05479645682601,122.42719617992944,149.81107080336133,164.8700745568375,168.83398223940094,70.26591911121916,256.73336483952954,96.43722899094593,102.72393344586249,183.79527420584017,76.83949135179334,83.32681785446766
208,Jakob Junis,TEX,13619,2.2,78.51409795402475,0.0,,0.0,89.27748006288775,0.0,83.18944122053907,57.66716303322763,86.723553249344,69.12725258122708,82.98089814137384,38.55623698745186,106.9499581608421,64.05621632815726,60.79393971545164,158.77704654608863
209,Tanner Gordon,COL,27669,55.1,77.37227059800831,75.97510261378676,101.8389805923637,166.8375784636643,67.97842475217797,66.75088667402625,153.46243039172543,150.61989155866706,141.73782491391916,90.95284217494822,168.576152010932,124.17893317557436,122.6702442678576,95.73825362830127,89.18479333791046,113.85365665276382
210,Shane Bieber,TOR,19427,55.2,82.7453822045229,114.10035662249636,72.51982840137322,139.43541191985852,81.16134514649008,111.91607318648951,104.94080887912037,109.11868465899846,95.18438771269463,108.47661165776896,105.70971562929599,123.09668335806265,111.74583520547513,88.35340177892901,107.61226095178031,97.82126079341789
211,Javier Assad,CHC,21741,56.2,71.77416324235398,83.46088941998825,85.99736138458094,135.75999786099635,76.52813448490168,88.98893101051819,99.0869733712072,91.75377390034713,86.51430766925824,117.71710146842882,85.10547575111433,120.8336062922607,102.30680856526541,97.49995307289583,109.29287647929033,91.16934181185489
212,Wilber Dotel,PIT,28901,4.0,80.27372890073494,65.68680595868014,122.20677671083642,0.0,68.57323631848303,56.11246496256138,152.59393899165906,152.92294449033298,152.34628866133443,69.09482049621609,208.25326718900806,55.734998771629485,91.6042705925786,97.11909394190427,133.98886311168408,64.57828386950159
213,Matt Wilkinson,SFG,33760,22.2,75.55174696691996,57.95894805983425,130.35389515822553,169.69998875832303,78.65030654448759,60.33598286533541,94.13262470264682,84.33250851822032,77.95972127658905,84.44922503557638,107.14443580037268,128.4033148253207,123.77484867752342,72.95330978444844,60.3893465733938,156.4431663460861
214,Luis Castillo,2 Tms,15689,114.2,89.46953562381037,83.08761225938947,107.68095732524894,162.4584642329331,84.61501946243823,78.57937080585704,117.34089603739193,113.9932064979669,108.09734682637779,94.17617265172304,140.8686830280848,128.7964682446342,110.93737574443088,111.58179587044992,85.63447404503455,109.26592439966673
215,Cody Bolton,HOU,23265,7.2,122.89161247174485,241.63644824528126,50.85806145728016,0.0,105.72333153594933,207.87919849496296,110.91925496071873,150.4360540866207,132.15017637995274,103.69087887184062,114.4864191399889,94.81765319251913,126.97053209453028,134.85519189221023,89.59106890076511,93.59489043514073
216,Chase Dollander,COL,33482,13.2,93.9790040606342,153.80326013145685,61.10338835541821,112.5814580362844,92.98065918244059,152.16939612821753,105.57619868610584,117.48958476924605,103.5248911366597,121.4853986579614,69.64569908553084,113.98769836364859,112.91776641280987,79.68746125764042,109.93957986081126,99.35120579411742
217,George Klassen,LAA,33464,27.0,93.05372682432265,205.8384461133096,45.20716573101431,57.49558796402143,85.70638086037224,189.5858293524105,92.8814149549708,125.30146459911076,94.60751263564798,104.8375393404282,89.01568176397076,115.22453971184979,124.6437145797004,79.86229524927097,126.32506942175014,82.48158244978305
218,Hagen Smith,CHW,35205,2.0,157.02815846961013,0.0,,0.0,167.3952751179145,0.0,103.98680152567381,76.88953237907276,138.75768519895038,138.25450516245417,0.0,2.4760423497538606,2.514957790250812,307.4698383751548,97.27030354472264,0.0
219,Luinder Avila,KCR,24452,51.2,91.17764499483208,169.03415506722817,53.94036821706153,105.16128666570734,86.58376288427607,160.51755836872348,109.79317115401095,126.49568867334362,107.65682472332357,91.33393466660407,146.66738164488856,122.87691442044945,119.90958810419963,88.82461980422815,113.48202064005923,91.45557881054707
220,Cionel Pérez,NYM,19614,2.0,160.54745780146987,0.0,,0.0,171.43309079620758,0.0,103.5458871729115,76.46147224516649,139.28803534750577,138.18964099243217,0.0,2.310537730070459,38.1600663412733,103.5937002046979,95.28096932386424,103.32525419120253
221,Kent Emanuel,CIN,15849,5.0,85.6253108274506,157.64833430083235,54.31412296901543,0.0,79.50520131003667,146.3803426974866,108.99567070832789,122.3383555922664,116.07336278958813,107.48083177552195,84.21016159559899,89.22572315555233,142.7663019554523,103.5937002046979,79.40080769048605,120.54612971752753
222,Yohan Ramírez,PIT,19444,2.0,214.06327706862652,131.37361191736028,162.94236894778192,0.0,228.57745439494343,140.28116240640344,59.169078384520844,76.46147224516649,116.07336278958813,138.18964099243217,0.0,14.172496631389992,32.10541507659526,345.31233367034724,0.0,86.1043784065644
223,Steven Matz,TBR,13361,47.0,84.63929280741368,95.7242607355076,88.41989772049766,148.63220920491557,85.67030874094021,96.89030383481804,101.67598371399218,99.79279936794187,91.28795078878314,95.1549225383466,128.47112838415805,122.80656573005325,109.27261322610487,129.9168327265121,80.4877510526944,105.55319131705761
224,Justin Hagenman,NYM,21546,3.0,71.35442568954217,87.58240794490685,81.47118447389096,0.0,76.19248449354453,93.52077456351918,75.30609976211747,76.46147224516649,77.38224185972543,92.12642723616167,73.05322895802342,66.00338529374463,137.36362765053428,57.55205561172455,52.933871793657374,172.2087568131288
225,Mitch Spence,KCR,27707,4.0,26.171359744935025,66.16235534233952,39.55627004430472,0.0,22.319370015721937,56.424353973931694,153.2437075115193,153.77906475814552,134.90330505453508,34.56362629061354,315.74226402428104,79.94040798983077,117.29303892572744,142.347146997333,121.58787943090329,56.45406093771079
226,Cole Sulser,TBR,15256,4.0,52.34271948987005,66.16235534233952,79.11254008860944,0.0,55.798425039304846,70.53044246741462,138.64906870089843,115.33429856860913,133.42085115283692,115.21208758929365,53.911990281569764,68.38771424591333,132.54158287572758,78.83841966258223,74.82331025066496,136.79253229168717
227,Andrew Morris,MIN,31891,4.0,52.34271948987005,66.16235534233952,79.11254008860944,0.0,44.638740031443874,56.424353973931694,153.2437075115193,153.77906475814552,142.83879358715478,86.40906572653385,162.03734980104855,69.5438547072641,105.23601477226237,96.08432449223588,136.7863643597662,63.51081861843546
228,Mason Fluharty,TOR,31553,4.1,96.63274258929391,244.29184861650236,39.55627004430472,0.0,85.02617127589909,214.94991936331735,97.869930847693,141.94994953665073,106.73668092226953,120.9726920171474,50.29494816323038,96.2222366505522,155.92824196786364,78.83841966258223,74.82331025066496,136.79253229168717
229,Lance McCullers Jr.,HOU,14120,39.1,114.4442547877683,148.02425741563866,77.31452779229217,138.13558592380366,111.59685007860969,144.34136979118372,106.79725562096229,117.28912098013207,109.73184288692505,79.45661206857118,167.36361273176473,123.48121578594613,100.52179888328563,112.25089335065415,104.2181822303881,89.52001090825445
230,Elmer Rodríguez,NYY,31811,26.2,82.43978811033962,158.78966228621624,51.91760443314995,58.21428422721099,74.99308325282571,144.44634617326514,103.98680152567381,121.1010207152229,102.78347051774102,96.96582940382278,130.17307041826066,114.7797802582969,133.4399929945857,82.24501841316678,117.0846245200815,90.95376484408962
231,Brady Singer,CIN,25377,157.0,85.89800550902598,103.76005332814755,82.78523581534824,156.8013487880051,79.4503701502764,95.97166378614833,120.16436289202078,121.75394039401053,110.86190568474947,99.15514649389289,136.77447043993146,128.51617076244818,112.86609959862525,116.66863300891654,98.51867216265376,93.29367597394466
232,Cody Ponce,TOR,17920,2.1,134.5955827397159,113.42119603927941,118.66881013291415,0.0,133.9162200943316,112.84870794786339,46.21635623363281,65.90532244666426,57.81570216622932,69.12725258122708,93.40488776377121,43.449634423720404,90.66287379000832,0.0,121.58787943090329,127.02163723687092
233,Brandon Williamson,CIN,25463,42.1,73.32089009413386,155.16569152320304,47.253286994856744,109.03558600124235,70.89568062913122,150.03332813475942,104.19711916770969,117.40147930351887,95.47970164949992,97.38196169342999,129.299073813435,127.15993511326276,137.27932111214616,89.02583611341225,89.32590874112272,117.04813951347161
234,Cesar Perdomo,SFG,30334,20.2,51.789506499693694,76.28145794779526,67.89265370108541,111.67354644571486,51.36571983192273,75.65725575100994,119.76391769396993,110.99246824706961,104.46602651062933,112.47994029125795,96.14721101714643,120.34300709212097,116.37511568682292,109.42996467667265,100.64891119385875,94.59354254394327
235,Spencer Arrighetti,2 Tms,29921,96.2,101.79756647481149,150.57639739292517,67.60526153026623,120.44334147841434,97.5823619105169,144.34136979118372,91.2773035614248,106.58480180904549,88.45111407104407,99.37042555786302,122.44091795558926,130.12415436247312,124.41066580403755,100.9370678448254,87.50642826039822,112.58736007605572
236,Tyler Holton,DET,26231,3.2,85.6517390455557,72.17712860739074,118.66881013291415,0.0,83.69763755895725,70.53044246741462,118.84205888648435,104.84938221990434,126.14335018086398,115.21208758929365,58.71499238452055,74.07015115111713,104.6450008368577,46.58633868188735,154.74821009635846,69.28452921717086
237,Edward Cabrera,CHC,21690,76.0,94.35684397028662,110.63041558858686,85.2901462461046,151.83683540921692,93.09841588677614,109.15494626531516,109.14296215523103,110.66792590964405,102.51339050108483,89.05554635592755,138.44909538376217,125.64946285470025,100.36762301022739,115.1041112234491,100.57435645558948,91.84467024867273
238,Jimmy Herget,COL,17556,3.0,107.03163853431326,87.58240794490685,122.20677671083642,0.0,114.28872719747172,93.52077456351918,41.4183548691646,50.97431483011099,49.74572690982348,92.12642723616167,63.454967325958556,70.60961661712099,121.37309940854801,0.0,79.40080769048605,172.2087568131288
239,Spencer Strider,ATL,27498,39.0,126.24244853775872,134.74216936396303,93.69186214497459,177.53229529336784,127.4492469388161,136.03021785300498,94.91706324183554,103.90918277152161,93.90204630168928,100.13742098697858,126.45600167482847,129.05496025446465,103.71062808564663,90.77798421884795,68.759462204665,138.4771447337468
240,Zach Pop,PHI,20185,2.0,53.51581926715663,0.0,,0.0,50.79498981474799,0.0,138.06118289721533,114.69220836774974,130.58253313828664,92.12642723616167,103.89494491413829,48.523465843284505,85.6660256757669,64.74606262793617,148.87651456853786,64.57828386950159
241,Tyler Samaniego,BOS,30081,1.0,209.3708779594802,0.0,,0.0,99.19719997067806,0.0,277.29813740179685,461.3371942744365,297.33789685489364,46.084835008066555,844.8069511533964,-21.65216648583277,51.215757759227934,292.8284172805261,34.73939391467886,72.5837925253239
242,Trevor Williams,TEX,16977,1.0,209.3708779594802,0.0,,0.0,297.5915999120342,0.0,0.0,0.0,0.0,,0.0,-21.526629455685647,-21.599090516679343,512.4497306252581,0.0,0.0
243,Erik Miller,BOS,26252,1.0,209.3708779594802,0.0,,0.0,178.5549601257755,0.0,166.37888244107813,153.77906475814552,231.2628086649173,69.12725258122708,0.0,-21.65216648583277,-21.599090516679343,0.0,243.17575886180657,0.0
244,Richard Lovelady,WSN,19337,8.2,86.44863746570263,151.58494794792892,57.029829131723666,88.76615198791475,86.48876644132766,151.65531055797,90.60265127629756,105.8697385675575,87.05502209219111,130.3675857845554,48.612230949078,110.08366788952391,109.40109930363894,151.07414578653874,89.32590874112272,86.1043784065644
245,Jordan Wicks,CHC,30094,6.1,101.39839949045725,41.486405845720064,244.41355342167284,121.46946832737353,80.67439556123772,33.00733153874248,168.26206665598122,169.02010502563817,167.1456424170069,40.644012048468895,380.735012305346,101.49539311666709,96.3536263279291,119.53119214544485,109.93957986081126,79.48096458363132
246,Kirby Yates,PIT,9073,1.2,64.2190076181952,0.0,,0.0,76.19248449354453,0.0,138.06118289721533,91.75380169549744,139.28803534750577,138.18964099243217,0.0,45.04748734939027,109.60526925102887,0.0,95.28096932386424,154.9878812868038
247,Adam Macko,TOR,25590,1.2,62.811287348448666,0.0,,0.0,63.769628233730614,0.0,178.26308832972651,138.4012110782031,173.447106498688,138.25450516245417,0.0,45.49751927324329,67.76469651995902,341.6331534085389,40.52929298151726,42.34054557626145
248,Brenan Hanifee,DET,22304,1.2,62.81128959475627,0.0,,0.0,55.798425039304846,0.0,155.98020228851072,138.40121602781818,148.66894842744682,92.16967001613311,129.1730126433221,45.43748624416724,133.29808705729258,73.20710393579424,69.47878807253348,145.16758530469107
249,Will Dion,WSN,30061,3.0,35.677212844771084,87.58240794490685,40.73559223694548,0.0,50.79498981474799,124.69436645877533,103.5458871729115,76.46147224516649,99.49145381964696,138.18964099243217,0.0,80.13263129413455,93.42847710102735,73.99549970223977,170.14458801027115,36.90187627544678
250,Ray Kerr,ATL,23809,3.0,0.0,87.58240794490685,0.0,0.0,0.0,102.02266254806678,82.8367097383292,76.46147224516649,69.64401767375288,138.18964099243217,0.0,98.76511702826963,133.1719850102605,155.39055030704682,95.28096932386424,77.4939406434019
251,Luis Medina,ATH,21649,1.1,78.51409795402475,0.0,,0.0,89.27748006288775,0.0,166.37888244107813,115.33432606645526,173.447106498688,138.25450516245417,0.0,36.485777296678215,38.68602162678829,128.11243265631452,182.38181914635493,0.0
252,Caleb Ferguson,CIN,19349,1.2,64.2190076181952,157.64839443892225,40.73559223694548,0.0,65.3078437209939,160.3213275025331,69.03059144860767,91.75380169549744,69.64401767375288,138.18964099243217,0.0,84.64621837442476,130.84327143576627,103.5937002046979,95.28096932386424,103.32525419120253
253,Kai-Wei Teng,HOU,24282,44.0,102.30622667490101,126.30995384579724,80.99617197099386,123.48484064663904,94.09146150713495,116.16778706233603,115.80348351722765,122.32425870892266,115.63140433245864,94.63850048521329,134.6516324451323,125.06927751340884,113.47820041194726,123.29617540038223,96.90462556557658,91.68479062515736
254,Edgardo Henriquez,LAD,26944,1.0,107.03163853431326,0.0,,0.0,114.28872719747172,0.0,103.5458871729115,76.46147224516649,116.07336278958813,138.18964099243217,0.0,25.544329673149324,97.77532820512297,172.65616683517362,0.0,172.2087568131288
255,Brock Stewart,LAD,16727,1.0,107.03163853431326,0.0,,0.0,114.28872719747172,0.0,103.5458871729115,76.46147224516649,116.07336278958813,138.18964099243217,0.0,25.544329673149324,26.05076381191722,172.65616683517362,158.8016153809721,0.0
256,Kyle Backhus,PHI,29615,1.0,107.03163853431326,0.0,,0.0,91.43098175797736,0.0,165.6734194766584,152.92294449033298,174.11004418438222,69.09482049621609,207.78988982827659,25.381091052881942,26.05076381191722,0.0,238.2024233096606,0.0
257,Matt Svanson,STL,29629,1.0,107.03163853431326,0.0,,0.0,114.28872719747172,0.0,103.5458871729115,76.46147224516649,116.07336278958813,138.18964099243217,0.0,26.518877540697382,61.9130460085201,172.65616683517362,79.40080769048605,86.1043784065644
258,Riley Martin,CHC,29934,1.0,107.03163853431326,0.0,,0.0,152.38496944424398,0.0,0.0,0.0,0.0,,0.0,26.49065267068158,97.77532820512297,0.0,0.0,258.31313547800636
259,Carson Seymour,SFG,30084,1.0,107.03163853431326,0.0,,0.0,152.38496944424398,0.0,0.0,0.0,0.0,,0.0,27.00695414671478,61.9130460085201,0.0,119.1012116548303,129.15656773900318
260,JT Brubaker,SFG,17578,1.0,107.03163853431326,0.0,,0.0,91.43098175797736,0.0,165.6734194766584,152.92294449033298,174.11004418438222,69.09482049621609,220.78246757768326,27.00695414671478,61.9130460085201,258.9842505117447,59.55060582741515,64.57828386950159
261,Didier Fuentes,ATL,30661,3.0,249.74048991339757,87.58240794490685,285.14914565861835,256.43553137530944,177.78246412304054,62.347182668263024,170.54616710832482,203.89725932044396,232.14672557917626,83.75129756279588,285.90051853451996,90.72903652525228,10.370652497574472,155.39055030704682,119.1012116548303,51.662627095601266
262,Brent Suter,2 Tms,13942,8.2,85.3657760533845,183.21884361964064,26.3708466698323,89.56043850452883,85.32471150923962,182.9979045973211,80.44901868403619,106.41304570044912,75.46943218948992,117.37978130657085,75.63220801204213,123.15153329630989,115.00379906159527,64.05621624274896,141.02363669398957,74.62968752088574
263,Derek Law,ARI,13133,2.0,0.0,0.0,,0.0,0.0,0.0,69.03059144860767,38.230736122583245,58.036681394794066,138.18964099243217,0.0,75.38559907771013,91.48786424471226,86.32808315860258,158.8016153809721,43.05218907412563
264,Logan Allen,CLE,27589,5.2,73.8956122765633,233.51422152549426,31.645016035443774,0.0,54.107563579789186,170.9828902487542,178.26308832972651,230.66862301754077,173.447106498688,73.19356145900197,268.86176965975966,106.45018573096777,149.6189300015959,64.05621632815726,141.85252592166194,74.09595488547919
265,Cade Horton,CHC,31872,7.1,58.38089627673274,71.65833687941084,81.47118447389096,104.90544920106444,70.33152404238999,86.32686813724892,69.03059144860767,62.559389094285436,54.982119216120694,120.16490515673637,59.78483623378775,111.02989408106289,91.53019460488356,103.5937002046979,131.01133282031333,64.57828386950159
266,Kyle Hurt,LAD,27514,1.2,64.2190076181952,157.64839443892225,40.73559223694548,0.0,50.79498981474799,124.69436645877533,155.31883075936724,183.5076033909949,149.23718072947045,69.09482049621609,258.1040202838051,86.10149425182189,109.32589390957642,73.99549970223977,170.14458801027115,36.90187627544678
267,Taylor Clarke,ARI,17611,2.1,45.87072839831534,112.60601731393614,40.73559223694548,0.0,38.09624224677226,93.52077456351918,124.25506460749381,131.0768843427148,116.07336278958813,110.55171279394574,91.69897904169704,117.11744233073468,160.38481493574574,115.1041112234491,105.86774358731475,86.1043784065644
268,Joey Estes,ATH,26257,4.1,96.63271999330956,61.072947873213536,158.22508017721887,179.12087700905766,99.19719997067806,62.693726010764614,122.33741355961625,106.46243725798475,115.63140433245864,60.110654322281285,185.26396071912933,112.58594746521669,97.44348205098457,197.0960499251302,37.411655003744606,117.2507419280114
269,DL Hall,MIL,22207,2.0,107.03163853431326,262.74722383472056,40.73559223694548,0.0,130.61568789914276,320.6426561273155,0.0,76.46147224516649,0.0,138.18964099243217,0.0,97.81335611394124,115.24084391195906,172.65616683517362,79.40080769048605,86.1043784065644
270,Cole Winn,TEX,22113,1.0,0.0,0.0,,0.0,0.0,0.0,138.64906870089843,76.88953237907276,115.63140433245864,138.25450516245417,0.0,74.60597060521638,111.2645268489949,170.81657670426944,81.05858620621026,84.6810914065662
271,Zach Eflin,BAL,13774,3.2,199.8540545241727,144.3542548681854,138.44694515506652,211.68833036892886,183.80657620619175,132.76318489167346,110.91925496071873,125.81925661859061,148.66894842744682,138.25450516245417,60.42851795428865,108.09240699595118,42.10322298270767,128.11243265631452,121.58787943090329,63.51081861843546
272,Erick Fedde,CHW,17425,72.1,78.15226560571685,87.80994896215869,89.0016075996856,160.96114990300993,79.29249831717145,89.09108474684496,96.10332559773465,93.54302844489536,81.7202713311126,116.52879708985036,93.25374307715167,128.83899079745703,114.67886666091277,124.09096597194196,78.51414632080234,110.50312823777743
273,Seth Johnson,ATH,26020,1.2,125.62257469689733,317.5794267901668,39.55627004430472,0.0,111.59685007860969,282.12176986965846,69.32453435044921,138.4012110782031,86.723553249344,138.25450516245417,0.0,97.89075168728593,147.48289734944387,0.0,121.58787943090329,127.02163723687092
274,Jordan Leasure,CHW,29950,1.1,0.0,198.4871133500341,0.0,0.0,0.0,225.69741589572678,0.0,57.66716303322763,0.0,138.25450516245417,0.0,127.1158707447004,183.7248735646638,0.0,121.58787943090329,127.02163723687092
275,Cade Gibson,MIA,31815,1.1,80.27374803948788,197.06046485891645,40.73559223694548,0.0,65.3078437209939,160.3213275025331,138.06118289721533,172.03835356876442,139.28803534750577,92.12642723616167,159.0929048746765,91.60734378581003,172.06161632459907,103.5937002046979,47.64048466193212,154.9878812868038
276,Jacob Waguespack,DET,18318,1.1,78.51409795402475,198.4871133500341,39.55627004430472,0.0,74.39789975481484,188.08117916078092,83.18944122053907,115.33432606645526,86.723553249344,0.0,322.932473863455,91.96556351801037,147.55379248041083,0.0,121.58787943090329,127.02163723687092
277,Jordan Hicks,CHW,19618,1.2,125.62257918951254,317.5794381476969,39.55627004430472,0.0,111.59685007860969,282.12176986965846,69.32453435044921,138.40121602781818,86.723553249344,0.0,391.66587229069137,102.18790676379636,125.63843634975309,128.11243265631452,121.58787943090329,63.51081861843546
278,Andrew Sears,DET,33664,10.2,88.32835279467908,148.8653225347754,59.33440506645707,72.76786219659013,74.39789975481484,125.38745315001631,110.91925496071873,129.75110594914753,109.02389551346101,70.53801275051968,100.9163896236136,123.28253103513858,163.46726492776762,73.20710393579424,69.47878807253348,145.16758530469107
279,Jason Alexander,HOU,19666,12.0,69.79029265316007,66.16235534233952,105.48338675844171,129.36506834970945,71.4219840503102,67.70922476871803,90.42330567449896,83.29699341066214,77.08760288830577,61.72076117398654,164.57421386588936,120.44917437756108,115.3623187926694,67.42759594610511,108.78915526748317,106.96558910502414
280,Paxton Schultz,WSN,25501,1.0,107.03163853431326,262.74722383472056,40.73559223694548,0.0,76.19248449354453,187.04154912703837,165.6734194766584,229.38441673549949,174.11004418438222,92.12642723616167,210.65298532592598,95.70716888413492,133.1719850102605,129.49212525587234,119.1012116548303,64.57828386950159
281,Jose Cabrera,ARI,30412,22.0,77.84119503564366,95.54444917254781,81.47118447389096,139.87393226808592,73.88362134092668,90.68681115383713,108.25251840804384,107.74117010682491,97.29678939715477,102.18248091626785,126.43337415017453,134.03145394597428,121.90941448647675,63.74996931689343,102.61027447323654,115.24739886583157
282,Tanner Banks,PHI,16990,1.0,214.06327706862652,525.4944476694411,40.73559223694548,0.0,152.38496944424398,374.0830993763261,103.5458871729115,229.38441673549949,174.11004418438222,92.12642723616167,207.78988982827659,117.9505902144922,192.78724687411017,0.0,0.0,258.31313547800636
283,Will Klein,LAD,27787,4.0,133.78954816789158,65.68680595868014,203.6779611847274,192.32664853148208,114.28872719747172,56.11246496256138,138.06118289721533,133.80757642904138,145.09170348698518,125.62694634419383,107.54330076038958,124.5319938280999,76.70045512661618,119.53119214544485,128.2628432106469,59.610723373145206
284,Jefry Yan,NYM,27902,1.2,64.2190076181952,315.2967888778445,20.36779611847274,0.0,45.71549087898868,224.44985985024553,155.31883075936724,229.3845042387436,149.23718072947045,82.9137845954593,262.9917245722655,131.28857591372284,195.11602867288337,0.0,136.11567036057644,110.70562934296663
285,Beck Way,KCR,27877,1.0,0.0,0.0,,0.0,0.0,0.0,207.97360305134762,230.66859713721826,173.447106498688,69.12725258122708,420.989685365708,145.47911816407947,220.014095907739,341.6331534085389,0.0,84.6810914065662
286,Keegan Akin,BAL,19362,2.0,209.3708779594802,0.0,,388.0952050491283,255.07851427408465,0.0,59.421029443242176,38.44476618953638,0.0,138.25450516245414,110.78559703982067,135.58438434825388,-3.395378447702525,170.81657670426944,81.05858620621026,84.6810914065662
287,Carson Whisenhunt,SFG,31676,34.2,80.27373478958103,159.16419534532537,50.434542765671964,110.95768998489346,72.47577805553514,143.70265362497457,119.58820772082737,136.74841231642841,112.93624487635603,91.3038698427215,159.2181373371561,132.3728178057531,133.8392336160651,121.6099955321455,80.78169119685691,110.06385759063933
288,Steven Cruz,KCR,23165,2.1,224.32597123285984,113.42119603927941,197.78135022152355,332.65307821963813,247.99299992669518,125.38745315001631,51.993400762836906,65.90532244666426,0.0,138.25450516245417,90.21208772593043,135.26530155099937,33.721315732761994,0.0,81.05858620621026,169.3621828131324
289,Eduardo Rivera,BOS,31280,6.2,109.91973811839392,238.18453814957715,46.14898169198465,116.4285903144303,91.90328787990218,199.14477846599726,103.98680152567381,149.93462522691217,104.06826389921278,71.5109509031904,221.7618795326245,136.68299220772585,127.55334007495377,122.01184057625669,104.2181822303881,84.6810914065662
290,River Ryan,DET,29514,4.1,144.94907998996436,183.21884361964064,79.11254008860944,179.12087700905766,127.53925691384865,161.21243895824446,115.54089058408204,141.94991634397965,126.14335018086398,125.68591377148064,99.3638217109337,129.13294934525211,83.36790198763681,256.22486531262905,60.79393971545164,63.51081861843546
291,Zach Agnos,COL,31552,10.2,60.20530026406674,123.16276851359834,48.88271068433457,144.24499499628328,63.789056710872536,130.4941037028351,65.39740242499673,78.85089795270773,46.42934511583525,138.18964099243217,35.69342124834538,132.60065011645517,140.75485388991206,48.559546970952134,81.88208301269583,145.30113870637854
292,CJ Van Eyk,TOR,27568,5.0,41.87417559189604,0.0,,155.23808201965136,44.638740031443874,0.0,87.56783286372531,61.511625903258214,65.04266493700798,38.40402910426154,174.35576673828163,131.50897746902035,121.00468684279033,90.4323052838809,100.13119461088291,104.60605397091433
293,Cristian Javier,HOU,17606,49.2,88.52594452061646,133.21280025442945,66.45453367443191,140.6519580089512,85.2194123814952,128.23716740444388,109.91351042091948,117.65646941918358,102.60251370344922,97.24322987919696,141.37919495961327,131.71850432382374,133.50945293151392,109.32260902923846,58.362182126833574,138.87698987628337
294,Ty Madden,DET,30140,3.1,125.622538755987,158.78966796497767,79.11254008860944,232.8571452364649,119.03663978625872,150.46494355432216,95.98781679292968,115.33430956774602,86.723553249344,115.21208758929365,129.17297106703586,152.80995430162554,125.92204204513185,113.8777178028463,27.019528735403426,169.3621828131324
295,JP Sears,SDP,23429,28.1,83.10692585956775,83.46088941998825,99.57589211665092,162.9119974331956,81.10812859543066,81.4535779904521,108.99567070832789,105.24697594451582,97.17769907965518,100.5810677742135,118.41622173275358,127.70465132226607,111.18333634832747,75.65831999592596,99.02797371674184,113.19339639607779
296,Ryan Rolison,CHC,22200,3.1,64.21898924498802,0.0,,230.79200024781886,83.11907395139815,0.0,75.30609976211747,45.876887722260854,43.527511046095555,138.18964099243217,65.76332327808262,140.01478096075877,98.84657325244704,0.0,105.86774358731475,143.50729734427398
297,Shane Smith,CHW,31687,8.1,138.18480053858414,285.82141869179407,48.34655226758214,93.14286342426387,100.20941598717128,207.27313660951938,127.98375572390623,193.76165116094498,141.3272719618939,67.1138374293142,261.1105124256057,133.5259148004505,141.6955082499699,94.89809816903858,108.0781149416137,94.0901015628513
298,Austin Warren,NYM,24937,2.0,53.51581926715663,262.74722383472056,20.36779611847274,0.0,41.55953674712162,204.04532621838283,103.5458871729115,152.92294449033298,99.49145381964696,82.9137845954593,219.15968687407022,157.56185366652628,174.62329308007605,73.99549970223977,170.14458801027115,36.90187627544678
299,Braxton Garrett,MIA,21844,4.1,123.49805352243234,485.0718334333725,25.459745148090924,0.0,81.63480487981985,320.6426561273155,144.9642420420761,264.6743464188937,162.5027079054234,73.70114181656727,342.6615847091364,150.685126869553,199.95259592361964,69.06246663047575,111.16113071903999,103.32525419120253
300,José Urquidy,CHW,18413,3.0,69.79029265316007,352.8658951591441,19.77813502215236,0.0,42.513085637949544,214.94991936331735,166.37888244107813,256.29844126357585,160.1050213834043,80.64846129868009,362.65343414347694,184.4897414078129,248.0683683733047,78.83841966258223,112.23496549758532,97.7089515643356
301,Eddy Yean,WSN,24248,2.1,0.0,0.0,,329.7028709724207,0.0,0.0,124.25506460749381,98.30762056570732,77.38224185972543,86.36852562027009,180.55972630724705,202.50401580541805,150.40448118023602,51.79685010234895,95.28096932386424,129.15656773900318
302,Miguel Ullola,HOU,29036,1.2,0.0,317.5794381476969,0.0,0.0,0.0,322.4248790449761,0.0,92.26747735187878,0.0,92.16967001613311,131.65942602530473,207.45499145288431,248.76194509276291,0.0,121.58787943090329,127.02163723687092
303,Sam Aldegheri,LAA,26443,25.2,57.101149948842654,144.35423341359598,39.55627004430472,120.96474223248073,52.9612166308621,133.88829666629735,96.91973734431734,113.8364533550662,81.62216776408846,82.7871288108174,153.22888151425374,140.99304682803157,144.73064749874726,104.81926280292112,88.42754852227237,109.70050467853494
304,Eric Lauer,2 Tms,19316,90.1,71.80847144151781,78.80705382297364,91.24604912686209,179.37593090780283,70.64447502389592,77.50464814286345,109.43560981448819,103.45959861575287,92.59152214564536,103.37434083826847,126.76423846285537,137.03262952079257,128.54475985848842,84.28471563558351,74.92860423063522,134.59523677967476
305,Daniel Espino,CLE,25625,4.0,130.85679872467512,198.48706602701856,65.92711671413701,194.04760252456416,131.29041183092977,199.14477846599726,59.421029443242176,96.11191547384094,43.361776624672,76.80805834677757,163.23748469295663,149.7384495249405,114.33787080675077,0.0,108.0781149416137,141.13515234427695
306,Ryne Nelson,ARI,26253,83.1,79.6315430470205,69.36527055707077,114.80030538762168,166.17023263118637,79.84113885183149,69.54784279081619,102.28313245129064,94.50638441549611,88.45913535174257,91.79263582411974,118.10822352409153,131.1810444625061,117.67569545485618,93.82070937502426,77.30342773076696,127.69441774983244
307,Bryan Hudson,CHW,19924,10.0,83.74836740711507,26.464947263595594,316.45016035443774,232.8571681374256,91.56664616111723,28.93556541708864,109.45979107965664,84.57850200111262,89.93553670302339,81.32617949106074,130.55526158217668,135.4251910103666,87.19775126814633,35.341360609081654,125.78056485305231,105.12135484077032
308,Owen Murphy,ATL,31761,2.2,80.27374803948788,197.06046485891645,40.73559223694548,288.49004157860895,60.95398768626661,149.63323952608056,159.30136488140232,200.71141249689185,139.28803534750577,98.70688638368307,160.81908001792402,210.2657663393144,158.61325729453432,188.35218186074346,43.30953131595449,117.4150614400139
309,Matt Waldron,2 Tms,25550,15.2,61.48626292983399,100.62660044585061,61.10338835541822,147.31403464069314,52.74864291750375,86.32686904368103,142.00578812285008,146.4155910921396,126.0796871680009,84.50445671801423,214.15698862218144,142.1121359748076,142.16973966161103,70.2330168684526,100.93323007868868,113.83290712915206
310,John King,MIA,22051,1.2,128.4380152363904,0.0,,461.58413255592984,130.61568789914276,0.0,118.33815676904169,91.75380169549744,87.05502209219111,0.0,254.5486842129724,202.3438817195027,38.06692772469767,103.5937002046979,142.92145398579635,51.662627095601266
311,Merrill Kelly,ARI,11156,162.0,74.65787352082641,113.53275438146171,65.75888459943037,132.96657573802491,73.3785575120054,111.5872880737756,109.13407790922737,111.38832087037159,98.27069978505007,101.16472720018483,117.54821611653887,129.48240365419977,116.35916509680048,109.90294295166576,95.93614294535564,99.46831928685418
312,Yunior Marte,SFG,31097,14.1,67.2059185301556,109.98721973471899,61.10338835541821,161.0176735201636,66.36119628977232,108.60477027985304,125.73429156710685,122.69400123155718,110.79730084460687,102.90717945362886,138.6308640333076,143.25906495925972,113.58904170799488,123.86203244807648,98.38795739185046,89.84804687570268
313,Brandon Eisert,CHW,27668,4.2,134.5956119646274,56.71061033328459,237.3376202658283,332.65315044902775,127.53925691384865,53.737479276585795,124.78416183080859,115.33433932435007,115.63140433245864,98.75321793368026,186.50754632289042,160.18359476557555,90.76417083382627,73.20710393579424,69.47878807253348,145.16758530469107
314,Robby Snelling,MIA,31893,5.0,42.8126554137253,210.19777906777642,20.36779611847274,153.8613188251857,41.55953674712162,204.04532621838283,115.05098574767945,137.6306500412997,92.8586902316705,109.09708496493282,127.27429355517775,173.76667314455577,147.42377281060857,110.99325007132816,102.08675271088173,92.25469120524323
315,Thomas Pannone,MIL,17281,3.0,71.35442568954217,175.1648158898137,40.73559223694548,256.43553137530944,65.3078437209939,160.3213275025331,103.5458871729115,127.43578707527749,77.38224185972543,76.7720226968014,144.50774740862136,193.31703526539084,137.20841918671252,103.5937002046979,95.28096932386424,103.32525419120253
316,Jack Ralston,MIA,26104,1.1,160.54749607897577,197.06046485891645,81.47118447389096,576.9800831572179,114.28872719747172,140.28116240640344,177.50723515356256,229.38447142501923,174.11004418438222,53.14986183512643,477.2787146240294,288.0753623204421,136.43213832899934,0.0,95.28096932386424,154.9878812868038
317,Nick Lodolo,CIN,26378,108.2,81.75116212468656,111.22428851527808,73.50117729355505,141.59017525428146,78.07378071737922,106.22112623523503,112.60309243389904,113.28494565282759,103.37783873447694,108.70918415525355,116.24102434796445,130.5396483094081,117.19665291895294,122.95988153015884,98.95649631557933,89.6814147548948
318,Paul Blackburn,NYY,14739,3.0,104.6854389797401,176.43294757957204,59.33440506645707,258.7301366994189,103.01247665226478,173.6133958879931,83.18944122053907,102.51937650543033,57.81570216622932,138.25450516245417,72.31836814407835,198.99526568105898,123.24276710994052,73.20710393579424,138.9575763882427,72.5837925253239
319,Sean Sullivan,COL,33502,22.1,76.67938719635352,129.41281910770903,59.251770504246736,172.2328293866422,64.16209237351562,108.28721300689041,140.82240655515966,154.06416926575585,127.82762737587554,87.63245519945445,187.52364546098107,147.18114518188287,164.48108234576515,106.08993388840486,45.91853935283014,155.61032243395078
320,Jose Quintana,COL,11423,48.0,55.74564839265439,109.47801645653183,50.91949029618185,160.27221666253695,53.90977684193046,105.87257468112567,112.76201325636437,114.69221520393849,93.75156225312887,96.03008947042481,115.01213513355734,138.5384885742458,140.50742700363043,88.97618417087263,78.91368611684204,128.3641960706214
321,Tobias Myers,NYM,22191,4.2,68.8060627175692,281.514921033422,24.441355342167284,164.85143548621036,57.14436359873586,233.80193696992265,130.79480484999345,180.23063770379676,116.07336278958813,43.184262810135046,375.702371540935,186.56486209407146,173.15947794080384,103.5937002046979,79.40080769048605,120.54612971752753
322,Colton Gordon,HOU,31312,3.2,142.7528960886948,0.0,,423.3766607378577,117.47036817488264,0.0,184.86542493453123,167.75900882478746,189.21502527129596,111.49556855452349,239.38071622151926,202.1326008292609,78.46768039380507,118.25762975009822,93.52913787412514,97.7089515643356
323,AJ Smith-Shawver,ATL,29960,21.0,91.74140862424113,162.65305071282873,56.40312768762568,146.5345960119045,79.89114885592362,141.64311517798035,116.34369345270956,138.35886082217232,109.14360978722468,86.88570228633927,183.79319883308918,141.24154556803225,128.1596675074483,88.79459995346883,102.08675271088173,103.32525419120253
324,Justin Verlander,DET,8700,9.0,81.42201672314076,88.21648313754095,92.29796342352557,258.73016411545365,80.12081522358233,86.80669737975299,127.09497964249023,119.6059519302381,106.73668092226953,98.75321793368023,167.44644575011378,164.2099940967544,126.1847242246459,141.36544243632662,41.92685495101744,140.1618063696793
325,Pete Fairbanks,MIA,17998,1.0,107.03163853431326,262.74722383472056,40.73559223694548,769.3065941259283,65.3078437209939,160.3213275025331,207.091774345823,305.84588898066596,174.11004418438222,53.14986183512643,636.3714677758886,407.14680921624796,204.89654940346625,103.5937002046979,47.64048466193212,154.9878812868038
326,Lyon Richardson,CIN,24581,1.0,214.06327706862652,525.4944476694411,40.73559223694548,769.3065941259283,130.61568789914276,320.6426561273155,103.5458871729115,229.38441673549949,0.0,0.0,842.1016159559899,483.0635850443583,264.0461858758506,0.0,0.0,258.31313547800636
327,Lucas Giolito,SDP,15474,20.2,72.50530575377503,228.8443632832402,31.68323837482991,111.67354129247956,67.37019706076465,212.6367090955485,98.0961036374951,133.1909557503156,88.53053094121128,105.32747013717338,108.22987490772735,152.30099749174258,157.2103996256309,133.6692905198723,65.31356758947375,120.8238858243998
328,Jesse Scholtens,TBR,19205,10.1,101.30850180172477,102.4449499106054,98.89067511076178,225.34563066160226,94.97604242064367,96.04145246817295,101.45053807382811,104.1729276551367,86.723553249344,105.44835133885304,146.08412067479213,160.16840301133405,119.51606059210177,82.65318206136114,94.13255177040723,114.72922067271234
329,Huascar Brazobán,NYM,6107,7.0,61.1609446378393,262.74725963119386,23.277481260796446,109.9009569908069,57.14436359873586,245.492034211206,69.03059144860767,120.15375846919784,54.982119216120694,104.29406865528223,125.23412384697833,172.91639289954205,158.58835871041836,51.79685010234895,142.92145398579635,77.4939406434019
330,Brennan Bernardino,COL,16835,1.1,80.27381263284646,394.1212468525769,20.36779611847274,576.9805474320563,45.71549087898868,224.44985985024553,207.091774345823,344.07698400351137,174.11004418438222,90.1236789020997,428.3214762243354,361.32647342380443,225.5059555859081,221.98650014265633,34.02891741149229,110.70562934296663
331,Chase Petty,CIN,30170,12.1,26.034725570903127,85.21532462398142,30.551694177709106,187.1286502965542,25.397494678796544,83.12957763918357,101.43270580203576,99.19327151784577,72.8832743097414,75.57245991773634,153.62666199303078,160.02248187200465,151.9527914831382,135.12221754569975,67.31807599738076,117.92556181496204
332,Jovani Morán,BOS,20422,3.0,209.3708779594802,176.43294757957204,118.66881013291415,517.4602733988378,148.7957999560171,125.38745315001631,181.9769026699292,230.66859713721826,216.80888312335998,89.19645489892059,352.0028963139152,236.19641317153545,63.036430235134596,204.97989225010323,72.95272765854197,76.21298234212254
333,Zac Gallen,ARI,19291,101.1,65.48646572127682,85.56571125151649,76.53353689792407,144.24499228122895,62.293635802449224,81.39390462846302,124.84958644772108,119.97409127748402,110.56246129215963,88.1414865535146,147.80419713424484,131.60000947125135,115.80919248953292,103.88633738668965,104.29767114106411,93.40135948735765
334,Tanner Houck,BOS,19879,3.0,34.89514632658003,0.0,,517.4602733988378,34.33749191983001,0.0,127.98375572390623,102.51937650543033,69.37884259947519,115.21208758929365,211.2017377883491,268.4274856287064,107.32430269035935,42.70414404795492,141.85252592166194,84.6810914065662
335,Jedixson Paez,BOS,29114,3.2,85.65173765321687,144.3542548681854,59.33440506645707,423.3766607378577,58.224443247560544,98.12931042491249,198.07009814414056,251.63851323718123,173.447106498688,60.110654322281285,460.80387143945575,246.45178412972868,134.43289799422104,113.8777178028463,108.0781149416137,84.6810914065662
336,DJ Herz,WSN,26389,7.0,91.7414044579828,112.6059530720231,81.47118447389096,329.7028260539693,78.36941273948564,96.19279627706999,142.37559486275333,152.92294449033298,121.12003073696154,84.60590251587858,240.74626894391545,192.49179533628003,129.97825593985326,79.68746125764044,82.45468495515905,129.15656773900318
337,Ryan Weiss,HOU,24621,7.0,104.68545324200124,302.45652277141176,34.61173628876663,221.76871881309208,89.27748006288775,257.9399032359808,123.24361662302081,175.74752652443803,115.63140433245864,125.68591377148064,125.38989431417122,201.18217500650468,150.91423824056517,102.48994612505162,97.27030354472264,101.61730978949674
338,Alan Rangel,PHI,19524,11.1,122.77158882124495,231.835792239337,52.95626990802912,203.63998650998764,104.26340004981853,196.8858414226192,117.05187245633472,155.17181567352537,116.07336278958813,111.6683967503945,146.67522046350084,165.59665859412712,132.52814907314723,129.49212525587234,74.43825728426893,113.01199677162776
339,Kohl Drake,ARI,32070,20.2,88.04215698672684,88.99503016570452,98.9292954093044,186.12256882079922,81.80666769623032,82.69205303838028,118.33815676904172,114.69221189610512,106.71260772591167,98.70688638368307,155.29657423499032,150.77211394257756,136.61244097044977,87.6562077459824,62.29909519887915,147.03978475094672
340,Ethan Pecko,HOU,33515,20.0,68.04554182615962,158.78966796497767,42.852625868144685,155.2380968243099,63.769628233730614,148.8114820284959,106.65312976992185,123.02326353892907,90.98864603209861,95.86991220975598,142.63099895278947,155.00754539485789,146.96274840090427,102.48994612505162,78.56447592126246,121.15909989912923
341,Trey Gibson,BAL,33794,37.2,97.27408949839396,182.6783786122335,53.24882505355538,144.24778871931784,89.27748006288775,167.66093687769012,106.79725562096229,130.64417333888397,101.45019436715712,97.6798134119616,152.94296232431458,140.61566662443565,107.99661861325627,113.37383418191817,131.27186962146308,60.70060538050047
342,Brayan Bello,BOS,23920,52.2,83.4833287871804,120.59974214365062,69.22347257753326,162.11572639295767,74.69430589888505,107.9031460481736,131.2544517035172,138.6931505454462,121.00960918513115,89.79765641192809,168.42671041978363,137.92224433294865,112.20418635290726,97.88365592214787,117.48941148382224,82.77814545519202
343,Brycen Mautz,STL,31910,1.0,0.0,788.2416715041617,0.0,769.3065941259283,0.0,336.6747897753682,165.6734194766584,382.3073612258325,87.05502209219111,98.70688638368307,655.1228807733467,751.9129929342391,537.4382647449215,103.5937002046979,47.64048466193212,154.9878812868038
344,Cole Ragans,KCR,21846,35.1,133.3257999500282,172.27179964580256,77.39270225543669,219.67653943611717,133.0293576948199,171.888759553577,87.73886378728729,108.80594614508186,80.78358384870398,115.21208758929365,113.19062721651618,147.50261455851964,105.86271654778227,62.49386932597185,83.03562482299324,136.31590315928796
345,Mike Paredes,MIN,30187,22.0,52.34272175886593,84.2066377223279,62.15985290981186,176.4069190330014,51.14855613723363,82.285515459659,109.96305448691945,104.84936688019685,87.94501174581362,116.13378433646149,108.02490455011919,153.15887457523246,129.98405808587862,102.48994612505162,97.27030354472264,101.61730978949674
346,Hurston Waldrep,ATL,33527,8.2,74.09883211345941,181.9019375375147,40.73559223694548,266.2984559637443,62.33930557783734,153.03399494434944,126.5560843224474,149.9821296373731,103.17632247963388,84.03424112910717,247.4139284204353,216.52461480676385,135.4111582282384,51.79685010234895,158.8016153809721,60.27306485876377
347,Bailey Falter,KCR,20070,4.1,48.31635999665478,183.21884361964064,26.3708466698323,537.362631027173,31.884814116865307,120.90932978292687,216.29254717340154,283.8998326879593,173.447106498688,82.0153842824938,437.1816284127652,315.971444901053,161.4930037974576,178.2433840751378,84.58287241498199,77.31751829600462
348,Chris Murphy,CHW,26214,2.2,117.77119431409227,198.48719320767398,59.33440506645707,873.2147708728431,89.27748006288775,150.46494355432216,159.9796946548828,201.83515182092563,99.11263228496455,49.376608966840124,489.58244979361496,420.9099316815651,197.7322379088692,0.0,24.31757588618066,228.63894702636767
349,Ronel Blanco,HOU,19407,23.1,89.73038482570499,158.78966796497767,56.508957183546,199.59183877411277,91.09946916040798,161.21243895824446,90.20541819094596,105.44851160479634,73.03036063102651,101.16183303558199,141.06362533792367,162.50003163189336,122.1529940755032,82.65318206136114,98.0547413667136,110.6317483152973
350,Daniel Lynch IV,KCR,21537,40.0,54.9598580850538,92.62730189608928,59.33440506645707,174.6428505997278,54.185753689603054,91.32265327618192,111.27250099562549,107.64535046363216,90.13786636939689,85.26709568028845,152.60876822202226,147.26654102693092,125.8038637657514,91.78204099242774,105.25517899107231,98.58395713334117
351,JR Ritchie,ATL,31760,55.0,99.24752280999279,157.6483397679295,62.9550061658541,153.8613241609527,93.25960139313692,148.13690750116203,103.5458871729115,119.55794256587266,97.50162474325404,96.87898111099035,136.4525249417034,142.59828576450892,113.94943354034714,100.35639707330108,111.65738592640339,87.18068322382713
352,Taijuan Walker,PHI,11836,18.2,91.74140758267652,140.75744613419891,65.17694757911276,247.27712796268574,77.81360105844945,119.38822251275876,139.72457064296492,155.65371665776578,125.58757285430848,85.80402535888454,211.50043077887184,169.60768013609135,119.01666059775523,115.96309723633391,103.10254121922404,88.67465842454129
353,Xzavion Curry,NYM,25595,3.0,107.03163853431326,87.58240794490685,122.20677671083642,1025.7421255012378,85.71654539810379,70.14058120320172,165.6734194766584,178.4101019053885,87.05502209219111,98.70688638368307,438.31937374814044,464.0836825667082,145.43649600343835,43.16404157930129,59.55060582741515,172.2087568131288
354,Brendan Beck,NYY,33043,8.2,132.86998999080066,152.68236968303387,87.02379409747039,447.8021925226442,116.91098539276439,134.34369988419513,123.6599801926932,141.94991634397965,99.11263228496455,61.446446677422074,300.3993974048785,231.04569182722483,118.39322404953903,78.83841966258223,65.47039656052274,146.56342734650343
355,Kade Morris,ATH,33787,6.2,62.8112693779935,158.78966796497767,39.55627004430472,465.7142904729298,49.59859998533903,125.38745315001631,187.84712533670108,207.60175722194282,150.82357086842433,51.58750187676486,421.4755199117979,271.8714687030762,132.9435406970306,75.91847853523088,153.11066283395274,56.45406093771079
356,Corbin Burnes,ARI,19361,10.1,82.86321422327725,101.70861529045881,81.47118447389096,372.2451719965021,77.81360105844945,95.51057756130727,115.58610661162214,118.39197159346845,81.2513539527117,107.48083177552195,186.35590628097358,219.09115630160275,144.18452911358295,88.79459995346883,40.834701036712204,169.74863184864512
357,Mike Burrows,HOU,24728,93.2,82.70522449997542,98.8903558656802,83.63325665379962,174.02134222016957,78.83691533641051,94.26502986167965,121.50036809841889,119.84916760288415,109.54554094653976,92.85750346112945,147.58969046343097,138.7520145951165,117.40617476044011,99.12961953534362,92.486517917193,108.28073988965194
358,Luis Morales,ATH,32227,7.1,71.3764387620899,288.70847219083856,24.722668777690444,423.37660567920335,53.141357159033774,214.94991936331735,163.85799028287994,220.18367044841338,130.08532987401597,101.16183303558199,273.6853883033966,284.5866264091652,205.2275879016019,91.50888017596766,69.47878807253348,136.09461114375932
359,Jeffrey Springs,ATH,17677,142.2,82.18296510445872,105.73610530587942,77.72460076105048,190.4205530193943,79.35775970871002,102.10121141545399,111.30981571762266,112.63957698623375,96.40528009665792,91.3317639326185,137.86581726618735,137.07386507763312,120.49341798179177,105.43766561495099,83.38991706993359,114.6566989391483
360,Mason Englert,TBR,22288,18.0,122.13302508471114,58.81098875836063,207.6704177325998,388.0952461731804,106.5242657000627,51.29486673608014,143.60082115450194,140.96415763206636,128.4793381471763,94.88054264740119,215.6479839771617,190.18229668697774,87.25552504587482,132.2450917081376,78.44379314200603,106.53427621192554
361,Simeon Woods Richardson,MIN,24494,44.2,56.24889578870377,136.27470980730772,41.27610783792121,156.39658407361324,50.062138035960956,121.28599394334113,138.6490687008984,148.04104838256967,120.07876603755321,77.01179322718409,198.3143797044075,154.1837113147409,146.4899200867624,94.89809816903858,93.06726564416735,109.77178515665986
362,Kodai Senga,NYM,31838,31.2,128.4379765559548,199.1347540566051,64.49802102825181,218.64504957399382,115.81257674105304,179.55988788019638,110.2262669905187,137.6306610943377,108.53613143961486,71.47740047044054,235.30831427805396,163.7216296852638,128.28409246494954,109.68744681853144,56.04762885990681,142.83196890745614
363,Germán Márquez,SDP,15038,44.0,80.2737306406212,113.45903093324215,70.75129176923804,209.81089385460004,76.19248449354453,107.69058824518159,112.32096235705656,116.42997162414612,94.96911500966301,113.8343785577067,127.08810953196574,156.75886899541786,125.73062623120536,87.54397174133814,87.22905639977124,120.06103469776677
364,Luis Gil,NYY,21052,19.1,48.732877567728906,150.57639739292517,32.36422093814817,240.88668295682868,47.264547848458314,146.0395036065382,87.87617030338633,103.4031659341486,55.750855660292565,107.38213991455363,145.8836071031486,197.6398500647157,153.75349298864154,58.80570660824447,111.62165969778424,108.28073988965194
365,Mason Barnett,ATH,31741,25.1,111.57264451282644,177.5936995697824,62.824664183359694,275.7518700600373,97.19725630408549,154.7119380972023,126.76486281224999,148.72055035588906,115.63140433245864,86.40906572653384,205.98426734347925,178.32764790961096,129.44958231518794,105.11789339589272,81.05858620621026,117.2507419280114
366,Miles Mikolas,WSN,9803,53.0,60.58394743031607,74.36242317808191,81.47118447389096,232.2435042924438,55.978151826159774,68.70913987726448,133.84097206629608,128.39756891074117,110.36483675075594,77.68056735064235,194.75465031514867,158.73996879823667,112.1607349122199,112.48810871918744,108.27382864718986,84.79976662426706
367,Zack Littell,WSN,15823,67.0,65.49697469899117,101.96161215192649,64.23689541296578,229.64376597804912,62.27026970075116,96.93847706845608,111.15955534739028,112.98038757857421,87.46760513528207,93.37137895556927,144.6274268783212,164.7465396374389,135.27822496850303,94.58555202300556,78.7103658181994,125.78726578097164
368,Jameson Taillon,2 Tms,11674,86.0,94.36785118790476,97.8770050047977,96.45220099676351,241.6865856373906,93.66927831332184,97.14369221655778,104.82581712943262,104.09285339966523,86.64156222226873,108.9259317702333,137.5852565317041,159.1885234507893,113.34000849507594,85.80299844828222,81.14486457095641,127.47920008265015
