rank,Name,Team,playerid,K/9,BB/9,K/BB,HR/9,K%,BB%,K-BB%,AVG,WHIP,BABIP,LOB%,ERA-,FIP-,xFIP-,ERA,FIP,E-F,xFIP,SIERA
1,Jacob Misiorowski,MIL,31623,12.984732942587847,2.267175593150259,5.72727273,0.7213740523659915,0.37894737,0.06616541,0.31278196,0.1568627450980392,0.8015267248511017,0.23699421965317918,0.81916538,43.43505806101596,51.656281970144626,54.35804040304683,1.8034351309149788,2.1673056262758297,-0.3638704953608509,2.2922475570046568,2.3505620941745273
2,Cristopher Sánchez,PHI,20778,10.0434784459557,1.9565217751861752,5.13333333,0.826086971745274,0.26954492,0.05250875,0.21703617,0.2531017369727047,1.202898572892241,0.3327338129496403,0.79684764,67.25566606306539,64.73430796003171,62.87380332120717,2.913043531943861,2.800994827905979,0.11204870403788192,2.650761016682425,2.920630364893812
3,Cam Schlittler,NYY,32095,11.106712874470182,2.2771084972763136,4.87755102,0.7435456317636941,0.31406045,0.06438896,0.24967149,0.18271954674220964,0.9191050170412332,0.25055432372505543,0.81683168,47.05050588858215,60.42585530810618,68.97074899193596,1.9518072833796973,2.55834305181049,-0.6065357684307926,2.856406992233098,2.936115311008743
4,Chris Sale,ATL,10603,11.065573943491044,1.7151639612411118,6.4516129,0.5532786971745521,0.30864198,0.04783951,0.26080247,0.21428571428571427,0.9836065727547595,0.30357142857142855,0.8136646,51.40936658530014,55.09363005438085,66.8253235409398,2.1577869189807535,2.289036319115507,-0.13124940013475372,2.8171199440712873,2.794206874856802
5,Jesús Luzardo,PHI,19959,11.132463082714333,2.619403078285725,4.25,0.75559704181319,0.303989,0.07152682,0.23246217,0.21234939759036145,1.0802239190366345,0.29439252336448596,0.75956284,66.2911798974612,64.15320377394413,69.6282560809664,2.871268758890122,2.775884864414739,0.09538389447538309,2.935123351613945,3.060470201850361
6,Dylan Cease,TOR,18525,12.727811010005517,4.153846271047826,3.06410256,0.5857988330964882,0.34890511,0.11386861,0.2350365,0.17880794701986755,1.1005917470297657,0.2740112994350282,0.77764977,58.03261630620958,61.16167901525116,70.62401579061628,2.396449771758361,2.556133028053569,-0.15968325629520796,2.9249673093410804,3.1914489486912965
7,Tarik Skubal,2 Tms,22267,10.55042046399855,1.5315126479997896,6.88888889,0.7941176693332243,0.3,0.04354839,0.25645161,0.21428571428571427,0.9642857413332009,0.28865979381443296,0.76589595,65.10634698236721,59.3399473507562,64.76633687315214,2.722689151999626,2.508074750230858,0.21461440176876811,2.702709202094894,2.8489925896519517
8,Drew Rasmussen,TBR,25385,9.104651263754326,1.6744186232191864,5.4375,0.7325581476583941,0.26008969,0.04783259,0.2122571,0.1984126984126984,0.9127907077965703,0.251131221719457,0.76869806,63.942128717442806,67.55191460367212,77.60877278806355,2.6686046807555783,2.8156280175488084,-0.1470233367932301,3.2146224061768907,3.300131153819441
9,Parker Messick,CLE,31986,9.322004023120506,2.3667264100150507,3.93877551,0.8211091626582829,0.2583668,0.06559572,0.19277108,0.21469740634005763,1.0626118575577779,0.2727272727272727,0.81369248,61.9076000143436,75.35851989939275,81.23636769326285,2.559928565934647,3.068311382318251,-0.5083828163836039,3.3650573252342912,3.5095888470471572
10,Reid Detmers,LAA,27468,10.264865129441574,2.335135195323202,4.39583333,0.9243243481487673,0.28513514,0.06486486,0.22027027,0.2096069868995633,1.0378378645880897,0.2735229759299781,0.73356808,81.49199682710416,73.45397115338243,81.31300607654353,3.356756843277102,3.01402525292251,0.34273159035459244,3.368235488531686,3.2879441898524617
11,Yoshinobu Yamamoto,LAD,33825,8.854054190981904,2.043243274841978,4.33333333,0.9729729880199894,0.25706215,0.05932203,0.19774011,0.18057663125948406,0.8702702837289905,0.21663019693654267,0.80714286,60.45677541647967,77.54039372633957,77.874248925849,2.5297297688519724,3.3329441776651807,-0.8032144088132083,3.282279496249267,3.399267615627441
12,Jacob deGrom,TEX,10954,11.120901878407588,2.545082021924125,4.36956522,1.106557400836576,0.3008982,0.06886228,0.23203593,0.22419354838709676,1.1372951064153698,0.2982456140350877,0.69811321,103.38601460190893,74.90146016093598,75.77846396621992,4.204918123178989,3.1128068238697013,1.0921112993092876,3.1387202267275107,3.1564811024434745
13,Chase Burns,CIN,35333,10.788337155260477,3.2656588145653336,3.30357143,0.9913607115644762,0.29365079,0.08888889,0.20476191,0.2164048865619546,1.166306719487619,0.2884097035040431,0.80788804,66.8406803970303,74.17169675749744,81.73485402577245,2.8574514627446668,3.2430603406866707,-0.38560887794200394,3.44481089879355,3.461787170996515
14,Paul Skenes,PIT,33677,10.325048049433638,2.5296367721112416,4.08163265,1.0325048049433638,0.28089888,0.06882022,0.21207865,0.22392638036809817,1.1185468720219776,0.2916666666666667,0.69662921,88.39813848509763,78.99683088446434,80.81533259891744,3.8202677782904466,3.3299572538478204,0.49031052444262624,3.4060990639106636,3.345553740758009
15,Payton Tolle,BOS,35466,10.352018247117387,2.42152473616781,4.275,0.9080717760629288,0.28358209,0.06633499,0.2172471,0.22082585278276481,1.0964125888759806,0.29110512129380056,0.77702703,71.03197671890487,73.57764452515048,85.60371558485878,3.0269059202097623,3.0399736232339887,-0.01306770302422633,3.546169506648509,3.3399406180431703
16,Bryan Woo,SEA,30279,9.104046343147921,2.0289017564729654,4.48717949,0.9364161952952147,0.24647887,0.05492958,0.1915493,0.22926093514328807,1.1040462549468273,0.2851063829787234,0.66168009,103.24119023171814,81.4735466436248,87.8146099720633,4.005780390985085,3.245020413751643,0.7607599772334419,3.637854418242931,3.5917413839430297
17,Zack Wheeler,PHI,10310,10.722222411583484,2.6111111572249937,4.10638298,1.1666666872707419,0.29922481,0.07286822,0.22635659,0.20707070707070707,1.0493827345821487,0.26842105263157895,0.82295989,69.26329783265938,77.38000734951709,71.93518744142852,3.0000000529819073,3.347425326245748,-0.34742527326384076,3.0322451187682016,3.1696606461380195
18,Trevor Rogers,BAL,22286,8.328094567817148,2.0687623448717756,4.02564103,1.0078585782708651,0.22460658,0.05579399,0.16881259,0.2465753424657534,1.18467587270435,0.2972972972972973,0.69334837,99.24996828928232,83.51489274708594,94.70171998103997,4.0314343130834605,3.448252420690705,0.5831818923927554,3.9234601332732604,3.871019780060188
19,Cade Cavalli,WSN,27473,10.609037546745055,2.5461690112188133,4.16666667,0.9548133792070549,0.28328612,0.06798867,0.21529745,0.23052959501557632,1.1552063106455726,0.30660377358490565,0.77087794,70.769471970795,75.92536433722033,74.24019282022398,3.0235757008223407,3.253753395091168,-0.23017769426882717,3.1292858021302914,3.1894221901793434
20,Ranger Suarez,BOS,17277,8.4943823137393,2.7910113316571983,3.04347826,0.6067415938385213,0.22875817,0.0751634,0.15359477,0.23255813953488372,1.1865168946175528,0.293398533007335,0.75147929,75.4630954153325,76.50774580621444,89.0577190579657,3.2157304473441632,3.161185901022036,0.05454454632212746,3.689405658004906,3.934487669879752
21,Braxton Ashcraft,PIT,23793,9.417338890747464,1.905241972116539,4.94285714,1.1975806681875387,0.25937031,0.05247376,0.20689655,0.232,1.088709698352308,0.28604651162790695,0.72983355,84.39295868916248,83.02834713357099,75.35391631493302,3.647177489480232,3.499705297700696,0.14747219177953586,3.1761735404398035,3.31770161935355
22,Gavin Williams,CLE,30122,12.108499429947628,2.978300263011312,4.06557377,1.3670886453166677,0.33243968,0.08176944,0.25067024,0.21207658321060383,1.1121157630552259,0.2878411910669975,0.75669383,90.91708259080511,85.33051804772008,68.85482803665867,3.7594937746208363,3.474833632617748,0.28466014200308853,2.8515997962864943,2.9520345833613466
23,Max Fried,NYY,13743,8.307692635856991,2.6360947786853917,3.15151515,0.31952663984065355,0.23963134,0.07603687,0.16359447,0.19799498746867167,0.9940828795042554,0.25773195876288657,0.72878229,67.39729841785709,62.53678756119434,86.74200754919092,2.7958580986057187,2.6478490018639245,0.1480090967417942,3.5933740220348778,3.7827274821965964
24,Nolan McLean,NYM,33703,9.717996426980388,3.506493556126944,2.77142857,0.8515770064879721,0.25970549,0.09370817,0.16599732,0.21148036253776434,1.168831185375648,0.2727272727272727,0.74552684,76.8482029786726,85.663677692001,87.51086596722705,3.1558442005142493,3.590307666938455,-0.4344634664242055,3.687980893563478,3.8027681853320137
25,Sonny Gray,BOS,12768,7.934911332157647,2.4497041696594075,3.23913043,0.852071015533707,0.2181552,0.06734993,0.15080527,0.23417721518987342,1.1479290070384665,0.2826552462526767,0.83238958,63.73543638326332,84.05240112703602,88.85153057138398,2.715976362013691,3.47329281093418,-0.7573164489204891,3.680855103408792,3.9164471023357663
26,Shane Baz,BAL,22264,7.714286069164803,3.155844301021965,2.44444444,0.751391500243325,0.20026008,0.08192458,0.1183355,0.2557142857142857,1.3469388374732196,0.3088512241054614,0.68722467,101.12526206131068,87.75955560165134,104.05811118298811,4.107606867996843,3.6237028603261283,0.4839040076707146,4.311465958046333,4.4199396599663725
27,Sandy Alcantara,MIA,18684,6.483412410185743,2.4739336828340335,2.62068966,1.0236966963451173,0.1719457,0.06561086,0.10633484,0.2484700122399021,1.2369668414170167,0.2792511700468019,0.73181049,92.49000920889395,97.3351867888284,104.28255939823556,3.9241706693229497,4.091033082083228,-0.16686241276027802,4.394068873512164,4.537100305891742
28,Eduardo Rodriguez,ARI,13164,6.785588945537983,2.9420035987647197,2.30645161,0.9015817480085432,0.18147208,0.0786802,0.10279188,0.2386206896551724,1.2390158525263606,0.27353463587921845,0.80229226,68.81448651705112,94.63797678671811,105.27558402498312,2.894551927816902,3.8913729241018182,-0.9968209962849164,4.435875191736605,4.62078794834845
29,Kevin Gausman,2 Tms,14107,9.320825849494643,2.380863124599175,3.91489362,1.3170732178633733,0.24533333,0.06266667,0.18266667,0.254985754985755,1.272045073662916,0.31097560975609756,0.68730325,109.36925599330655,89.76851374534297,86.10269605797421,4.508442938070778,3.742162796494699,0.7662801415760789,3.581802316525862,3.6664274398502985
30,Logan Webb,SFG,17995,7.5062241406482695,2.2966805206461123,3.26829268,0.7282157748390112,0.2005988,0.06137725,0.13922156,0.23863636363636365,1.1701244929037102,0.2857142857142857,0.65818584,105.81068571574585,84.99280933306322,88.69433957740601,4.313278050969528,3.4552835293802664,0.8579945215892613,3.7378051104305037,3.916629469335686
31,Shohei Ohtani,LAD,19755,9.980544821153224,2.7315175299998296,3.65384615,0.42023346615381996,0.27941176,0.07647059,0.20294118,0.17857142857142858,0.9455252988460949,0.24401913875598086,0.81081081,42.68255548237453,60.7077204715521,76.79695272346628,1.7859922311537348,2.610239364458727,-0.8242471333049923,3.2369253462657936,3.325416597346592
32,Nick Martinez,TBR,12730,5.45000017325084,1.3000000413258883,4.19230769,1.1000000349680594,0.15096953,0.03601108,0.11495845,0.24675324675324675,1.0944444792358974,0.26512455516014233,0.81560284,74.27874452697603,95.00947887335833,107.87330212882331,3.100000098546349,3.9616228801232807,-0.8616227815769317,4.4696804103553935,4.634476648507111
33,Logan Gilbert,SEA,22250,9.919355143865621,2.370967814875197,4.18367347,1.4032258496200145,0.27333333,0.06533333,0.208,0.22046109510086456,1.0860215387863714,0.26956521739130435,0.78384798,96.02541001415106,96.05134467460172,83.41363433913972,3.7258065662324524,3.8263182155795707,-0.10051164934711831,3.4553477077600308,3.405837184066825
34,Sean Burke,CHW,29878,9.800937118385088,3.4145200283406107,2.87037037,1.0117096380268478,0.25662252,0.08940397,0.16721854,0.23105360443622922,1.2576112861583733,0.2945945945945946,0.76690821,90.19624375251219,88.21022185646375,98.09740576015943,3.7306792902240007,3.711752981279404,0.01892630894459657,4.064277873036333,3.8930958247478986
35,MacKenzie Gore,TEX,22201,9.052023420786668,3.693641740665824,2.45070423,0.9884393390514177,0.232,0.09466667,0.13733333,0.23809523809523808,1.3352601597712135,0.29436325678496866,0.70482498,112.55980789147615,93.08232354017322,101.26687667553018,4.578034833501303,3.8692978942337306,0.7087369392675726,4.195714572300963,4.1981970314407935
36,Taj Bradley,MIN,22543,10.345794576944272,3.835514087062267,2.69736842,1.1607476842425282,0.27406417,0.10160428,0.17245989,0.2125748502994012,1.2224299283327107,0.27045454545454545,0.77976818,89.65057270296235,93.2595308676181,91.6798665327289,3.734579505823786,3.823876240513962,-0.08929673469017585,3.7981450717021743,3.830096647328126
37,Dustin May,2 Tms,19716,8.897025448911839,3.089244947538833,2.88,0.8649885853108732,0.23188406,0.0805153,0.15136876,0.25357142857142856,1.3180778442832353,0.31840796019900497,0.67611778,113.67978509395846,87.27294867851435,94.1027167685789,4.695652320259026,3.6291158771059395,1.0665364431530868,3.9654976890854066,3.9939200858520114
38,Michael Soroka,ARI,18383,8.839286015350002,2.250000076634546,3.92857143,0.7232143103468183,0.24070022,0.06126915,0.17943107,0.22274881516587677,1.089285751386566,0.28052805280528054,0.74742268,78.32616924732748,75.82030554506761,87.59137721245476,3.294642969357728,3.1183688851035374,0.17627408425419056,3.6913704154826465,3.7179271048898395
39,Andre Pallante,STL,26108,6.111111255012589,2.77777784318754,2.2,0.6666666823650097,0.16200295,0.0736377,0.08836524,0.2504012841091493,1.2716049682147408,0.2874251497005988,0.71209016,93.0112753864002,90.40132263635245,94.48931290268509,3.833333423598806,3.742487065397082,0.09084635820172382,3.981773379105015,4.295573388545023
40,Michael King,SDP,19853,7.735135294633511,3.405405475624816,2.27142857,0.9729729930356618,0.21003963,0.09247028,0.11756935,0.2195845697329377,1.1783784026765236,0.2585858585858586,0.80295567,79.7975934468489,98.46105096020553,102.88598859275137,3.2108108770176838,4.132944195359358,-0.9221333183416744,4.335273268706006,4.386696037352801
41,Davis Martin,CHW,21448,7.80568750697912,2.8791470312627903,2.71111111,0.8317535868092505,0.20435511,0.07537688,0.12897822,0.26199261992619927,1.329383937891708,0.31695331695331697,0.73266219,97.45237210720175,88.88848114905721,99.36100080996377,4.030805843767906,3.7403221930299146,0.29048365073799154,4.116678657579889,4.233801961081144
42,Jared Jones,PIT,27863,10.888524760395187,2.744262337985779,3.96774194,1.0622950985751403,0.29638554,0.0746988,0.22168675,0.2073490813648294,1.0819672300302354,0.27235772357723576,0.72765073,86.03249860999978,76.35077856557945,80.47869093193178,3.7180328450129907,3.2185445303687548,0.49948831464423593,3.391926456023079,3.283626037239736
43,Noah Cameron,KCR,30184,7.925636155743163,2.90606659043916,2.72727273,1.109589061804043,0.20775623,0.07617729,0.13157895,0.23867069486404835,1.2504892601283657,0.2790224032586558,0.69459173,100.09833214588181,95.38940162558409,101.68588687974159,4.279843524101308,3.998750505955742,0.28109301814556575,4.213090758948601,4.269806620787824
44,Foster Griffin,2 Tms,16432,8.235521356818612,2.345559880106567,3.51111111,1.198841716498912,0.21914008,0.06241331,0.15672677,0.24624624624624625,1.2104247282525247,0.2907216494845361,0.76552463,85.19294050634836,93.45274574681889,89.73835064238584,3.596525149496736,3.957654611405522,-0.3611294619087859,3.764942532414997,3.881631210989405
45,Walbert Ureña,LAA,29357,8.590909239871445,3.9886364327974566,2.15384615,0.6136363742765318,0.2295082,0.10655738,0.12295082,0.20335820895522388,1.186363656934628,0.25647668393782386,0.78698225,72.99653606780859,87.5078809866707,94.36428820159557,3.006818233955006,3.591420841059409,-0.584602607104403,3.9094669714802057,4.137307114801477
46,José Soriano,2 Tms,22100,8.57706791517983,3.704887324308448,2.31506849,0.9135338607883844,0.22684564,0.09798658,0.12885906,0.23378582202111614,1.2857143225910594,0.28781512605042014,0.72710104,94.7730308563103,94.47926821843345,90.06298555912747,3.9078948489280885,3.901263644304545,0.006631204623543496,3.731093660299936,4.040526071280786
47,Kyle Leahy,STL,24763,8.48571440132297,2.6357143216230434,3.2195122,0.9642857274230647,0.22147651,0.06879195,0.15268456,0.2672727272727273,1.3428571611521198,0.32754342431761785,0.78488372,88.90953503053619,86.79567443456716,86.50436886760626,3.664285764207646,3.5933688912099724,0.07091687299767369,3.6456073844829033,3.893733972601813
48,Ryan Weathers,NYY,23796,9.371359700531436,2.4902913889524094,3.76315789,1.1796117105564043,0.25176056,0.06690141,0.18485916,0.24667931688804554,1.2233010331696046,0.30601092896174864,0.75445816,86.88736420943746,85.40534447693922,78.31371778995145,3.6043691155890136,3.617502059227719,-0.013132943638705541,3.2438561952493505,3.498572975671624
49,Joe Ryan,MIN,21390,9.891705179842658,1.9285714501580022,5.12903226,1.3064516275263887,0.25895765,0.0504886,0.20846906,0.24035087719298245,1.161290335579012,0.29743589743589743,0.70580475,91.09934053916191,90.28748319210015,90.66287181355747,3.7949309180528434,3.7018942368487435,0.09303668120409991,3.7559707048672557,3.448048749793092
50,George Kirby,SEA,25436,7.625954434418906,2.4217558001195174,3.14893617,1.13358782133254,0.19973009,0.0634278,0.13630229,0.28509406657018815,1.3969466081067667,0.33589251439539347,0.73080481,111.55207244413664,97.95025909735284,95.55483662371795,4.328244408724244,3.9020384839945255,0.42620592472971897,3.958838541403628,4.144192126935715
51,Landen Roupp,SFG,30076,8.303226164064611,4.354838897236684,1.90666667,0.638709704928047,0.21765601,0.11415525,0.10350076,0.21837088388214904,1.2967742493993681,0.2718676122931442,0.69254984,98.28381238048634,91.66699254453029,99.82466990108774,4.00645178545775,3.726318220204048,0.2801335652537018,4.206391809009186,4.504154738367344
52,Michael Wacha,KCR,14078,7.086378894706588,2.421926964013644,2.92592593,1.3455149800075799,0.19458128,0.06650246,0.12807882,0.2237017310252996,1.1063123168951212,0.24511545293072823,0.78609626,77.62434570098075,104.5050535856068,106.04694651431043,3.3189369506853637,4.381242667052806,-1.0623057163674425,4.393942168842956,4.394115822549758
53,Peter Lambert,HOU,17969,8.903640620606996,3.4111350429598235,2.61016949,0.9828694191579153,0.23192771,0.08885542,0.14307229,0.22934232715008432,1.2526767106914607,0.28199052132701424,0.75873362,93.03553369401878,95.47173602123092,105.27979090947122,3.8158459802601414,3.9099336162388196,-0.0940876359786782,4.362128530789541,4.1747716101295085
54,Shane McClanahan,TBR,21483,8.084746024075072,2.9745763673483756,2.71794872,0.762711889063686,0.21765914,0.08008214,0.137577,0.20945945945945946,1.118644103960073,0.2530487804878049,0.68852459,80.41110674830769,83.92083700733282,97.07978865017456,3.3559323118802187,3.498816839260331,-0.14288452738011248,4.022077695901728,4.148481138006382
55,Logan Henderson,MIL,31475,10.067796740357954,1.738983073334556,5.78947368,1.2813559487728305,0.29649596,0.05121294,0.24528302,0.18233618233618235,0.8440678075249598,0.22026431718061673,0.86956522,59.517598431149544,79.27916760192971,78.3072469499043,2.4711864726333164,3.3242405580905827,-0.8530540854572664,3.300508704968389,3.135957832506492
56,Brandon Pfaadt,ARI,27782,5.8081398086170175,1.6482558916345589,3.52380952,0.7848837579212186,0.15948276,0.04525862,0.11422414,0.24145785876993167,1.107558191733275,0.2704225352112676,0.73504274,80.23656466786187,87.48661415276871,100.656496930862,3.3750001590612397,3.5976047883216222,-0.2226046292603825,4.241411711414157,4.428067668239928
57,Tyler Glasnow,LAD,14374,11.91891907252388,3.040540579725479,3.92,0.8513513623231341,0.34027778,0.08680556,0.25347222,0.1717557251908397,0.9459459581368157,0.24203821656050956,0.68627451,84.2906962768712,63.62861370591577,68.63487968614106,3.527027072481556,2.7356468720711264,0.7913802004104293,2.8933022239600064,2.945455655790525
58,Max Meyer,MIA,27474,9.810810979393125,3.324324381447257,2.95121951,0.8918919072175568,0.26190476,0.08874459,0.17316017,0.20531400966183574,1.1351351546405268,0.2624113475177305,0.79931973,63.06384023260815,83.40106077745178,88.77099006216079,2.6756757216526705,3.5059171540098006,-0.8302414323571301,3.741032094405928,3.7693160836145463
59,Eury Pérez,MIA,27768,9.512658400100849,3.8734177916578303,2.45588235,1.1392405269581853,0.25418569,0.10350076,0.15068493,0.2141623488773748,1.2151898954220643,0.2653061224489796,0.7183908,92.6363545815201,97.86236169431916,98.92500375938465,3.9303798180057394,4.1131699878232375,-0.18279016981749807,4.16851588126006,4.069275940260399
60,Jake Bennett,BOS,31959,7.386018536820628,1.641337452626806,4.5,0.9848024715760837,0.20408163,0.04535147,0.15873016,0.24162679425837322,1.103343509821353,0.28164556962025317,0.71828358,88.58918236348137,84.96018832860837,90.61976862691886,3.7750761410416542,3.510846104794885,0.2642300362467691,3.754183232847212,3.9317553788586808
61,Casey Mize,2 Tms,20492,7.538071467398562,2.604061052374049,2.89473684,1.2335026037561283,0.2003643,0.06921676,0.13114754,0.2421259842519685,1.2258883901526954,0.27631578947368424,0.68443804,105.63558221729687,98.86156871125306,108.91170485140503,4.3172591131464495,4.143659005308489,0.17360010783796032,4.546163604861507,4.427135183501051
62,Gerrit Cole,NYY,13125,9.283464845776441,1.7716535965222215,5.24,1.559055164939555,0.25240848,0.04816956,0.20423892,0.23373983739837398,1.102362237836049,0.2743362831858407,0.80935252,87.12370597161065,92.7113109015343,88.65083943734663,3.6141733369053317,3.9272834200152205,-0.31311008310988875,3.672532521837964,3.539269732728317
63,Griffin Jax,TBR,20253,9.232258263328946,2.438709729935948,3.78571429,1.045161312829692,0.25542169,0.06746988,0.18795181,0.22597402597402597,1.1129032497723572,0.2808988764044944,0.71856287,75.12896871992939,82.26108851119052,79.85830991222518,3.135483938489076,3.4295440067882725,-0.2940600682991965,3.307909816715715,3.533740733395959
64,Christian Scott,NYM,30107,10.963637124053756,3.8454548121681085,2.85106383,0.9818182499152617,0.28270042,0.09915612,0.1835443,0.22248803827751196,1.2727273610012653,0.2977941176470588,0.76399395,93.64096361368325,86.12453570835953,92.3896792313029,3.8454548121681085,3.6096026860386896,0.23585212612941886,3.8933788407862124,3.733004597096987
65,Tyler Mahle,2 Tms,16358,8.275168050060914,2.7785235788525697,2.97826087,1.2080537299358998,0.22312704,0.07491857,0.14820847,0.24424778761061947,1.2348993683789198,0.28921568627450983,0.74213836,97.2842844288134,97.61221367325282,91.33935572437801,3.9865773087884695,3.9931292198685986,-0.006551911080129091,3.849160240777339,4.010970419938137
66,Janson Junk,MIA,23301,6.5298915412593965,2.421195740017529,2.6969697,1.100543518189786,0.17115385,0.06346154,0.10769231,0.2629399585921325,1.3043478734101166,0.2955145118733509,0.70629371,100.29768062532622,98.59631965924073,106.19041768608575,4.255434937000506,4.143990040366277,0.11144489663422874,4.474389671768938,4.543088372426121
67,Framber Valdez,DET,17295,6.982758776168481,3.465517318542876,2.01492537,0.8275862253236718,0.17810026,0.0883905,0.08970976,0.2511078286558346,1.36206899584521,0.29277566539923955,0.71741032,96.5085345469056,98.89060278540634,99.78088374078139,4.0344828484529,4.140741649857521,-0.1062588014046213,4.134091035853054,4.349904324642197
68,Will Warren,NYY,30182,9.04017899480023,3.1339287181974136,2.88461538,1.2656250592720324,0.23076923,0.08,0.15076923,0.2609427609427609,1.3861607792027022,0.31678486997635935,0.70484581,98.79206110918723,95.48068864336165,91.3309630687186,4.098214477642771,4.0447082144284305,0.0535062632143406,3.7836761837091943,3.9696083913166387
69,Blake Snell,LAD,13543,11.601562672876755,3.37500005029142,3.4375,0.0,0.31791908,0.09248555,0.22543353,0.1987179487179487,1.1015625164145606,0.3069306930693069,0.79166667,45.36983068435252,39.91937600984157,72.650651018144,1.8984375282889236,1.7176992210326716,0.18073830725625206,3.0623661219744664,3.2201268711879902
70,Freddy Peralta,2 Tms,18679,8.307692682737663,3.355029737259441,2.47619048,1.2248521263010657,0.21369863,0.08630137,0.12739726,0.24430955993930198,1.3254438468185445,0.2875,0.70570571,107.21905511010935,102.3864990831694,104.38622617053178,4.420118542738629,4.28394374772617,0.136174795012459,4.372930102683225,4.319050254504555
71,Michael McGreevy,STL,29869,6.136363832975443,2.5612649041984454,2.39583333,1.1205533955868199,0.16381766,0.06837607,0.0954416,0.2572741194486983,1.2806324520992227,0.28433268858800775,0.73560768,95.80848760972185,102.11660506378655,102.05360561742671,3.9486167273059367,4.226993991169907,-0.27837726386397055,4.300229961003753,4.619517140590247
72,Connor Prielipp,MIN,31857,9.102857341283686,3.3171429294508346,2.74418605,1.0028571647176943,0.23694779,0.08634538,0.15060241,0.24498886414253898,1.3114286000154463,0.3050314465408805,0.60369318,122.22246079988625,92.34219732067841,96.71773816881588,5.091428682412909,3.7862260422998553,1.3052026401130536,4.0070636063241345,4.019721783746537
73,Keider Montero,DET,22630,5.663414818572551,2.107317141794437,2.6875,1.1195122315782948,0.15551537,0.05786618,0.09764919,0.22093023255813954,1.0682927177152355,0.23486682808716708,0.72327044,88.21568201777075,102.00444763197456,118.97153653074459,3.6878049981402654,4.271243487079538,-0.5834384889392723,4.929919780396456,4.836150358914424
74,Hunter Brown,HOU,25880,10.397515928279413,4.611801419801352,2.25454545,0.9223602839602704,0.27494457,0.12195122,0.15299335,0.2066326530612245,1.2670807941272402,0.2723735408560311,0.78651685,77.68720953653117,92.0903572059086,85.36345391961366,3.186335526408207,3.7713192208820168,-0.5849836944738098,3.5362059508744226,3.881123744513675
75,Bubba Chandler,PIT,29868,8.051569799407579,4.721973265817979,1.70512821,0.9080717818880729,0.20336391,0.11926606,0.08409786,0.23725834797891038,1.4327354780900705,0.2850356294536817,0.67336683,107.86212212863579,102.9421211051349,114.01378700315081,4.661435147025441,4.338179948063409,0.32325519896203136,4.803753373782828,4.866468730168236
76,Seth Lugo,KCR,12447,6.998065931838268,2.8201161217855706,2.48148148,1.2011605703901505,0.17842876,0.07190413,0.10652463,0.29069767441860467,1.4738878496574794,0.3333333333333333,0.67590988,120.92257210053657,104.40650362004666,108.37909583711483,5.170212889940213,4.377107516932064,0.7931053730081494,4.490655474428155,4.554154956864894
77,Andrew Alvarez,WSN,29914,9.000000499015659,4.290697912321418,2.09756098,0.627907011559232,0.23756906,0.11325967,0.12430939,0.219435736677116,1.2906977459828657,0.28193832599118945,0.77437859,78.3825105137973,81.85307492717303,89.2024507497692,3.3488373949825707,3.5074885083895375,-0.1586511134069668,3.759196581289371,4.196537925243469
78,Shota Imanaga,CHC,33829,8.982791799936045,1.9101338884921475,4.7027027,1.8068834080331126,0.24645892,0.05240793,0.19405099,0.2326283987915408,1.095602320426427,0.26269315673289184,0.82550336,91.7920125290447,107.91249439395527,88.76592978918852,3.768642536754778,4.471448676622037,-0.7028061398672594,3.7408190570083817,3.6011196928093367
79,Carlos Rodón,NYY,16137,9.711462706841928,4.055336075384542,2.39473684,0.7470355928339945,0.26764706,0.11176471,0.15588235,0.17,1.0553359962258018,0.21782178217821782,0.75123153,64.31475597535552,81.32251180622033,95.55105290033626,2.667984260121409,3.444385268498277,-0.776401008376868,3.9586816318986986,4.033873950930966
80,Justin Wrobleski,LAD,31204,7.503896234010161,1.9636363976849018,3.82142857,1.402597426917787,0.20380952,0.05333333,0.15047619,0.23373983739837398,1.1142857336069085,0.2602739726027397,0.8,85.47597559296861,98.44280854456224,96.70355633368669,3.576623438640357,4.230381891099734,-0.6537584524593769,4.074992986161508,4.057259174636436
81,Clay Holmes,2 Tms,13649,6.927631926668665,3.7302633451292815,1.85714286,0.5328947635898973,0.18615752,0.10023866,0.08591885,0.21066666666666667,1.1940790073032885,0.2508591065292096,0.73298429,80.03378612303416,87.22106809166448,92.35040132214698,3.2861843754710334,3.6334065052280815,-0.34722212975704814,3.8917252415449326,4.245697235314191
82,Emerson Hancock,SEA,27470,8.177884821609197,2.076923129297574,3.9375,1.2980769558109837,0.22261484,0.0565371,0.16607774,0.23908918406072105,1.1394231056563078,0.2782152230971129,0.79562044,92.00236691399627,100.4559442357117,94.17691290773715,3.569711628480205,4.001954072062478,-0.43224244358227315,3.90169659250968,3.8431936264778916
83,J.T. Ginn,ATH,27889,8.017766691531426,3.7690356242241743,2.12727273,1.0964467270470326,0.21195652,0.09963768,0.11231884,0.22131147540983606,1.2411167813101827,0.2591549295774648,0.75534759,80.9942021960947,99.34534329527317,103.18330981070747,3.6319797833432954,4.36447116309518,-0.7324913797518846,4.275188292797182,4.419415587725833
84,David Peterson,2 Tms,20302,8.58739292559661,4.2550145126830055,2.01818182,0.851002902536601,0.21183206,0.10496183,0.10687023,0.27194860813704497,1.5644699824410242,0.336231884057971,0.68208778,122.46769748060923,93.59596376190163,90.8879855201876,5.028653514989006,3.8913427217732064,1.1373107932158,3.8301575636179415,4.296747754039179
85,Gage Jump,ATH,35418,9.85135179570857,4.195946135209206,2.34782609,1.0945946439676189,0.24713959,0.10526316,0.14187643,0.268733850129199,1.5202703388439152,0.3445692883895131,0.67055394,122.04888959302868,91.34456824065796,97.84014196088506,5.472973219838094,4.012673944944533,1.4602992748935613,4.05360924552096,4.1517327047436545
86,Nathan Eovaldi,TEX,9132,9.197080420014881,2.2335766734321854,4.11764706,1.576642357716837,0.2443281,0.05933682,0.18499127,0.24812030075187969,1.2116788489860875,0.29347826086956524,0.76757532,101.75757487660162,101.79676114698479,81.50419864013845,4.138686189006696,4.231898618703506,-0.09321242969680998,3.3761641681611443,3.5033953132105418
87,Matthew Boyd,CHC,15440,6.821052871239161,2.771052728940909,2.46153846,1.0657895111311189,0.18461538,0.075,0.10961538,0.24050632911392406,1.2078947792819348,0.2727272727272727,0.72661871,95.18375164305803,101.68608273604542,102.50146659313091,3.907894874147436,4.2136696754862415,-0.3057748013388055,4.319084899709474,4.481312362753338
88,Joey Cantillo,CLE,23335,9.625000318719291,4.8125001593596455,2.0,1.0625000351832985,0.24290221,0.1214511,0.1214511,0.2536231884057971,1.5069444943449397,0.3228346456692913,0.72149344,96.73332746569038,103.23362448522204,101.64057827328487,4.000000132454771,4.204678444867886,-0.2046783124131153,4.21121182904517,4.387220548680247
89,Troy Melton,DET,31807,7.399417238793431,2.9125365727165633,2.54054054,1.023323660684198,0.2,0.0787234,0.1212766,0.215962441314554,1.1282799335748848,0.2476489028213166,0.80645161,65.9045737217164,97.65243925948522,102.21331206603617,2.7551021633805326,4.088849978025486,-1.3337478146449535,4.234962871817474,4.336963749238707
90,Brandon Young,BAL,27819,7.640425841977783,3.5042554613582313,2.18032787,1.2638298385226407,0.19880419,0.09118087,0.10762332,0.24834437086092714,1.3468085652943294,0.28507795100222716,0.78175896,87.68562504528481,108.30297951455043,107.15295589316155,3.5617022722001694,4.472852222862263,-0.9111499506620939,4.4398079382390145,4.529350592175126
91,Kyle Harrison,MIL,27758,10.896142926593313,2.804154429637985,3.88571429,1.6023739597931344,0.28041237,0.07216495,0.20824742,0.25225225225225223,1.3086054004977263,0.3194444444444444,0.768,94.55180933634159,97.52996347549005,80.36040202870642,3.925816201493179,4.088642350177283,-0.16282614868410406,3.38694649540835,3.3975293238185498
92,Tanner Bibee,CLE,30134,7.085106598623963,2.6329788035426893,2.69090909,1.388297914595236,0.18974359,0.07051282,0.11923077,0.24373259052924792,1.223404292555189,0.2698706099815157,0.72301426,105.35185502964656,110.9862411772648,107.806352393475,4.356383111316085,4.520724550821816,-0.16434143950573077,4.466904031437338,4.462080144020886
93,Cal Quantrill,TEX,19312,7.160869624601196,1.408695663855973,5.08333333,1.1739130532133106,0.20265781,0.03986711,0.1627907,0.20905923344947736,0.9391304425706486,0.23148148148148148,0.83333333,60.61212034615521,90.27976422338688,94.33328553881327,2.4652174117479526,3.752685660090023,-1.2874682483420705,3.9081813033755517,3.9186558975495016
94,Walker Buehler,SDP,19374,7.672451558115965,3.3383949527680152,2.29824561,1.2885033151034444,0.20122888,0.0875576,0.11367128,0.2555366269165247,1.3470716476081466,0.29493087557603687,0.72598253,114.99130937368584,107.36027600472424,100.07683226995341,4.62689826787146,4.506151721751032,0.12074654612042757,4.217007840025007,4.357145790130552
95,Kyle Bradish,BAL,24586,8.245161543974154,4.0645162540717665,2.02857143,1.161290358306219,0.2122571,0.10463378,0.10762332,0.26174496644295303,1.458064560984475,0.31336405529953915,0.72636816,101.49390492654959,105.53830830063634,102.56150450694422,4.122580771987077,4.358576296469921,-0.23599552448284378,4.249402273964975,4.489948667017389
96,Martín Pérez,ATL,6902,6.17336699688743,4.206030261615611,1.46774194,0.8140703732159248,0.16134752,0.10992908,0.05141844,0.22845691382765532,1.326633200796322,0.25757575757575757,0.7891492,74.3485036388685,105.36762619072006,111.5663471554917,3.1206030973277117,4.374381121948288,-1.2537780246205767,4.7007162019439654,5.1340408302045955
97,Ben Brown,CHC,23590,8.71653549852548,2.3385826947263486,3.72727273,0.2125984267933044,0.25,0.06707317,0.18292683,0.17880794701986755,0.8976378020161742,0.23853211009174313,0.82901554,41.425711811172505,57.68173315795653,83.31530185368653,1.7007874143464352,2.3918503189938356,-0.6910629046474004,3.511347722806976,3.6409681630266864
98,Rhett Lowder,CIN,33876,7.124010840907068,3.6332455288626044,1.96078431,1.2110818429542016,0.17513135,0.08931699,0.08581436,0.27626459143968873,1.5277045469945156,0.3148614609571788,0.63926941,139.97995762836942,105.70712737970726,113.80731334188307,5.984169106361937,4.6203007210316915,1.3638683853302451,4.7950608365028655,4.807562068646392
99,Anthony Kay,CHW,20387,7.629139361948911,3.158940517056971,2.41509434,1.1920530253045174,0.18906942,0.07828656,0.11078287,0.2570951585976628,1.3708609791001949,0.29711751662971175,0.73529412,108.07553082695105,111.11825457895665,109.9212020485148,4.47019884489194,4.676670741763045,-0.206471896871105,4.554606006158523,4.4336807992761464
100,Andrew Abbott,CIN,29911,7.102409842571863,4.120482046072226,1.72368421,1.4096385947089194,0.17969822,0.1042524,0.07544582,0.25267993874425726,1.4518072706190153,0.28024193548387094,0.73313783,107.79915574151333,112.84054712393598,117.3001713038462,4.608433867317621,4.931837095448062,-0.32340322813044065,4.942110091412953,4.9902964943271675
101,Robert Gasser,MIL,29812,8.394231154103974,2.855769361705476,2.93939394,1.298076982593398,0.22095672,0.07517084,0.14578588,0.22474747474747475,1.1730769768621818,0.2605633802816901,0.75675676,95.8753368111933,103.7823374292874,103.53896497481276,3.9807694132864206,4.350511798950345,-0.36974238566392437,4.362763562185344,4.172159318072542
102,Nick Pivetta,SDP,15454,10.903846353821503,2.07692311501362,5.25,0.519230778753405,0.3,0.05714286,0.24285714,0.20610687022900764,1.0096154031316207,0.28735632183908044,0.75301205,70.97382093272606,52.51929325299079,82.08783311087039,2.855769283143727,2.2062809560073195,0.6494883271364076,3.4596713116782825,3.1754796575145825
103,Emmet Sheehan,LAD,29839,10.345794945786107,2.6915889289850035,3.84375,1.7663552346464086,0.27092511,0.07048458,0.20044053,0.23671497584541062,1.2149533360001752,0.2851851851851852,0.73664825,114.57884992812946,104.12497296746916,90.49756869041067,4.794392779754538,4.474343590807614,0.3200491889469239,3.813721022382012,3.5306276864449573
104,Kumar Rocker,TEX,31843,8.21739162503183,4.005115245813833,2.05172414,1.2429668004249828,0.20695652,0.10086957,0.10608696,0.253411306042885,1.442455299258622,0.2978723404255319,0.75539568,110.35820570247907,108.1663297366833,107.69596299775995,4.488491223756882,4.496931233473658,-0.008440009716776053,4.462326227067455,4.542956773717259
105,Randy Vásquez,SDP,24719,5.461538639607833,2.46153854179508,2.21875,1.0000000326042513,0.14822547,0.06680585,0.08141962,0.2420814479638009,1.188034226769153,0.26256983240223464,0.75516693,91.76413342399638,101.96760789740263,115.69260672003682,3.69230781269262,4.279998959581659,-0.5876911468890396,4.874431652483204,4.940807394259291
106,Jack Flaherty,DET,17479,10.633205142193013,4.378378587961829,2.42857143,1.1467182016090505,0.2622108,0.10796915,0.15424165,0.23529411764705882,1.413127480770749,0.3039647577092511,0.6778169,109.72220959421387,97.8385707695596,107.8543295396695,4.586872806436202,4.096650785460187,0.49022202097601486,4.468893624623179,4.139443903799692
107,Aaron Nola,PHI,16149,9.085551594362196,3.028517198120732,3.0,1.899239598821476,0.23790323,0.07930108,0.15860215,0.2591508052708638,1.3460076436092143,0.29850746268656714,0.77873255,107.84532617625206,112.58296835121597,91.70741652816243,4.671102797101468,4.8685726294299485,-0.1974698323284807,3.864655593736864,3.9353780764694144
108,Trey Yesavage,TOR,35456,8.938566960214144,4.33105821783572,2.06382979,1.105802098170822,0.24189526,0.11720698,0.12468828,0.18181818181818182,1.1365188231200114,0.2139917695473251,0.74844075,89.26063550341398,100.83254100983893,110.22203781357418,3.68600699390274,4.216552748125402,-0.5305457542226617,4.567081545778842,4.4828085967420375
109,Hayden Wesneski,HOU,27581,6.7868853520078405,2.9508197182642784,2.3,0.5901639436528556,0.18699187,0.08130081,0.10569106,0.21875,1.1311475586679733,0.25862068965517243,0.67278287,79.1395139159466,86.12408836830316,100.38956527901976,3.2459016900907063,3.5267412564985796,-0.28083956640787333,4.159332817344526,4.4658763962483725
110,Bailey Ober,MIN,21224,6.53906264615944,2.6015625581494546,2.51351351,1.4765625330037444,0.16878403,0.06715064,0.10163339,0.2578125,1.3203125295112847,0.27889447236180903,0.72033898,109.71279138006527,114.46616162926605,118.7447247421041,4.570312602154448,4.694261777261273,-0.12394917510682557,4.920513985659977,4.801963675847917
111,Brandon Woodruff,MIL,16162,9.33088281095855,1.985294215097564,4.7,0.992647107548782,0.27011494,0.05747126,0.21264368,0.17177914110429449,0.838235335263416,0.2072072072072072,0.71875,71.72259874177898,76.04413523430004,92.22409834685025,2.977941322646346,3.1887470400869637,-0.2108057174406177,3.8864078886457962,3.635541273369348
112,Bryce Elder,ATL,27779,7.308725019332707,2.9597316193991956,2.46938776,1.4496644666445038,0.19115324,0.07740916,0.11374408,0.24096385542168675,1.268456408313941,0.26605504587155965,0.74494949,97.8585692520895,111.22373941544095,99.31952936880649,4.107382655492761,4.617290303960674,-0.5099076484679133,4.18512540204224,4.41978375443893
113,Matthew Liberatore,STL,22294,8.941935868992658,3.193548524640235,2.8,1.6258065216350288,0.22848665,0.08160237,0.14688427,0.28175895765472314,1.4709678052888355,0.33564814814814814,0.70691434,126.79798238495646,111.69418815962506,96.51335979169741,5.225806676684021,4.623092452375751,0.6027142243082704,4.066985715298916,4.093992925111895
114,Shane Drohan,MIL,27814,9.000000365236987,3.5425533352528564,2.54054054,1.244680901575328,0.23095823,0.09090909,0.14004914,0.27123287671232876,1.4468085693525181,0.3333333333333333,0.70032573,122.2166636723933,101.11534612370411,98.33031110358466,5.074468291037876,4.238809660172885,0.8356586308649909,4.143479331566885,4.1663070987941495
115,Patrick Sandoval,BOS,19447,9.324742634753301,4.3144331593634675,2.16129032,0.974226842436912,0.22711864,0.10508475,0.1220339,0.29770992366412213,1.685567076597197,0.3776595744680851,0.6916996,120.84223616731879,95.97463485121698,105.71979555391316,5.149484738595107,3.966491157137661,1.182993581457446,4.380375348530031,4.402985012126219
116,Yusei Kikuchi,LAA,20633,8.911330258583911,3.9901478769778707,2.23333333,0.9310345046281698,0.21967213,0.09836066,0.12131148,0.27205882352941174,1.5369458489099945,0.3383838383838384,0.70987654,119.47156072106786,95.7026612756241,101.12325377910574,4.92118238160604,3.9280979679743346,0.9930844136317054,4.189758587864159,4.339933640930498
117,Gabriel Hughes,COL,31614,8.114754352092879,3.393442729057022,2.39130435,1.0327869175390938,0.20220588,0.08455882,0.11764706,0.2682926829268293,1.4590164390631641,0.32065217391304346,0.55961071,140.4331288009728,92.66333207411166,101.66167684837224,6.639344469894174,4.067724886635113,2.5716195832590607,4.283729767152498,4.400350153947145
118,Andrew Painter,PHI,30091,8.10000024277824,3.317142956566327,2.44186047,1.5428571891006173,0.20628684,0.08447937,0.12180747,0.2668112798264642,1.4228571855039025,0.30654761904761907,0.70629371,124.67393763377068,110.14830501000536,102.84667174393174,5.4000001618521605,4.7633689343355154,0.636631227516645,4.333618030105609,4.356944243930959
119,Mitch Keller,PIT,17594,6.925072198369187,3.268011599230403,2.11904762,1.167146999725144,0.17693837,0.08349901,0.09343936,0.2582781456953642,1.3746397996762807,0.2922636103151863,0.64383562,122.43131827272184,107.83784802989686,109.3532286913425,5.291066398753986,4.544315807964844,0.7467505907891425,4.6075439559709315,4.720138226669695
120,Bryce Miller,SEA,29837,9.105572280421574,3.008797797008868,3.02631579,1.5835777878994044,0.24625268,0.08137045,0.16488223,0.2224824355971897,1.1700880321701155,0.2568493150684932,0.71962617,108.15613068560117,110.94371840231989,96.68321656125391,4.1964811379334215,4.420159898221021,-0.2236787602875996,4.005632008977949,3.926174403815948
121,Roki Sasaki,LAD,35323,8.824022581431388,3.620111828279544,2.4375,1.659217921294791,0.22896282,0.09393346,0.13502936,0.2423580786026201,1.3324022701306655,0.27899686520376177,0.75825826,109.9465059408776,113.3092725677949,97.3955025103748,4.6005587817719205,4.868668213321016,-0.26810943154909594,4.1041239072662075,4.193314653128887
122,Anthony Molina,SFG,26952,10.216216479539007,1.8243243713462514,5.6,0.7297297485385005,0.27722772,0.04950495,0.22772277,0.22916666666666666,1.0945946228077508,0.30303030303030304,0.53719008,107.40768969811498,61.28205510960566,82.05333739773965,4.378378491231003,2.4924036178561004,1.8859748733749027,3.4582190428002737,3.3428246054188357
123,Carmen Mlodzinski,PIT,27572,7.566879440531119,3.4394906547868724,2.2,0.8598726636967181,0.18032787,0.08196721,0.09836066,0.32286995515695066,1.7579618902244014,0.3850574712643678,0.6744186,135.29830919480287,91.70036796835602,101.26995273156709,5.847134113137684,3.8648429982574886,1.9822911148801952,4.267238189157116,4.560720850304197
124,Grant Holmes,ATL,16944,6.890951489568743,3.696055798950508,1.86440678,1.3155452843722146,0.17973856,0.09640523,0.08333333,0.24,1.3294663984925554,0.2649164677804296,0.82017011,85.07364881185137,114.7626984831638,107.62518053987573,3.5707657718674395,4.76408487901892,-1.1933191071514808,4.5347931610948855,4.787931996802149
125,Kris Bubic,KCR,21455,9.119205528390784,4.649006739963929,1.96153846,0.7152318061482968,0.24637681,0.12560386,0.12077295,0.2,1.2317881105887334,0.256,0.69686411,96.18638749694621,88.66048960598279,100.23926431215284,4.112582885352706,3.7164057969325506,0.39617708842015587,4.1530998959804375,4.413729881564456
126,Kyle Freeland,COL,16256,7.182266279784941,1.928571501053364,3.72413793,1.928571501053364,0.17618271,0.04730832,0.12887439,0.30675909878682844,1.5221675448926932,0.33636363636363636,0.63225058,140.6637259599035,115.93141079167712,102.82973081593755,6.650246555356427,5.088196545405827,1.5620500099505996,4.332904817353715,4.312848750825271
127,Quinn Mathews,STL,33851,8.391892108192756,3.6486487426925027,2.3,0.9121621856731257,0.21800948,0.09478673,0.12322275,0.25263157894736843,1.3783784139060564,0.30935251798561153,0.77419355,92.95662737055186,92.52320741418139,98.12154565936181,3.8310811798271276,3.8302414901766846,0.0008396896504430096,4.1346903102673505,4.34201682758696
128,David Sandlin,CHW,31743,8.526315960659549,2.2736842561758794,3.75,0.8526315960659548,0.24,0.064,0.176,0.2222222222222222,1.0736842320830542,0.27380952380952384,0.5033557,109.94125382135196,75.94793373093263,83.08418948339028,4.547368512351759,3.195248585645512,1.352119926706247,3.441685760518481,3.659430867553559
129,Jake Irvin,WSN,21504,9.124138171074655,3.910344930460566,2.33333333,1.4896552116040254,0.23004695,0.09859155,0.1314554,0.24266666666666667,1.3758621051620512,0.28735632183908044,0.66889632,126.3917945207034,112.22155030881171,107.50943856965516,5.400000142064592,4.807408338267797,0.592591803796795,4.52992042631205,4.295643194266118
130,Connelly Early,2 Tms,33666,8.936620048411532,3.232394485595661,2.76470588,1.4260563907039678,0.235,0.085,0.15,0.22969187675070027,1.2253521579382243,0.2701612903225806,0.86538462,78.08515241874122,109.70061542003234,99.76279253013332,3.3274649116425916,4.5371315130140335,-1.2096666013714419,4.1359274135578605,4.028771165053557
131,Ian Seymour,TBR,27932,11.805194951406639,1.753246774961382,6.73333333,2.337662366615176,0.3136646,0.04658385,0.26708075,0.24013157894736842,1.142857157011864,0.2896174863387978,0.80952381,106.42367044535229,109.2279207703057,72.48062599854309,4.441558496568835,4.5550572141987375,-0.11349871762990293,3.00196019681876,2.840088231024321
132,Randy Dobnak,KCR,23798,6.262886844237292,3.0618557905160095,2.04545455,0.835051579231639,0.16071429,0.07857143,0.08214286,0.27165354330708663,1.4072165501866507,0.3103448275862069,0.76212471,87.8870254012163,98.30598939822923,103.59941483812759,3.757732106542375,4.121130338476854,-0.3633982319344784,4.292444002917849,4.610375607715939
133,Ryan Gusto,MIA,26440,7.436441098674578,3.203390011736741,2.32142857,1.2584746474680055,0.18309859,0.07887324,0.10422535,0.2826086956521739,1.5127119499867945,0.3252032520325203,0.79189687,97.07361922035862,107.65172126030761,109.78408769562444,4.118644300804381,4.524240635743402,-0.4055963349390206,4.625683111997577,4.592049424370861
134,Slade Cecconi,CLE,27500,7.043478594642715,2.9347827477677977,2.4,1.3416149704081362,0.17758985,0.07399577,0.10359408,0.2827586206896552,1.472049759197816,0.3194029850746269,0.70707071,115.58431140891534,111.34364029048113,106.14274097387502,4.779503332078985,4.535294418324662,0.2442089137543224,4.397914727010928,4.5414428501369795
135,Zebby Matthews,MIN,31827,8.010230315790425,2.6930946751364364,2.97435897,1.6572890308531916,0.21284404,0.07155963,0.1412844,0.24900398406374502,1.2583120419440899,0.27900552486187846,0.68452381,117.6946499467886,114.70567955421811,96.30464418507248,4.902813382940692,4.704092331676689,0.19872105126400275,3.989932762988107,4.102340940500146
136,Luis Severino,ATH,15890,9.335106619751368,4.452127772496806,2.09677419,1.2925532242732662,0.2398524,0.11439114,0.12546126,0.25630252100840334,1.4680851436190185,0.3170731707317073,0.74938575,92.87833755167887,101.81020733496902,100.11039559593316,4.164893722658302,4.472852201977701,-0.30795847931939857,4.14775576153319,4.322600291486272
137,Zac Thornton,NYM,33891,6.723320259476013,1.9209486455645752,3.5,1.4940711687724475,0.18694362,0.05341246,0.13353116,0.2468354430379747,1.138339938112341,0.26778242677824265,0.83123426,83.15940813098305,107.66807462321158,98.76209249270286,3.4150198143370227,4.51157895658994,-1.096559142252917,4.161657319977896,4.283918267006856
138,Jonah Tong,NYM,32157,11.758064877850467,3.0483871905538247,3.85714286,0.4354838843648321,0.31034483,0.08045977,0.22988506,0.20512820512820512,1.1129032600434599,0.3,0.63559322,95.44051173610042,57.7849528522871,78.96531081826652,3.919354959283489,2.423092365959556,1.4962625933239329,3.3282131815258977,3.166480336991267
139,Chris Bassitt,BAL,12304,6.2836367340844745,3.6327274868925867,1.72972973,0.9818182397006991,0.15347722,0.08872902,0.0647482,0.2956989247311828,1.6036364581778086,0.33557046979865773,0.75177305,116.0227411944829,111.259479857187,118.7987630845589,4.712727550563356,4.595057284293691,0.11767026626966448,4.922754934245922,4.995915564863181
140,Hunter Greene,CIN,22182,10.734940005726182,2.9277109106525954,3.66666667,1.3012048491789312,0.27272727,0.07438017,0.19834711,0.25892857142857145,1.3734940074666495,0.3333333333333333,0.49382716,159.79639465173827,81.66677312558154,85.44155486019328,6.831325458189389,3.5703912705083534,3.260934187681036,3.600862934636954,3.608472062654792
141,Robbie Ray,2 Tms,11486,7.456067138992838,4.6317992833137325,1.6097561,1.2426778564988064,0.19440353,0.12076583,0.0736377,0.2319327731092437,1.3807531738875625,0.26303854875283444,0.77405858,91.88953335741803,117.4182438510815,118.35875354706899,3.728033569496419,4.820177058207239,-1.0921434887108203,4.986676384065596,5.0738391476446765
142,Trevor McDonald,SFG,26448,7.293839192224981,2.943128095108326,2.47826087,0.8957346376416644,0.18387097,0.07419355,0.10967742,0.2509090909090909,1.3080569311592558,0.2938388625592417,0.64755839,125.56349434497058,104.96613318678092,98.05131792571254,5.118483643666654,4.266388571584477,0.8520950720821769,4.131733723993413,4.095786996822481
143,Kade Anderson,SEA,37238,8.07476671498587,2.271028138589776,3.55555556,1.0093458393732337,0.21917808,0.06164384,0.15753425,0.25547445255474455,1.2336449147895079,0.3069306930693069,0.75520833,97.5522142141503,88.39638664742891,87.61004456201671,3.7850468976496265,3.521072508043698,0.26397438960592856,3.6293711719856945,3.919462775690528
144,Sean Manaea,NYM,15873,8.275542064439291,2.256966017574352,3.66666667,1.6718266796847054,0.21475054,0.05856833,0.15618221,0.25355450236966826,1.2445820837652806,0.2871287128712871,0.70338983,113.99018139519627,113.67442651692355,101.65273263554855,4.681114703117175,4.763050495324641,-0.0819357922074655,4.2833532159598064,3.999468400515927
145,Lake Bachar,2 Tms,19222,10.080001153564584,5.040000576782292,2.0,0.3600000411987352,0.26666667,0.13333333,0.13333333,0.19101123595505617,1.2400001419067546,0.26666666666666666,0.85443038,50.290434312881786,78.35117838041808,97.5145807276616,2.160000247192411,3.30051176452637,-1.1405115173339588,4.109137097988169,4.294752417867789
146,Jacob Lopez,ATH,25098,8.162791014491331,4.238372257524345,1.92592593,1.8052326282048137,0.2035225,0.10567515,0.09784736,0.25165562913907286,1.4651163359343415,0.2791411042944785,0.71530758,120.77163301158276,123.15880331276527,127.08074431379114,5.415697884614441,5.411558342963186,0.004139541651254852,5.266205404437278,4.913646589000864
147,Chad Patrick,MIL,30113,6.988235607741215,4.764706096187192,1.46666667,0.31764707307914614,0.18333333,0.125,0.05833333,0.23809523809523808,1.4117647692406494,0.2926829268292683,0.80310881,68.8536945024137,85.73495016248079,123.75844252886539,2.8588236577123154,3.594629410872411,-0.7358057531600957,5.2140031892681495,5.331454142456923
148,Mick Abel,MIN,27756,10.058823529411764,3.176470588235294,3.16666667,0.0,0.26027397,0.08219178,0.17808219,0.21875,1.1764705882352942,0.3111111111111111,0.82608696,50.83524699640739,59.86965918615087,95.66131912098128,2.1176470588235294,2.453452918108772,-0.33580585928524265,3.963254328247379,3.6990485341006156
149,Colin Rea,CHC,12317,6.705298309686725,3.307947166112118,2.02702703,1.341059661937345,0.17201835,0.08486239,0.08715596,0.25699745547073793,1.3708609877581748,0.2838283828382838,0.74796748,108.87966873146392,116.54853915184356,113.48886051207603,4.470198873124484,4.828988639246318,-0.3587897661218342,4.781653978320515,4.786063993721228
150,Dean Kremer,2 Tms,19350,8.568265803266938,2.889298933659781,2.96551724,1.7933579588233126,0.23626374,0.07967033,0.15659341,0.2215568862275449,1.140221418264205,0.24347826086956523,0.68527919,113.99885961760606,116.20515588197786,98.51046429588216,4.682656892483094,4.7831685918921565,-0.10051169940906224,4.0814072463570295,4.0448400921138505
151,Stephen Kolek,KCR,21487,5.666666866820543,2.0000000706425443,2.83333333,1.333333380428363,0.15178571,0.05357143,0.09821429,0.2619047619047619,1.2407407845652823,0.27976190476190477,0.67474048,105.24742505889981,108.40671766526559,101.676694767291,4.500000158945725,4.544956237102244,-0.044956078156518586,4.212709565698361,4.5187025808428665
152,Jack Leiter,TEX,30146,9.337500445246718,3.93750018775464,2.37142857,1.575000075101856,0.23380282,0.09859155,0.13521127,0.25316455696202533,1.4375000685453447,0.3013698630136986,0.69416499,130.0033822919691,114.56108441073707,102.86597282070906,5.28750025212766,4.763011820912365,0.5244884312152944,4.26202845393648,4.2394257753595905
153,Joe Boyle,TBR,29608,9.191489734710114,3.4468086505162927,2.66666667,0.5744681084193821,0.24242424,0.09090909,0.15151515,0.18333333333333332,1.0851064270143884,0.23255813953488372,0.38461538,123.88287631270998,72.84827570036401,97.46206420227178,5.170212975774439,3.036681951813808,2.1335310239606313,4.037930511125099,4.03529440783196
154,Patrick Corbin,TOR,9323,6.782609070631888,3.130434955676256,2.16666667,1.173913108378596,0.16720257,0.07717042,0.09003215,0.29537366548042704,1.550724723413701,0.33636363636363636,0.73705179,123.18614635375486,109.83298669357654,112.17590556755148,5.086956802973916,4.5932654473541765,0.4936913556197391,4.648107665039611,4.746951435448783
155,Jackson Jobe,DET,30203,9.978261283304848,3.1304349124093642,3.1875,1.369565274179097,0.2642487,0.08290155,0.18134715,0.21965317919075145,1.1739130921535115,0.26956521739130435,0.76763485,93.60359717694358,99.48681878222622,86.87295557972303,3.913043640511705,4.165729177110815,-0.25268553659910964,3.598804384820312,3.6099575018294665
156,Robert Stock,NYM,6576,8.70000027656556,4.500000143051152,1.93333333,0.600000019073487,0.2,0.10344828,0.09655173,0.29365079365079366,1.733333388434518,0.3684210526315789,0.65789474,146.10646256064618,93.86900673558371,116.9951065808485,6.00000019073487,3.933845101462471,2.0661550892723985,4.929266872277026,4.6986150492165155
157,Reynaldo López,ATL,16400,8.47674451504869,3.7674420066883068,2.25,1.4127907525081151,0.21428571,0.0952381,0.11904762,0.2687224669603524,1.482558197076417,0.3170731707317073,0.69482289,119.67929147343548,109.97825398478014,105.54681051591936,5.023256008917742,4.5656280775725255,0.4576279313452165,4.447293821935249,4.441475714349847
158,Spencer Miles,TOR,31621,7.7727272727272725,2.0454545454545454,3.8,0.8181818181818182,0.19791667,0.05208333,0.14583333,0.2857142857142857,1.4090909090909092,0.34285714285714286,0.60283688,138.69208717817855,77.42602199565141,84.39950252184276,5.7272727272727275,3.23687537800182,2.4903973492709075,3.496231269497763,3.7970763924685795
159,Michael Lorenzen,COL,14843,6.436046868482128,3.845930445800296,1.67346939,1.4912791524531759,0.14695341,0.08781362,0.05913979,0.3333333333333333,1.8924419653937963,0.369727047146402,0.61412487,151.07448000429386,119.32750962170459,116.92777393654707,7.142442256486264,5.237139767082793,1.9053024894034714,4.926432169210519,5.024021617204387
160,Drew Anderson,DET,15130,8.361290888473755,4.006451884060342,2.08695652,1.219354921235756,0.22857143,0.10952381,0.11904762,0.21081081081081082,1.2000000812161409,0.24615384615384617,0.88560886,62.50304878576566,106.39734216536343,100.28890170553568,2.6129034026480484,4.455350543011246,-1.8424471403631975,4.1551583389573725,4.340437540729322
161,Jackson Kent,WSN,35462,7.51546421308475,6.402062107442565,1.17391304,0.5567010528210926,0.17880795,0.15231788,0.02649007,0.265625,1.7628866672667933,0.32323232323232326,0.60885609,149.84594390830728,101.96909753378023,118.95957368773354,6.402062107442565,4.368553028619561,2.0335090788230037,5.011970900757034,5.502784510521978
162,Sean Newcomb,CHW,16943,10.968750653788486,3.375000201165688,3.25,0.0,0.34210526,0.10526316,0.23684211,0.11764705882352941,0.7500000447034862,0.19047619047619047,0.875,20.39925688646104,42.53883838297246,56.86019728722889,0.843750050291422,1.7880116634070828,-0.9442616131156608,2.3541872259557537,2.919668337031607
163,Tomoyuki Sugano,COL,35321,5.598272322727552,2.099352121022832,2.66666667,1.9244061109375958,0.14634146,0.05487805,0.09146342,0.2706645056726094,1.3153348165667744,0.27459016393442626,0.69461827,113.478865394047,122.90978856670806,112.43777255923086,5.3650109759472375,5.394248318311278,-0.02923734236404041,4.737403195152686,4.845127558669747
164,Tim Mayza,PHI,15042,9.310345468637395,1.862069093727479,5.0,0.0,0.25,0.05,0.2,0.2631578947368421,1.2413793958183192,0.35714285714285715,0.66666667,85.98202929739371,38.14929552605752,76.25476884506803,3.724138187454958,1.6522357798501446,2.0719024076048136,3.214099415119737,3.457514277553558
165,Kendry Rojas,MIN,29423,10.216216479539007,5.1081082397695035,2.0,0.0,0.28571429,0.14285714,0.14285714,0.12195121951219512,0.972972998051334,0.18518518518518517,0.76923077,52.55265534407299,67.73296905569295,105.41172408499229,2.1891892456155015,2.776187408954406,-0.5869981633389045,4.367599747146156,4.311388645748719
166,Cody Bradford,TEX,27597,4.1896553446364955,2.0948276723182477,2.0,1.1637931512879154,0.10588235,0.05294118,0.05294118,0.30625,1.5000000616599798,0.32116788321167883,0.75,114.45638864586512,111.2772441186403,128.5511199847809,4.6551726051516615,4.626373873326784,0.028798731824877244,5.32718129916364,5.466224488862386
167,Jack Perkins,ATH,31468,10.512295369578453,3.983606666366572,2.63888889,2.1024590739156905,0.25815217,0.09782609,0.16032609,0.2796352583586626,1.573770534860868,0.3395348837209302,0.64176245,150.5269611600438,119.25385110804153,96.18645400162211,6.750000184676692,5.239856062464677,1.510144122212015,3.985031463050991,3.9569146961540986
168,Mitch Bratt,ARI,30003,6.136363769365739,5.522727392429165,1.11111111,1.0227272948942898,0.15463918,0.13917526,0.01546392,0.24096385542168675,1.5227273057314983,0.26717557251908397,0.73770492,111.8449054779043,124.62598558852427,142.75147427297398,4.704545556513733,5.12323905820689,-0.41869350169315656,6.013609470677055,6.045202925671939
169,Ryan Feltner,COL,21446,6.4365327167861155,3.9287926972590577,1.63829787,1.6718266796847054,0.15975104,0.09751037,0.06224066,0.2764976958525346,1.5510836417074767,0.29673590504451036,0.63571429,129.0709439231048,123.55380947949304,119.31498010906795,6.102167380849174,5.422493241200275,0.679674139648899,5.026933504451951,5.101954775844488
170,Max Scherzer,TOR,3137,7.228346673810663,3.7204725526966653,1.94285714,1.5944882368699993,0.18681319,0.09615385,0.09065934,0.23853211009174313,1.3346457093800734,0.2581967213114754,0.64893617,139.00410954731976,122.14027796182,125.35801320603721,5.740157652731997,5.108385817696702,0.6317718350352957,5.194764430038184,5.01038061929179
171,Riley Cornelio,WSN,31953,14.086957689945196,4.695652563315065,3.0,0.0,0.42857143,0.14285714,0.28571429,0.08333333333333333,0.7826087605525108,0.16666666666666666,1.0,0.0,35.77905382066835,64.44427941325256,0.0,1.5352942205331621,-1.5352942205331621,2.7168780308021705,2.8613217960897823
172,Garrett Crochet,BOS,27463,11.100000352859508,3.300000104904178,3.36363636,1.5000000476837174,0.26811594,0.07971014,0.1884058,0.2682926829268293,1.4666667132907458,0.345679012345679,0.6097561,147.84122115159022,104.04901701927261,90.38144225499813,6.3000002002716124,4.3005117797851575,1.999488420486455,3.7442999329181736,3.6076484545737273
173,Kyle Hart,SDP,19646,8.307692917141027,2.076923229285257,4.0,0.0,0.24242424,0.06060606,0.18181818,0.16129032258064516,0.8076923669442666,0.21739130434782608,0.85714286,25.808663577339164,46.32869907504944,87.52899632066769,1.0384616146426284,1.9466655031463744,-0.908203888503746,3.6887441811044357,3.611191566329867
174,Casey Legumina,TBR,25921,5.225807576968687,1.7419358589895622,3.0,0.0,0.15384615,0.05128205,0.1025641,0.19444444444444445,0.8709679294947811,0.23333333333333334,0.8,41.73832404487251,67.42160034577125,96.04264741998595,1.7419358589895622,2.810189098473257,-1.0682532394836948,3.979067861261455,4.000505652292173
175,Brandon Sproat,MIL,33850,9.475472141413915,4.279245483219188,2.21428571,1.6301887555120713,0.2434555,0.10994764,0.13350785,0.24169184290030213,1.3811321400866161,0.2882882882882883,0.72744015,125.14916823339139,121.23878906215,100.40992256439351,5.196226658194727,5.081643909795215,0.11458274839951255,4.231030935194806,4.226409067216972
176,Hunter Dobbins,STL,30240,8.55000020384789,4.725000112652781,1.80952381,1.1250000268220908,0.21965318,0.12138728,0.0982659,0.22666666666666666,1.3750000327825553,0.27102803738317754,0.76,92.80907698896493,109.93920164686729,106.15879173345448,3.8250000911951085,4.550511776208879,-0.7255116850137702,4.473058219754314,4.662893452030806
177,Cade Povich,BAL,30055,7.468085409451968,3.4468086505162927,2.16666667,1.4361702710484554,0.19117647,0.08823529,0.10294118,0.2926829268292683,1.5319149557850191,0.33695652173913043,0.78571429,113.14274199391588,115.25201722003328,113.6537804281632,4.595744867355057,4.760086277071954,-0.16434140971689715,4.709394548179304,4.60221045552823
178,Brady Basso,ATH,25582,6.480000617981016,2.70000025749209,2.4,1.080000102996836,0.14285714,0.05952381,0.08333333,0.35443037974683544,1.9800001888275327,0.4,0.62913907,168.59020796471916,93.79707976573624,109.89331982871182,7.560000720977852,4.120511838912973,3.439488882064879,4.55344974158411,4.7409139288455915
179,Brad Lord,WSN,31972,10.02857366586268,6.171429948223188,1.625,0.0,0.24528302,0.1509434,0.09433962,0.16279069767441862,1.2857145725464973,0.23333333333333334,0.82352941,54.167922596793304,80.35512647518904,112.43970958959684,2.3142862305836953,3.4433689609839164,-1.1290827304002211,4.737484744094889,4.742004786007508
180,Ryan Yarbrough,NYY,16502,10.800002059936917,1.8000003433228193,6.0,0.0,0.27272727,0.04545455,0.22727273,0.2857142857142857,1.4000002670288596,0.4,1.0,0.0,30.760817344340175,96.98518342748,0.0,1.3005113983153644,-1.3005113983153644,4.018154454914134,3.7391474928154596
181,Blade Tidwell,SFG,31701,7.253731756280458,3.626865878140229,2.0,1.410447841498978,0.19148936,0.09574468,0.09574468,0.21818181818181817,1.2089552927134097,0.23770491803278687,0.69105691,118.62939231838534,124.77120773503698,118.52881738755657,4.835821170853639,5.070661107541518,-0.23483993668787928,4.993836068571287,4.745584700191793
182,Aaron Civale,ATH,19479,6.718894215914553,2.7373272731503735,2.45454545,1.9907834713820898,0.16513761,0.06727829,0.09785933,0.30363036303630364,1.5760369148441544,0.3261802575107296,0.79059829,113.76231204739248,124.67877283332571,122.75172722639658,5.101382645416605,5.478391999122346,-0.3770093537057413,5.08668278624005,4.978675639876487
183,Tatsuya Imai,HOU,37124,11.045455411422973,6.136364117457207,1.8,1.3806819264278716,0.27169811,0.1509434,0.12075472,0.22624434389140272,1.5340910293643018,0.29285714285714287,0.68796069,142.13228675468199,119.38655432525532,105.29780844158623,5.829545911584347,4.8902846092298695,0.9392613023544776,4.36287571068591,4.508449050032546
184,Grant Taylor,CHW,33927,9.0,0.0,5.0,0.0,0.3125,0.0,0.3125,0.0625,0.2,0.09090909090909091,1.0,0.0,26.21695961819635,77.59939989031605,0.0,1.1005117416381838,-1.1005117416381838,3.2142337158322336,2.8659377150535588
185,José Suarez,2 Tms,19911,14.400002746582555,5.400001029968458,2.66666667,0.0,0.36363636,0.13636364,0.22727273,0.2631578947368421,1.6000003051758394,0.45454545454545453,0.5,171.54034383943602,40.91593658327813,62.09588841026544,7.200001373291277,1.7005114746093242,5.499489898681953,2.606392493475581,3.3356350947304922
186,Tyler Phillips,MIA,20629,6.800000288221583,3.5000001483493444,1.94285714,1.5000000635782904,0.18085106,0.09308511,0.08776596,0.23893805309734514,1.2888889435191238,0.2578125,0.80412371,91.92032701927525,118.72918264423579,102.42248685675122,3.900000165303555,4.989400710588623,-1.0894005452850681,4.315759854284179,4.630330987283364
187,Grayson Rodriguez,LAA,24492,7.753378728103967,3.922297474217301,1.97674419,1.4594595252901585,0.19144144,0.09684685,0.0945946,0.2817258883248731,1.560810881213086,0.3242320819112628,0.64935065,146.15412756960296,121.93697112890418,111.29646790852313,6.020270541821904,5.0059172329892245,1.0143533088326793,4.6116377348215645,4.679899629905201
188,Jack Dreyer,LAD,30249,13.5,2.25,6.0,0.0,0.4,0.06666667,0.33333333,0.21428571428571427,1.0,0.375,0.5,107.54330076038958,19.721525899328704,55.9748010917084,4.5,0.8505117416381838,3.6494882583618162,2.360313151776791,2.363656354557559
189,Gordon Graceffo,STL,29519,12.0,0.0,4.0,0.0,0.44444444,0.0,0.44444444,0.0,0.0,0.0,1.0,0.0,10.399008309729789,46.07772623035557,0.0,0.4338450749715177,-0.4338450749715177,1.9436464851101245,1.3141175988707683
190,Mason Montgomery,PIT,29770,14.4,5.4,2.66666667,0.0,0.38095238,0.14285714,0.23809524,0.16666666666666666,1.2,0.3,1.0,0.0,40.297497976683395,76.16483380886818,0.0,1.7005117416381839,-1.7005117416381839,3.210313151776791,3.2862571739456943
191,Noah Schultz,CHW,32056,8.204420325839678,4.624309638200546,1.77419355,1.3425415078646747,0.20220588,0.11397059,0.08823529,0.25213675213675213,1.4917127865163051,0.29411764705882354,0.62796209,155.07943257195035,121.3117965129516,122.92055032549658,6.414364982020112,5.106036710176772,1.3083282718433402,5.093683813066868,4.870230670797061
192,Chris Paddack,2 Tms,20099,6.8048783653481815,2.85365866933956,2.38461538,1.536585437336686,0.16062176,0.06735751,0.09326425,0.3258426966292135,1.7317073976334083,0.36428571428571427,0.60126582,180.73044800019477,115.22033516372072,113.56524771161503,7.682927186683431,4.905389874382863,2.777537312300568,4.784869877993276,4.745979349729024
193,Jack Kochanowicz,LAA,27688,6.60937529853983,5.062500228668807,1.30555556,0.984375044463379,0.15878378,0.12162162,0.03716216,0.2549019607843137,1.57812507128256,0.2885572139303483,0.61330561,150.2139644559889,121.19689820072796,120.4846090425615,6.187500279484096,4.975511826330334,1.2119884531537624,4.992666296143547,5.105731297976786
194,Ryan Johnson,LAA,35325,7.20000021683543,3.789473798334437,1.9,1.5157895193337747,0.18491484,0.0973236,0.08759124,0.2410958904109589,1.347368461630022,0.26373626373626374,0.72580645,110.39648130680108,125.26426903521596,124.19002898349616,4.547368558001324,5.142617066296186,-0.595248508294862,5.146328588504044,4.924425343405893
195,Bradgley Rodriguez,SDP,29107,9.0,0.0,4.0,0.0,0.30769231,0.0,0.30769231,0.07692307692307693,0.25,0.1111111111111111,1.0,0.0,26.151955002571377,61.9130460085201,0.0,1.1005117416381838,-1.1005117416381838,2.610313151776791,2.434007294755298
196,Coleman Crow,MIL,27926,5.40000020599366,2.70000010299683,2.0,1.080000041198732,0.13157895,0.06578947,0.06578947,0.2857142857142857,1.5000000572204613,0.3103448275862069,0.56034483,143.06267539194312,108.31876213214417,126.65152783844773,5.9400002265930265,4.5405117965698265,1.3994884300232,5.335802026723968,5.185914879130512
197,Griffin Canning,SDP,19867,9.119205873957114,4.649006916135,1.96153846,1.6092716248159613,0.23076923,0.11764706,0.11312217,0.27835051546391754,1.5894040738923074,0.3358208955223881,0.62865497,168.8672804918043,119.32212194297793,102.12130771082289,6.794702415889614,5.0077966303089525,1.7869057855806618,4.303080217870244,4.470467268547735
198,Mason Adams,COL,31663,9.620689971551894,3.724138053503959,2.58333333,1.8620690267519795,0.25,0.09677419,0.15322581,0.27927927927927926,1.4827586694506503,0.33783783783783783,0.75842697,85.33599334810789,113.85345967841197,90.58043582192408,4.034482891295956,4.99706352814483,-0.9625806368488741,3.8172097270697725,3.994290994399434
199,Wandy Peralta,SDP,14295,7.2,1.8,4.0,0.0,0.21052632,0.05263158,0.15789474,0.2777777777777778,1.2,0.35714285714285715,0.83333333,44.73501358564661,49.99720038269578,78.49356923644632,1.8,2.1005117416381838,-0.3005117416381837,3.3083528697490694,3.896877487829816
200,Alec Gamboa,BOS,26227,5.7857150739554095,1.9285716913184698,3.0,0.0,0.15,0.05,0.1,0.2631578947368421,1.28571446087898,0.3125,0.5,135.7725642186255,59.50106740524669,121.76794799845932,5.7857150739554095,2.457654511198694,3.3280605627567157,5.045885852626271,4.865223027553559
201,Adrian Houser,SFG,12718,6.719457506511126,3.1764708212598047,2.11538462,1.4660634559660637,0.16768293,0.07926829,0.08841463,0.2751677852348993,1.4660634559660637,0.30303030303030304,0.68277311,125.87598622419868,121.71784246364358,109.46114602142296,5.131222095881223,4.946665723225079,0.18455637265614389,4.612087273550126,4.747077826853862
202,PJ Poulin,WSN,23394,6.600000865459555,2.4000003147125657,2.75,1.2000001573562828,0.18965517,0.06896552,0.12068966,0.20754716981132076,1.0000001311302358,0.225,0.98484848,42.13060258978032,101.93698780049134,103.11592300061659,1.8000002360344243,4.367178574403149,-2.5671783383687248,4.344953502979192,4.373789986224543
203,Braydon Fisher,TOR,24609,8.735295097720774,7.94117736156434,1.1,0.0,0.24444444,0.22222222,0.02222222,0.08571428571428572,1.1470589522259602,0.125,0.92307692,19.230417606669928,91.0330041805853,120.7905670143746,0.794117736156434,3.806394173777236,-3.012276437620802,5.005354251642299,6.035685991686149
204,Jacob Latz,TEX,21306,6.75,2.25,3.0,0.0,0.21428571,0.07142857,0.14285714,0.0,0.25,0.0,1.0,0.0,56.58110809379725,111.3827026877741,0.0,2.3505117416381838,-2.3505117416381838,4.615213856846094,4.346944249095905
205,Aaron Ashby,MIL,23550,15.428573530547759,0.0,4.0,0.0,0.4,0.0,0.4,0.3,1.28571446087898,0.5,0.33333333,185.79570055231142,-7.922871242031191,38.22657944098969,7.714286765273879,-0.32806015403909594,8.042346919312976,1.6131133520315868,1.5990430275535588
206,Tyler Alexander,TEX,17735,7.5,3.0,2.5,0.0,0.22727273,0.09090909,0.13636364,0.10526315789473684,0.6666666666666666,0.14285714285714285,0.8,36.88039038097156,70.6004456026788,95.10971075185533,1.5,2.9338450749715177,-1.4338450749715177,3.9403793483972556,3.907829301578869
207,Carson Palmquist,WSN,31612,10.968751665117704,5.062500768515863,2.16666667,0.8437501280859773,0.23636364,0.10909091,0.12727273,0.3617021276595745,2.156250327330831,0.48484848484848486,0.50847458,256.73336483952954,96.43722899094593,102.72393344586249,10.968751665117704,4.131761898187712,6.836989766929992,4.328450750051121,4.326065840501003
208,Jakob Junis,TEX,13619,6.750001609325793,0.0,2.0,0.0,0.2,0.0,0.2,0.2,0.750000178813977,0.25,0.5,82.98089814137384,38.55623698745186,106.9499581608421,3.3750008046628963,1.6005113840102299,1.7744894206526665,4.431389702954105,4.428023027553559
209,Tanner Gordon,COL,27669,6.506024245894656,2.6024096983578624,2.5,1.951807273768397,0.14869888,0.05947955,0.08921933,0.3705179282868526,1.9698795633403263,0.40703517587939697,0.6581741,168.576152010932,124.17893317557436,122.6702442678576,7.969879701220954,5.449909385989032,2.519970315231922,5.168190062820342,4.884652598699691
210,Shane Bieber,TOR,19427,7.113772909571793,3.8802397688573413,1.83333333,1.6167665703572256,0.18181818,0.09917355,0.08264463,0.25229357798165136,1.4191617673135648,0.27439024390243905,0.78461538,105.70971562929599,123.09668335806265,111.74583520547513,4.365269739964509,5.14841606409067,-0.7831463241261609,4.630272818040789,4.81121360683031
211,Javier Assad,CHC,21741,6.0352945916463305,2.8588237539377355,2.11111111,1.5882354188542975,0.16740088,0.07929515,0.08810573,0.23923444976076555,1.2000000942454692,0.2484472049689441,0.85185185,85.10547575111433,120.8336062922607,102.30680856526541,3.4941179214794547,5.0063942442633405,-1.5122763227838858,4.310889800374889,4.6763846273618785
212,Wilber Dotel,PIT,28901,6.75,2.25,3.0,0.0,0.15,0.05,0.1,0.3684210526315789,2.0,0.4375,0.5,208.25326718900806,55.734998771629485,91.6042705925786,9.0,2.3505117416381838,6.649488258361816,3.860313151776791,4.054415527553559
213,Matt Wilkinson,SFG,33760,6.352941354665794,1.9852941733330607,3.2,1.9852941733330607,0.17204301,0.05376344,0.11827957,0.22727272727272727,1.102941207407256,0.22388059701492538,0.61111111,107.14443580037268,128.4033148253207,123.77484867752342,4.3676471813327336,5.2181588598601145,-0.850511678527381,5.214693887819989,5.113657916065783
214,Luis Castillo,2 Tms,15689,7.691860763655293,2.8255815050162303,2.72222222,1.8837210033441534,0.18955513,0.0696325,0.11992263,0.28210526315789475,1.482558197076417,0.311614730878187,0.68117978,140.8686830280848,128.7964682446342,110.93737574443088,5.57267463489312,5.210976939829319,0.36169769506380156,4.59674632548533,4.473252694172906
215,Cody Bolton,HOU,23265,10.565218267458896,8.217391985801363,1.28571429,0.0,0.23684211,0.18421053,0.05263158,0.26666666666666666,1.9565219013812771,0.38095238095238093,0.75,114.4864191399889,94.81765319251913,126.97053209453028,4.695652563315065,3.8831205021906947,0.81253206112437,5.261634947504538,5.4551392580104725
216,Chase Dollander,COL,33482,7.902439392017243,5.268292928011496,1.5,1.317073232002874,0.20338983,0.13559322,0.06779661,0.2549019607843137,1.536585437336686,0.2972972972972973,0.87912088,69.64569908553084,113.98769836364859,112.91776641280987,3.2926830800071847,5.002950854531224,-1.710267774524039,4.7576109274163105,5.046056255437778
217,George Klassen,LAA,33464,8.000000282570177,7.000000247248906,1.14285714,0.6666666902141815,0.192,0.168,0.024,0.22330097087378642,1.6296296871902214,0.2727272727272727,0.75829384,89.01568176397076,115.22453971184979,124.6437145797004,3.666666796177998,4.730141428828405,-1.0634746326504074,5.1651427498771,5.600351443553558
218,Hagen Smith,CHW,35205,13.5,0.0,3.0,0.0,0.375,0.0,0.375,0.25,1.0,0.4,1.0,0.0,2.4760423497538606,2.514957790250812,0.0,0.10051174163818377,-0.10051174163818377,0.10051174163818377,1.4110705275535584
219,Luinder Avila,KCR,24452,7.838710072298595,5.748387386352303,1.36363636,1.2193549001353372,0.19396552,0.14224138,0.05172414,0.2639593908629442,1.6451613731984707,0.3103448275862069,0.66062176,146.66738164488856,122.87691442044945,119.90958810419963,6.270968057838877,5.152124748215101,1.1188433096237755,4.968820406351719,5.238761407438465
220,Cionel Pérez,NYM,19614,13.5,0.0,3.0,0.0,0.375,0.0,0.375,0.25,1.0,0.4,1.0,0.0,2.310537730070459,38.1600663412733,0.0,0.10051174163818377,-0.10051174163818377,1.6103131517767908,1.8097892775535585
221,Kent Emanuel,CIN,15849,7.2,5.4,1.33333333,0.0,0.17391304,0.13043478,0.04347826,0.2631578947368421,1.6,0.3333333333333333,0.77777778,84.21016159559899,89.22572315555233,142.7663019554523,3.6,3.9005117416381836,-0.3005117416381835,6.014233715832233,5.494641058107266
222,Yohan Ramírez,PIT,19444,18.0,4.5,4.0,0.0,0.5,0.125,0.375,0.14285714285714285,1.0,0.3333333333333333,1.0,0.0,14.172496631389992,32.10541507659526,0.0,0.6005117416381838,-0.6005117416381838,1.3554124467074873,2.0649142775535583
223,Steven Matz,TBR,13361,7.276595892329843,3.2553192149896666,2.23529412,1.723404290288647,0.19191919,0.08585859,0.10606061,0.24444444444444444,1.297872366760586,0.2631578947368421,0.68825911,128.47112838415805,122.80656573005325,109.27261322610487,5.361702236453568,5.121788378396474,0.2399138580570943,4.5277092854522145,4.63758193630364
224,Justin Hagenman,NYM,21546,6.0,3.0,2.0,0.0,0.16666667,0.08333333,0.08333333,0.18181818181818182,1.0,0.2222222222222222,0.66666667,73.05322895802342,66.00338529374463,137.36362765053428,3.0,2.7671784083048507,0.23282159169514927,5.786781228582065,5.750716365565558
225,Mitch Spence,KCR,27707,2.25,2.25,1.0,0.0,0.05,0.05,0.0,0.3684210526315789,2.0,0.3888888888888889,0.25,315.74226402428104,79.94040798983077,117.29303892572744,13.5,3.3505117416381838,10.149488258361817,4.860313151776791,5.314600527553559
226,Cole Sulser,TBR,15256,4.5,2.25,2.0,0.0,0.125,0.0625,0.0625,0.3333333333333333,1.5,0.38461538461538464,0.83333333,53.911990281569764,68.38771424591333,132.54158287572758,2.25,2.8505117416381838,-0.6005117416381838,5.492664209380746,5.5834767775535585
227,Andrew Morris,MIN,31891,4.5,2.25,2.0,0.0,0.1,0.05,0.05,0.3684210526315789,2.0,0.4117647058823529,0.625,162.03734980104855,69.5438547072641,105.23601477226237,6.75,2.8505117416381838,3.8994882583618162,4.360313151776791,4.661643027553559
228,Mason Fluharty,TOR,31553,8.30769485975942,8.30769485975942,1.0,0.0,0.19047619,0.19047619,0.0,0.23529411764705882,1.8461544132798713,0.3076923076923077,0.875,50.29494816323038,96.2222366505522,155.92824196786364,2.076923714939855,4.023588948278119,-1.9466652333382641,6.4624996677187365,6.301327468827114
229,Lance McCullers Jr.,HOU,14120,9.83898336892155,5.033898467820328,1.95454545,1.6016949670337408,0.25,0.12790698,0.12209302,0.25675675675675674,1.525423778127372,0.3163265306122449,0.57471264,167.36361273176473,123.48121578594613,100.52179888328563,6.864407001573174,5.058138923568311,1.8062680780048632,4.164816492361792,4.395003691040289
230,Elmer Rodríguez,NYY,31811,7.087500422447945,5.400000321865101,1.3125,0.6750000402331376,0.168,0.128,0.04,0.25,1.5750000938773212,0.2962962962962963,0.70135747,130.17307041826066,114.7797802582969,133.4399929945857,5.400000321865101,4.863011846691377,0.5369884751737244,5.52992091996799,5.328712275553558
231,Brady Singer,CIN,25377,7.222930155679076,3.5541402353341485,2.03225806,1.8343949601724636,0.1737931,0.08551724,0.08827586,0.29012345679012347,1.592356736260819,0.3183673469387755,0.71752952,136.77447043993146,128.51617076244818,112.86609959862525,5.847133935549728,5.616435384930278,0.23069855061944988,4.7554357555048945,4.742034165130088
232,Cody Ponce,TOR,17920,11.571430147910819,3.8571433826369397,3.0,0.0,0.3,0.1,0.2,0.1111111111111111,0.8571429739193199,0.16666666666666666,0.5,93.40488776377121,43.449634423720404,90.66287379000832,3.8571433826369397,1.8147972807592039,2.042346101877736,3.7559707868298866,3.507063027553558
233,Brandon Williamson,CIN,25463,6.16535465478884,5.314960909300725,1.16,1.275590618232174,0.15508021,0.13368984,0.02139037,0.25157232704402516,1.5354331515757649,0.27419354838709675,0.70469799,129.299073813435,127.15993511326276,137.27932111214616,5.527559345672754,5.557204784159407,-0.029645438486653575,5.783231924891782,5.742173315940505
234,Cesar Perdomo,SFG,30334,4.35483904460469,2.6129034267628137,1.66666667,1.3064517133814069,0.11235955,0.06741573,0.04494382,0.2891566265060241,1.4516130148682298,0.3,0.81395349,96.14721101714643,120.34300709212097,116.37511568682292,3.9193551401442206,4.890834459975666,-0.9714793198314458,4.903165267227428,5.308637355525685
235,Spencer Arrighetti,2 Tms,29921,8.751724281832667,5.120689739370177,1.70909091,1.3965517471009574,0.21860465,0.12790698,0.09069768,0.21944444444444444,1.386206919344654,0.2549800796812749,0.71875,122.44091795558926,130.12415436247312,124.41066580403755,5.027586289563446,5.34533936475602,-0.3177530751925737,5.155478309767478,4.837434321783245
236,Tyler Holton,DET,26231,7.363637760158678,2.4545459200528925,3.0,0.0,0.1875,0.0625,0.125,0.2857142857142857,1.363636622251607,0.36363636363636365,0.83333333,58.71499238452055,74.07015115111713,104.6450008368577,2.4545459200528925,3.1005117416381838,-0.6459658215852913,4.335804038753458,3.7773908400535583
237,Edward Cabrera,CHC,21690,7.934210924560694,3.7894738744170477,2.09375,1.7763158786329911,0.20364742,0.09726444,0.10638298,0.2635135135135135,1.4473684937009557,0.29439252336448596,0.64444444,138.44909538376217,125.64946285470025,100.36762301022739,5.684210811625571,5.20577500520321,0.47843580642236105,4.229250124755076,4.515293044001176
238,Jimmy Herget,COL,17556,9.0,3.0,3.0,0.0,0.25,0.08333333,0.16666667,0.1,0.6666666666666666,0.14285714285714285,0.66666667,63.454967325958556,70.60961661712099,121.37309940854801,3.0,3.100511741638184,-0.10051174163818422,5.11358028848966,4.088827466786615
239,Spencer Strider,ATL,27498,10.615384874964613,4.615384728245484,2.3,2.076923127710468,0.27878788,0.12121212,0.15757576,0.22916666666666666,1.3589743922056148,0.2696629213483146,0.72463768,126.45600167482847,129.05496025446465,103.71062808564663,5.307692437482307,5.356922053224865,-0.049229615742558686,4.369990575942721,4.159823198481005
240,Zach Pop,PHI,20185,4.5,0.0,1.0,0.0,0.11111111,0.0,0.11111111,0.3333333333333333,1.5,0.375,0.66666667,103.89494491413829,48.523465843284505,85.6660256757669,4.5,2.1005117416381838,2.3994882583618162,3.610313151776791,3.6098336478133857
241,Tyler Samaniego,BOS,30081,18.0,0.0,2.0,0.0,0.22222222,0.0,0.22222222,0.6666666666666666,6.0,0.8571428571428571,0.33333333,844.8069511533964,-21.65216648583277,51.215757759227934,36.0,-0.8994882583618162,36.899488258361814,2.120114561915398,3.5348830299764473
242,Trevor Williams,TEX,16977,18.0,0.0,2.0,0.0,0.66666667,0.0,0.66666667,0.0,0.0,0.0,1.0,0.0,-21.526629455685647,-21.599090516679343,0.0,-0.8994882583618162,0.8994882583618162,-0.8994882583618162,0.06243858532466984
243,Erik Miller,BOS,26252,18.0,0.0,2.0,0.0,0.4,0.0,0.4,0.4,2.0,0.6666666666666666,0.5,0.0,-21.65216648583277,-21.599090516679343,0.0,-0.8994882583618162,0.8994882583618162,-0.8994882583618162,0.7174430275535586
244,Richard Lovelady,WSN,19337,7.269231302498399,5.192308073213143,1.4,1.0384616146426284,0.18918919,0.13513514,0.05405405,0.21875,1.3846154861901714,0.25,0.94339623,48.612230949078,110.08366788952391,109.40109930363894,2.076923229285257,4.715896475526717,-2.6389732462414606,4.6095593078538135,5.2386324800876185
245,Jordan Wicks,CHC,30094,8.526316217438357,1.4210527029063929,6.0,1.4210527029063929,0.17647059,0.02941176,0.14705882,0.40625,2.210526426743278,0.48,0.29411765,380.735012305346,101.49539311666709,96.3536263279291,15.631579731970321,4.205774955009823,11.425804776960497,4.060260939460012,3.9288069007210327
246,Kirby Yates,PIT,9073,5.400002059937309,0.0,1.0,0.0,0.16666667,0.0,0.16666667,0.3333333333333333,1.2000004577638466,0.4,1.0,0.0,45.04748734939027,109.60526925102887,0.0,1.9005112838743372,-1.9005112838743372,4.618154858822582,4.387077478831114
247,Adam Macko,TOR,25590,5.400002059937309,0.0,1.0,0.0,0.14285714,0.0,0.14285714,0.42857142857142855,1.8000006866457698,0.5,1.0,0.0,45.49751927324329,67.76469651995902,0.0,1.9005112838743372,-1.9005112838743372,2.806392475523752,4.312678956982211
248,Brenan Hanifee,DET,22304,5.400002253056512,0.0,1.0,0.0,0.125,0.0,0.125,0.375,1.8000007510188376,0.42857142857142855,0.66666667,129.1730126433221,45.43748624416724,133.29808705729258,5.400002253056512,1.9005112409589588,3.4994910120975535,5.524036137144016,5.266945527553559
249,Will Dion,WSN,30061,3.0,3.0,1.0,0.0,0.11111111,0.11111111,0.0,0.25,1.0,0.2857142857142857,1.0,0.0,80.13263129413455,93.42847710102735,0.0,3.4338450749715177,-3.4338450749715177,3.9371122116843864,4.440512659203262
250,Ray Kerr,ATL,23809,0.0,3.0,0.0,0.0,0.0,0.09090909,-0.09090909,0.2,1.0,0.2,1.0,0.0,98.76511702826963,133.1719850102605,0.0,4.100511741638185,-4.100511741638185,5.610313151776792,7.125924339979509
251,Luis Medina,ATH,21649,6.750001609325793,0.0,1.0,0.0,0.2,0.0,0.2,0.4,1.500000357627954,0.5,1.0,0.0,36.485777296678215,38.68602162678829,0.0,1.6005113840102299,-1.6005113840102299,1.6005113840102299,1.0737230275535585
252,Caleb Ferguson,CIN,19349,5.400002059937309,5.400002059937309,1.0,0.0,0.14285714,0.14285714,0.0,0.16666666666666666,1.2000004577638466,0.2,1.0,0.0,84.64621837442476,130.84327143576627,0.0,3.700511970520107,-3.700511970520107,5.5122743538189365,5.981495270899599
253,Kai-Wei Teng,HOU,24282,8.795454736090893,4.295454638556017,2.04761905,1.4318182128520058,0.21078431,0.10294118,0.10784314,0.2784090909090909,1.5909091253911176,0.3333333333333333,0.68452381,134.6516324451323,125.06927751340884,113.47820041194726,5.522727392429165,5.12323905820689,0.3994883342222755,4.702113314684988,4.527577114967524
254,Edgardo Henriquez,LAD,26944,9.0,0.0,1.0,0.0,0.25,0.0,0.25,0.25,1.0,0.3333333333333333,1.0,0.0,25.544329673149324,97.77532820512297,0.0,1.1005117416381838,-1.1005117416381838,4.120114561915398,4.769633027553558
255,Brock Stewart,LAD,16727,9.0,0.0,1.0,0.0,0.25,0.0,0.25,0.25,1.0,0.3333333333333333,1.0,0.0,25.544329673149324,26.05076381191722,0.0,1.1005117416381838,-1.1005117416381838,1.1005117416381838,1.3003830275535586
256,Kyle Backhus,PHI,29615,9.0,0.0,1.0,0.0,0.2,0.0,0.2,0.4,2.0,0.5,0.5,207.78988982827659,25.381091052881942,26.05076381191722,9.0,1.1005117416381838,7.899488258361816,1.1005117416381838,-0.5572769724464421
257,Matt Svanson,STL,29629,9.0,0.0,1.0,0.0,0.25,0.0,0.25,0.25,1.0,0.3333333333333333,1.0,0.0,26.518877540697382,61.9130460085201,0.0,1.1005117416381838,-1.1005117416381838,2.610313151776791,3.0350080275535585
258,Riley Martin,CHC,29934,9.0,0.0,1.0,0.0,0.33333333,0.0,0.33333333,0.0,0.0,0.0,1.0,0.0,26.49065267068158,97.77532820512297,0.0,1.1005117416381838,-1.1005117416381838,4.120114561915398,4.759549693746225
259,Carson Seymour,SFG,30084,9.0,0.0,1.0,0.0,0.33333333,0.0,0.33333333,0.0,0.0,0.0,1.0,0.0,27.00695414671478,61.9130460085201,0.0,1.1005117416381838,-1.1005117416381838,2.610313151776791,2.186438586249336
260,JT Brubaker,SFG,17578,9.0,0.0,1.0,0.0,0.2,0.0,0.2,0.4,2.0,0.5,0.5,220.78246757768326,27.00695414671478,61.9130460085201,9.0,1.1005117416381838,7.899488258361816,2.610313151776791,3.6051230275535584
261,Didier Fuentes,ATL,30661,21.0,3.0,7.0,3.0,0.38888889,0.05555556,0.33333333,0.4117647058823529,2.6666666666666665,0.6666666666666666,0.60606061,285.90051853451996,90.72903652525228,10.370652497574472,12.0,3.7671784083048507,8.23282159169515,0.44037934839725557,2.0190898197903238
262,Brent Suter,2 Tms,13942,7.269231302498399,6.230769687855771,1.16666667,1.0384616146426284,0.18918919,0.16216216,0.02702703,0.1935483870967742,1.3846154861901714,0.21739130434782608,0.8490566,75.63220801204213,123.15153329630989,115.00379906159527,3.1153848439278855,5.06205034707426,-1.9466655031463747,4.78150531160555,5.390650010689224
263,Derek Law,ARI,13133,0.0,0.0,0.0,0.0,0.0,0.0,0.0,0.16666666666666666,0.5,0.16666666666666666,1.0,0.0,75.38559907771013,91.48786424471226,0.0,3.1005117416381838,-3.1005117416381838,3.8554124467074873,3.963883027553558
264,Logan Allen,CLE,27589,6.352941889251472,7.94117736156434,0.8,0.0,0.12121212,0.15151515,-0.03030303,0.42857142857142855,3.000000336590973,0.5,0.52941176,268.86176965975966,106.45018573096777,149.6189300015959,11.117648306190077,4.3358059978815255,6.781842308308551,6.2008550078938445,5.982453269934007
265,Cade Horton,CHC,31872,4.909091121894278,2.454545560947139,2.0,1.2272727804735695,0.15384615,0.07692308,0.07692308,0.16666666666666666,0.8181818536490464,0.15789473684210525,0.86956522,59.78483623378775,111.02989408106289,91.53019460488356,2.454545560947139,4.600511806661435,-2.1459662457142965,3.8571945540794594,4.410374152487896
266,Kyle Hurt,LAD,27514,5.400002059937309,5.400002059937309,1.0,0.0,0.11111111,0.11111111,0.0,0.375,2.400000915527693,0.42857142857142855,0.5,258.1040202838051,86.10149425182189,109.32589390957642,10.800004119874618,3.700511970520107,7.099492149354511,4.606393162169522,4.440512659203262
267,Taylor Clarke,ARI,17611,3.857145057650284,3.857145057650284,1.0,0.0,0.08333333,0.08333333,0.0,0.3,1.714286692289015,0.3333333333333333,0.8,91.69897904169704,117.11744233073468,160.38481493574574,3.857145057650284,4.814798433927199,-0.9576533762769146,6.755972782977052,5.823070528656059
268,Joey Estes,ATH,26257,8.307692917141027,2.076923229285257,4.0,2.076923229285257,0.22222222,0.05555556,0.16666667,0.29411764705882354,1.3846154861901714,0.3333333333333333,0.43478261,185.26396071912933,112.58594746521669,97.44348205098457,8.307692917141027,4.946665723225079,3.361027193915948,4.037159916696048,4.297648456511015
269,DL Hall,MIL,22207,9.0,9.0,1.0,0.0,0.28571429,0.28571429,0.0,0.0,1.0,0.0,1.0,0.0,97.81335611394124,115.24084391195906,0.0,4.100511741638184,-4.100511741638184,4.855412446707487,6.860189142508864
270,Cole Winn,TEX,22113,0.0,0.0,0.0,0.0,0.0,0.0,0.0,0.3333333333333333,1.0,0.3333333333333333,1.0,0.0,74.60597060521638,111.2645268489949,0.0,3.1005117416381838,-3.1005117416381838,4.610313151776791,6.342883027553558
271,Zach Eflin,BAL,13774,17.181821161065738,4.909091760304496,3.5,2.454545880152248,0.41176471,0.11764706,0.29411765,0.26666666666666666,1.6363639201014988,0.42857142857142855,1.0,60.42851795428865,108.09240699595118,42.10322298270767,2.454545880152248,4.464148341722766,-2.0096024615705184,1.7422213661925794,2.649699633047019
272,Erick Fedde,CHW,17425,6.718894215914553,2.9861752070731344,2.25,1.866359504420709,0.17763158,0.07894737,0.09868421,0.23104693140794225,1.2165898991779438,0.23557692307692307,0.84285714,93.25374307715167,128.83899079745703,114.67886666091277,3.8571429758027986,5.423092458250622,-1.5659494824478233,4.751904466866619,4.776065838668535
273,Seth Johnson,ATH,26020,10.800004119874618,10.800004119874618,1.0,0.0,0.25,0.25,0.0,0.16666666666666666,1.8000006866457698,0.25,1.0,0.0,97.89075168728593,147.48289734944387,0.0,4.30051219940203,-4.30051219940203,6.112274582700859,6.524258027553558
274,Jordan Leasure,CHW,29950,0.0,6.750001609325793,0.0,0.0,0.0,0.2,-0.2,0.0,0.750000178813977,0.0,1.0,0.0,127.1158707447004,183.7248735646638,0.0,5.350512278080115,-5.350512278080115,7.615214933235214,9.08336302755356
275,Cade Gibson,MIA,31815,6.750001609325793,6.750001609325793,1.0,0.0,0.14285714,0.14285714,0.0,0.3333333333333333,2.250000536441931,0.4,0.66666667,159.0929048746765,91.60734378581003,172.06161632459907,6.750001609325793,3.8505119204521607,2.899489688873632,7.24756590318481,6.643740168574845
276,Jacob Waguespack,DET,18318,6.750001609325793,6.750001609325793,1.0,0.0,0.16666667,0.16666667,0.0,0.2,1.500000357627954,0.25,0.0,322.932473863455,91.96556351801037,147.55379248041083,13.500003218651585,3.8505119204521607,9.649491298199425,6.1152145756072604,6.041827469826447
277,Jordan Hicks,CHW,19618,10.800004506113025,10.800004506113025,1.0,0.0,0.25,0.25,0.0,0.16666666666666666,1.8000007510188376,0.25,0.0,391.66587229069137,102.18790676379636,125.63843634975309,16.200006759169536,4.300512242317408,11.899494516852128,5.206393466363673,6.4632892775535575
278,Andrew Sears,DET,33664,7.593751173990494,5.062500782660329,1.5,0.8437501304433883,0.16666667,0.11111111,0.05555556,0.26666666666666666,1.6875002608867766,0.3142857142857143,0.51020408,100.9163896236136,123.28253103513858,163.46726492776762,4.218750652216942,5.163012060499799,-0.9442614082828573,6.77513995374393,5.550389207714367
279,Jason Alexander,HOU,19666,6.0,2.25,2.66666667,1.5,0.16,0.06,0.1,0.21739130434782608,1.0833333333333333,0.2222222222222222,0.44642857,164.57421386588936,120.44917437756108,115.3623187926694,6.75,4.933845074971518,1.8161549250284823,4.780246955156327,4.639277427553559
280,Paxton Schultz,WSN,25501,9.0,9.0,1.0,0.0,0.16666667,0.16666667,0.0,0.4,3.0,0.5,0.66666667,210.65298532592598,95.70716888413492,133.1719850102605,9.0,4.100511741638184,4.899488258361816,5.610313151776791,5.791633025851557
281,Jose Cabrera,ARI,30412,6.545454829192371,3.2727274145961855,2.0,1.6363637072980928,0.16161616,0.08080808,0.08080808,0.26136363636363635,1.4090909701733576,0.27941176470588236,0.73943662,126.43337415017453,134.03145394597428,121.90941448647675,5.318182048718802,5.509602755160376,-0.1914207064415745,5.136159143245649,4.89654632534447
282,Tanner Banks,PHI,16990,18.0,18.0,1.0,0.0,0.33333333,0.33333333,0.0,0.25,3.0,0.5,0.66666667,207.78988982827659,117.9505902144922,192.78724687411017,9.0,5.100511741638184,3.8994882583618162,8.120114561915397,7.663438578944004
283,Will Klein,LAD,27787,11.25,2.25,5.0,2.25,0.25,0.05,0.2,0.3333333333333333,1.75,0.4166666666666667,0.90909091,107.54330076038958,124.5319938280999,76.70045512661618,4.5,5.350511741638184,-0.8505117416381838,3.232862799242139,3.126948027553558
284,Jefry Yan,NYM,27902,5.400002059937309,10.800004119874618,0.5,0.0,0.1,0.2,-0.1,0.375,3.0000011444096164,0.42857142857142855,0.6,262.9917245722655,131.28857591372284,195.11602867288337,10.800004119874618,5.500512657165877,5.299491462708741,8.218156232114122,7.405773027553558
285,Beck Way,KCR,27877,0.0,0.0,0.0,0.0,0.0,0.0,0.0,0.5,3.0,0.5,0.5,420.989685365708,145.47911816407947,220.014095907739,18.0,6.100511741638184,11.899488258361817,9.120114561915397,7.40108710553662
286,Keegan Akin,BAL,19362,18.0,0.0,4.0,4.5,0.57142857,0.0,0.57142857,0.14285714285714285,0.5,0.0,1.0,110.78559703982067,135.58438434825388,-3.395378447702525,4.5,5.600511741638184,-1.1005117416381838,-0.14458755329251272,0.46190343788772203
287,Carson Whisenhunt,SFG,31676,6.750000495177085,5.4519234768738,1.23809524,1.2980770183032857,0.15853659,0.12804878,0.03048781,0.2887323943661972,1.7884616696623046,0.32432432432432434,0.66071429,159.2181373371561,132.3728178057531,133.8392336160651,6.490385091516428,5.379358062659508,1.1110270288569204,5.638404305608942,5.625479395620175
288,Steven Cruz,KCR,23165,19.2857169131847,3.8571433826369397,5.0,3.8571433826369397,0.55555556,0.11111111,0.44444444,0.125,0.8571429739193199,0.0,1.0,90.21208772593043,135.26530155099937,33.721315732761994,3.8571433826369397,5.6719406633961444,-1.8147972807592039,1.3946270036343524,1.5101052520364475
289,Eduardo Rivera,BOS,31280,9.450002337545735,8.10000200361063,1.16666667,1.350000333935105,0.20588235,0.17647059,0.02941176,0.25,1.950000482350707,0.3,0.51724138,221.7618795326245,136.68299220772585,127.55334007495377,9.450002337545735,5.650512372404493,3.799489965141242,5.2858037628359735,5.659595838183656
290,River Ryan,DET,29514,12.461539375711542,6.230769687855771,2.0,2.076923229285257,0.28571429,0.14285714,0.14285714,0.2777777777777778,1.846153981586895,0.36363636363636365,0.90909091,99.3638217109337,129.13294934525211,83.36790198763681,4.153846458570514,5.408204218621803,-1.2543577600512892,3.453451205317935,4.242229961478905
291,Zach Agnos,COL,31552,5.062500301748532,4.21875025145711,1.2,1.687500100582844,0.13953488,0.11627907,0.02325581,0.15789473684210525,1.0312500614672937,0.13333333333333333,1.0,35.69342124834538,132.60065011645517,140.75485388991206,1.687500100582844,5.8192619036883215,-4.131761803105477,5.92955178987101,5.938778104329326
292,CJ Van Eyk,TOR,27568,3.6,0.0,2.0,1.8,0.1,0.0,0.1,0.21052631578947367,0.8,0.1875,0.27777778,174.35576673828163,131.50897746902035,121.00468684279033,7.2,5.500511741638183,1.699488258361817,5.014233715832233,4.882543027553559
293,Cristian Javier,HOU,17606,7.610738498596169,4.530201487259625,1.68,1.6308725354134648,0.19090909,0.11363636,0.07727273,0.26424870466321243,1.5302013912521397,0.29577464788732394,0.70336391,141.37919495961327,131.71850432382374,133.50945293151392,5.79865790369232,5.395813828516394,0.4028440751759259,5.5328013959479705,5.317005841477731
294,Ty Madden,DET,30140,10.80000102996836,5.40000051498418,2.0,2.70000025749209,0.26666667,0.13333333,0.13333333,0.23076923076923078,1.5000001430511611,0.25,0.83333333,129.17297106703586,152.80995430162554,125.92204204513185,5.40000051498418,6.400512056350738,-1.0005115413665582,5.218154481841826,4.966376364020358
295,JP Sears,SDP,23429,6.988235842958909,2.8588237539377355,2.44444444,1.9058825026251571,0.17741935,0.07258065,0.10483871,0.2631578947368421,1.3764706963403912,0.27906976744186046,0.7278481,118.41622173275358,127.70465132226607,111.18333634832747,4.764706256562893,5.3593354484531845,-0.5946291918902915,4.684591454121596,4.604691568768493
296,Ryan Rolison,CHC,22200,5.40000051498418,0.0,2.0,2.70000025749209,0.18181818,0.0,0.18181818,0.18181818181818182,0.6000000572204645,0.125,1.0,65.76332327808262,140.01478096075877,98.84657325244704,2.70000025749209,5.800511999130274,-3.1005117416381838,4.165213958384011,3.9881392342092696
297,Shane Smith,CHW,31687,11.880001812744418,9.720001483154523,1.22222222,1.080000164794947,0.2244898,0.18367347,0.04081633,0.3076923076923077,2.520000384521543,0.4074074074074074,0.48543689,261.1105124256057,133.5259148004505,141.6955082499699,10.80000164794947,5.620512126159727,5.179489521789743,5.872273856741847,5.5740592088159415
298,Austin Warren,NYM,24937,4.5,9.0,0.5,0.0,0.09090909,0.18181818,-0.09090909,0.25,2.0,0.2857142857142857,0.6,219.15968687407022,157.56185366652628,174.62329308007605,9.0,6.600511741638184,2.3994882583618162,7.355412446707487,6.333593770181997
299,Braxton Garrett,MIA,21844,10.384616146426286,16.615385834282055,0.625,0.0,0.17857143,0.28571429,-0.10714286,0.35,3.4615387154754282,0.4666666666666667,0.53333333,342.6615847091364,150.685126869553,199.95259592361964,14.538462604996798,6.33128120941525,8.207181395581548,8.421775622964923,8.182333274423982
300,José Urquidy,CHW,18413,6.0,12.0,0.5,0.0,0.0952381,0.19047619,-0.0952381,0.4,3.3333333333333335,0.46153846153846156,0.58333333,362.65343414347694,184.4897414078129,248.0683683733047,15.0,7.767178408304851,7.232821591695149,10.283514091869195,7.382883023208177
301,Eddy Yean,WSN,24248,0.0,0.0,0.0,3.8571433826369397,0.0,0.0,0.0,0.3,1.28571446087898,0.2222222222222222,0.625,180.55972630724705,202.50401580541805,150.40448118023602,7.714286765273879,8.671941072113764,-0.9576543068398848,6.335800918422655,6.621883027553558
302,Miguel Ullola,HOU,29036,0.0,10.800004506113025,0.0,0.0,0.0,0.28571429,-0.28571429,0.0,1.200000500679225,0.0,0.66666667,131.65942602530473,207.45499145288431,248.76194509276291,5.400002253056512,8.500513994694696,-3.1005117416381838,10.312276442787224,10.87676056208172
303,Sam Aldegheri,LAA,26443,4.909091030692832,4.909091030692832,1.0,1.4025974373408092,0.11864407,0.11864407,0.0,0.23300970873786409,1.4805195171930763,0.23529411764705882,0.5988024,153.22888151425374,140.99304682803157,144.73064749874726,6.311688468033641,5.788823496541401,0.5228649714922406,5.998139875178291,6.026512156203596
304,Eric Lauer,2 Tms,19316,6.077490988780334,2.6900369950339185,2.25925926,2.092250996137492,0.15561224,0.06887755,0.08673469,0.2638888888888889,1.3505535530622965,0.26618705035971224,0.74795082,126.76423846285537,137.03262952079257,128.54475985848842,5.280442990251766,5.8348291810348005,-0.5543861907830347,5.386593930884734,5.131988723986512
305,Daniel Espino,CLE,25625,11.25,6.75,1.66666667,2.25,0.29411765,0.17647059,0.11764706,0.14285714285714285,1.25,0.125,0.55555556,163.23748469295663,149.7384495249405,114.33787080675077,6.75,6.100511741638184,0.6494882583618162,4.7377635043114426,4.689419356368334
306,Ryne Nelson,ARI,26253,6.6960003344564605,2.376000118678099,2.81818182,1.9440000971002627,0.17464789,0.06197183,0.11267606,0.24695121951219512,1.2360000617365867,0.2540322580645161,0.66425121,118.10822352409153,131.1810444625061,117.67569545485618,4.968000248145116,5.392511856120592,-0.42451160797547605,4.957919651151171,4.721490661929323
307,Bryan Hudson,CHW,19924,7.200001394748958,0.9000001743436198,8.0,2.7000005230308592,0.20512821,0.02564103,0.17948718,0.2631578947368421,1.1000002130866464,0.25925925925925924,0.58823529,130.55526158217668,135.4251910103666,87.19775126814633,5.4000010460617185,5.70051224529753,-0.30051119923581116,3.6122735329404962,3.646101959604085
308,Owen Murphy,ATL,31761,6.750001609325793,6.750001609325793,1.0,3.3750008046628963,0.13333333,0.13333333,0.0,0.38461538461538464,2.6250006258489194,0.4,0.71428571,160.81908001792402,210.2657663393144,158.61325729453432,6.750001609325793,8.72551308274301,-1.9755114734172174,6.681390239396036,6.36471413890078
309,Matt Waldron,2 Tms,25550,5.170212975774439,3.4468086505162927,1.5,1.7234043252581464,0.11538462,0.07692308,0.03846154,0.34285714285714286,1.9148936947312738,0.3620689655172414,0.61151079,214.15698862218144,142.1121359748076,142.16973966161103,8.617021626290732,5.972852283735095,2.644169342555638,5.989118454412469,5.471218819369542
310,John King,MIA,22051,10.800004119874618,0.0,2.0,5.400002059937309,0.28571429,0.0,0.28571429,0.2857142857142857,1.2000004577638466,0.25,0.0,254.5486842129724,202.3438817195027,38.06692772469767,10.800004119874618,8.500513801575494,2.2994903182991244,1.6063920177599054,2.0183932405319256
311,Merrill Kelly,ARI,11156,6.277777962560358,3.888889003355974,1.61428571,1.5555556013423897,0.16051136,0.09943182,0.06107955,0.2634920634920635,1.4567901663365237,0.2822085889570552,0.73207171,117.54821611653887,129.48240365419977,116.35916509680048,4.944444589981167,5.322734029270169,-0.37828943928900216,4.902493747685633,5.119207416618066
312,Yunior Marte,SFG,31097,5.651163292034353,3.7674421946895684,1.5,1.8837210973447842,0.14516129,0.09677419,0.0483871,0.30357142857142855,1.6046513051455569,0.3181818181818182,0.74468085,138.6308640333076,143.25906495925972,113.58904170799488,5.651163292034353,5.82144221558065,-0.17027892354629692,4.785871604796109,5.234660080902867
313,Brandon Eisert,CHW,27668,11.57143266043029,1.928572110071715,6.0,3.85714422014343,0.28571429,0.04761905,0.23809524,0.3,1.5000005300557784,0.3333333333333333,0.71428571,186.50754632289042,160.18359476557555,90.76417083382627,7.71428844028686,6.743370171773646,0.9709182685132145,3.760171534980037,3.3644249790808463
314,Robby Snelling,MIA,31893,3.6,7.2,0.5,1.8,0.09090909,0.18181818,-0.09090909,0.2777777777777778,1.8,0.26666666666666666,0.78947368,127.27429355517775,173.76667314455577,147.42377281060857,5.4,7.300511741638184,-1.9005117416381836,6.210313151776791,7.293085506137716
315,Thomas Pannone,MIL,17281,6.0,6.0,1.0,3.0,0.14285714,0.14285714,0.0,0.25,1.6666666666666667,0.2222222222222222,0.55555556,144.50774740862136,193.31703526539084,137.20841918671252,6.0,8.100511741638185,-2.1005117416381847,5.780246955156327,5.981495270899599
316,Jack Ralston,MIA,26104,13.500003218651585,6.750001609325793,2.0,6.750001609325793,0.25,0.125,0.125,0.42857142857142855,3.000000715255908,0.5,0.38461538,477.2787146240294,288.0753623204421,136.43213832899934,20.250004827977378,12.100513887405906,8.149490940571471,5.747565545556856,4.516758027553559
317,Nick Lodolo,CIN,26378,6.874233350041649,3.8098160735170588,1.80434783,1.6564417710943733,0.17078189,0.09465021,0.07613169,0.2718676122931442,1.4815951397010785,0.296875,0.78666667,116.24102434796445,130.5396483094081,117.19665291895294,4.96932531328312,5.704806303969892,-0.7354809906867725,4.937751969343914,4.8813990861842615
318,Paul Blackburn,NYY,14739,9.0,6.0,1.5,3.0,0.23076923,0.15384615,0.07692308,0.2,1.3333333333333333,0.16666666666666666,1.0,72.31836814407835,198.99526568105898,123.24276710994052,3.0,8.433845074971517,-5.433845074971517,5.107046015063922,4.854823852439423
319,Sean Sullivan,COL,33502,6.447761561138185,4.432836073282502,1.45454545,2.014925487855683,0.14035088,0.09649123,0.04385965,0.34,2.014925487855683,0.3670886075949367,0.63414634,187.52364546098107,147.18114518188287,164.48108234576515,8.865672146565004,6.458720888064322,2.4069512585006816,6.92842556437137,6.136570010077036
320,Jose Quintana,COL,11423,4.687500279396789,3.7500002235174312,1.25,1.8750001117587156,0.11792453,0.09433962,0.02358491,0.27225130890052357,1.5000000894069725,0.2692307692307692,0.69491525,115.01213513355734,138.5384885742458,140.50742700363043,5.4375003241002755,6.079678585877032,-0.6421782617767562,5.919135122583462,5.876416686662318
321,Tobias Myers,NYM,22191,5.7857150739554095,9.64285845659235,0.6,1.9285716913184698,0.125,0.20833333,-0.08333333,0.3157894736842105,2.35714317827813,0.3333333333333333,0.3125,375.702371540935,186.56486209407146,173.15947794080384,15.428573530547759,7.814798098194443,7.613775432353315,7.293785856705783,7.432521909835378
322,Colton Gordon,HOU,31312,12.272729400761241,0.0,5.0,4.909091760304496,0.26315789,0.0,0.26315789,0.4444444444444444,2.1818185601353317,0.5454545454545454,0.80645161,239.38071622151926,202.1326008292609,78.46768039380507,9.818183520608992,8.282330821959597,1.5358526986493946,3.2502409632440865,2.8925783262996747
323,AJ Smith-Shawver,ATL,29960,7.714286064615071,5.571428824444218,1.38461538,1.7142857921366825,0.17475728,0.12621359,0.04854369,0.2808988764044944,1.8095238916998315,0.31343283582089554,0.62874251,183.79319883308918,141.24154556803225,128.1596675074483,7.714286064615071,5.862416628969505,1.8518694356455656,5.39929467859872,5.297530595369167
324,Justin Verlander,DET,8700,7.000000741746769,3.0000003178914727,2.33333333,3.0000003178914727,0.17948718,0.07692308,0.1025641,0.3055555555555556,1.555555720388171,0.3076923076923077,0.71428571,167.44644575011378,164.2099940967544,126.1847242246459,7.000000741746769,6.878289919723741,0.12171082202302763,5.229047807432394,5.291243971205048
325,Pete Fairbanks,MIA,17998,9.0,9.0,1.0,9.0,0.14285714,0.14285714,0.0,0.5,4.0,0.5,0.38461538,636.3714677758886,407.14680921624796,204.89654940346625,27.0,17.100511741638183,9.899488258361817,8.629915972054004,6.643740168574845
326,Lyon Richardson,CIN,24581,18.0,18.0,1.0,9.0,0.28571429,0.28571429,0.0,0.25,3.0,0.0,0.0,842.1016159559899,483.0635850443583,264.0461858758506,36.0,21.100511741638183,14.899488258361817,11.120114561915397,7.126474857104579
327,Lucas Giolito,SDP,15474,6.096774381107649,7.838709918566978,0.77777778,1.3064516530944963,0.14736842,0.18947368,-0.04210526,0.23684210526315788,1.7419355374593284,0.2542372881355932,0.76219512,108.22987490772735,152.30099749174258,157.2103996256309,4.354838843648321,6.3908344235058046,-2.0359955798574836,6.622329957757442,6.8518066803125155
328,Jesse Scholtens,TBR,19205,8.709678491122153,3.483871396448861,2.5,2.6129035473366455,0.21276596,0.08510638,0.12765958,0.24390243902439024,1.3548388763967794,0.25,0.76271186,146.08412067479213,160.16840301133405,119.51606059210177,6.0967749437855066,6.681157343543958,-0.5843823997584519,4.952500976818822,4.344739064210554
329,Huascar Brazobán,NYM,6107,5.14285784351592,9.00000122615286,0.57142857,1.28571446087898,0.125,0.21875,-0.09375,0.16666666666666666,1.5714287855187532,0.15789473684210525,0.75471698,125.23412384697833,172.91639289954205,158.58835871041836,5.14285784351592,7.243369448914898,-2.100511605398978,6.680342009470159,7.240168183803558
330,Brennan Bernardino,COL,16835,6.750007040806008,13.500014081612017,0.5,6.750007040806008,0.1,0.2,-0.1,0.5,4.500004693870673,0.5,0.65217391,428.3214762243354,361.32647342380443,225.5059555859081,20.250021122418026,15.850525040938422,4.3994960814796045,9.497571587103444,7.913763027553557
331,Chase Petty,CIN,30170,2.189189414894456,2.9189192198592746,0.75,2.189189414894456,0.05555556,0.07407407,-0.01851852,0.24489795918367346,1.2972974310485665,0.20930232558139536,0.546875,153.62666199303078,160.02248187200465,151.9527914831382,6.567568244683368,6.992404034783883,-0.42483579010051464,6.400984753233795,6.6277630074501035
332,Jovani Morán,BOS,20422,18.0,6.0,3.0,6.0,0.33333333,0.11111111,0.22222222,0.4375,3.0,0.625,0.64516129,352.0028963139152,236.19641317153545,63.036430235134596,15.0,9.76717840830485,5.232821591695149,2.6103131517767912,3.3098459923708177
333,Zac Gallen,ARI,19291,5.506579171938423,2.9309211721607737,1.87878788,1.6875000688198394,0.13626374,0.07252747,0.06373626,0.3014354066985646,1.569079011358798,0.31750741839762614,0.63782991,147.80419713424484,131.60000947125135,115.80919248953292,6.217105516704671,5.40972236212849,0.8073831545761809,4.879339911199765,5.025989229832765
334,Tanner Houck,BOS,19879,3.0,0.0,1.0,6.0,0.07692308,0.0,0.07692308,0.3076923076923077,1.3333333333333333,0.2,0.83333333,211.2017377883491,268.4274856287064,107.32430269035935,9.0,11.100511741638185,-2.1005117416381847,4.446913621822993,4.502498427305712
335,Jedixson Paez,BOS,29114,7.363637640456744,4.909091760304496,1.5,4.909091760304496,0.13043478,0.08695652,0.04347826,0.47619047619047616,3.2727278402029976,0.5,0.43478261,460.80387143945575,246.45178412972868,134.43289799422104,19.636367041217984,10.191422062078011,9.444944979139972,5.571096295707365,5.227529530321454
336,DJ Herz,WSN,26389,7.714285714285714,3.857142857142857,2.0,3.857142857142857,0.17142857,0.08571429,0.08571429,0.34375,2.0,0.34782608695652173,0.6122449,240.74626894391545,192.49179533628003,129.97825593985326,10.285714285714286,8.243368884495327,2.0423454012189595,5.4758572176098825,5.0004209834242275
337,Ryan Weiss,HOU,24621,9.00000122615286,10.28571568703184,0.875,2.57142892175796,0.2,0.22857143,-0.02857143,0.2962962962962963,2.2857145971181865,0.3333333333333333,0.90909091,125.38989431417122,201.18217500650468,150.91423824056517,5.14285784351592,8.243369585154104,-3.1005117416381847,6.254570925788769,6.717638934838783
338,Alan Rangel,PHI,19524,10.323529701331916,7.941176693332243,1.3,2.3823530079996726,0.22807018,0.1754386,0.05263158,0.2826086956521739,2.029411821629351,0.3333333333333333,0.80808081,146.67522046350084,165.59665859412712,132.52814907314723,6.352941354665794,7.1593353848968855,-0.8063940302310915,5.583207670858915,5.459989826491343
339,Kohl Drake,ARI,32070,7.403226034202146,3.0483871905538247,2.42857143,2.1774194218241605,0.17894737,0.07368421,0.10526316,0.2857142857142857,1.500000046145533,0.3064516129032258,0.71428571,155.29657423499032,150.77211394257756,136.61244097044977,6.532258265472482,6.197286030454768,0.3349722350177142,5.755156283391701,5.01719305290737
340,Ethan Pecko,HOU,33515,5.850000557899528,5.40000051498418,1.08333333,1.8000001716613934,0.14285714,0.13186813,0.01098901,0.2564102564102564,1.600000152587905,0.26229508196721313,0.69343066,142.63099895278947,155.00754539485789,146.96274840090427,5.850000557899528,6.350512051582366,-0.5005114936828381,6.09070421252,5.9816413878947445
341,Trey Gibson,BAL,33794,8.362832634775272,6.21238995726163,1.34615385,1.6725665269550543,0.2,0.14857143,0.05142857,0.25675675675675674,1.699115201986087,0.29245283018867924,0.70652174,152.94296232431458,140.61566662443565,107.99661861325627,6.21238995726163,5.80847659480351,0.4039133624581197,4.474794295956988,5.027229337359915
342,Brayan Bello,BOS,23920,7.177215536441829,4.1012660208239025,1.75,1.8797469262109552,0.16733068,0.09561753,0.07171315,0.31555555555555553,1.803797555454957,0.3488372093023256,0.6495098,168.42671041978363,137.92224433294865,112.20418635290726,7.177215536441829,5.701777690031122,1.4754378464107072,4.649280457969103,4.822848291598387
343,Brycen Mautz,STL,31910,0.0,27.0,0.0,9.0,0.0,0.3,-0.3,0.4,5.0,0.25,0.71428571,655.1228807733467,751.9129929342391,537.4382647449215,27.0,31.100511741638183,-4.100511741638183,22.629915972054004,11.595403027553559
344,Cole Ragans,KCR,21846,11.46226458278002,5.858490786754232,1.95652174,2.5471699072844487,0.29801325,0.15231788,0.14569537,0.2109375,1.4150943929358049,0.2328767123287671,0.83333333,113.19062721651618,147.50261455851964,105.86271654778227,4.839622823840452,6.185417518238238,-1.345794694397786,4.386302225346814,4.313539214561206
345,Mike Paredes,MIN,30187,4.500000195069755,2.8636364877716622,1.57142857,2.045454634122616,0.11458333,0.07291667,0.04166667,0.26436781609195403,1.3636364227484106,0.2535211267605634,0.84,108.02490455011919,153.15887457523246,129.98405808587862,4.500000195069755,6.282330061384475,-1.7823298663147202,5.386604672744834,5.416089404419974
346,Hurston Waldrep,ATL,33527,6.230769687855771,6.230769687855771,1.0,3.1153848439278855,0.13636364,0.13636364,0.0,0.3055555555555556,1.961538605436076,0.2962962962962963,0.60810811,247.4139284204353,216.52461480676385,135.4111582282384,10.384616146426286,8.985127557946413,1.3994885884798727,5.7045823023989986,5.2534274492487265
347,Bailey Falter,KCR,20070,4.153846458570514,6.230769687855771,0.66666667,6.230769687855771,0.07142857,0.10714286,-0.03571429,0.52,3.69230796317379,0.5,0.59322034,437.1816284127652,315.971444901053,161.4930037974576,18.69230906356731,13.254358640366107,5.437950423201205,6.69326812927128,6.409112624877788
348,Chris Murphy,CHW,26214,10.125006487597211,6.750004325064808,1.5,10.125006487597211,0.2,0.13333333,0.06666667,0.38461538461538464,2.6250016819696476,0.2857142857142857,0.35714286,489.58244979361496,420.9099316815651,197.7322379088692,20.250012975194423,17.725521112611933,2.52449186258249,8.196094765850455,6.851771910421003
349,Ronel Blanco,HOU,19407,7.7142864499774,5.40000051498418,1.42857143,2.31428593499322,0.20408163,0.14285714,0.06122449,0.21686746987951808,1.3714287022182043,0.21052631578947367,0.73170732,141.06362533792367,162.50003163189336,122.1529940755032,5.78571483748305,6.657654938016652,-0.8719401005336023,5.0618535604181325,5.204608137203049
350,Daniel Lynch IV,KCR,21537,4.725000225305568,3.150000150203712,1.5,2.025000096559529,0.12138728,0.08092486,0.04046243,0.267515923566879,1.4000000667572052,0.25984251968503935,0.61674009,152.60876822202226,147.26654102693092,125.8038637657514,6.52500031113626,6.175511888265617,0.3494884228706434,5.213253675561759,5.368497847911375
351,JR Ritchie,ATL,31760,8.345454834867125,5.400000187266963,1.54545455,1.8000000624223211,0.204,0.132,0.072,0.25,1.5636364178618143,0.28,0.7010582,136.4525249417034,142.59828576450892,113.94943354034714,5.727272925889204,5.91869365755192,-0.19142073166271611,4.80104409420169,4.94201949155356
352,Taijuan Walker,PHI,11836,7.714285977032729,4.821428735645456,1.6,2.892857241387273,0.17021277,0.10638298,0.06382979,0.3373493975903614,2.0357143550503034,0.36065573770491804,0.62091503,211.50043077887184,169.60768013609135,119.01666059775523,9.160714597726365,7.332654742926972,1.8280598547993927,5.01437425860188,5.0195819888386914
353,Xzavion Curry,NYM,25595,9.0,3.0,3.0,12.0,0.1875,0.0625,0.125,0.4,2.3333333333333335,0.25,0.71428571,438.31937374814044,464.0836825667082,145.43649600343835,18.0,19.433845074971515,-1.433845074971515,6.126648835341136,5.154472871303558
354,Brendan Beck,NYY,33043,11.423077761068914,5.192308073213143,2.2,5.192308073213143,0.26190476,0.11904762,0.14285714,0.2972972972972973,1.846153981586895,0.2857142857142857,0.44444444,300.3993974048785,231.04569182722483,118.39322404953903,12.461539375711542,9.79281992489068,2.6687194508208627,4.905937391631009,4.423822946186364
355,Kade Morris,ATH,33787,5.40000051498418,5.40000051498418,1.0,5.40000051498418,0.11111111,0.11111111,0.0,0.45161290322580644,2.70000025749209,0.43478260869565216,0.37313433,421.4755199117979,271.8714687030762,132.9435406970306,18.90000180244463,11.950512585640036,6.949489216804595,5.50933324048605,5.122472535758413
356,Corbin Burnes,ARI,19361,6.967742792897722,3.483871396448861,2.0,4.3548392455610765,0.17021277,0.08510638,0.08510638,0.27906976744186046,1.5483872873106048,0.23333333333333334,0.77777778,186.35590628097358,219.09115630160275,144.18452911358295,7.8387106420099375,9.003738274509866,-1.1650276324999282,6.073941052680008,5.844636762844156
357,Mike Burrows,HOU,24728,7.110320477748897,3.3629894151515054,2.11428571,2.0177936490909034,0.17661098,0.08353222,0.09307876,0.29210526315789476,1.558718903530539,0.3157894736842105,0.67164179,147.58969046343097,138.7520145951165,117.40617476044011,6.05338094727271,5.68414170502442,0.3692392422482902,4.865004849880428,4.765861569327207
358,Luis Morales,ATH,32227,6.136363902367847,9.818182243788556,0.625,4.909091121894278,0.11904762,0.19047619,-0.07142857,0.3939393939393939,2.8636364877716622,0.375,0.73170732,273.6853883033966,284.5866264091652,205.2275879016019,12.272727804735695,12.509603058602217,-0.23687525386652197,8.506923951283355,7.37080648790216
359,Jeffrey Springs,ATH,17677,7.065420875612636,3.5957945527671455,1.96491228,2.207944023628949,0.17777778,0.09047619,0.08730159,0.2676056338028169,1.4649533363125407,0.27790973871733965,0.66060606,137.86581726618735,137.07386507763312,120.49341798179177,6.182243266161057,6.023409068156507,0.15883419800455023,4.993031599352621,4.902808679332155
360,Mason Englert,TBR,22288,10.500001112620154,2.0000002119276483,5.25,4.500000476837209,0.23863636,0.04545455,0.19318182,0.34523809523809523,1.8333335276003444,0.37037037037037035,0.68627451,215.6479839771617,190.18229668697774,87.25552504587482,9.000000953674418,7.93384558713,1.0661553665444172,3.614669388542721,3.6436805509773103
361,Simeon Woods Richardson,MIN,24494,4.835821170853639,4.634328622068071,1.04347826,1.8134329390701145,0.11214953,0.10747664,0.0046729,0.3333333333333333,1.9253732439509859,0.34615384615384615,0.55702918,198.3143797044075,154.1837113147409,146.4899200867624,8.2611945002083,6.324392522207276,1.9368019780010233,6.071096210241679,5.94321825551831
362,Kodai Senga,NYM,31838,10.800000867341764,6.821053179373745,1.58333333,2.5578949422651545,0.25333333,0.16,0.09333333,0.2661290322580645,1.8000001445569607,0.3116883116883117,0.51724138,235.30831427805396,163.7216296852638,128.28409246494954,9.663158670779472,6.858406780274645,2.8047518905048268,5.404532966983768,5.072732187261677
363,Germán Márquez,SDP,15038,6.750000146302313,3.8863637205983013,1.73684211,2.4545455077462957,0.16666667,0.0959596,0.07070707,0.2711864406779661,1.5227273057314983,0.2727272727272727,0.82375479,127.08810953196574,156.75886899541786,125.73062623120536,5.113636474471449,6.577784544278769,-1.4641480698073197,5.297032086272572,5.104114224065781
364,Luis Gil,NYY,21052,4.189655241302872,5.120689739370177,0.81818182,2.793103494201915,0.10588235,0.12941176,-0.02352941,0.2112676056338028,1.3448276083194406,0.16071428571428573,0.77669903,145.8836071031486,197.6398500647157,153.75349298864154,6.051724237437482,8.376373897352913,-2.3246496599154307,6.372313691828612,6.259318463810819
365,Mason Barnett,ATH,31741,9.592105744618152,6.03947398735217,1.58823529,3.197368581539384,0.21774194,0.13709677,0.08064516,0.3047619047619048,1.9342106234003682,0.3333333333333333,0.625,205.98426734347925,178.32764790961096,129.44958231518794,9.236842568891554,7.837354084659493,1.3994884842320605,5.364440174943068,5.014259721386201
366,Miles Mikolas,WSN,9803,5.09433971430832,2.54716985715416,2.0,2.7169811809644373,0.12244898,0.06122449,0.06122449,0.3231441048034934,1.6792453132349647,0.31693989071038253,0.56213018,194.75465031514867,158.73996879823667,112.1607349122199,8.320754866703588,6.798625015728668,1.5221298509749204,4.725739915391916,4.9808880246238
367,Zack Littell,WSN,15823,5.507462843353011,3.492537412858007,1.57692308,2.6865672406600054,0.13621262,0.08637874,0.04983389,0.26838235294117646,1.477611982363003,0.25118483412322273,0.67567568,144.6274268783212,164.7465396374389,135.27822496850303,6.179104653518012,7.05573573483208,-0.8766310813140681,5.69898581464893,5.5011830900419
368,Jameson Taillon,2 Tms,11674,7.953488636687366,3.3488373207104702,2.375,2.8255814893494593,0.20540541,0.08648649,0.11891892,0.25297619047619047,1.3604651615386285,0.24892703862660945,0.78817734,137.5852565317041,159.1885234507893,113.34000849507594,5.651162978698919,6.600511858075168,-0.9493488793762497,4.766262733074155,4.555510871933485
