split,date_range,start_date,end_date,#,Season,Tm,PA,BB%,K%,BB/K,AVG,OBP,SLG,OPS,ISO,BABIP,wRC,wRAA,wOBA,wRC+,updated_at
no_split,season,2026-3-18,2026-9-28,1,2026.0,CHC,6382.0,10.6%,21.1%,0.5,0.251,0.339,0.428,0.767,0.177,0.291,860.0,104.4,0.337,114.0,2026-09-28
no_split,season,2026-3-18,2026-9-28,2,2026.0,LAD,6214.0,10.1%,20.4%,0.5,0.257,0.338,0.424,0.762,0.168,0.297,824.0,88.3,0.334,111.0,2026-09-28
no_split,season,2026-3-18,2026-9-28,3,2026.0,MIL,6299.0,10.6%,22.0%,0.5,0.258,0.341,0.403,0.743,0.144,0.316,804.0,57.8,0.328,107.0,2026-09-28
no_split,season,2026-3-18,2026-9-28,4,2026.0,HOU,6122.0,8.7%,21.9%,0.4,0.242,0.315,0.417,0.733,0.176,0.278,741.0,16.6,0.319,105.0,2026-09-28
no_split,season,2026-3-18,2026-9-28,5,2026.0,CHW,6187.0,9.5%,24.1%,0.4,0.236,0.32,0.406,0.726,0.17,0.285,749.0,16.7,0.32,104.0,2026-09-28
no_split,season,2026-3-18,2026-9-28,6,2026.0,TBR,6106.0,8.4%,18.8%,0.4,0.258,0.326,0.402,0.728,0.143,0.296,740.0,17.2,0.32,104.0,2026-09-28
no_split,season,2026-3-18,2026-9-28,7,2026.0,WSN,6195.0,9.0%,21.8%,0.4,0.246,0.321,0.423,0.744,0.177,0.287,777.0,43.4,0.325,103.0,2026-09-28
no_split,season,2026-3-18,2026-9-28,8,2026.0,TEX,6042.0,8.7%,23.0%,0.4,0.242,0.317,0.396,0.713,0.154,0.291,705.0,-10.1,0.315,102.0,2026-09-28
no_split,season,2026-3-18,2026-9-28,9,2026.0,SDP,6070.0,9.1%,21.6%,0.4,0.244,0.319,0.398,0.718,0.154,0.288,716.0,-2.9,0.316,102.0,2026-09-28
no_split,season,2026-3-18,2026-9-28,10,2026.0,SEA,6089.0,9.1%,23.0%,0.4,0.233,0.314,0.379,0.693,0.146,0.279,676.0,-44.6,0.307,102.0,2026-09-28
no_split,season,2026-3-18,2026-9-28,11,2026.0,DET,6174.0,9.5%,22.9%,0.4,0.241,0.32,0.4,0.72,0.159,0.29,736.0,5.4,0.317,102.0,2026-09-28
no_split,season,2026-3-18,2026-9-28,12,2026.0,MIN,6127.0,8.3%,21.2%,0.4,0.244,0.317,0.403,0.72,0.159,0.285,728.0,2.3,0.317,102.0,2026-09-28
no_split,season,2026-3-18,2026-9-28,13,2026.0,BAL,6079.0,9.6%,25.0%,0.4,0.234,0.314,0.396,0.711,0.162,0.286,704.0,-15.7,0.313,102.0,2026-09-28
no_split,season,2026-3-18,2026-9-28,14,2026.0,NYY,5997.0,9.5%,24.7%,0.4,0.235,0.311,0.409,0.72,0.175,0.28,706.0,-4.2,0.316,101.0,2026-09-28
no_split,season,2026-3-18,2026-9-28,15,2026.0,PIT,6253.0,9.1%,24.1%,0.4,0.253,0.33,0.404,0.734,0.151,0.313,781.0,40.4,0.324,101.0,2026-09-28
no_split,season,2026-3-18,2026-9-28,16,2026.0,MIA,6127.0,9.0%,21.8%,0.4,0.249,0.326,0.4,0.727,0.152,0.298,746.0,20.5,0.321,100.0,2026-09-28
no_split,season,2026-3-18,2026-9-28,17,2026.0,BOS,6113.0,8.5%,21.7%,0.4,0.245,0.319,0.398,0.717,0.153,0.293,722.0,-2.0,0.316,99.0,2026-09-28
no_split,season,2026-3-18,2026-9-28,18,2026.0,ARI,6148.0,8.8%,19.4%,0.5,0.246,0.318,0.402,0.72,0.156,0.284,726.0,-1.9,0.316,98.0,2026-09-28
no_split,season,2026-3-18,2026-9-28,19,2026.0,KCR,6083.0,8.4%,20.9%,0.4,0.247,0.316,0.402,0.718,0.155,0.291,714.0,-6.4,0.315,98.0,2026-09-28
no_split,season,2026-3-18,2026-9-28,20,2026.0,ATL,6053.0,7.7%,21.6%,0.4,0.246,0.309,0.409,0.718,0.162,0.286,707.0,-9.5,0.314,97.0,2026-09-28
no_split,season,2026-3-18,2026-9-28,21,2026.0,CLE,6117.0,9.4%,20.8%,0.5,0.239,0.316,0.38,0.696,0.142,0.281,686.0,-38.7,0.309,97.0,2026-09-28
no_split,season,2026-3-18,2026-9-28,22,2026.0,NYM,6111.0,8.6%,22.3%,0.4,0.239,0.31,0.395,0.705,0.157,0.28,693.0,-30.7,0.31,97.0,2026-09-28
no_split,season,2026-3-18,2026-9-28,23,2026.0,SFG,6061.0,7.4%,22.1%,0.3,0.245,0.306,0.4,0.706,0.155,0.291,682.0,-35.9,0.309,97.0,2026-09-28
no_split,season,2026-3-18,2026-9-28,24,2026.0,TOR,6044.0,7.6%,19.0%,0.4,0.247,0.31,0.381,0.692,0.134,0.285,660.0,-55.7,0.305,94.0,2026-09-28
no_split,season,2026-3-18,2026-9-28,25,2026.0,ATH,6126.0,8.5%,22.4%,0.4,0.245,0.317,0.402,0.719,0.157,0.292,726.0,0.7,0.317,94.0,2026-09-28
no_split,season,2026-3-18,2026-9-28,26,2026.0,STL,6141.0,8.3%,21.3%,0.4,0.239,0.313,0.378,0.691,0.139,0.282,675.0,-52.5,0.306,93.0,2026-09-28
no_split,season,2026-3-18,2026-9-28,27,2026.0,LAA,6089.0,8.4%,25.5%,0.3,0.234,0.31,0.369,0.679,0.135,0.297,648.0,-72.9,0.302,92.0,2026-09-28
no_split,season,2026-3-18,2026-9-28,28,2026.0,PHI,6079.0,8.7%,21.7%,0.4,0.24,0.312,0.395,0.707,0.155,0.282,692.0,-27.4,0.311,92.0,2026-09-28
no_split,season,2026-3-18,2026-9-28,29,2026.0,COL,6173.0,8.1%,22.8%,0.4,0.254,0.322,0.417,0.739,0.163,0.306,768.0,37.0,0.324,91.0,2026-09-28
no_split,season,2026-3-18,2026-9-28,30,2026.0,CIN,6048.0,9.2%,25.5%,0.4,0.229,0.305,0.394,0.699,0.165,0.278,674.0,-42.1,0.308,91.0,2026-09-28
no_split,last_30,2026-8-29,2026-9-28,1,2026.0,CHC,1056.0,9.8%,18.0%,0.5,0.262,0.345,0.455,0.8,0.193,0.286,152.0,27.0,0.348,122.0,2026-09-28
no_split,last_30,2026-8-29,2026-9-28,2,2026.0,SDP,1053.0,8.1%,21.0%,0.4,0.28,0.343,0.453,0.795,0.173,0.329,148.0,23.7,0.345,121.0,2026-09-28
no_split,last_30,2026-8-29,2026-9-28,3,2026.0,LAD,1050.0,11.8%,19.4%,0.6,0.25,0.35,0.431,0.781,0.181,0.283,148.0,23.8,0.344,118.0,2026-09-28
no_split,last_30,2026-8-29,2026-9-28,4,2026.0,MIL,1055.0,10.5%,25.0%,0.4,0.272,0.35,0.427,0.778,0.156,0.345,146.0,21.0,0.341,116.0,2026-09-28
no_split,last_30,2026-8-29,2026-9-28,5,2026.0,SEA,1053.0,9.8%,22.0%,0.4,0.255,0.337,0.401,0.738,0.146,0.312,133.0,7.9,0.326,115.0,2026-09-28
no_split,last_30,2026-8-29,2026-9-28,6,2026.0,CLE,1019.0,8.3%,17.0%,0.5,0.251,0.322,0.435,0.757,0.184,0.27,133.0,11.9,0.331,112.0,2026-09-28
no_split,last_30,2026-8-29,2026-9-28,7,2026.0,HOU,1014.0,7.8%,23.3%,0.3,0.243,0.309,0.455,0.764,0.212,0.275,131.0,10.6,0.329,112.0,2026-09-28
no_split,last_30,2026-8-29,2026-9-28,8,2026.0,NYM,1053.0,9.4%,20.0%,0.5,0.255,0.329,0.432,0.761,0.177,0.286,138.0,13.0,0.332,111.0,2026-09-28
no_split,last_30,2026-8-29,2026-9-28,9,2026.0,DET,1093.0,10.7%,24.2%,0.4,0.248,0.34,0.401,0.741,0.153,0.315,140.0,10.7,0.328,109.0,2026-09-28
no_split,last_30,2026-8-29,2026-9-28,10,2026.0,NYY,1014.0,8.2%,24.0%,0.3,0.257,0.318,0.418,0.736,0.161,0.304,125.0,4.6,0.322,106.0,2026-09-28
no_split,last_30,2026-8-29,2026-9-28,11,2026.0,PIT,978.0,8.9%,22.1%,0.4,0.26,0.335,0.412,0.747,0.152,0.315,126.0,10.7,0.33,105.0,2026-09-28
no_split,last_30,2026-8-29,2026-9-28,12,2026.0,TEX,1006.0,8.4%,23.7%,0.4,0.243,0.319,0.402,0.721,0.159,0.292,120.0,0.6,0.317,104.0,2026-09-28
no_split,last_30,2026-8-29,2026-9-28,13,2026.0,ARI,1010.0,8.5%,20.9%,0.4,0.257,0.325,0.417,0.743,0.161,0.3,126.0,6.2,0.325,104.0,2026-09-28
no_split,last_30,2026-8-29,2026-9-28,14,2026.0,TOR,975.0,9.1%,17.4%,0.5,0.255,0.33,0.382,0.712,0.127,0.291,116.0,0.6,0.317,103.0,2026-09-28
no_split,last_30,2026-8-29,2026-9-28,15,2026.0,MIA,1047.0,8.4%,22.8%,0.4,0.251,0.327,0.41,0.737,0.159,0.302,130.0,6.2,0.324,102.0,2026-09-28
no_split,last_30,2026-8-29,2026-9-28,16,2026.0,KCR,979.0,8.5%,20.6%,0.4,0.246,0.316,0.407,0.723,0.162,0.286,116.0,-0.1,0.317,99.0,2026-09-28
no_split,last_30,2026-8-29,2026-9-28,17,2026.0,CHW,1068.0,10.7%,25.6%,0.4,0.22,0.32,0.376,0.696,0.157,0.273,122.0,-4.8,0.311,98.0,2026-09-28
no_split,last_30,2026-8-29,2026-9-28,18,2026.0,TBR,1050.0,7.9%,19.9%,0.4,0.248,0.313,0.394,0.707,0.146,0.287,119.0,-5.7,0.31,96.0,2026-09-28
no_split,last_30,2026-8-29,2026-9-28,19,2026.0,MIN,1022.0,7.2%,21.3%,0.3,0.237,0.304,0.389,0.694,0.153,0.276,112.0,-9.2,0.305,94.0,2026-09-28
no_split,last_30,2026-8-29,2026-9-28,20,2026.0,BAL,974.0,8.3%,28.0%,0.3,0.221,0.294,0.387,0.681,0.166,0.277,103.0,-12.7,0.3,93.0,2026-09-28
no_split,last_30,2026-8-29,2026-9-28,21,2026.0,ATH,999.0,7.7%,21.8%,0.4,0.243,0.309,0.405,0.714,0.162,0.283,117.0,-1.3,0.315,93.0,2026-09-28
no_split,last_30,2026-8-29,2026-9-28,22,2026.0,SFG,1017.0,8.9%,26.0%,0.3,0.232,0.306,0.364,0.669,0.131,0.298,105.0,-15.7,0.297,89.0,2026-09-28
no_split,last_30,2026-8-29,2026-9-28,23,2026.0,ATL,999.0,7.4%,21.6%,0.3,0.237,0.297,0.389,0.686,0.152,0.274,106.0,-12.3,0.301,88.0,2026-09-28
no_split,last_30,2026-8-29,2026-9-28,24,2026.0,LAA,1029.0,8.6%,27.0%,0.3,0.23,0.312,0.348,0.661,0.118,0.306,105.0,-17.2,0.296,88.0,2026-09-28
no_split,last_30,2026-8-29,2026-9-28,25,2026.0,COL,1023.0,6.3%,23.6%,0.3,0.257,0.312,0.42,0.732,0.163,0.316,123.0,2.0,0.319,88.0,2026-09-28
no_split,last_30,2026-8-29,2026-9-28,26,2026.0,CIN,979.0,7.6%,26.8%,0.3,0.233,0.294,0.396,0.69,0.163,0.286,105.0,-11.3,0.302,87.0,2026-09-28
no_split,last_30,2026-8-29,2026-9-28,27,2026.0,BOS,1031.0,8.1%,23.9%,0.3,0.224,0.298,0.366,0.664,0.142,0.276,104.0,-18.1,0.295,84.0,2026-09-28
no_split,last_30,2026-8-29,2026-9-28,28,2026.0,STL,986.0,7.6%,24.1%,0.3,0.229,0.294,0.356,0.65,0.127,0.28,95.0,-21.9,0.289,82.0,2026-09-28
no_split,last_30,2026-8-29,2026-9-28,29,2026.0,WSN,922.0,8.4%,23.0%,0.4,0.234,0.299,0.37,0.67,0.136,0.287,93.0,-16.6,0.294,82.0,2026-09-28
no_split,last_30,2026-8-29,2026-9-28,30,2026.0,PHI,1007.0,9.9%,18.8%,0.5,0.226,0.306,0.356,0.662,0.13,0.263,102.0,-17.0,0.296,82.0,2026-09-28
no_split,last_14,2026-9-14,2026-9-28,1,2026.0,HOU,466.0,8.4%,23.6%,0.4,0.266,0.33,0.526,0.857,0.261,0.289,73.0,18.3,0.365,137.0,2026-09-28
no_split,last_14,2026-9-14,2026-9-28,2,2026.0,SDP,515.0,7.4%,21.4%,0.3,0.299,0.358,0.483,0.841,0.184,0.351,80.0,19.5,0.364,134.0,2026-09-28
no_split,last_14,2026-9-14,2026-9-28,3,2026.0,ARI,480.0,8.8%,20.8%,0.4,0.281,0.348,0.485,0.833,0.204,0.324,73.0,16.6,0.36,127.0,2026-09-28
no_split,last_14,2026-9-14,2026-9-28,4,2026.0,LAD,507.0,11.0%,18.7%,0.6,0.265,0.354,0.456,0.81,0.19,0.295,75.0,15.5,0.354,124.0,2026-09-28
no_split,last_14,2026-9-14,2026-9-28,5,2026.0,CLE,458.0,9.6%,16.2%,0.6,0.259,0.333,0.461,0.793,0.202,0.269,65.0,10.3,0.344,121.0,2026-09-28
no_split,last_14,2026-9-14,2026-9-28,6,2026.0,CHW,509.0,9.6%,25.1%,0.4,0.253,0.343,0.432,0.774,0.178,0.311,70.0,9.6,0.34,118.0,2026-09-28
no_split,last_14,2026-9-14,2026-9-28,7,2026.0,DET,514.0,11.5%,22.6%,0.5,0.258,0.355,0.41,0.765,0.152,0.323,71.0,10.3,0.341,118.0,2026-09-28
no_split,last_14,2026-9-14,2026-9-28,8,2026.0,PIT,440.0,8.0%,25.0%,0.3,0.258,0.327,0.446,0.773,0.187,0.319,60.0,7.6,0.338,110.0,2026-09-28
no_split,last_14,2026-9-14,2026-9-28,9,2026.0,KCR,450.0,7.1%,22.2%,0.3,0.267,0.324,0.433,0.757,0.166,0.318,58.0,4.9,0.331,108.0,2026-09-28
no_split,last_14,2026-9-14,2026-9-28,10,2026.0,CHC,469.0,9.2%,19.2%,0.5,0.253,0.331,0.407,0.738,0.154,0.292,58.0,2.7,0.323,106.0,2026-09-28
no_split,last_14,2026-9-14,2026-9-28,11,2026.0,SEA,460.0,10.4%,21.5%,0.5,0.239,0.329,0.367,0.696,0.127,0.294,52.0,-2.5,0.31,104.0,2026-09-28
no_split,last_14,2026-9-14,2026-9-28,12,2026.0,BAL,411.0,7.3%,29.0%,0.3,0.228,0.29,0.434,0.725,0.206,0.274,48.0,-0.9,0.314,102.0,2026-09-28
no_split,last_14,2026-9-14,2026-9-28,13,2026.0,NYM,507.0,9.7%,20.3%,0.5,0.248,0.323,0.392,0.716,0.144,0.286,59.0,-1.3,0.313,99.0,2026-09-28
no_split,last_14,2026-9-14,2026-9-28,14,2026.0,NYY,459.0,8.5%,25.7%,0.3,0.234,0.298,0.41,0.708,0.176,0.277,52.0,-2.5,0.31,97.0,2026-09-28
no_split,last_14,2026-9-14,2026-9-28,15,2026.0,MIA,465.0,8.0%,21.9%,0.4,0.246,0.316,0.4,0.716,0.153,0.291,54.0,-1.1,0.314,96.0,2026-09-28
no_split,last_14,2026-9-14,2026-9-28,16,2026.0,COL,493.0,6.1%,20.7%,0.3,0.265,0.318,0.44,0.758,0.175,0.311,63.0,4.9,0.329,94.0,2026-09-28
no_split,last_14,2026-9-14,2026-9-28,17,2026.0,MIL,456.0,10.5%,27.2%,0.4,0.248,0.329,0.358,0.687,0.11,0.336,51.0,-3.3,0.308,94.0,2026-09-28
no_split,last_14,2026-9-14,2026-9-28,18,2026.0,LAA,508.0,9.8%,26.4%,0.4,0.239,0.328,0.334,0.662,0.095,0.32,53.0,-7.0,0.299,91.0,2026-09-28
no_split,last_14,2026-9-14,2026-9-28,19,2026.0,MIN,497.0,6.0%,21.9%,0.3,0.25,0.299,0.39,0.689,0.14,0.298,52.0,-6.5,0.3,90.0,2026-09-28
no_split,last_14,2026-9-14,2026-9-28,20,2026.0,ATL,448.0,7.6%,22.1%,0.3,0.233,0.294,0.393,0.687,0.16,0.268,48.0,-5.4,0.302,89.0,2026-09-28
no_split,last_14,2026-9-14,2026-9-28,21,2026.0,TEX,430.0,8.6%,25.3%,0.3,0.222,0.305,0.35,0.655,0.128,0.281,43.0,-8.4,0.292,87.0,2026-09-28
no_split,last_14,2026-9-14,2026-9-28,22,2026.0,ATH,432.0,6.7%,22.5%,0.3,0.239,0.295,0.377,0.672,0.138,0.29,44.0,-6.7,0.297,80.0,2026-09-28
no_split,last_14,2026-9-14,2026-9-28,23,2026.0,TBR,477.0,8.4%,23.9%,0.4,0.228,0.296,0.34,0.636,0.113,0.291,44.0,-12.3,0.284,79.0,2026-09-28
no_split,last_14,2026-9-14,2026-9-28,24,2026.0,PHI,454.0,12.8%,17.6%,0.7,0.21,0.313,0.325,0.638,0.114,0.247,44.0,-9.6,0.29,78.0,2026-09-28
no_split,last_14,2026-9-14,2026-9-28,25,2026.0,WSN,399.0,7.8%,21.3%,0.4,0.223,0.285,0.37,0.655,0.148,0.255,38.0,-9.3,0.287,77.0,2026-09-28
no_split,last_14,2026-9-14,2026-9-28,26,2026.0,TOR,435.0,9.0%,16.3%,0.5,0.226,0.303,0.314,0.617,0.088,0.262,39.0,-12.9,0.28,77.0,2026-09-28
no_split,last_14,2026-9-14,2026-9-28,27,2026.0,CIN,456.0,6.4%,26.5%,0.2,0.214,0.27,0.356,0.626,0.143,0.264,39.0,-15.0,0.275,70.0,2026-09-28
no_split,last_14,2026-9-14,2026-9-28,28,2026.0,BOS,428.0,8.6%,25.2%,0.3,0.203,0.282,0.313,0.595,0.111,0.261,34.0,-16.5,0.269,66.0,2026-09-28
no_split,last_14,2026-9-14,2026-9-28,29,2026.0,SFG,438.0,7.5%,31.3%,0.2,0.214,0.279,0.306,0.585,0.092,0.311,33.0,-19.0,0.264,65.0,2026-09-28
no_split,last_14,2026-9-14,2026-9-28,30,2026.0,STL,434.0,7.6%,28.3%,0.3,0.189,0.26,0.296,0.556,0.107,0.244,29.0,-22.6,0.252,57.0,2026-09-28
no_split,last_7,2026-9-21,2026-9-28,1,2026.0,HOU,255.0,11.0%,23.9%,0.5,0.294,0.373,0.588,0.961,0.294,0.327,48.0,18.3,0.404,165.0,2026-09-28
no_split,last_7,2026-9-21,2026-9-28,2,2026.0,ARI,245.0,9.0%,16.3%,0.6,0.3,0.367,0.512,0.879,0.212,0.327,41.0,12.3,0.379,140.0,2026-09-28
no_split,last_7,2026-9-21,2026-9-28,3,2026.0,CHW,239.0,7.5%,21.8%,0.3,0.284,0.353,0.498,0.851,0.213,0.32,38.0,9.9,0.367,139.0,2026-09-28
no_split,last_7,2026-9-21,2026-9-28,4,2026.0,KCR,228.0,6.6%,18.9%,0.3,0.308,0.357,0.505,0.862,0.197,0.352,37.0,10.2,0.372,138.0,2026-09-28
no_split,last_7,2026-9-21,2026-9-28,5,2026.0,DET,233.0,11.6%,24.5%,0.5,0.249,0.349,0.453,0.802,0.204,0.309,34.0,6.8,0.353,126.0,2026-09-28
no_split,last_7,2026-9-21,2026-9-28,6,2026.0,CLE,241.0,10.8%,15.8%,0.7,0.255,0.338,0.457,0.794,0.202,0.262,34.0,5.6,0.345,122.0,2026-09-28
no_split,last_7,2026-9-21,2026-9-28,7,2026.0,BAL,182.0,9.3%,29.7%,0.3,0.239,0.313,0.472,0.786,0.233,0.29,25.0,3.4,0.338,121.0,2026-09-28
no_split,last_7,2026-9-21,2026-9-28,8,2026.0,LAA,241.0,10.8%,24.5%,0.4,0.263,0.351,0.388,0.739,0.124,0.338,32.0,3.0,0.331,113.0,2026-09-28
no_split,last_7,2026-9-21,2026-9-28,9,2026.0,ATH,227.0,7.9%,19.4%,0.4,0.278,0.342,0.444,0.786,0.166,0.329,32.0,5.2,0.345,113.0,2026-09-28
no_split,last_7,2026-9-21,2026-9-28,10,2026.0,SEA,238.0,13.0%,20.2%,0.6,0.251,0.357,0.345,0.702,0.094,0.314,28.0,0.2,0.318,109.0,2026-09-28
no_split,last_7,2026-9-21,2026-9-28,11,2026.0,NYM,235.0,10.2%,20.0%,0.5,0.237,0.315,0.435,0.75,0.198,0.255,29.0,0.8,0.32,104.0,2026-09-28
no_split,last_7,2026-9-21,2026-9-28,12,2026.0,MIL,222.0,9.0%,27.0%,0.3,0.269,0.336,0.391,0.727,0.122,0.358,27.0,1.1,0.323,104.0,2026-09-28
no_split,last_7,2026-9-21,2026-9-28,13,2026.0,MIN,214.0,7.0%,20.1%,0.3,0.245,0.299,0.423,0.723,0.179,0.277,25.0,-0.5,0.314,100.0,2026-09-28
no_split,last_7,2026-9-21,2026-9-28,14,2026.0,MIA,227.0,6.6%,18.1%,0.4,0.254,0.32,0.4,0.72,0.146,0.287,27.0,0.1,0.317,98.0,2026-09-28
no_split,last_7,2026-9-21,2026-9-28,15,2026.0,LAD,231.0,9.1%,22.5%,0.4,0.243,0.316,0.393,0.709,0.15,0.289,26.0,-1.0,0.312,96.0,2026-09-28
no_split,last_7,2026-9-21,2026-9-28,16,2026.0,SDP,229.0,7.9%,23.1%,0.3,0.26,0.329,0.358,0.687,0.098,0.329,25.0,-2.2,0.306,95.0,2026-09-28
no_split,last_7,2026-9-21,2026-9-28,17,2026.0,NYY,213.0,8.5%,30.5%,0.3,0.229,0.296,0.391,0.686,0.161,0.303,23.0,-2.5,0.302,92.0,2026-09-28
no_split,last_7,2026-9-21,2026-9-28,18,2026.0,CIN,222.0,6.3%,27.9%,0.2,0.229,0.284,0.415,0.698,0.185,0.281,24.0,-2.2,0.304,89.0,2026-09-28
no_split,last_7,2026-9-21,2026-9-28,19,2026.0,TBR,265.0,7.2%,22.6%,0.3,0.244,0.298,0.358,0.656,0.114,0.304,26.0,-5.6,0.29,83.0,2026-09-28
no_split,last_7,2026-9-21,2026-9-28,20,2026.0,TOR,212.0,8.5%,17.9%,0.5,0.223,0.299,0.335,0.634,0.112,0.262,20.0,-5.6,0.285,80.0,2026-09-28
no_split,last_7,2026-9-21,2026-9-28,21,2026.0,COL,222.0,5.0%,23.4%,0.2,0.236,0.282,0.433,0.715,0.197,0.264,24.0,-2.1,0.307,79.0,2026-09-28
no_split,last_7,2026-9-21,2026-9-28,22,2026.0,CHC,234.0,8.5%,21.8%,0.4,0.23,0.308,0.33,0.638,0.1,0.288,21.0,-6.6,0.281,77.0,2026-09-28
no_split,last_7,2026-9-21,2026-9-28,23,2026.0,TEX,207.0,4.8%,26.6%,0.2,0.207,0.267,0.356,0.623,0.149,0.25,18.0,-6.8,0.276,75.0,2026-09-28
no_split,last_7,2026-9-21,2026-9-28,24,2026.0,PIT,211.0,8.1%,25.1%,0.3,0.216,0.282,0.358,0.64,0.142,0.271,19.0,-5.6,0.284,74.0,2026-09-28
no_split,last_7,2026-9-21,2026-9-28,25,2026.0,PHI,220.0,10.5%,16.4%,0.6,0.211,0.297,0.33,0.627,0.119,0.244,20.0,-5.9,0.283,74.0,2026-09-28
no_split,last_7,2026-9-21,2026-9-28,26,2026.0,WSN,209.0,7.2%,23.9%,0.3,0.215,0.273,0.361,0.634,0.147,0.25,18.0,-6.3,0.279,73.0,2026-09-28
no_split,last_7,2026-9-21,2026-9-28,27,2026.0,ATL,221.0,6.8%,19.9%,0.3,0.211,0.269,0.342,0.611,0.131,0.237,18.0,-8.1,0.27,68.0,2026-09-28
no_split,last_7,2026-9-21,2026-9-28,28,2026.0,BOS,209.0,9.6%,26.3%,0.4,0.214,0.293,0.299,0.593,0.086,0.292,17.0,-7.9,0.271,67.0,2026-09-28
no_split,last_7,2026-9-21,2026-9-28,29,2026.0,SFG,207.0,5.8%,33.8%,0.2,0.201,0.25,0.265,0.515,0.063,0.308,10.0,-14.2,0.232,45.0,2026-09-28
no_split,last_7,2026-9-21,2026-9-28,30,2026.0,STL,204.0,7.4%,35.3%,0.2,0.156,0.23,0.28,0.51,0.124,0.213,10.0,-14.0,0.232,43.0,2026-09-28
vs_lhp,season,2026-3-18,2026-9-28,1,2026.0,CHC,1699.0,10.4%,20.8%,0.5,0.263,0.349,0.447,0.795,0.183,0.304,245.0,43.4,0.348,122.0,2026-09-28
vs_lhp,season,2026-3-18,2026-9-28,2,2026.0,TEX,1785.0,8.6%,23.9%,0.4,0.261,0.333,0.43,0.763,0.169,0.319,236.0,24.5,0.334,116.0,2026-09-28
vs_lhp,season,2026-3-18,2026-9-28,3,2026.0,ARI,1674.0,8.8%,18.2%,0.5,0.275,0.341,0.441,0.782,0.166,0.315,230.0,31.7,0.34,114.0,2026-09-28
vs_lhp,season,2026-3-18,2026-9-28,4,2026.0,WSN,1865.0,9.2%,23.7%,0.4,0.26,0.335,0.438,0.773,0.178,0.319,254.0,33.4,0.339,112.0,2026-09-28
vs_lhp,season,2026-3-18,2026-9-28,5,2026.0,CHW,1818.0,9.9%,24.4%,0.4,0.239,0.328,0.423,0.751,0.184,0.287,234.0,19.1,0.329,111.0,2026-09-28
vs_lhp,season,2026-3-18,2026-9-28,6,2026.0,LAD,1947.0,9.3%,20.0%,0.5,0.251,0.33,0.426,0.756,0.175,0.286,253.0,22.7,0.331,109.0,2026-09-28
vs_lhp,season,2026-3-18,2026-9-28,7,2026.0,NYY,1963.0,8.9%,24.4%,0.4,0.245,0.316,0.417,0.733,0.172,0.297,239.0,6.3,0.32,105.0,2026-09-28
vs_lhp,season,2026-3-18,2026-9-28,8,2026.0,BOS,1686.0,9.0%,21.7%,0.4,0.248,0.326,0.408,0.734,0.16,0.297,209.0,9.3,0.323,104.0,2026-09-28
vs_lhp,season,2026-3-18,2026-9-28,9,2026.0,DET,1794.0,10.2%,23.2%,0.4,0.24,0.323,0.388,0.711,0.148,0.298,210.0,-2.0,0.315,100.0,2026-09-28
vs_lhp,season,2026-3-18,2026-9-28,10,2026.0,HOU,1526.0,7.9%,21.0%,0.4,0.238,0.309,0.404,0.713,0.166,0.273,175.0,-5.6,0.312,100.0,2026-09-28
vs_lhp,season,2026-3-18,2026-9-28,11,2026.0,BAL,1901.0,9.3%,26.5%,0.4,0.233,0.309,0.392,0.702,0.159,0.29,213.0,-12.5,0.308,98.0,2026-09-28
vs_lhp,season,2026-3-18,2026-9-28,12,2026.0,SDP,1526.0,8.2%,21.7%,0.4,0.249,0.316,0.39,0.705,0.141,0.298,172.0,-8.4,0.31,98.0,2026-09-28
vs_lhp,season,2026-3-18,2026-9-28,13,2026.0,MIL,1924.0,10.1%,21.2%,0.5,0.245,0.327,0.379,0.706,0.134,0.299,222.0,-6.0,0.312,97.0,2026-09-28
vs_lhp,season,2026-3-18,2026-9-28,14,2026.0,CIN,1553.0,10.3%,25.4%,0.4,0.238,0.319,0.398,0.717,0.16,0.292,183.0,-1.2,0.315,96.0,2026-09-28
vs_lhp,season,2026-3-18,2026-9-28,15,2026.0,LAA,1789.0,8.4%,24.8%,0.3,0.24,0.312,0.382,0.694,0.142,0.298,196.0,-15.4,0.306,95.0,2026-09-28
vs_lhp,season,2026-3-18,2026-9-28,16,2026.0,STL,1876.0,8.9%,20.1%,0.4,0.237,0.314,0.383,0.697,0.146,0.273,210.0,-12.5,0.308,95.0,2026-09-28
vs_lhp,season,2026-3-18,2026-9-28,17,2026.0,ATH,1925.0,7.5%,24.3%,0.3,0.25,0.313,0.411,0.724,0.161,0.304,230.0,2.4,0.318,95.0,2026-09-28
vs_lhp,season,2026-3-18,2026-9-28,18,2026.0,PHI,1915.0,8.9%,21.8%,0.4,0.241,0.317,0.388,0.705,0.147,0.286,220.0,-6.5,0.312,93.0,2026-09-28
vs_lhp,season,2026-3-18,2026-9-28,19,2026.0,KCR,1907.0,7.9%,21.8%,0.4,0.247,0.315,0.385,0.699,0.138,0.3,211.0,-14.7,0.307,92.0,2026-09-28
vs_lhp,season,2026-3-18,2026-9-28,20,2026.0,SEA,2071.0,9.4%,23.9%,0.4,0.223,0.307,0.348,0.654,0.125,0.272,206.0,-39.3,0.293,92.0,2026-09-28
vs_lhp,season,2026-3-18,2026-9-28,21,2026.0,NYM,1825.0,8.5%,22.6%,0.4,0.231,0.302,0.385,0.688,0.154,0.271,197.0,-19.3,0.303,92.0,2026-09-28
vs_lhp,season,2026-3-18,2026-9-28,22,2026.0,MIN,1913.0,8.5%,22.2%,0.4,0.234,0.313,0.365,0.678,0.131,0.286,205.0,-21.3,0.303,92.0,2026-09-28
vs_lhp,season,2026-3-18,2026-9-28,23,2026.0,PIT,1982.0,8.3%,25.3%,0.3,0.248,0.316,0.385,0.701,0.137,0.313,225.0,-9.6,0.311,92.0,2026-09-28
vs_lhp,season,2026-3-18,2026-9-28,24,2026.0,ATL,2039.0,7.0%,21.4%,0.3,0.24,0.3,0.396,0.696,0.156,0.28,223.0,-18.0,0.306,91.0,2026-09-28
vs_lhp,season,2026-3-18,2026-9-28,25,2026.0,CLE,1948.0,9.9%,21.3%,0.5,0.23,0.314,0.361,0.675,0.131,0.275,206.0,-25.0,0.301,91.0,2026-09-28
vs_lhp,season,2026-3-18,2026-9-28,26,2026.0,TBR,1972.0,7.9%,18.1%,0.4,0.248,0.315,0.364,0.678,0.116,0.29,207.0,-26.5,0.3,90.0,2026-09-28
vs_lhp,season,2026-3-18,2026-9-28,27,2026.0,MIA,1682.0,8.7%,22.9%,0.4,0.235,0.314,0.37,0.685,0.135,0.29,182.0,-17.6,0.304,89.0,2026-09-28
vs_lhp,season,2026-3-18,2026-9-28,28,2026.0,TOR,1777.0,7.9%,19.6%,0.4,0.23,0.298,0.362,0.66,0.132,0.266,176.0,-34.4,0.293,86.0,2026-09-28
vs_lhp,season,2026-3-18,2026-9-28,29,2026.0,SFG,1846.0,6.7%,23.8%,0.3,0.233,0.289,0.369,0.658,0.136,0.289,179.0,-39.3,0.29,84.0,2026-09-28
vs_lhp,season,2026-3-18,2026-9-28,30,2026.0,COL,1979.0,7.4%,24.5%,0.3,0.254,0.317,0.396,0.713,0.142,0.322,228.0,-6.2,0.313,84.0,2026-09-28
vs_lhp,last_30,2026-8-29,2026-9-28,1,2026.0,TEX,371.0,7.8%,22.9%,0.3,0.296,0.357,0.482,0.839,0.186,0.355,58.0,13.6,0.363,135.0,2026-09-28
vs_lhp,last_30,2026-8-29,2026-9-28,2,2026.0,DET,329.0,9.7%,24.6%,0.4,0.292,0.368,0.464,0.832,0.172,0.378,52.0,12.9,0.363,135.0,2026-09-28
vs_lhp,last_30,2026-8-29,2026-9-28,3,2026.0,SDP,247.0,7.7%,19.0%,0.4,0.306,0.366,0.47,0.836,0.164,0.351,38.0,9.2,0.362,134.0,2026-09-28
vs_lhp,last_30,2026-8-29,2026-9-28,4,2026.0,CHW,304.0,12.5%,24.3%,0.5,0.237,0.359,0.443,0.801,0.206,0.284,45.0,9.1,0.353,128.0,2026-09-28
vs_lhp,last_30,2026-8-29,2026-9-28,5,2026.0,LAD,376.0,12.2%,18.1%,0.7,0.248,0.354,0.466,0.82,0.217,0.268,57.0,12.9,0.358,128.0,2026-09-28
vs_lhp,last_30,2026-8-29,2026-9-28,6,2026.0,PIT,335.0,8.4%,21.8%,0.4,0.292,0.36,0.468,0.829,0.176,0.352,52.0,12.6,0.363,127.0,2026-09-28
vs_lhp,last_30,2026-8-29,2026-9-28,7,2026.0,NYY,310.0,8.1%,21.6%,0.4,0.287,0.343,0.433,0.776,0.145,0.343,42.0,5.7,0.34,118.0,2026-09-28
vs_lhp,last_30,2026-8-29,2026-9-28,8,2026.0,ATH,226.0,9.3%,20.8%,0.4,0.269,0.347,0.443,0.789,0.174,0.315,32.0,5.7,0.348,116.0,2026-09-28
vs_lhp,last_30,2026-8-29,2026-9-28,9,2026.0,CHC,280.0,8.9%,15.0%,0.6,0.252,0.327,0.447,0.774,0.195,0.26,38.0,4.8,0.338,116.0,2026-09-28
vs_lhp,last_30,2026-8-29,2026-9-28,10,2026.0,SEA,470.0,10.0%,21.7%,0.5,0.257,0.338,0.389,0.727,0.132,0.312,57.0,1.7,0.321,112.0,2026-09-28
vs_lhp,last_30,2026-8-29,2026-9-28,11,2026.0,TOR,296.0,8.1%,14.2%,0.6,0.256,0.322,0.429,0.751,0.173,0.269,38.0,3.1,0.329,112.0,2026-09-28
vs_lhp,last_30,2026-8-29,2026-9-28,12,2026.0,LAA,308.0,7.8%,24.4%,0.3,0.268,0.33,0.404,0.734,0.136,0.337,38.0,1.1,0.321,106.0,2026-09-28
vs_lhp,last_30,2026-8-29,2026-9-28,13,2026.0,HOU,288.0,6.9%,21.5%,0.3,0.241,0.307,0.433,0.74,0.192,0.275,35.0,0.8,0.32,105.0,2026-09-28
vs_lhp,last_30,2026-8-29,2026-9-28,14,2026.0,MIL,344.0,8.7%,20.3%,0.4,0.254,0.328,0.409,0.738,0.155,0.299,43.0,1.9,0.324,104.0,2026-09-28
vs_lhp,last_30,2026-8-29,2026-9-28,15,2026.0,ARI,266.0,8.3%,20.7%,0.4,0.261,0.323,0.408,0.731,0.147,0.309,32.0,0.7,0.32,101.0,2026-09-28
vs_lhp,last_30,2026-8-29,2026-9-28,16,2026.0,WSN,323.0,8.7%,22.9%,0.4,0.258,0.323,0.415,0.738,0.157,0.314,40.0,1.5,0.323,101.0,2026-09-28
vs_lhp,last_30,2026-8-29,2026-9-28,17,2026.0,PHI,384.0,7.8%,19.3%,0.4,0.246,0.312,0.407,0.719,0.16,0.286,46.0,0.1,0.317,96.0,2026-09-28
vs_lhp,last_30,2026-8-29,2026-9-28,18,2026.0,CLE,422.0,6.6%,17.1%,0.4,0.237,0.298,0.398,0.696,0.161,0.254,46.0,-3.5,0.306,96.0,2026-09-28
vs_lhp,last_30,2026-8-29,2026-9-28,19,2026.0,COL,417.0,6.7%,23.0%,0.3,0.268,0.326,0.419,0.745,0.151,0.335,52.0,2.4,0.325,91.0,2026-09-28
vs_lhp,last_30,2026-8-29,2026-9-28,20,2026.0,NYM,380.0,9.2%,19.7%,0.5,0.219,0.295,0.368,0.663,0.149,0.243,37.0,-7.5,0.292,84.0,2026-09-28
vs_lhp,last_30,2026-8-29,2026-9-28,21,2026.0,TBR,422.0,9.5%,17.5%,0.5,0.243,0.321,0.334,0.655,0.092,0.288,41.0,-8.8,0.29,83.0,2026-09-28
vs_lhp,last_30,2026-8-29,2026-9-28,22,2026.0,CIN,375.0,8.3%,26.9%,0.3,0.232,0.296,0.375,0.671,0.144,0.288,38.0,-6.3,0.295,83.0,2026-09-28
vs_lhp,last_30,2026-8-29,2026-9-28,23,2026.0,BAL,323.0,9.0%,29.1%,0.3,0.21,0.291,0.343,0.634,0.133,0.274,30.0,-8.7,0.283,81.0,2026-09-28
vs_lhp,last_30,2026-8-29,2026-9-28,24,2026.0,KCR,294.0,8.8%,23.8%,0.4,0.238,0.313,0.338,0.651,0.1,0.309,28.0,-7.3,0.286,78.0,2026-09-28
vs_lhp,last_30,2026-8-29,2026-9-28,25,2026.0,SFG,384.0,7.3%,25.0%,0.3,0.221,0.28,0.353,0.634,0.132,0.276,34.0,-11.0,0.281,78.0,2026-09-28
vs_lhp,last_30,2026-8-29,2026-9-28,26,2026.0,MIA,299.0,6.0%,22.4%,0.3,0.235,0.296,0.349,0.646,0.114,0.297,28.0,-7.4,0.287,77.0,2026-09-28
vs_lhp,last_30,2026-8-29,2026-9-28,27,2026.0,STL,276.0,5.4%,27.9%,0.2,0.229,0.279,0.34,0.619,0.111,0.299,23.0,-9.4,0.274,72.0,2026-09-28
vs_lhp,last_30,2026-8-29,2026-9-28,28,2026.0,BOS,396.0,8.3%,24.0%,0.3,0.213,0.289,0.328,0.616,0.115,0.265,34.0,-12.5,0.277,72.0,2026-09-28
vs_lhp,last_30,2026-8-29,2026-9-28,29,2026.0,MIN,356.0,4.8%,22.8%,0.2,0.224,0.275,0.347,0.621,0.123,0.274,30.0,-12.4,0.274,72.0,2026-09-28
vs_lhp,last_30,2026-8-29,2026-9-28,30,2026.0,ATL,259.0,5.4%,25.1%,0.2,0.209,0.255,0.311,0.566,0.102,0.264,17.0,-13.4,0.252,56.0,2026-09-28
vs_lhp,last_14,2026-9-14,2026-9-28,1,2026.0,SDP,69.0,4.3%,17.4%,0.2,0.349,0.406,0.571,0.977,0.222,0.383,14.0,6.0,0.424,175.0,2026-09-28
vs_lhp,last_14,2026-9-14,2026-9-28,2,2026.0,DET,144.0,11.1%,22.9%,0.5,0.32,0.406,0.552,0.958,0.232,0.395,29.0,11.5,0.415,170.0,2026-09-28
vs_lhp,last_14,2026-9-14,2026-9-28,3,2026.0,PIT,151.0,8.6%,21.2%,0.4,0.306,0.38,0.515,0.895,0.209,0.358,27.0,9.2,0.39,146.0,2026-09-28
vs_lhp,last_14,2026-9-14,2026-9-28,4,2026.0,LAD,179.0,10.1%,16.8%,0.6,0.273,0.346,0.509,0.856,0.236,0.281,29.0,7.8,0.37,135.0,2026-09-28
vs_lhp,last_14,2026-9-14,2026-9-28,5,2026.0,CHW,203.0,11.8%,22.2%,0.5,0.25,0.355,0.483,0.837,0.233,0.283,32.0,7.6,0.362,134.0,2026-09-28
vs_lhp,last_14,2026-9-14,2026-9-28,6,2026.0,ARI,73.0,8.2%,23.3%,0.4,0.299,0.356,0.478,0.834,0.179,0.375,11.0,2.8,0.364,132.0,2026-09-28
vs_lhp,last_14,2026-9-14,2026-9-28,7,2026.0,CLE,224.0,7.1%,16.1%,0.4,0.261,0.318,0.478,0.796,0.217,0.266,31.0,4.9,0.344,121.0,2026-09-28
vs_lhp,last_14,2026-9-14,2026-9-28,8,2026.0,SEA,216.0,10.6%,23.1%,0.5,0.262,0.349,0.39,0.739,0.128,0.328,27.0,1.9,0.327,116.0,2026-09-28
vs_lhp,last_14,2026-9-14,2026-9-28,9,2026.0,LAA,153.0,7.2%,24.8%,0.3,0.289,0.351,0.407,0.758,0.119,0.368,20.0,2.0,0.331,114.0,2026-09-28
vs_lhp,last_14,2026-9-14,2026-9-28,10,2026.0,KCR,110.0,4.5%,19.1%,0.2,0.307,0.343,0.426,0.768,0.119,0.367,14.0,1.3,0.333,111.0,2026-09-28
vs_lhp,last_14,2026-9-14,2026-9-28,11,2026.0,TEX,155.0,9.0%,25.2%,0.4,0.259,0.338,0.393,0.73,0.133,0.337,19.0,0.6,0.322,107.0,2026-09-28
vs_lhp,last_14,2026-9-14,2026-9-28,12,2026.0,NYY,109.0,9.2%,22.0%,0.4,0.232,0.303,0.424,0.727,0.192,0.257,13.0,0.2,0.318,104.0,2026-09-28
vs_lhp,last_14,2026-9-14,2026-9-28,13,2026.0,TOR,107.0,7.5%,12.1%,0.6,0.253,0.321,0.389,0.71,0.137,0.272,13.0,0.1,0.314,103.0,2026-09-28
vs_lhp,last_14,2026-9-14,2026-9-28,14,2026.0,WSN,169.0,9.5%,18.9%,0.5,0.25,0.321,0.426,0.747,0.176,0.281,21.0,1.2,0.325,103.0,2026-09-28
vs_lhp,last_14,2026-9-14,2026-9-28,15,2026.0,HOU,116.0,7.8%,19.8%,0.4,0.238,0.302,0.429,0.73,0.19,0.266,14.0,-0.2,0.314,103.0,2026-09-28
vs_lhp,last_14,2026-9-14,2026-9-28,16,2026.0,NYM,217.0,9.2%,17.1%,0.5,0.242,0.318,0.407,0.725,0.165,0.26,25.0,-0.2,0.315,100.0,2026-09-28
vs_lhp,last_14,2026-9-14,2026-9-28,17,2026.0,COL,171.0,6.4%,21.6%,0.3,0.26,0.32,0.448,0.768,0.188,0.31,22.0,1.8,0.331,95.0,2026-09-28
vs_lhp,last_14,2026-9-14,2026-9-28,18,2026.0,ATH,93.0,8.6%,22.6%,0.4,0.241,0.315,0.386,0.701,0.145,0.3,11.0,-0.3,0.311,92.0,2026-09-28
vs_lhp,last_14,2026-9-14,2026-9-28,19,2026.0,CHC,126.0,7.9%,14.3%,0.6,0.261,0.32,0.351,0.671,0.09,0.295,13.0,-1.7,0.298,90.0,2026-09-28
vs_lhp,last_14,2026-9-14,2026-9-28,20,2026.0,MIN,203.0,5.4%,19.7%,0.3,0.242,0.284,0.403,0.687,0.161,0.273,21.0,-3.4,0.295,88.0,2026-09-28
vs_lhp,last_14,2026-9-14,2026-9-28,21,2026.0,MIL,139.0,10.1%,21.6%,0.5,0.225,0.316,0.35,0.666,0.125,0.276,14.0,-2.2,0.301,87.0,2026-09-28
vs_lhp,last_14,2026-9-14,2026-9-28,22,2026.0,TBR,220.0,9.5%,19.5%,0.5,0.234,0.314,0.32,0.633,0.086,0.289,21.0,-5.3,0.287,81.0,2026-09-28
vs_lhp,last_14,2026-9-14,2026-9-28,23,2026.0,ATL,133.0,6.0%,21.1%,0.3,0.232,0.278,0.36,0.638,0.128,0.277,12.0,-3.8,0.281,76.0,2026-09-28
vs_lhp,last_14,2026-9-14,2026-9-28,24,2026.0,BOS,225.0,9.8%,22.7%,0.4,0.22,0.304,0.325,0.629,0.105,0.271,21.0,-5.9,0.284,76.0,2026-09-28
vs_lhp,last_14,2026-9-14,2026-9-28,25,2026.0,PHI,165.0,9.1%,18.8%,0.5,0.216,0.297,0.338,0.635,0.122,0.254,16.0,-4.0,0.286,75.0,2026-09-28
vs_lhp,last_14,2026-9-14,2026-9-28,26,2026.0,MIA,114.0,6.1%,18.4%,0.3,0.233,0.301,0.291,0.592,0.058,0.284,9.0,-4.3,0.272,67.0,2026-09-28
vs_lhp,last_14,2026-9-14,2026-9-28,27,2026.0,SFG,217.0,6.0%,25.8%,0.2,0.226,0.272,0.296,0.569,0.07,0.308,15.0,-11.1,0.255,59.0,2026-09-28
vs_lhp,last_14,2026-9-14,2026-9-28,28,2026.0,STL,113.0,6.2%,34.5%,0.2,0.181,0.239,0.257,0.496,0.076,0.266,5.0,-8.2,0.226,41.0,2026-09-28
vs_lhp,last_14,2026-9-14,2026-9-28,29,2026.0,BAL,125.0,9.6%,27.2%,0.4,0.153,0.24,0.243,0.483,0.09,0.197,5.0,-9.7,0.22,40.0,2026-09-28
vs_lhp,last_14,2026-9-14,2026-9-28,30,2026.0,CIN,150.0,4.7%,32.7%,0.1,0.141,0.187,0.197,0.384,0.056,0.198,0.0,-17.4,0.173,3.0,2026-09-28
vs_lhp,last_7,2026-9-21,2026-9-28,1,2026.0,TOR,48.0,10.4%,14.6%,0.7,0.35,0.438,0.55,0.988,0.2,0.394,10.0,4.2,0.426,182.0,2026-09-28
vs_lhp,last_7,2026-9-21,2026-9-28,2,2026.0,ATH,58.0,8.6%,20.7%,0.4,0.353,0.421,0.588,1.009,0.235,0.432,12.0,5.6,0.434,179.0,2026-09-28
vs_lhp,last_7,2026-9-21,2026-9-28,3,2026.0,CHW,85.0,7.1%,15.3%,0.5,0.26,0.329,0.61,0.94,0.351,0.228,16.0,5.6,0.394,162.0,2026-09-28
vs_lhp,last_7,2026-9-21,2026-9-28,4,2026.0,ARI,45.0,11.1%,20.0%,0.6,0.325,0.4,0.525,0.925,0.2,0.4,8.0,3.1,0.402,159.0,2026-09-28
vs_lhp,last_7,2026-9-21,2026-9-28,5,2026.0,DET,88.0,12.5%,21.6%,0.6,0.289,0.379,0.526,0.906,0.237,0.352,16.0,5.6,0.392,155.0,2026-09-28
vs_lhp,last_7,2026-9-21,2026-9-28,6,2026.0,LAA,82.0,8.5%,19.5%,0.4,0.338,0.4,0.465,0.865,0.127,0.396,14.0,4.1,0.381,146.0,2026-09-28
vs_lhp,last_7,2026-9-21,2026-9-28,7,2026.0,KCR,69.0,2.9%,17.4%,0.2,0.369,0.391,0.477,0.868,0.108,0.434,12.0,3.5,0.379,144.0,2026-09-28
vs_lhp,last_7,2026-9-21,2026-9-28,8,2026.0,CHC,63.0,6.3%,20.6%,0.3,0.31,0.349,0.414,0.763,0.103,0.391,8.0,0.9,0.334,115.0,2026-09-28
vs_lhp,last_7,2026-9-21,2026-9-28,9,2026.0,LAD,64.0,6.2%,17.2%,0.4,0.283,0.328,0.433,0.761,0.15,0.319,8.0,0.9,0.333,111.0,2026-09-28
vs_lhp,last_7,2026-9-21,2026-9-28,10,2026.0,PIT,66.0,9.1%,21.2%,0.4,0.271,0.348,0.407,0.755,0.136,0.326,9.0,1.1,0.337,110.0,2026-09-28
vs_lhp,last_7,2026-9-21,2026-9-28,11,2026.0,MIL,53.0,7.5%,18.9%,0.4,0.261,0.333,0.435,0.768,0.174,0.294,7.0,0.5,0.339,110.0,2026-09-28
vs_lhp,last_7,2026-9-21,2026-9-28,12,2026.0,HOU,57.0,7.0%,21.1%,0.3,0.235,0.298,0.451,0.749,0.216,0.263,7.0,0.2,0.315,109.0,2026-09-28
vs_lhp,last_7,2026-9-21,2026-9-28,13,2026.0,COL,86.0,5.8%,19.8%,0.3,0.286,0.333,0.481,0.814,0.195,0.316,12.0,1.8,0.348,107.0,2026-09-28
vs_lhp,last_7,2026-9-21,2026-9-28,14,2026.0,BAL,35.0,17.1%,31.4%,0.5,0.25,0.371,0.321,0.693,0.071,0.389,4.0,-0.2,0.307,105.0,2026-09-28
vs_lhp,last_7,2026-9-21,2026-9-28,15,2026.0,WSN,82.0,9.8%,20.7%,0.5,0.247,0.317,0.438,0.755,0.192,0.278,10.0,0.8,0.328,105.0,2026-09-28
vs_lhp,last_7,2026-9-21,2026-9-28,16,2026.0,NYM,140.0,9.3%,16.4%,0.6,0.232,0.307,0.448,0.755,0.216,0.229,17.0,0.7,0.32,105.0,2026-09-28
vs_lhp,last_7,2026-9-21,2026-9-28,17,2026.0,CLE,145.0,6.2%,17.9%,0.3,0.252,0.306,0.427,0.733,0.176,0.267,17.0,0.3,0.319,104.0,2026-09-28
vs_lhp,last_7,2026-9-21,2026-9-28,18,2026.0,SEA,109.0,11.9%,23.9%,0.5,0.253,0.349,0.316,0.664,0.063,0.338,12.0,-1.1,0.303,100.0,2026-09-28
vs_lhp,last_7,2026-9-21,2026-9-28,19,2026.0,MIN,71.0,5.6%,18.3%,0.3,0.262,0.296,0.415,0.711,0.154,0.288,8.0,-0.7,0.305,95.0,2026-09-28
vs_lhp,last_7,2026-9-21,2026-9-28,20,2026.0,TEX,71.0,5.6%,26.8%,0.2,0.222,0.282,0.397,0.679,0.175,0.256,7.0,-1.2,0.295,89.0,2026-09-28
vs_lhp,last_7,2026-9-21,2026-9-28,21,2026.0,SDP,30.0,3.3%,20.0%,0.2,0.222,0.3,0.259,0.559,0.037,0.286,2.0,-1.3,0.262,70.0,2026-09-28
vs_lhp,last_7,2026-9-21,2026-9-28,22,2026.0,ATL,70.0,2.9%,18.6%,0.2,0.221,0.243,0.382,0.625,0.162,0.245,6.0,-2.6,0.27,70.0,2026-09-28
vs_lhp,last_7,2026-9-21,2026-9-28,23,2026.0,BOS,134.0,8.2%,27.6%,0.3,0.23,0.299,0.295,0.594,0.066,0.321,11.0,-4.9,0.271,68.0,2026-09-28
vs_lhp,last_7,2026-9-21,2026-9-28,24,2026.0,MIA,91.0,3.3%,18.7%,0.2,0.247,0.289,0.306,0.595,0.059,0.299,7.0,-3.8,0.268,66.0,2026-09-28
vs_lhp,last_7,2026-9-21,2026-9-28,25,2026.0,NYY,55.0,5.5%,25.5%,0.2,0.212,0.255,0.308,0.562,0.096,0.27,4.0,-3.0,0.25,63.0,2026-09-28
vs_lhp,last_7,2026-9-21,2026-9-28,26,2026.0,TBR,114.0,7.0%,21.9%,0.3,0.217,0.272,0.255,0.527,0.038,0.275,6.0,-7.2,0.238,49.0,2026-09-28
vs_lhp,last_7,2026-9-21,2026-9-28,27,2026.0,PHI,70.0,5.7%,17.1%,0.3,0.2,0.257,0.246,0.503,0.046,0.245,3.0,-4.8,0.232,40.0,2026-09-28
vs_lhp,last_7,2026-9-21,2026-9-28,28,2026.0,SFG,106.0,1.9%,30.2%,0.1,0.216,0.229,0.255,0.483,0.039,0.31,4.0,-8.9,0.214,34.0,2026-09-28
vs_lhp,last_7,2026-9-21,2026-9-28,29,2026.0,CIN,47.0,0.0%,38.3%,0.0,0.109,0.128,0.196,0.323,0.087,0.148,-1.0,-6.6,0.143,-10.0,2026-09-28
vs_lhp,last_7,2026-9-21,2026-9-28,30,2026.0,STL,65.0,6.2%,43.1%,0.1,0.083,0.154,0.133,0.287,0.05,0.129,-2.0,-9.2,0.14,-12.0,2026-09-28
vs_rhp,season,2026-3-18,2026-9-28,1,2026.0,MIL,4375.0,10.8%,22.3%,0.5,0.264,0.347,0.413,0.759,0.149,0.324,582.0,64.0,0.335,112.0,2026-09-28
vs_rhp,season,2026-3-18,2026-9-28,2,2026.0,LAD,4267.0,10.5%,20.6%,0.5,0.259,0.342,0.424,0.765,0.164,0.302,571.0,65.7,0.336,112.0,2026-09-28
vs_rhp,season,2026-3-18,2026-9-28,3,2026.0,CHC,4683.0,10.6%,21.2%,0.5,0.247,0.335,0.422,0.757,0.175,0.286,616.0,61.1,0.332,112.0,2026-09-28
vs_rhp,season,2026-3-18,2026-9-28,4,2026.0,TBR,4134.0,8.7%,19.1%,0.5,0.263,0.332,0.42,0.751,0.157,0.299,533.0,43.8,0.33,110.0,2026-09-28
vs_rhp,season,2026-3-18,2026-9-28,5,2026.0,SEA,4018.0,9.0%,22.5%,0.4,0.238,0.317,0.395,0.712,0.157,0.282,471.0,-5.0,0.315,107.0,2026-09-28
vs_rhp,season,2026-3-18,2026-9-28,6,2026.0,HOU,4596.0,8.9%,22.2%,0.4,0.243,0.317,0.422,0.739,0.179,0.28,567.0,22.8,0.322,107.0,2026-09-28
vs_rhp,season,2026-3-18,2026-9-28,7,2026.0,MIN,4214.0,8.2%,20.7%,0.4,0.249,0.318,0.421,0.739,0.172,0.285,522.0,23.5,0.323,106.0,2026-09-28
vs_rhp,season,2026-3-18,2026-9-28,8,2026.0,PIT,4271.0,9.4%,23.5%,0.4,0.255,0.336,0.413,0.749,0.158,0.313,556.0,50.0,0.331,105.0,2026-09-28
vs_rhp,season,2026-3-18,2026-9-28,9,2026.0,MIA,4445.0,9.1%,21.4%,0.4,0.254,0.331,0.412,0.743,0.158,0.301,564.0,37.3,0.327,105.0,2026-09-28
vs_rhp,season,2026-3-18,2026-9-28,10,2026.0,SDP,4544.0,9.4%,21.5%,0.4,0.243,0.321,0.401,0.722,0.159,0.284,543.0,5.4,0.318,104.0,2026-09-28
vs_rhp,season,2026-3-18,2026-9-28,11,2026.0,BAL,4178.0,9.8%,24.3%,0.4,0.234,0.317,0.398,0.715,0.164,0.285,492.0,-3.2,0.315,103.0,2026-09-28
vs_rhp,season,2026-3-18,2026-9-28,12,2026.0,DET,4380.0,9.2%,22.7%,0.4,0.241,0.318,0.405,0.724,0.164,0.287,526.0,7.6,0.319,102.0,2026-09-28
vs_rhp,season,2026-3-18,2026-9-28,13,2026.0,SFG,4215.0,7.7%,21.4%,0.4,0.25,0.314,0.414,0.728,0.164,0.292,503.0,3.6,0.318,102.0,2026-09-28
vs_rhp,season,2026-3-18,2026-9-28,14,2026.0,CHW,4369.0,9.4%,24.1%,0.4,0.235,0.317,0.399,0.716,0.164,0.284,515.0,-2.1,0.316,102.0,2026-09-28
vs_rhp,season,2026-3-18,2026-9-28,15,2026.0,KCR,4176.0,8.6%,20.5%,0.4,0.248,0.317,0.41,0.727,0.162,0.286,503.0,8.4,0.319,100.0,2026-09-28
vs_rhp,season,2026-3-18,2026-9-28,16,2026.0,ATL,4014.0,8.0%,21.7%,0.4,0.25,0.314,0.416,0.73,0.166,0.289,484.0,8.5,0.319,100.0,2026-09-28
vs_rhp,season,2026-3-18,2026-9-28,17,2026.0,NYY,4034.0,9.8%,24.8%,0.4,0.229,0.309,0.405,0.714,0.176,0.271,468.0,-10.1,0.313,100.0,2026-09-28
vs_rhp,season,2026-3-18,2026-9-28,18,2026.0,CLE,4169.0,9.1%,20.6%,0.4,0.242,0.317,0.389,0.706,0.147,0.283,480.0,-13.8,0.312,99.0,2026-09-28
vs_rhp,season,2026-3-18,2026-9-28,19,2026.0,WSN,4330.0,8.8%,21.0%,0.4,0.24,0.315,0.416,0.731,0.176,0.274,523.0,10.2,0.319,99.0,2026-09-28
vs_rhp,season,2026-3-18,2026-9-28,20,2026.0,NYM,4286.0,8.7%,22.1%,0.4,0.242,0.313,0.4,0.712,0.158,0.283,496.0,-11.1,0.313,99.0,2026-09-28
vs_rhp,season,2026-3-18,2026-9-28,21,2026.0,TOR,4267.0,7.5%,18.7%,0.4,0.255,0.315,0.39,0.705,0.135,0.292,483.0,-21.8,0.31,98.0,2026-09-28
vs_rhp,season,2026-3-18,2026-9-28,22,2026.0,BOS,4427.0,8.3%,21.7%,0.4,0.244,0.317,0.394,0.71,0.15,0.292,512.0,-11.7,0.313,97.0,2026-09-28
vs_rhp,season,2026-3-18,2026-9-28,23,2026.0,TEX,4257.0,8.7%,22.6%,0.4,0.234,0.31,0.382,0.692,0.148,0.279,469.0,-35.2,0.306,97.0,2026-09-28
vs_rhp,season,2026-3-18,2026-9-28,24,2026.0,COL,4194.0,8.4%,22.1%,0.4,0.254,0.324,0.427,0.752,0.173,0.299,539.0,42.7,0.329,95.0,2026-09-28
vs_rhp,season,2026-3-18,2026-9-28,25,2026.0,ATH,4201.0,9.0%,21.6%,0.4,0.243,0.319,0.398,0.716,0.155,0.286,496.0,-1.6,0.316,93.0,2026-09-28
vs_rhp,season,2026-3-18,2026-9-28,26,2026.0,STL,4265.0,8.1%,21.8%,0.4,0.24,0.312,0.376,0.688,0.136,0.286,465.0,-39.7,0.305,93.0,2026-09-28
vs_rhp,season,2026-3-18,2026-9-28,27,2026.0,ARI,4474.0,8.8%,19.9%,0.4,0.235,0.309,0.388,0.697,0.152,0.271,496.0,-33.8,0.307,92.0,2026-09-28
vs_rhp,season,2026-3-18,2026-9-28,28,2026.0,PHI,4164.0,8.6%,21.6%,0.4,0.24,0.309,0.398,0.708,0.158,0.28,472.0,-20.9,0.31,91.0,2026-09-28
vs_rhp,season,2026-3-18,2026-9-28,29,2026.0,LAA,4300.0,8.4%,25.7%,0.3,0.231,0.309,0.363,0.672,0.132,0.297,451.0,-58.0,0.3,91.0,2026-09-28
vs_rhp,season,2026-3-18,2026-9-28,30,2026.0,CIN,4495.0,8.8%,25.6%,0.3,0.226,0.3,0.393,0.693,0.167,0.273,491.0,-40.8,0.305,89.0,2026-09-28
vs_rhp,last_30,2026-8-29,2026-9-28,1,2026.0,NYM,673.0,9.5%,20.2%,0.5,0.276,0.349,0.469,0.818,0.193,0.311,100.0,20.6,0.354,126.0,2026-09-28
vs_rhp,last_30,2026-8-29,2026-9-28,2,2026.0,CHC,776.0,10.2%,19.1%,0.5,0.265,0.351,0.458,0.809,0.193,0.296,114.0,22.3,0.352,125.0,2026-09-28
vs_rhp,last_30,2026-8-29,2026-9-28,3,2026.0,CLE,597.0,9.5%,16.9%,0.6,0.261,0.339,0.462,0.801,0.2,0.281,86.0,15.5,0.348,124.0,2026-09-28
vs_rhp,last_30,2026-8-29,2026-9-28,4,2026.0,MIL,711.0,11.4%,27.3%,0.4,0.28,0.361,0.436,0.797,0.156,0.37,103.0,18.9,0.349,122.0,2026-09-28
vs_rhp,last_30,2026-8-29,2026-9-28,5,2026.0,SEA,583.0,9.6%,22.3%,0.4,0.254,0.336,0.411,0.747,0.157,0.311,75.0,6.3,0.33,118.0,2026-09-28
vs_rhp,last_30,2026-8-29,2026-9-28,6,2026.0,SDP,806.0,8.2%,21.6%,0.4,0.272,0.336,0.447,0.783,0.175,0.322,110.0,14.4,0.339,118.0,2026-09-28
vs_rhp,last_30,2026-8-29,2026-9-28,7,2026.0,HOU,726.0,8.1%,24.0%,0.3,0.244,0.31,0.464,0.774,0.22,0.275,96.0,9.9,0.333,115.0,2026-09-28
vs_rhp,last_30,2026-8-29,2026-9-28,8,2026.0,LAD,674.0,11.6%,20.2%,0.6,0.251,0.348,0.412,0.759,0.161,0.292,91.0,10.9,0.337,112.0,2026-09-28
vs_rhp,last_30,2026-8-29,2026-9-28,9,2026.0,MIA,748.0,9.4%,23.0%,0.4,0.257,0.34,0.435,0.774,0.178,0.304,102.0,12.9,0.339,112.0,2026-09-28
vs_rhp,last_30,2026-8-29,2026-9-28,10,2026.0,KCR,685.0,8.3%,19.3%,0.4,0.249,0.317,0.436,0.753,0.187,0.276,88.0,7.2,0.33,108.0,2026-09-28
vs_rhp,last_30,2026-8-29,2026-9-28,11,2026.0,TBR,628.0,6.8%,21.5%,0.3,0.252,0.308,0.432,0.741,0.181,0.285,77.0,3.0,0.323,105.0,2026-09-28
vs_rhp,last_30,2026-8-29,2026-9-28,12,2026.0,MIN,666.0,8.6%,20.6%,0.4,0.244,0.32,0.413,0.733,0.169,0.277,82.0,2.9,0.322,105.0,2026-09-28
vs_rhp,last_30,2026-8-29,2026-9-28,13,2026.0,ARI,744.0,8.6%,21.0%,0.4,0.255,0.326,0.421,0.747,0.166,0.296,94.0,5.6,0.326,105.0,2026-09-28
vs_rhp,last_30,2026-8-29,2026-9-28,14,2026.0,NYY,704.0,8.2%,25.0%,0.3,0.243,0.307,0.411,0.718,0.168,0.286,82.0,-1.3,0.314,100.0,2026-09-28
vs_rhp,last_30,2026-8-29,2026-9-28,15,2026.0,ATL,740.0,8.1%,20.4%,0.4,0.247,0.312,0.417,0.729,0.17,0.277,89.0,1.2,0.318,100.0,2026-09-28
vs_rhp,last_30,2026-8-29,2026-9-28,16,2026.0,TOR,679.0,9.6%,18.9%,0.5,0.254,0.333,0.361,0.694,0.107,0.301,78.0,-2.4,0.312,99.0,2026-09-28
vs_rhp,last_30,2026-8-29,2026-9-28,17,2026.0,DET,764.0,11.1%,24.1%,0.5,0.228,0.328,0.373,0.701,0.145,0.288,89.0,-1.7,0.314,99.0,2026-09-28
vs_rhp,last_30,2026-8-29,2026-9-28,18,2026.0,BAL,651.0,8.0%,27.5%,0.3,0.227,0.295,0.408,0.704,0.181,0.279,73.0,-4.0,0.309,99.0,2026-09-28
vs_rhp,last_30,2026-8-29,2026-9-28,19,2026.0,SFG,633.0,10.0%,26.5%,0.4,0.24,0.321,0.37,0.691,0.131,0.313,71.0,-4.4,0.307,96.0,2026-09-28
vs_rhp,last_30,2026-8-29,2026-9-28,20,2026.0,PIT,643.0,9.2%,22.2%,0.4,0.243,0.321,0.382,0.703,0.139,0.296,74.0,-2.0,0.313,93.0,2026-09-28
vs_rhp,last_30,2026-8-29,2026-9-28,21,2026.0,BOS,635.0,7.9%,23.8%,0.3,0.231,0.304,0.39,0.694,0.159,0.283,70.0,-5.5,0.306,92.0,2026-09-28
vs_rhp,last_30,2026-8-29,2026-9-28,22,2026.0,CIN,604.0,7.1%,26.7%,0.3,0.234,0.293,0.408,0.701,0.174,0.285,67.0,-4.9,0.306,90.0,2026-09-28
vs_rhp,last_30,2026-8-29,2026-9-28,23,2026.0,CHW,764.0,9.9%,26.0%,0.4,0.213,0.304,0.351,0.655,0.138,0.269,77.0,-13.9,0.294,87.0,2026-09-28
vs_rhp,last_30,2026-8-29,2026-9-28,24,2026.0,TEX,635.0,8.8%,24.1%,0.4,0.212,0.297,0.354,0.651,0.143,0.254,62.0,-12.9,0.29,86.0,2026-09-28
vs_rhp,last_30,2026-8-29,2026-9-28,25,2026.0,ATH,773.0,7.2%,22.1%,0.3,0.236,0.298,0.395,0.693,0.158,0.274,85.0,-7.0,0.305,86.0,2026-09-28
vs_rhp,last_30,2026-8-29,2026-9-28,26,2026.0,STL,710.0,8.5%,22.7%,0.4,0.229,0.3,0.363,0.663,0.134,0.273,72.0,-12.5,0.295,86.0,2026-09-28
vs_rhp,last_30,2026-8-29,2026-9-28,27,2026.0,COL,606.0,5.9%,23.9%,0.2,0.25,0.303,0.42,0.723,0.171,0.303,71.0,-0.7,0.315,85.0,2026-09-28
vs_rhp,last_30,2026-8-29,2026-9-28,28,2026.0,LAA,721.0,9.0%,28.2%,0.3,0.214,0.305,0.324,0.629,0.11,0.291,67.0,-18.3,0.286,81.0,2026-09-28
vs_rhp,last_30,2026-8-29,2026-9-28,29,2026.0,PHI,623.0,11.2%,18.5%,0.6,0.213,0.302,0.323,0.625,0.109,0.249,57.0,-17.0,0.283,73.0,2026-09-28
vs_rhp,last_30,2026-8-29,2026-9-28,30,2026.0,WSN,599.0,8.2%,23.0%,0.4,0.221,0.286,0.347,0.633,0.125,0.273,53.0,-18.1,0.279,72.0,2026-09-28
vs_rhp,last_14,2026-9-14,2026-9-28,1,2026.0,HOU,350.0,8.6%,24.9%,0.3,0.275,0.34,0.559,0.899,0.284,0.298,60.0,18.6,0.381,149.0,2026-09-28
vs_rhp,last_14,2026-9-14,2026-9-28,2,2026.0,BAL,286.0,6.3%,29.7%,0.2,0.26,0.312,0.515,0.828,0.256,0.311,42.0,8.6,0.354,130.0,2026-09-28
vs_rhp,last_14,2026-9-14,2026-9-28,3,2026.0,SDP,446.0,7.8%,22.0%,0.4,0.291,0.351,0.469,0.819,0.178,0.346,66.0,13.5,0.355,128.0,2026-09-28
vs_rhp,last_14,2026-9-14,2026-9-28,4,2026.0,ARI,407.0,8.8%,20.4%,0.4,0.278,0.347,0.486,0.833,0.208,0.314,62.0,13.9,0.359,127.0,2026-09-28
vs_rhp,last_14,2026-9-14,2026-9-28,5,2026.0,CLE,234.0,12.0%,16.2%,0.7,0.256,0.346,0.443,0.79,0.187,0.272,33.0,5.3,0.345,122.0,2026-09-28
vs_rhp,last_14,2026-9-14,2026-9-28,6,2026.0,LAD,328.0,11.6%,19.8%,0.6,0.261,0.358,0.425,0.783,0.164,0.303,47.0,7.7,0.346,118.0,2026-09-28
vs_rhp,last_14,2026-9-14,2026-9-28,7,2026.0,CHC,343.0,9.6%,21.0%,0.5,0.25,0.335,0.428,0.763,0.178,0.291,45.0,4.6,0.333,112.0,2026-09-28
vs_rhp,last_14,2026-9-14,2026-9-28,8,2026.0,CHW,306.0,8.2%,27.1%,0.3,0.256,0.334,0.398,0.733,0.143,0.33,38.0,2.1,0.325,108.0,2026-09-28
vs_rhp,last_14,2026-9-14,2026-9-28,9,2026.0,KCR,340.0,7.9%,23.2%,0.3,0.253,0.319,0.435,0.754,0.182,0.3,44.0,3.6,0.33,108.0,2026-09-28
vs_rhp,last_14,2026-9-14,2026-9-28,10,2026.0,MIA,351.0,8.5%,23.1%,0.4,0.251,0.321,0.435,0.756,0.184,0.294,44.0,2.9,0.328,104.0,2026-09-28
vs_rhp,last_14,2026-9-14,2026-9-28,11,2026.0,CIN,306.0,7.2%,23.5%,0.3,0.251,0.31,0.437,0.748,0.186,0.294,38.0,2.2,0.325,103.0,2026-09-28
vs_rhp,last_14,2026-9-14,2026-9-28,12,2026.0,DET,370.0,11.6%,22.4%,0.5,0.233,0.336,0.353,0.689,0.12,0.296,43.0,-1.1,0.312,99.0,2026-09-28
vs_rhp,last_14,2026-9-14,2026-9-28,13,2026.0,NYM,290.0,10.0%,22.8%,0.4,0.253,0.328,0.381,0.709,0.128,0.306,33.0,-1.0,0.311,98.0,2026-09-28
vs_rhp,last_14,2026-9-14,2026-9-28,14,2026.0,MIL,317.0,10.7%,29.7%,0.4,0.258,0.334,0.362,0.696,0.104,0.364,36.0,-1.5,0.311,96.0,2026-09-28
vs_rhp,last_14,2026-9-14,2026-9-28,15,2026.0,NYY,350.0,8.3%,26.9%,0.3,0.234,0.297,0.405,0.702,0.171,0.283,39.0,-2.6,0.307,96.0,2026-09-28
vs_rhp,last_14,2026-9-14,2026-9-28,16,2026.0,ATL,315.0,8.3%,22.5%,0.4,0.234,0.3,0.408,0.708,0.174,0.264,36.0,-1.6,0.31,95.0,2026-09-28
vs_rhp,last_14,2026-9-14,2026-9-28,17,2026.0,COL,322.0,5.9%,20.2%,0.3,0.268,0.317,0.436,0.753,0.168,0.311,41.0,3.0,0.328,94.0,2026-09-28
vs_rhp,last_14,2026-9-14,2026-9-28,18,2026.0,SEA,244.0,10.2%,20.1%,0.5,0.22,0.311,0.346,0.657,0.126,0.265,25.0,-4.2,0.295,94.0,2026-09-28
vs_rhp,last_14,2026-9-14,2026-9-28,19,2026.0,MIN,294.0,6.5%,23.5%,0.3,0.256,0.31,0.381,0.691,0.126,0.316,32.0,-2.9,0.304,93.0,2026-09-28
vs_rhp,last_14,2026-9-14,2026-9-28,20,2026.0,PIT,289.0,7.6%,27.0%,0.3,0.234,0.3,0.41,0.71,0.176,0.297,33.0,-1.3,0.311,92.0,2026-09-28
vs_rhp,last_14,2026-9-14,2026-9-28,21,2026.0,LAA,355.0,11.0%,27.0%,0.4,0.218,0.318,0.302,0.62,0.084,0.298,33.0,-8.7,0.286,82.0,2026-09-28
vs_rhp,last_14,2026-9-14,2026-9-28,22,2026.0,PHI,289.0,14.9%,17.0%,0.9,0.207,0.323,0.316,0.639,0.11,0.242,29.0,-5.5,0.293,80.0,2026-09-28
vs_rhp,last_14,2026-9-14,2026-9-28,23,2026.0,ATH,339.0,6.2%,22.4%,0.3,0.238,0.29,0.375,0.665,0.137,0.287,34.0,-6.3,0.293,78.0,2026-09-28
vs_rhp,last_14,2026-9-14,2026-9-28,24,2026.0,TBR,257.0,7.4%,27.6%,0.3,0.223,0.28,0.357,0.637,0.134,0.292,23.0,-7.0,0.282,78.0,2026-09-28
vs_rhp,last_14,2026-9-14,2026-9-28,25,2026.0,TEX,275.0,8.4%,25.5%,0.3,0.201,0.287,0.326,0.613,0.126,0.248,23.0,-9.1,0.275,75.0,2026-09-28
vs_rhp,last_14,2026-9-14,2026-9-28,26,2026.0,SFG,221.0,9.0%,36.7%,0.2,0.202,0.286,0.316,0.602,0.114,0.315,18.0,-8.0,0.273,72.0,2026-09-28
vs_rhp,last_14,2026-9-14,2026-9-28,27,2026.0,TOR,328.0,9.5%,17.7%,0.5,0.217,0.297,0.29,0.586,0.072,0.259,26.0,-12.7,0.269,69.0,2026-09-28
vs_rhp,last_14,2026-9-14,2026-9-28,28,2026.0,STL,321.0,8.1%,26.2%,0.3,0.192,0.268,0.31,0.578,0.118,0.237,24.0,-14.4,0.261,63.0,2026-09-28
vs_rhp,last_14,2026-9-14,2026-9-28,29,2026.0,WSN,230.0,6.5%,23.0%,0.3,0.204,0.258,0.332,0.589,0.128,0.235,17.0,-10.4,0.259,60.0,2026-09-28
vs_rhp,last_14,2026-9-14,2026-9-28,30,2026.0,BOS,203.0,7.4%,28.1%,0.3,0.183,0.258,0.3,0.558,0.117,0.25,14.0,-10.4,0.252,55.0,2026-09-28
vs_rhp,last_7,2026-9-21,2026-9-28,1,2026.0,HOU,198.0,12.1%,24.7%,0.5,0.312,0.394,0.629,1.023,0.318,0.349,42.0,18.2,0.43,182.0,2026-09-28
vs_rhp,last_7,2026-9-21,2026-9-28,2,2026.0,CLE,96.0,17.7%,12.5%,1.4,0.26,0.385,0.506,0.892,0.247,0.254,17.0,5.2,0.384,149.0,2026-09-28
vs_rhp,last_7,2026-9-21,2026-9-28,3,2026.0,ARI,200.0,8.5%,15.5%,0.5,0.294,0.36,0.508,0.868,0.215,0.312,33.0,9.2,0.373,137.0,2026-09-28
vs_rhp,last_7,2026-9-21,2026-9-28,4,2026.0,KCR,159.0,8.2%,19.5%,0.4,0.28,0.342,0.517,0.859,0.238,0.311,26.0,6.8,0.369,136.0,2026-09-28
vs_rhp,last_7,2026-9-21,2026-9-28,5,2026.0,CHW,154.0,7.8%,25.3%,0.3,0.299,0.366,0.433,0.799,0.134,0.376,23.0,4.5,0.352,129.0,2026-09-28
vs_rhp,last_7,2026-9-21,2026-9-28,6,2026.0,BAL,147.0,7.5%,29.3%,0.3,0.237,0.299,0.504,0.803,0.267,0.268,21.0,3.4,0.345,125.0,2026-09-28
vs_rhp,last_7,2026-9-21,2026-9-28,7,2026.0,MIA,136.0,8.8%,17.6%,0.5,0.258,0.341,0.467,0.807,0.208,0.278,20.0,3.4,0.35,119.0,2026-09-28
vs_rhp,last_7,2026-9-21,2026-9-28,8,2026.0,CIN,175.0,8.0%,25.1%,0.3,0.264,0.326,0.478,0.804,0.214,0.315,25.0,4.4,0.347,118.0,2026-09-28
vs_rhp,last_7,2026-9-21,2026-9-28,9,2026.0,SEA,129.0,14.0%,17.1%,0.8,0.25,0.364,0.37,0.735,0.12,0.294,17.0,1.4,0.33,118.0,2026-09-28
vs_rhp,last_7,2026-9-21,2026-9-28,10,2026.0,TBR,151.0,7.3%,23.2%,0.3,0.264,0.318,0.436,0.754,0.171,0.327,19.0,1.6,0.329,111.0,2026-09-28
vs_rhp,last_7,2026-9-21,2026-9-28,11,2026.0,DET,145.0,11.0%,26.2%,0.4,0.224,0.331,0.408,0.739,0.184,0.28,19.0,1.5,0.329,110.0,2026-09-28
vs_rhp,last_7,2026-9-21,2026-9-28,12,2026.0,NYY,158.0,9.5%,32.3%,0.3,0.236,0.31,0.421,0.732,0.186,0.318,19.0,0.4,0.32,104.0,2026-09-28
vs_rhp,last_7,2026-9-21,2026-9-28,13,2026.0,NYM,95.0,11.6%,25.3%,0.5,0.244,0.326,0.415,0.741,0.171,0.298,11.0,0.2,0.32,104.0,2026-09-28
vs_rhp,last_7,2026-9-21,2026-9-28,14,2026.0,MIN,143.0,7.7%,21.0%,0.4,0.237,0.301,0.427,0.728,0.191,0.271,17.0,0.2,0.318,103.0,2026-09-28
vs_rhp,last_7,2026-9-21,2026-9-28,15,2026.0,MIL,169.0,9.5%,29.6%,0.3,0.272,0.337,0.377,0.715,0.106,0.38,20.0,0.2,0.318,101.0,2026-09-28
vs_rhp,last_7,2026-9-21,2026-9-28,16,2026.0,SDP,199.0,8.5%,23.6%,0.4,0.266,0.333,0.373,0.706,0.107,0.336,23.0,-0.8,0.313,99.0,2026-09-28
vs_rhp,last_7,2026-9-21,2026-9-28,17,2026.0,LAA,159.0,11.9%,27.0%,0.4,0.225,0.327,0.348,0.675,0.123,0.304,18.0,-1.3,0.306,96.0,2026-09-28
vs_rhp,last_7,2026-9-21,2026-9-28,18,2026.0,ATH,169.0,7.7%,18.9%,0.4,0.253,0.315,0.396,0.712,0.143,0.297,20.0,-0.4,0.314,93.0,2026-09-28
vs_rhp,last_7,2026-9-21,2026-9-28,19,2026.0,PHI,150.0,12.7%,16.0%,0.8,0.217,0.315,0.372,0.688,0.155,0.243,17.0,-1.1,0.307,90.0,2026-09-28
vs_rhp,last_7,2026-9-21,2026-9-28,20,2026.0,LAD,167.0,10.2%,24.6%,0.4,0.226,0.311,0.377,0.688,0.151,0.275,18.0,-1.9,0.304,90.0,2026-09-28
vs_rhp,last_7,2026-9-21,2026-9-28,21,2026.0,STL,139.0,7.9%,31.7%,0.2,0.19,0.266,0.349,0.615,0.159,0.247,12.0,-4.7,0.274,72.0,2026-09-28
vs_rhp,last_7,2026-9-21,2026-9-28,22,2026.0,ATL,151.0,8.6%,20.5%,0.4,0.206,0.282,0.321,0.602,0.115,0.232,12.0,-5.4,0.271,69.0,2026-09-28
vs_rhp,last_7,2026-9-21,2026-9-28,23,2026.0,BOS,75.0,12.0%,24.0%,0.5,0.185,0.284,0.308,0.591,0.123,0.239,6.0,-2.9,0.27,69.0,2026-09-28
vs_rhp,last_7,2026-9-21,2026-9-28,24,2026.0,TEX,136.0,4.4%,26.5%,0.2,0.2,0.259,0.336,0.595,0.136,0.247,10.0,-5.7,0.266,68.0,2026-09-28
vs_rhp,last_7,2026-9-21,2026-9-28,25,2026.0,CHC,171.0,9.4%,22.2%,0.4,0.199,0.292,0.298,0.59,0.099,0.245,13.0,-7.5,0.261,64.0,2026-09-28
vs_rhp,last_7,2026-9-21,2026-9-28,26,2026.0,COL,136.0,4.4%,25.7%,0.2,0.206,0.25,0.405,0.655,0.198,0.23,12.0,-3.8,0.282,64.0,2026-09-28
vs_rhp,last_7,2026-9-21,2026-9-28,27,2026.0,PIT,145.0,7.6%,26.9%,0.3,0.191,0.252,0.336,0.588,0.145,0.244,11.0,-6.6,0.259,58.0,2026-09-28
vs_rhp,last_7,2026-9-21,2026-9-28,28,2026.0,SFG,101.0,9.9%,37.6%,0.3,0.184,0.273,0.276,0.549,0.092,0.306,7.0,-5.4,0.252,57.0,2026-09-28
vs_rhp,last_7,2026-9-21,2026-9-28,29,2026.0,WSN,127.0,5.5%,26.0%,0.2,0.195,0.244,0.314,0.558,0.119,0.232,8.0,-7.0,0.248,53.0,2026-09-28
vs_rhp,last_7,2026-9-21,2026-9-28,30,2026.0,TOR,164.0,7.9%,18.9%,0.4,0.189,0.258,0.277,0.535,0.088,0.224,10.0,-9.8,0.243,51.0,2026-09-28
home,season,2026-3-18,2026-9-28,1,2026.0,CHC,3154.0,11.4%,20.1%,0.6,0.256,0.347,0.442,0.788,0.186,0.29,445.0,71.3,0.344,122.0,2026-09-28
home,season,2026-3-18,2026-9-28,2,2026.0,MIL,3069.0,10.7%,21.6%,0.5,0.27,0.351,0.431,0.782,0.16,0.325,426.0,62.6,0.342,118.0,2026-09-28
home,season,2026-3-18,2026-9-28,3,2026.0,PIT,3105.0,9.4%,22.1%,0.4,0.268,0.346,0.432,0.779,0.165,0.322,433.0,65.3,0.343,111.0,2026-09-28
home,season,2026-3-18,2026-9-28,4,2026.0,NYY,2915.0,10.4%,23.9%,0.4,0.239,0.321,0.434,0.755,0.195,0.279,375.0,29.6,0.329,111.0,2026-09-28
home,season,2026-3-18,2026-9-28,5,2026.0,KCR,3019.0,8.5%,18.8%,0.5,0.266,0.334,0.439,0.773,0.173,0.303,407.0,49.7,0.337,110.0,2026-09-28
home,season,2026-3-18,2026-9-28,6,2026.0,CHW,3026.0,9.2%,23.6%,0.4,0.242,0.322,0.421,0.743,0.18,0.286,381.0,22.2,0.326,109.0,2026-09-28
home,season,2026-3-18,2026-9-28,7,2026.0,WSN,3065.0,9.4%,20.5%,0.5,0.255,0.331,0.439,0.77,0.184,0.292,410.0,46.9,0.335,108.0,2026-09-28
home,season,2026-3-18,2026-9-28,8,2026.0,TBR,2942.0,8.2%,18.8%,0.4,0.262,0.328,0.42,0.748,0.158,0.299,373.0,24.7,0.327,108.0,2026-09-28
home,season,2026-3-18,2026-9-28,9,2026.0,LAD,2973.0,9.7%,20.8%,0.5,0.25,0.329,0.419,0.748,0.169,0.289,379.0,26.7,0.327,107.0,2026-09-28
home,season,2026-3-18,2026-9-28,10,2026.0,ATL,2974.0,7.6%,20.5%,0.4,0.259,0.321,0.428,0.749,0.169,0.296,378.0,25.6,0.327,106.0,2026-09-28
home,season,2026-3-18,2026-9-28,11,2026.0,MIN,3022.0,8.8%,19.9%,0.4,0.251,0.327,0.404,0.731,0.153,0.293,372.0,14.6,0.322,105.0,2026-09-28
home,season,2026-3-18,2026-9-28,12,2026.0,SEA,2962.0,9.7%,23.8%,0.4,0.223,0.31,0.365,0.675,0.142,0.269,314.0,-37.2,0.301,104.0,2026-09-28
home,season,2026-3-18,2026-9-28,13,2026.0,SDP,2957.0,9.9%,20.8%,0.5,0.24,0.321,0.383,0.704,0.142,0.282,339.0,-11.6,0.312,104.0,2026-09-28
home,season,2026-3-18,2026-9-28,14,2026.0,ARI,2993.0,9.1%,18.0%,0.5,0.251,0.323,0.417,0.741,0.166,0.283,373.0,18.6,0.324,104.0,2026-09-28
home,season,2026-3-18,2026-9-28,15,2026.0,HOU,2972.0,8.4%,23.3%,0.4,0.238,0.31,0.411,0.721,0.173,0.281,349.0,-2.6,0.314,103.0,2026-09-28
home,season,2026-3-18,2026-9-28,16,2026.0,MIA,2998.0,9.2%,20.8%,0.4,0.253,0.334,0.404,0.738,0.15,0.301,377.0,22.2,0.326,103.0,2026-09-28
home,season,2026-3-18,2026-9-28,17,2026.0,TEX,2906.0,8.1%,22.4%,0.4,0.241,0.312,0.4,0.712,0.159,0.286,334.0,-9.7,0.313,103.0,2026-09-28
home,season,2026-3-18,2026-9-28,18,2026.0,ATH,3102.0,8.9%,20.8%,0.4,0.264,0.337,0.444,0.782,0.18,0.306,430.0,63.2,0.342,103.0,2026-09-28
home,season,2026-3-18,2026-9-28,19,2026.0,BAL,2970.0,10.1%,24.0%,0.4,0.23,0.314,0.391,0.705,0.161,0.275,339.0,-12.5,0.311,102.0,2026-09-28
home,season,2026-3-18,2026-9-28,20,2026.0,DET,2983.0,9.9%,22.9%,0.4,0.238,0.319,0.406,0.725,0.167,0.285,360.0,6.7,0.319,102.0,2026-09-28
home,season,2026-3-18,2026-9-28,21,2026.0,PHI,3020.0,8.7%,21.1%,0.4,0.252,0.324,0.427,0.751,0.175,0.291,385.0,27.3,0.327,100.0,2026-09-28
home,season,2026-3-18,2026-9-28,22,2026.0,BOS,3000.0,8.1%,20.7%,0.4,0.255,0.324,0.409,0.734,0.154,0.303,368.0,13.0,0.322,100.0,2026-09-28
home,season,2026-3-18,2026-9-28,23,2026.0,CLE,3022.0,9.5%,20.8%,0.5,0.246,0.323,0.383,0.706,0.136,0.293,349.0,-9.0,0.313,100.0,2026-09-28
home,season,2026-3-18,2026-9-28,24,2026.0,TOR,2967.0,8.6%,19.5%,0.4,0.246,0.319,0.381,0.7,0.135,0.286,336.0,-15.7,0.31,98.0,2026-09-28
home,season,2026-3-18,2026-9-28,25,2026.0,SFG,2944.0,7.9%,21.9%,0.4,0.241,0.307,0.385,0.692,0.145,0.288,320.0,-28.6,0.304,96.0,2026-09-28
home,season,2026-3-18,2026-9-28,26,2026.0,NYM,2993.0,9.2%,22.1%,0.4,0.234,0.308,0.379,0.687,0.146,0.273,325.0,-29.3,0.304,95.0,2026-09-28
home,season,2026-3-18,2026-9-28,27,2026.0,CIN,2951.0,10.5%,26.4%,0.4,0.222,0.31,0.39,0.7,0.168,0.274,333.0,-16.1,0.31,91.0,2026-09-28
home,season,2026-3-18,2026-9-28,28,2026.0,COL,3074.0,7.6%,21.7%,0.4,0.27,0.333,0.442,0.774,0.171,0.324,416.0,51.9,0.337,88.0,2026-09-28
home,season,2026-3-18,2026-9-28,29,2026.0,STL,2971.0,7.9%,20.1%,0.4,0.234,0.304,0.357,0.662,0.123,0.275,298.0,-54.0,0.294,87.0,2026-09-28
home,season,2026-3-18,2026-9-28,30,2026.0,LAA,2971.0,7.7%,25.8%,0.3,0.221,0.298,0.326,0.624,0.106,0.287,266.0,-85.3,0.281,78.0,2026-09-28
home,last_30,2026-8-29,2026-9-28,1,2026.0,MIL,425.0,9.9%,22.6%,0.4,0.306,0.375,0.496,0.871,0.19,0.365,70.0,20.0,0.376,140.0,2026-09-28
home,last_30,2026-8-29,2026-9-28,2,2026.0,CHC,585.0,9.7%,16.9%,0.6,0.268,0.348,0.502,0.85,0.234,0.279,92.0,22.7,0.365,135.0,2026-09-28
home,last_30,2026-8-29,2026-9-28,3,2026.0,SDP,451.0,9.3%,19.5%,0.5,0.284,0.357,0.467,0.824,0.183,0.322,69.0,15.3,0.36,135.0,2026-09-28
home,last_30,2026-8-29,2026-9-28,4,2026.0,LAD,585.0,11.8%,21.0%,0.6,0.269,0.368,0.46,0.828,0.191,0.318,91.0,22.2,0.363,131.0,2026-09-28
home,last_30,2026-8-29,2026-9-28,5,2026.0,DET,530.0,12.3%,23.4%,0.5,0.242,0.347,0.44,0.787,0.198,0.295,75.0,12.6,0.346,121.0,2026-09-28
home,last_30,2026-8-29,2026-9-28,6,2026.0,TOR,410.0,11.5%,17.8%,0.6,0.253,0.348,0.412,0.76,0.159,0.285,56.0,7.1,0.338,118.0,2026-09-28
home,last_30,2026-8-29,2026-9-28,7,2026.0,NYY,537.0,8.0%,23.5%,0.3,0.266,0.325,0.448,0.773,0.183,0.309,72.0,8.4,0.336,115.0,2026-09-28
home,last_30,2026-8-29,2026-9-28,8,2026.0,MIA,455.0,8.4%,19.6%,0.4,0.268,0.347,0.437,0.783,0.169,0.312,64.0,9.9,0.344,115.0,2026-09-28
home,last_30,2026-8-29,2026-9-28,9,2026.0,KCR,568.0,8.8%,17.4%,0.5,0.26,0.332,0.454,0.785,0.193,0.284,78.0,11.2,0.341,112.0,2026-09-28
home,last_30,2026-8-29,2026-9-28,10,2026.0,MIN,541.0,8.5%,20.7%,0.4,0.246,0.325,0.41,0.734,0.164,0.288,67.0,2.8,0.323,105.0,2026-09-28
home,last_30,2026-8-29,2026-9-28,11,2026.0,PIT,557.0,9.2%,22.1%,0.4,0.26,0.341,0.412,0.753,0.152,0.318,74.0,7.9,0.333,105.0,2026-09-28
home,last_30,2026-8-29,2026-9-28,12,2026.0,CLE,540.0,7.4%,17.2%,0.4,0.243,0.308,0.423,0.731,0.18,0.261,65.0,1.3,0.319,104.0,2026-09-28
home,last_30,2026-8-29,2026-9-28,13,2026.0,NYM,450.0,9.1%,19.1%,0.5,0.248,0.319,0.403,0.723,0.156,0.277,54.0,0.2,0.317,104.0,2026-09-28
home,last_30,2026-8-29,2026-9-28,14,2026.0,SEA,492.0,10.8%,24.0%,0.4,0.238,0.33,0.331,0.661,0.093,0.313,51.0,-7.2,0.298,102.0,2026-09-28
home,last_30,2026-8-29,2026-9-28,15,2026.0,TEX,587.0,9.7%,22.5%,0.4,0.239,0.319,0.385,0.704,0.146,0.285,66.0,-3.4,0.31,101.0,2026-09-28
home,last_30,2026-8-29,2026-9-28,16,2026.0,ARI,452.0,7.5%,23.0%,0.3,0.25,0.314,0.422,0.736,0.172,0.297,54.0,0.9,0.32,100.0,2026-09-28
home,last_30,2026-8-29,2026-9-28,17,2026.0,CHW,472.0,8.9%,26.9%,0.3,0.22,0.299,0.42,0.719,0.2,0.261,55.0,-1.3,0.313,100.0,2026-09-28
home,last_30,2026-8-29,2026-9-28,18,2026.0,TBR,509.0,8.3%,20.0%,0.4,0.247,0.315,0.4,0.715,0.153,0.287,59.0,-1.4,0.313,98.0,2026-09-28
home,last_30,2026-8-29,2026-9-28,19,2026.0,BOS,549.0,8.0%,23.0%,0.3,0.248,0.315,0.393,0.708,0.145,0.307,63.0,-2.0,0.312,93.0,2026-09-28
home,last_30,2026-8-29,2026-9-28,20,2026.0,ATL,449.0,7.3%,16.9%,0.4,0.254,0.315,0.378,0.694,0.124,0.283,50.0,-3.5,0.307,93.0,2026-09-28
home,last_30,2026-8-29,2026-9-28,21,2026.0,HOU,463.0,6.5%,23.1%,0.3,0.224,0.285,0.401,0.686,0.177,0.258,48.0,-6.6,0.298,92.0,2026-09-28
home,last_30,2026-8-29,2026-9-28,22,2026.0,COL,621.0,6.4%,21.1%,0.3,0.282,0.335,0.454,0.789,0.173,0.34,86.0,12.9,0.342,92.0,2026-09-28
home,last_30,2026-8-29,2026-9-28,23,2026.0,ATH,525.0,8.6%,18.9%,0.5,0.254,0.325,0.41,0.735,0.156,0.291,66.0,3.7,0.325,91.0,2026-09-28
home,last_30,2026-8-29,2026-9-28,24,2026.0,CIN,465.0,8.8%,24.9%,0.4,0.243,0.314,0.382,0.696,0.139,0.3,52.0,-3.4,0.307,89.0,2026-09-28
home,last_30,2026-8-29,2026-9-28,25,2026.0,WSN,476.0,9.2%,21.8%,0.4,0.251,0.323,0.372,0.695,0.121,0.311,53.0,-3.6,0.307,89.0,2026-09-28
home,last_30,2026-8-29,2026-9-28,26,2026.0,BAL,458.0,8.1%,26.9%,0.3,0.203,0.282,0.348,0.63,0.145,0.254,41.0,-13.3,0.28,81.0,2026-09-28
home,last_30,2026-8-29,2026-9-28,27,2026.0,SFG,507.0,8.3%,26.8%,0.3,0.221,0.288,0.322,0.61,0.102,0.293,42.0,-17.8,0.273,75.0,2026-09-28
home,last_30,2026-8-29,2026-9-28,28,2026.0,PHI,463.0,8.0%,20.5%,0.4,0.22,0.288,0.368,0.655,0.148,0.257,45.0,-9.8,0.29,75.0,2026-09-28
home,last_30,2026-8-29,2026-9-28,29,2026.0,STL,413.0,7.5%,22.0%,0.3,0.22,0.286,0.317,0.603,0.097,0.271,34.0,-15.2,0.271,72.0,2026-09-28
home,last_30,2026-8-29,2026-9-28,30,2026.0,LAA,457.0,7.7%,27.4%,0.3,0.217,0.297,0.301,0.599,0.084,0.297,37.0,-17.1,0.27,71.0,2026-09-28
home,last_14,2026-9-14,2026-9-28,1,2026.0,SDP,239.0,9.2%,20.5%,0.4,0.318,0.391,0.512,0.903,0.194,0.373,43.0,14.2,0.392,157.0,2026-09-28
home,last_14,2026-9-14,2026-9-28,2,2026.0,LAD,231.0,9.1%,19.5%,0.5,0.304,0.372,0.507,0.88,0.203,0.351,40.0,12.2,0.382,144.0,2026-09-28
home,last_14,2026-9-14,2026-9-28,3,2026.0,KCR,228.0,6.6%,18.9%,0.3,0.308,0.357,0.505,0.862,0.197,0.352,37.0,10.2,0.372,135.0,2026-09-28
home,last_14,2026-9-14,2026-9-28,4,2026.0,MIL,112.0,9.8%,19.6%,0.5,0.309,0.382,0.433,0.815,0.124,0.378,17.0,4.1,0.361,132.0,2026-09-28
home,last_14,2026-9-14,2026-9-28,5,2026.0,DET,233.0,11.6%,24.5%,0.5,0.249,0.349,0.453,0.802,0.204,0.309,34.0,6.8,0.353,125.0,2026-09-28
home,last_14,2026-9-14,2026-9-28,6,2026.0,MIA,105.0,6.7%,13.3%,0.5,0.274,0.337,0.495,0.831,0.221,0.276,16.0,3.4,0.36,124.0,2026-09-28
home,last_14,2026-9-14,2026-9-28,7,2026.0,CLE,217.0,8.3%,16.6%,0.5,0.263,0.327,0.465,0.792,0.202,0.276,30.0,4.8,0.343,121.0,2026-09-28
home,last_14,2026-9-14,2026-9-28,8,2026.0,SEA,238.0,13.0%,20.2%,0.6,0.251,0.357,0.345,0.702,0.094,0.314,28.0,0.2,0.318,116.0,2026-09-28
home,last_14,2026-9-14,2026-9-28,9,2026.0,PIT,331.0,8.2%,23.6%,0.3,0.267,0.337,0.459,0.797,0.193,0.324,48.0,8.4,0.348,114.0,2026-09-28
home,last_14,2026-9-14,2026-9-28,10,2026.0,ARI,235.0,8.5%,25.5%,0.3,0.262,0.328,0.457,0.785,0.195,0.319,32.0,4.2,0.34,113.0,2026-09-28
home,last_14,2026-9-14,2026-9-28,11,2026.0,HOU,211.0,5.2%,23.2%,0.2,0.234,0.28,0.457,0.736,0.223,0.248,25.0,0.1,0.317,105.0,2026-09-28
home,last_14,2026-9-14,2026-9-28,12,2026.0,ATH,227.0,7.9%,19.4%,0.4,0.278,0.342,0.444,0.786,0.166,0.329,32.0,5.2,0.345,105.0,2026-09-28
home,last_14,2026-9-14,2026-9-28,13,2026.0,CHW,256.0,9.0%,23.8%,0.4,0.231,0.309,0.431,0.74,0.2,0.261,31.0,0.8,0.321,105.0,2026-09-28
home,last_14,2026-9-14,2026-9-28,14,2026.0,MIN,229.0,8.3%,20.1%,0.4,0.254,0.32,0.405,0.725,0.151,0.301,27.0,0.2,0.317,102.0,2026-09-28
home,last_14,2026-9-14,2026-9-28,15,2026.0,CHC,233.0,10.3%,20.2%,0.5,0.235,0.323,0.387,0.711,0.152,0.281,26.0,-1.1,0.311,99.0,2026-09-28
home,last_14,2026-9-14,2026-9-28,16,2026.0,NYM,272.0,9.2%,20.6%,0.4,0.258,0.331,0.357,0.687,0.098,0.311,30.0,-2.1,0.307,97.0,2026-09-28
home,last_14,2026-9-14,2026-9-28,17,2026.0,ATL,115.0,7.0%,14.8%,0.5,0.257,0.319,0.386,0.705,0.129,0.277,13.0,-0.7,0.311,95.0,2026-09-28
home,last_14,2026-9-14,2026-9-28,18,2026.0,NYY,213.0,8.5%,30.5%,0.3,0.229,0.296,0.391,0.686,0.161,0.303,23.0,-2.5,0.302,91.0,2026-09-28
home,last_14,2026-9-14,2026-9-28,19,2026.0,COL,385.0,6.0%,19.2%,0.3,0.279,0.33,0.448,0.778,0.169,0.326,52.0,6.8,0.338,89.0,2026-09-28
home,last_14,2026-9-14,2026-9-28,20,2026.0,WSN,172.0,7.6%,22.7%,0.3,0.234,0.298,0.396,0.694,0.162,0.277,19.0,-1.6,0.304,88.0,2026-09-28
home,last_14,2026-9-14,2026-9-28,21,2026.0,TOR,218.0,10.6%,17.0%,0.6,0.228,0.318,0.328,0.646,0.101,0.265,22.0,-4.0,0.294,87.0,2026-09-28
home,last_14,2026-9-14,2026-9-28,22,2026.0,TEX,322.0,10.2%,25.8%,0.4,0.212,0.307,0.314,0.621,0.102,0.277,29.0,-9.2,0.281,81.0,2026-09-28
home,last_14,2026-9-14,2026-9-28,23,2026.0,TBR,212.0,9.9%,25.5%,0.4,0.206,0.292,0.317,0.61,0.111,0.273,18.0,-6.7,0.277,74.0,2026-09-28
home,last_14,2026-9-14,2026-9-28,24,2026.0,LAA,267.0,9.0%,28.1%,0.3,0.218,0.307,0.286,0.593,0.068,0.304,22.0,-9.8,0.27,72.0,2026-09-28
home,last_14,2026-9-14,2026-9-28,25,2026.0,BAL,207.0,7.7%,24.2%,0.3,0.189,0.266,0.335,0.601,0.146,0.221,16.0,-8.3,0.266,72.0,2026-09-28
home,last_14,2026-9-14,2026-9-28,26,2026.0,STL,230.0,7.8%,22.2%,0.4,0.218,0.287,0.311,0.598,0.092,0.266,19.0,-8.7,0.27,72.0,2026-09-28
home,last_14,2026-9-14,2026-9-28,27,2026.0,PHI,220.0,10.5%,16.4%,0.6,0.211,0.297,0.33,0.627,0.119,0.244,20.0,-5.9,0.283,71.0,2026-09-28
home,last_14,2026-9-14,2026-9-28,28,2026.0,BOS,209.0,9.6%,26.3%,0.4,0.214,0.293,0.299,0.593,0.086,0.292,17.0,-7.9,0.271,64.0,2026-09-28
home,last_14,2026-9-14,2026-9-28,29,2026.0,CIN,234.0,6.4%,25.2%,0.3,0.199,0.256,0.301,0.557,0.102,0.248,15.0,-12.7,0.248,50.0,2026-09-28
home,last_14,2026-9-14,2026-9-28,30,2026.0,SFG,207.0,5.8%,33.8%,0.2,0.201,0.25,0.265,0.515,0.063,0.308,10.0,-14.2,0.232,48.0,2026-09-28
home,last_7,2026-9-21,2026-9-28,1,2026.0,SDP,120.0,10.0%,18.3%,0.5,0.324,0.403,0.467,0.87,0.143,0.388,20.0,6.1,0.382,149.0,2026-09-28
home,last_7,2026-9-21,2026-9-28,2,2026.0,MIN,111.0,9.0%,19.8%,0.5,0.293,0.36,0.485,0.845,0.192,0.347,18.0,4.5,0.366,136.0,2026-09-28
home,last_7,2026-9-21,2026-9-28,3,2026.0,KCR,228.0,6.6%,18.9%,0.3,0.308,0.357,0.505,0.862,0.197,0.352,37.0,10.2,0.372,135.0,2026-09-28
home,last_7,2026-9-21,2026-9-28,4,2026.0,MIL,112.0,9.8%,19.6%,0.5,0.309,0.382,0.433,0.815,0.124,0.378,17.0,4.1,0.361,132.0,2026-09-28
home,last_7,2026-9-21,2026-9-28,5,2026.0,DET,233.0,11.6%,24.5%,0.5,0.249,0.349,0.453,0.802,0.204,0.309,34.0,6.8,0.353,125.0,2026-09-28
home,last_7,2026-9-21,2026-9-28,6,2026.0,MIA,105.0,6.7%,13.3%,0.5,0.274,0.337,0.495,0.831,0.221,0.276,16.0,3.4,0.36,124.0,2026-09-28
home,last_7,2026-9-21,2026-9-28,7,2026.0,CHW,108.0,4.6%,19.4%,0.2,0.26,0.296,0.51,0.806,0.25,0.257,15.0,1.9,0.339,120.0,2026-09-28
home,last_7,2026-9-21,2026-9-28,8,2026.0,SEA,238.0,13.0%,20.2%,0.6,0.251,0.357,0.345,0.702,0.094,0.314,28.0,0.2,0.318,116.0,2026-09-28
home,last_7,2026-9-21,2026-9-28,9,2026.0,ATH,227.0,7.9%,19.4%,0.4,0.278,0.342,0.444,0.786,0.166,0.329,32.0,5.2,0.345,105.0,2026-09-28
home,last_7,2026-9-21,2026-9-28,10,2026.0,LAD,115.0,9.6%,24.3%,0.4,0.257,0.339,0.376,0.715,0.119,0.333,14.0,0.3,0.32,104.0,2026-09-28
home,last_7,2026-9-21,2026-9-28,11,2026.0,TOR,106.0,10.4%,18.9%,0.6,0.22,0.321,0.374,0.694,0.154,0.257,12.0,-0.5,0.311,100.0,2026-09-28
home,last_7,2026-9-21,2026-9-28,12,2026.0,ATL,115.0,7.0%,14.8%,0.5,0.257,0.319,0.386,0.705,0.129,0.277,13.0,-0.7,0.311,95.0,2026-09-28
home,last_7,2026-9-21,2026-9-28,13,2026.0,WSN,107.0,8.4%,21.5%,0.4,0.242,0.308,0.4,0.708,0.158,0.282,12.0,-0.6,0.31,93.0,2026-09-28
home,last_7,2026-9-21,2026-9-28,14,2026.0,NYY,213.0,8.5%,30.5%,0.3,0.229,0.296,0.391,0.686,0.161,0.303,23.0,-2.5,0.302,91.0,2026-09-28
home,last_7,2026-9-21,2026-9-28,15,2026.0,BAL,93.0,7.5%,26.9%,0.3,0.176,0.247,0.4,0.647,0.224,0.182,8.0,-2.7,0.277,84.0,2026-09-28
home,last_7,2026-9-21,2026-9-28,16,2026.0,COL,114.0,3.5%,21.1%,0.2,0.255,0.289,0.453,0.742,0.198,0.278,14.0,0.2,0.318,77.0,2026-09-28
home,last_7,2026-9-21,2026-9-28,17,2026.0,PHI,220.0,10.5%,16.4%,0.6,0.211,0.297,0.33,0.627,0.119,0.244,20.0,-5.9,0.283,71.0,2026-09-28
home,last_7,2026-9-21,2026-9-28,18,2026.0,BOS,209.0,9.6%,26.3%,0.4,0.214,0.293,0.299,0.593,0.086,0.292,17.0,-7.9,0.271,64.0,2026-09-28
home,last_7,2026-9-21,2026-9-28,19,2026.0,CHC,120.0,10.0%,25.8%,0.4,0.198,0.292,0.283,0.575,0.085,0.27,8.0,-5.9,0.255,63.0,2026-09-28
home,last_7,2026-9-21,2026-9-28,20,2026.0,PIT,102.0,8.8%,20.6%,0.4,0.198,0.267,0.308,0.575,0.11,0.243,7.0,-4.8,0.258,56.0,2026-09-28
home,last_7,2026-9-21,2026-9-28,21,2026.0,SFG,207.0,5.8%,33.8%,0.2,0.201,0.25,0.265,0.515,0.063,0.308,10.0,-14.2,0.232,48.0,2026-09-28
home,last_7,2026-9-21,2026-9-28,22,2026.0,TEX,99.0,6.1%,29.3%,0.2,0.159,0.232,0.25,0.482,0.091,0.203,4.0,-7.6,0.221,41.0,2026-09-28
away,season,2026-3-18,2026-9-28,1,2026.0,LAD,3241.0,10.5%,20.0%,0.5,0.263,0.347,0.429,0.776,0.166,0.304,445.0,61.7,0.34,114.0,2026-09-28
away,season,2026-3-18,2026-9-28,2,2026.0,HOU,3150.0,8.9%,20.7%,0.4,0.245,0.32,0.424,0.744,0.178,0.276,392.0,19.3,0.324,107.0,2026-09-28
away,season,2026-3-18,2026-9-28,3,2026.0,CHC,3228.0,9.8%,22.1%,0.4,0.247,0.331,0.416,0.747,0.169,0.292,415.0,33.1,0.329,107.0,2026-09-28
away,season,2026-3-18,2026-9-28,4,2026.0,LAA,3118.0,9.0%,25.1%,0.4,0.246,0.321,0.409,0.73,0.162,0.306,382.0,12.6,0.321,105.0,2026-09-28
away,season,2026-3-18,2026-9-28,5,2026.0,TEX,3136.0,9.2%,23.5%,0.4,0.242,0.321,0.393,0.714,0.15,0.295,371.0,-0.5,0.316,102.0,2026-09-28
away,season,2026-3-18,2026-9-28,6,2026.0,DET,3191.0,9.1%,22.8%,0.4,0.243,0.32,0.395,0.715,0.152,0.294,376.0,-1.5,0.316,101.0,2026-09-28
away,season,2026-3-18,2026-9-28,7,2026.0,BAL,3109.0,9.2%,25.9%,0.4,0.238,0.314,0.401,0.716,0.163,0.298,365.0,-3.2,0.315,101.0,2026-09-28
away,season,2026-3-18,2026-9-28,8,2026.0,SDP,3113.0,8.4%,22.3%,0.4,0.248,0.318,0.413,0.731,0.165,0.293,377.0,8.6,0.32,101.0,2026-09-28
away,season,2026-3-18,2026-9-28,9,2026.0,CHW,3161.0,9.9%,24.7%,0.4,0.231,0.319,0.391,0.709,0.16,0.283,369.0,-5.5,0.314,100.0,2026-09-28
away,season,2026-3-18,2026-9-28,10,2026.0,TBR,3164.0,8.6%,18.7%,0.5,0.254,0.325,0.384,0.709,0.13,0.293,367.0,-7.6,0.314,100.0,2026-09-28
away,season,2026-3-18,2026-9-28,11,2026.0,SEA,3127.0,8.6%,22.2%,0.4,0.242,0.317,0.392,0.709,0.15,0.288,363.0,-7.7,0.314,100.0,2026-09-28
away,season,2026-3-18,2026-9-28,12,2026.0,STL,3170.0,8.7%,22.4%,0.4,0.244,0.32,0.398,0.718,0.154,0.289,377.0,1.4,0.317,99.0,2026-09-28
away,season,2026-3-18,2026-9-28,13,2026.0,MIN,3105.0,7.7%,22.4%,0.3,0.238,0.307,0.403,0.709,0.165,0.278,355.0,-12.7,0.311,98.0,2026-09-28
away,season,2026-3-18,2026-9-28,14,2026.0,NYM,3118.0,8.1%,22.5%,0.4,0.244,0.311,0.411,0.722,0.167,0.285,367.0,-1.7,0.316,98.0,2026-09-28
away,season,2026-3-18,2026-9-28,15,2026.0,MIA,3129.0,8.8%,22.8%,0.4,0.245,0.319,0.398,0.716,0.153,0.295,369.0,-1.8,0.316,98.0,2026-09-28
away,season,2026-3-18,2026-9-28,16,2026.0,BOS,3113.0,8.8%,22.6%,0.4,0.235,0.314,0.386,0.701,0.151,0.283,354.0,-15.0,0.311,98.0,2026-09-28
away,season,2026-3-18,2026-9-28,17,2026.0,WSN,3130.0,8.5%,23.0%,0.4,0.237,0.311,0.407,0.718,0.17,0.283,367.0,-3.2,0.315,97.0,2026-09-28
away,season,2026-3-18,2026-9-28,18,2026.0,MIL,3230.0,10.5%,22.3%,0.5,0.247,0.331,0.376,0.707,0.129,0.308,378.0,-4.5,0.315,97.0,2026-09-28
away,season,2026-3-18,2026-9-28,19,2026.0,SFG,3117.0,6.9%,22.4%,0.3,0.249,0.306,0.414,0.72,0.164,0.294,362.0,-7.3,0.314,96.0,2026-09-28
away,season,2026-3-18,2026-9-28,20,2026.0,COL,3099.0,8.6%,23.9%,0.4,0.237,0.312,0.392,0.704,0.155,0.288,352.0,-15.0,0.31,94.0,2026-09-28
away,season,2026-3-18,2026-9-28,21,2026.0,CLE,3095.0,9.2%,20.8%,0.4,0.231,0.309,0.378,0.687,0.147,0.269,337.0,-29.6,0.305,94.0,2026-09-28
away,season,2026-3-18,2026-9-28,22,2026.0,ARI,3155.0,8.5%,20.8%,0.4,0.241,0.313,0.388,0.7,0.147,0.284,353.0,-20.5,0.308,93.0,2026-09-28
away,season,2026-3-18,2026-9-28,23,2026.0,NYY,3082.0,8.7%,25.4%,0.3,0.231,0.302,0.386,0.688,0.156,0.281,331.0,-34.0,0.303,92.0,2026-09-28
away,season,2026-3-18,2026-9-28,24,2026.0,PIT,3148.0,8.8%,26.0%,0.3,0.239,0.314,0.376,0.69,0.138,0.303,348.0,-24.8,0.307,92.0,2026-09-28
away,season,2026-3-18,2026-9-28,25,2026.0,CIN,3097.0,7.9%,24.7%,0.3,0.235,0.3,0.398,0.698,0.163,0.282,341.0,-25.9,0.306,91.0,2026-09-28
away,season,2026-3-18,2026-9-28,26,2026.0,TOR,3077.0,6.6%,18.5%,0.4,0.249,0.302,0.382,0.684,0.133,0.284,324.0,-39.9,0.3,91.0,2026-09-28
away,season,2026-3-18,2026-9-28,27,2026.0,ATL,3079.0,7.7%,22.8%,0.3,0.234,0.298,0.39,0.688,0.156,0.276,329.0,-35.1,0.302,89.0,2026-09-28
away,season,2026-3-18,2026-9-28,28,2026.0,KCR,3064.0,8.3%,23.0%,0.4,0.229,0.299,0.366,0.665,0.136,0.279,307.0,-55.9,0.294,86.0,2026-09-28
away,season,2026-3-18,2026-9-28,29,2026.0,ATH,3024.0,8.1%,24.0%,0.3,0.226,0.297,0.358,0.655,0.133,0.277,296.0,-62.2,0.291,84.0,2026-09-28
away,season,2026-3-18,2026-9-28,30,2026.0,PHI,3059.0,8.7%,22.3%,0.4,0.228,0.3,0.364,0.663,0.135,0.272,308.0,-54.5,0.294,84.0,2026-09-28
away,last_30,2026-8-29,2026-9-28,1,2026.0,HOU,551.0,8.9%,23.4%,0.4,0.26,0.329,0.502,0.831,0.242,0.29,83.0,17.3,0.355,129.0,2026-09-28
away,last_30,2026-8-29,2026-9-28,2,2026.0,SEA,561.0,8.9%,20.3%,0.4,0.27,0.343,0.462,0.805,0.192,0.311,81.0,15.0,0.35,125.0,2026-09-28
away,last_30,2026-8-29,2026-9-28,3,2026.0,CLE,479.0,9.4%,16.7%,0.6,0.26,0.338,0.449,0.787,0.189,0.279,67.0,10.6,0.344,121.0,2026-09-28
away,last_30,2026-8-29,2026-9-28,4,2026.0,NYM,603.0,9.6%,20.7%,0.5,0.261,0.337,0.454,0.791,0.193,0.293,84.0,12.7,0.343,116.0,2026-09-28
away,last_30,2026-8-29,2026-9-28,5,2026.0,TEX,419.0,6.7%,25.3%,0.3,0.248,0.319,0.424,0.743,0.176,0.302,54.0,4.0,0.328,110.0,2026-09-28
away,last_30,2026-8-29,2026-9-28,6,2026.0,SDP,602.0,7.1%,22.1%,0.3,0.277,0.332,0.442,0.774,0.165,0.334,79.0,8.1,0.334,110.0,2026-09-28
away,last_30,2026-8-29,2026-9-28,7,2026.0,ARI,558.0,9.3%,19.2%,0.5,0.262,0.335,0.414,0.748,0.152,0.302,71.0,5.2,0.328,106.0,2026-09-28
away,last_30,2026-8-29,2026-9-28,8,2026.0,CHC,471.0,10.0%,19.3%,0.5,0.254,0.341,0.396,0.737,0.142,0.294,60.0,4.2,0.328,106.0,2026-09-28
away,last_30,2026-8-29,2026-9-28,9,2026.0,PIT,421.0,8.6%,22.1%,0.4,0.26,0.326,0.412,0.738,0.152,0.312,53.0,3.1,0.326,105.0,2026-09-28
away,last_30,2026-8-29,2026-9-28,10,2026.0,BAL,516.0,8.5%,29.1%,0.3,0.237,0.305,0.421,0.726,0.184,0.3,62.0,0.6,0.318,103.0,2026-09-28
away,last_30,2026-8-29,2026-9-28,11,2026.0,SFG,510.0,9.6%,25.1%,0.4,0.244,0.323,0.406,0.729,0.161,0.304,63.0,2.2,0.322,102.0,2026-09-28
away,last_30,2026-8-29,2026-9-28,12,2026.0,LAA,572.0,9.4%,26.7%,0.4,0.241,0.324,0.386,0.71,0.145,0.312,67.0,-0.3,0.316,101.0,2026-09-28
away,last_30,2026-8-29,2026-9-28,13,2026.0,LAD,465.0,11.8%,17.4%,0.7,0.226,0.328,0.394,0.722,0.168,0.243,57.0,1.5,0.321,101.0,2026-09-28
away,last_30,2026-8-29,2026-9-28,14,2026.0,MIL,630.0,11.0%,26.7%,0.4,0.249,0.333,0.381,0.714,0.132,0.332,76.0,0.9,0.318,99.0,2026-09-28
away,last_30,2026-8-29,2026-9-28,15,2026.0,DET,563.0,9.2%,25.0%,0.4,0.253,0.333,0.365,0.698,0.112,0.333,65.0,-1.9,0.312,99.0,2026-09-28
away,last_30,2026-8-29,2026-9-28,16,2026.0,CHW,596.0,12.1%,24.5%,0.5,0.22,0.336,0.339,0.675,0.12,0.282,67.0,-3.4,0.309,97.0,2026-09-28
away,last_30,2026-8-29,2026-9-28,17,2026.0,TBR,541.0,7.6%,19.8%,0.4,0.249,0.312,0.388,0.699,0.139,0.286,60.0,-4.3,0.307,95.0,2026-09-28
away,last_30,2026-8-29,2026-9-28,18,2026.0,NYY,477.0,8.4%,24.5%,0.3,0.247,0.309,0.384,0.693,0.137,0.299,53.0,-3.8,0.307,95.0,2026-09-28
away,last_30,2026-8-29,2026-9-28,19,2026.0,ATH,474.0,6.8%,25.1%,0.3,0.232,0.291,0.4,0.691,0.168,0.274,51.0,-5.0,0.303,93.0,2026-09-28
away,last_30,2026-8-29,2026-9-28,20,2026.0,MIA,592.0,8.4%,25.3%,0.3,0.237,0.312,0.389,0.701,0.152,0.294,66.0,-3.9,0.308,93.0,2026-09-28
away,last_30,2026-8-29,2026-9-28,21,2026.0,TOR,565.0,7.4%,17.2%,0.4,0.256,0.316,0.361,0.677,0.105,0.294,60.0,-6.4,0.302,92.0,2026-09-28
away,last_30,2026-8-29,2026-9-28,22,2026.0,STL,573.0,7.7%,25.7%,0.3,0.235,0.3,0.384,0.685,0.15,0.287,61.0,-6.8,0.302,89.0,2026-09-28
away,last_30,2026-8-29,2026-9-28,23,2026.0,PHI,544.0,11.6%,17.3%,0.7,0.232,0.322,0.345,0.667,0.113,0.268,57.0,-7.2,0.3,87.0,2026-09-28
away,last_30,2026-8-29,2026-9-28,24,2026.0,CIN,514.0,6.4%,28.4%,0.2,0.225,0.276,0.408,0.684,0.183,0.273,53.0,-7.8,0.298,86.0,2026-09-28
away,last_30,2026-8-29,2026-9-28,25,2026.0,ATL,550.0,7.5%,25.5%,0.3,0.223,0.282,0.397,0.679,0.174,0.265,56.0,-8.9,0.296,85.0,2026-09-28
away,last_30,2026-8-29,2026-9-28,26,2026.0,MIN,481.0,5.8%,22.0%,0.3,0.227,0.281,0.367,0.649,0.141,0.262,45.0,-12.2,0.285,80.0,2026-09-28
away,last_30,2026-8-29,2026-9-28,27,2026.0,KCR,411.0,8.0%,25.1%,0.3,0.226,0.294,0.344,0.638,0.118,0.288,37.0,-11.4,0.283,78.0,2026-09-28
away,last_30,2026-8-29,2026-9-28,28,2026.0,COL,402.0,6.0%,27.4%,0.2,0.219,0.277,0.366,0.643,0.148,0.275,37.0,-11.1,0.283,76.0,2026-09-28
away,last_30,2026-8-29,2026-9-28,29,2026.0,WSN,446.0,7.4%,24.2%,0.3,0.216,0.274,0.369,0.643,0.152,0.261,40.0,-12.9,0.28,74.0,2026-09-28
away,last_30,2026-8-29,2026-9-28,30,2026.0,BOS,482.0,8.1%,24.9%,0.3,0.196,0.279,0.334,0.613,0.138,0.238,41.0,-16.1,0.275,73.0,2026-09-28
away,last_14,2026-9-14,2026-9-28,1,2026.0,HOU,255.0,11.0%,23.9%,0.5,0.294,0.373,0.588,0.961,0.294,0.327,48.0,18.3,0.404,163.0,2026-09-28
away,last_14,2026-9-14,2026-9-28,2,2026.0,ARI,245.0,9.0%,16.3%,0.6,0.3,0.367,0.512,0.879,0.212,0.327,41.0,12.3,0.379,140.0,2026-09-28
away,last_14,2026-9-14,2026-9-28,3,2026.0,BAL,204.0,6.9%,33.8%,0.2,0.266,0.315,0.532,0.847,0.266,0.34,31.0,7.3,0.362,133.0,2026-09-28
away,last_14,2026-9-14,2026-9-28,4,2026.0,CHW,253.0,10.3%,26.5%,0.4,0.277,0.377,0.432,0.809,0.155,0.366,39.0,8.8,0.359,132.0,2026-09-28
away,last_14,2026-9-14,2026-9-28,5,2026.0,CLE,241.0,10.8%,15.8%,0.7,0.255,0.338,0.457,0.794,0.202,0.262,34.0,5.6,0.345,122.0,2026-09-28
away,last_14,2026-9-14,2026-9-28,6,2026.0,SDP,276.0,5.8%,22.1%,0.3,0.283,0.33,0.458,0.788,0.175,0.333,38.0,5.3,0.34,114.0,2026-09-28
away,last_14,2026-9-14,2026-9-28,7,2026.0,LAA,241.0,10.8%,24.5%,0.4,0.263,0.351,0.388,0.739,0.124,0.338,32.0,3.0,0.331,113.0,2026-09-28
away,last_14,2026-9-14,2026-9-28,8,2026.0,DET,281.0,11.4%,21.0%,0.5,0.266,0.361,0.373,0.734,0.108,0.333,37.0,3.5,0.331,113.0,2026-09-28
away,last_14,2026-9-14,2026-9-28,9,2026.0,CHC,236.0,8.1%,18.2%,0.4,0.27,0.339,0.427,0.766,0.156,0.302,32.0,3.6,0.335,111.0,2026-09-28
away,last_14,2026-9-14,2026-9-28,10,2026.0,LAD,276.0,12.7%,18.1%,0.7,0.231,0.338,0.41,0.748,0.179,0.246,36.0,3.3,0.331,108.0,2026-09-28
away,last_14,2026-9-14,2026-9-28,11,2026.0,TEX,108.0,3.7%,24.1%,0.2,0.25,0.299,0.45,0.749,0.2,0.29,14.0,0.8,0.326,108.0,2026-09-28
away,last_14,2026-9-14,2026-9-28,12,2026.0,NYY,246.0,8.5%,21.5%,0.4,0.238,0.301,0.426,0.727,0.188,0.256,29.0,0.1,0.317,102.0,2026-09-28
away,last_14,2026-9-14,2026-9-28,13,2026.0,NYM,235.0,10.2%,20.0%,0.5,0.237,0.315,0.435,0.75,0.198,0.255,29.0,0.8,0.32,102.0,2026-09-28
away,last_14,2026-9-14,2026-9-28,14,2026.0,PIT,109.0,7.3%,29.4%,0.2,0.232,0.296,0.404,0.7,0.172,0.302,12.0,-0.8,0.308,93.0,2026-09-28
away,last_14,2026-9-14,2026-9-28,15,2026.0,SEA,222.0,7.7%,23.0%,0.3,0.227,0.299,0.389,0.688,0.162,0.273,24.0,-2.7,0.301,91.0,2026-09-28
away,last_14,2026-9-14,2026-9-28,16,2026.0,CIN,222.0,6.3%,27.9%,0.2,0.229,0.284,0.415,0.698,0.185,0.281,24.0,-2.2,0.304,91.0,2026-09-28
away,last_14,2026-9-14,2026-9-28,17,2026.0,MIA,360.0,8.3%,24.4%,0.3,0.238,0.31,0.372,0.682,0.133,0.296,38.0,-4.8,0.3,87.0,2026-09-28
away,last_14,2026-9-14,2026-9-28,18,2026.0,ATL,333.0,7.8%,24.6%,0.3,0.225,0.285,0.395,0.681,0.17,0.264,35.0,-4.8,0.298,87.0,2026-09-28
away,last_14,2026-9-14,2026-9-28,19,2026.0,PHI,234.0,15.0%,18.8%,0.8,0.209,0.329,0.319,0.648,0.11,0.25,24.0,-3.8,0.297,85.0,2026-09-28
away,last_14,2026-9-14,2026-9-28,20,2026.0,COL,108.0,6.5%,25.9%,0.2,0.216,0.274,0.412,0.686,0.196,0.246,11.0,-2.2,0.294,84.0,2026-09-28
away,last_14,2026-9-14,2026-9-28,21,2026.0,TBR,265.0,7.2%,22.6%,0.3,0.244,0.298,0.358,0.656,0.114,0.304,26.0,-5.6,0.29,84.0,2026-09-28
away,last_14,2026-9-14,2026-9-28,22,2026.0,SFG,231.0,9.1%,29.0%,0.3,0.227,0.305,0.345,0.65,0.118,0.313,23.0,-4.5,0.293,82.0,2026-09-28
away,last_14,2026-9-14,2026-9-28,23,2026.0,KCR,222.0,7.7%,25.7%,0.3,0.224,0.291,0.358,0.649,0.134,0.277,21.0,-5.4,0.288,81.0,2026-09-28
away,last_14,2026-9-14,2026-9-28,24,2026.0,MIL,344.0,10.8%,29.7%,0.4,0.228,0.312,0.334,0.646,0.106,0.32,33.0,-7.3,0.291,81.0,2026-09-28
away,last_14,2026-9-14,2026-9-28,25,2026.0,MIN,268.0,4.1%,23.5%,0.2,0.247,0.281,0.378,0.659,0.131,0.295,25.0,-6.8,0.286,81.0,2026-09-28
away,last_14,2026-9-14,2026-9-28,26,2026.0,WSN,227.0,7.9%,20.3%,0.4,0.215,0.274,0.351,0.626,0.137,0.239,19.0,-7.5,0.274,71.0,2026-09-28
away,last_14,2026-9-14,2026-9-28,27,2026.0,BOS,219.0,7.8%,24.2%,0.3,0.192,0.271,0.326,0.597,0.135,0.231,17.0,-8.9,0.267,68.0,2026-09-28
away,last_14,2026-9-14,2026-9-28,28,2026.0,TOR,217.0,7.4%,15.7%,0.5,0.224,0.287,0.301,0.588,0.077,0.259,17.0,-8.8,0.266,67.0,2026-09-28
away,last_14,2026-9-14,2026-9-28,29,2026.0,ATH,205.0,5.4%,25.9%,0.2,0.197,0.244,0.306,0.55,0.109,0.244,12.0,-11.8,0.245,53.0,2026-09-28
away,last_14,2026-9-14,2026-9-28,30,2026.0,STL,204.0,7.4%,35.3%,0.2,0.156,0.23,0.28,0.51,0.124,0.213,10.0,-14.0,0.232,41.0,2026-09-28
away,last_7,2026-9-21,2026-9-28,1,2026.0,HOU,255.0,11.0%,23.9%,0.5,0.294,0.373,0.588,0.961,0.294,0.327,48.0,18.3,0.404,163.0,2026-09-28
away,last_7,2026-9-21,2026-9-28,2,2026.0,BAL,89.0,11.2%,32.6%,0.3,0.308,0.382,0.551,0.933,0.244,0.422,17.0,6.0,0.4,161.0,2026-09-28
away,last_7,2026-9-21,2026-9-28,3,2026.0,CHW,131.0,9.9%,23.7%,0.4,0.306,0.4,0.486,0.886,0.18,0.382,23.0,7.8,0.39,155.0,2026-09-28
away,last_7,2026-9-21,2026-9-28,4,2026.0,ARI,245.0,9.0%,16.3%,0.6,0.3,0.367,0.512,0.879,0.212,0.327,41.0,12.3,0.379,140.0,2026-09-28
away,last_7,2026-9-21,2026-9-28,5,2026.0,CLE,241.0,10.8%,15.8%,0.7,0.255,0.338,0.457,0.794,0.202,0.262,34.0,5.6,0.345,122.0,2026-09-28
away,last_7,2026-9-21,2026-9-28,6,2026.0,LAA,241.0,10.8%,24.5%,0.4,0.263,0.351,0.388,0.739,0.124,0.338,32.0,3.0,0.331,113.0,2026-09-28
away,last_7,2026-9-21,2026-9-28,7,2026.0,TEX,108.0,3.7%,24.1%,0.2,0.25,0.299,0.45,0.749,0.2,0.29,14.0,0.8,0.326,108.0,2026-09-28
away,last_7,2026-9-21,2026-9-28,8,2026.0,NYM,235.0,10.2%,20.0%,0.5,0.237,0.315,0.435,0.75,0.198,0.255,29.0,0.8,0.32,102.0,2026-09-28
away,last_7,2026-9-21,2026-9-28,9,2026.0,PIT,109.0,7.3%,29.4%,0.2,0.232,0.296,0.404,0.7,0.172,0.302,12.0,-0.8,0.308,93.0,2026-09-28
away,last_7,2026-9-21,2026-9-28,10,2026.0,CHC,114.0,7.0%,17.5%,0.4,0.262,0.325,0.379,0.703,0.117,0.305,13.0,-0.9,0.309,93.0,2026-09-28
away,last_7,2026-9-21,2026-9-28,11,2026.0,LAD,116.0,8.6%,20.7%,0.4,0.229,0.293,0.41,0.703,0.181,0.247,13.0,-1.1,0.304,92.0,2026-09-28
away,last_7,2026-9-21,2026-9-28,12,2026.0,CIN,222.0,6.3%,27.9%,0.2,0.229,0.284,0.415,0.698,0.185,0.281,24.0,-2.2,0.304,91.0,2026-09-28
away,last_7,2026-9-21,2026-9-28,13,2026.0,COL,108.0,6.5%,25.9%,0.2,0.216,0.274,0.412,0.686,0.196,0.246,11.0,-2.2,0.294,84.0,2026-09-28
away,last_7,2026-9-21,2026-9-28,14,2026.0,TBR,265.0,7.2%,22.6%,0.3,0.244,0.298,0.358,0.656,0.114,0.304,26.0,-5.6,0.29,84.0,2026-09-28
away,last_7,2026-9-21,2026-9-28,15,2026.0,MIL,110.0,8.2%,34.5%,0.2,0.23,0.291,0.35,0.641,0.12,0.333,10.0,-2.8,0.285,77.0,2026-09-28
away,last_7,2026-9-21,2026-9-28,16,2026.0,MIA,122.0,6.6%,22.1%,0.3,0.236,0.306,0.318,0.624,0.082,0.296,11.0,-3.5,0.28,75.0,2026-09-28
away,last_7,2026-9-21,2026-9-28,17,2026.0,TOR,106.0,6.6%,17.0%,0.4,0.227,0.276,0.299,0.575,0.072,0.266,7.0,-5.1,0.258,62.0,2026-09-28
away,last_7,2026-9-21,2026-9-28,18,2026.0,MIN,103.0,4.9%,20.4%,0.2,0.196,0.233,0.361,0.594,0.165,0.205,7.0,-5.0,0.257,62.0,2026-09-28
away,last_7,2026-9-21,2026-9-28,19,2026.0,WSN,102.0,5.9%,26.5%,0.2,0.188,0.235,0.323,0.558,0.135,0.215,6.0,-5.7,0.247,54.0,2026-09-28
away,last_7,2026-9-21,2026-9-28,20,2026.0,ATL,106.0,6.6%,25.5%,0.3,0.163,0.217,0.296,0.513,0.133,0.188,5.0,-7.7,0.227,41.0,2026-09-28
away,last_7,2026-9-21,2026-9-28,21,2026.0,STL,204.0,7.4%,35.3%,0.2,0.156,0.23,0.28,0.51,0.124,0.213,10.0,-14.0,0.232,41.0,2026-09-28
away,last_7,2026-9-21,2026-9-28,22,2026.0,SDP,109.0,5.5%,28.4%,0.2,0.192,0.248,0.242,0.49,0.051,0.261,5.0,-8.1,0.224,38.0,2026-09-28
vs_lhp_home,season,2026-3-18,2026-9-28,1,2026.0,TEX,838.0,9.3%,22.3%,0.4,0.292,0.365,0.497,0.862,0.205,0.345,136.0,37.2,0.373,144.0,2026-09-28
vs_lhp_home,season,2026-3-18,2026-9-28,2,2026.0,CHC,884.0,11.0%,19.3%,0.6,0.284,0.369,0.498,0.867,0.214,0.316,146.0,41.7,0.375,142.0,2026-09-28
vs_lhp_home,season,2026-3-18,2026-9-28,3,2026.0,ARI,803.0,8.6%,15.4%,0.6,0.296,0.355,0.499,0.854,0.203,0.32,128.0,32.5,0.367,132.0,2026-09-28
vs_lhp_home,season,2026-3-18,2026-9-28,4,2026.0,NYY,839.0,10.0%,22.9%,0.4,0.256,0.332,0.458,0.79,0.202,0.302,117.0,17.5,0.342,120.0,2026-09-28
vs_lhp_home,season,2026-3-18,2026-9-28,5,2026.0,ATH,982.0,8.2%,22.4%,0.4,0.286,0.352,0.483,0.835,0.197,0.339,154.0,37.3,0.363,118.0,2026-09-28
vs_lhp_home,season,2026-3-18,2026-9-28,6,2026.0,WSN,779.0,9.4%,22.0%,0.4,0.27,0.343,0.458,0.801,0.188,0.321,113.0,20.3,0.349,117.0,2026-09-28
vs_lhp_home,season,2026-3-18,2026-9-28,7,2026.0,CHW,954.0,9.2%,23.2%,0.4,0.249,0.329,0.435,0.764,0.186,0.295,126.0,13.0,0.333,114.0,2026-09-28
vs_lhp_home,season,2026-3-18,2026-9-28,8,2026.0,PIT,957.0,7.6%,22.5%,0.3,0.277,0.338,0.44,0.777,0.163,0.332,132.0,18.4,0.34,109.0,2026-09-28
vs_lhp_home,season,2026-3-18,2026-9-28,9,2026.0,KCR,839.0,7.5%,20.4%,0.4,0.273,0.335,0.437,0.773,0.164,0.324,112.0,13.0,0.335,109.0,2026-09-28
vs_lhp_home,season,2026-3-18,2026-9-28,10,2026.0,LAD,1030.0,9.7%,20.1%,0.5,0.249,0.328,0.425,0.752,0.176,0.284,132.0,10.5,0.329,108.0,2026-09-28
vs_lhp_home,season,2026-3-18,2026-9-28,11,2026.0,SDP,705.0,8.5%,23.1%,0.4,0.247,0.316,0.396,0.712,0.149,0.303,81.0,-2.5,0.312,104.0,2026-09-28
vs_lhp_home,season,2026-3-18,2026-9-28,12,2026.0,MIL,961.0,10.7%,21.2%,0.5,0.25,0.335,0.39,0.726,0.14,0.303,117.0,2.8,0.32,103.0,2026-09-28
vs_lhp_home,season,2026-3-18,2026-9-28,13,2026.0,CLE,942.0,10.3%,20.1%,0.5,0.244,0.33,0.385,0.715,0.141,0.286,111.0,-1.0,0.316,102.0,2026-09-28
vs_lhp_home,season,2026-3-18,2026-9-28,14,2026.0,ATL,999.0,6.5%,20.1%,0.3,0.25,0.307,0.424,0.731,0.174,0.283,120.0,2.0,0.319,101.0,2026-09-28
vs_lhp_home,season,2026-3-18,2026-9-28,15,2026.0,MIN,922.0,8.6%,20.7%,0.4,0.244,0.325,0.373,0.699,0.129,0.299,106.0,-3.3,0.312,98.0,2026-09-28
vs_lhp_home,season,2026-3-18,2026-9-28,16,2026.0,PHI,974.0,8.4%,20.5%,0.4,0.253,0.327,0.406,0.732,0.153,0.294,120.0,4.8,0.323,97.0,2026-09-28
vs_lhp_home,season,2026-3-18,2026-9-28,17,2026.0,NYM,897.0,9.6%,23.1%,0.4,0.231,0.312,0.377,0.689,0.146,0.276,99.0,-7.1,0.307,97.0,2026-09-28
vs_lhp_home,season,2026-3-18,2026-9-28,18,2026.0,TBR,925.0,7.9%,18.5%,0.4,0.252,0.318,0.389,0.707,0.138,0.296,105.0,-5.0,0.31,96.0,2026-09-28
vs_lhp_home,season,2026-3-18,2026-9-28,19,2026.0,CIN,840.0,11.2%,26.4%,0.4,0.229,0.319,0.4,0.719,0.171,0.282,99.0,0.0,0.317,96.0,2026-09-28
vs_lhp_home,season,2026-3-18,2026-9-28,20,2026.0,MIA,853.0,9.1%,23.3%,0.4,0.238,0.322,0.385,0.706,0.147,0.295,98.0,-3.0,0.312,94.0,2026-09-28
vs_lhp_home,season,2026-3-18,2026-9-28,21,2026.0,HOU,649.0,7.9%,23.0%,0.3,0.234,0.302,0.382,0.684,0.148,0.284,69.0,-8.1,0.301,94.0,2026-09-28
vs_lhp_home,season,2026-3-18,2026-9-28,22,2026.0,STL,931.0,8.7%,19.4%,0.4,0.236,0.309,0.373,0.682,0.138,0.271,99.0,-11.0,0.302,93.0,2026-09-28
vs_lhp_home,season,2026-3-18,2026-9-28,23,2026.0,DET,924.0,10.6%,24.4%,0.4,0.222,0.309,0.363,0.672,0.141,0.281,98.0,-11.9,0.3,89.0,2026-09-28
vs_lhp_home,season,2026-3-18,2026-9-28,24,2026.0,SEA,1048.0,9.0%,24.6%,0.4,0.212,0.293,0.325,0.618,0.113,0.26,92.0,-32.4,0.278,88.0,2026-09-28
vs_lhp_home,season,2026-3-18,2026-9-28,25,2026.0,BAL,990.0,9.8%,26.1%,0.4,0.209,0.293,0.357,0.649,0.147,0.254,93.0,-23.8,0.287,85.0,2026-09-28
vs_lhp_home,season,2026-3-18,2026-9-28,26,2026.0,SFG,849.0,6.2%,25.1%,0.2,0.229,0.283,0.364,0.647,0.135,0.288,80.0,-20.6,0.286,85.0,2026-09-28
vs_lhp_home,season,2026-3-18,2026-9-28,27,2026.0,TOR,929.0,8.4%,20.0%,0.4,0.217,0.293,0.339,0.632,0.122,0.253,84.0,-25.7,0.282,79.0,2026-09-28
vs_lhp_home,season,2026-3-18,2026-9-28,28,2026.0,BOS,816.0,8.3%,24.0%,0.3,0.225,0.299,0.34,0.639,0.115,0.29,77.0,-20.0,0.286,76.0,2026-09-28
vs_lhp_home,season,2026-3-18,2026-9-28,29,2026.0,LAA,833.0,7.0%,25.0%,0.3,0.223,0.29,0.323,0.614,0.101,0.284,70.0,-28.5,0.274,74.0,2026-09-28
vs_lhp_home,season,2026-3-18,2026-9-28,30,2026.0,COL,974.0,6.7%,25.6%,0.3,0.244,0.3,0.38,0.68,0.136,0.315,101.0,-14.4,0.299,62.0,2026-09-28
vs_lhp_home,last_30,2026-8-29,2026-9-28,1,2026.0,LAD,240.0,13.8%,18.3%,0.8,0.284,0.4,0.512,0.912,0.229,0.32,44.0,15.8,0.397,154.0,2026-09-28
vs_lhp_home,last_30,2026-8-29,2026-9-28,2,2026.0,TEX,267.0,9.4%,21.0%,0.4,0.303,0.371,0.502,0.873,0.199,0.357,44.0,12.4,0.375,146.0,2026-09-28
vs_lhp_home,last_30,2026-8-29,2026-9-28,3,2026.0,CHC,142.0,9.2%,14.8%,0.6,0.266,0.343,0.532,0.875,0.266,0.253,23.0,6.7,0.376,142.0,2026-09-28
vs_lhp_home,last_30,2026-8-29,2026-9-28,4,2026.0,SDP,93.0,9.7%,22.6%,0.4,0.309,0.38,0.444,0.825,0.136,0.39,15.0,3.6,0.363,139.0,2026-09-28
vs_lhp_home,last_30,2026-8-29,2026-9-28,5,2026.0,DET,160.0,11.9%,25.0%,0.5,0.275,0.363,0.464,0.827,0.188,0.362,25.0,6.2,0.36,134.0,2026-09-28
vs_lhp_home,last_30,2026-8-29,2026-9-28,6,2026.0,ATH,81.0,8.6%,18.5%,0.5,0.319,0.388,0.486,0.874,0.167,0.382,14.0,4.4,0.382,134.0,2026-09-28
vs_lhp_home,last_30,2026-8-29,2026-9-28,7,2026.0,PIT,186.0,9.7%,21.5%,0.4,0.288,0.37,0.485,0.854,0.196,0.345,31.0,8.6,0.374,131.0,2026-09-28
vs_lhp_home,last_30,2026-8-29,2026-9-28,8,2026.0,ARI,115.0,7.8%,20.0%,0.4,0.267,0.33,0.476,0.807,0.21,0.299,17.0,3.0,0.348,122.0,2026-09-28
vs_lhp_home,last_30,2026-8-29,2026-9-28,9,2026.0,TOR,129.0,9.3%,16.3%,0.6,0.241,0.32,0.446,0.767,0.205,0.25,17.0,1.9,0.333,118.0,2026-09-28
vs_lhp_home,last_30,2026-8-29,2026-9-28,10,2026.0,WSN,149.0,11.4%,19.5%,0.6,0.27,0.358,0.429,0.787,0.159,0.32,21.0,3.6,0.345,116.0,2026-09-28
vs_lhp_home,last_30,2026-8-29,2026-9-28,11,2026.0,TBR,202.0,11.4%,17.3%,0.7,0.257,0.352,0.398,0.749,0.14,0.304,26.0,2.2,0.33,110.0,2026-09-28
vs_lhp_home,last_30,2026-8-29,2026-9-28,12,2026.0,MIL,148.0,8.1%,19.6%,0.4,0.264,0.333,0.434,0.767,0.171,0.302,19.0,1.4,0.332,109.0,2026-09-28
vs_lhp_home,last_30,2026-8-29,2026-9-28,13,2026.0,CLE,196.0,8.7%,15.3%,0.6,0.234,0.313,0.423,0.736,0.189,0.241,24.0,1.3,0.324,109.0,2026-09-28
vs_lhp_home,last_30,2026-8-29,2026-9-28,14,2026.0,NYY,171.0,5.8%,20.5%,0.3,0.275,0.318,0.425,0.743,0.15,0.319,21.0,1.0,0.325,108.0,2026-09-28
vs_lhp_home,last_30,2026-8-29,2026-9-28,15,2026.0,CHW,141.0,12.1%,26.2%,0.5,0.21,0.326,0.395,0.721,0.185,0.256,17.0,0.4,0.32,105.0,2026-09-28
vs_lhp_home,last_30,2026-8-29,2026-9-28,16,2026.0,NYM,129.0,9.3%,16.3%,0.6,0.25,0.326,0.379,0.705,0.129,0.275,15.0,-0.1,0.315,103.0,2026-09-28
vs_lhp_home,last_30,2026-8-29,2026-9-28,17,2026.0,KCR,119.0,8.4%,23.5%,0.4,0.286,0.353,0.371,0.724,0.086,0.372,14.0,0.1,0.317,98.0,2026-09-28
vs_lhp_home,last_30,2026-8-29,2026-9-28,18,2026.0,STL,110.0,6.4%,25.5%,0.2,0.257,0.318,0.366,0.685,0.109,0.347,12.0,-1.0,0.306,97.0,2026-09-28
vs_lhp_home,last_30,2026-8-29,2026-9-28,19,2026.0,HOU,133.0,8.3%,21.1%,0.4,0.217,0.293,0.358,0.652,0.142,0.25,13.0,-2.7,0.291,87.0,2026-09-28
vs_lhp_home,last_30,2026-8-29,2026-9-28,20,2026.0,CIN,201.0,10.4%,27.9%,0.4,0.242,0.318,0.36,0.678,0.118,0.314,21.0,-2.5,0.3,86.0,2026-09-28
vs_lhp_home,last_30,2026-8-29,2026-9-28,21,2026.0,PHI,157.0,6.4%,18.5%,0.3,0.241,0.299,0.393,0.692,0.152,0.277,17.0,-1.4,0.305,85.0,2026-09-28
vs_lhp_home,last_30,2026-8-29,2026-9-28,22,2026.0,MIA,133.0,3.8%,21.1%,0.2,0.256,0.295,0.384,0.679,0.128,0.316,14.0,-2.1,0.296,84.0,2026-09-28
vs_lhp_home,last_30,2026-8-29,2026-9-28,23,2026.0,SEA,219.0,9.6%,24.2%,0.4,0.226,0.303,0.272,0.575,0.046,0.303,16.0,-9.6,0.262,78.0,2026-09-28
vs_lhp_home,last_30,2026-8-29,2026-9-28,24,2026.0,BAL,208.0,9.6%,26.9%,0.4,0.199,0.293,0.315,0.608,0.116,0.26,18.0,-6.9,0.275,77.0,2026-09-28
vs_lhp_home,last_30,2026-8-29,2026-9-28,25,2026.0,COL,234.0,5.6%,24.4%,0.2,0.258,0.306,0.41,0.716,0.152,0.329,26.0,-1.3,0.312,71.0,2026-09-28
vs_lhp_home,last_30,2026-8-29,2026-9-28,26,2026.0,MIN,187.0,4.3%,22.5%,0.2,0.222,0.276,0.333,0.609,0.111,0.276,15.0,-6.9,0.271,69.0,2026-09-28
vs_lhp_home,last_30,2026-8-29,2026-9-28,27,2026.0,ATL,108.0,3.7%,23.1%,0.2,0.221,0.25,0.365,0.615,0.144,0.253,9.0,-4.2,0.269,68.0,2026-09-28
vs_lhp_home,last_30,2026-8-29,2026-9-28,28,2026.0,BOS,226.0,7.1%,27.4%,0.3,0.213,0.279,0.3,0.578,0.087,0.289,17.0,-9.8,0.263,60.0,2026-09-28
vs_lhp_home,last_30,2026-8-29,2026-9-28,29,2026.0,SFG,205.0,5.4%,26.3%,0.2,0.194,0.236,0.272,0.509,0.079,0.252,10.0,-14.5,0.228,47.0,2026-09-28
vs_lhp_home,last_30,2026-8-29,2026-9-28,30,2026.0,LAA,104.0,4.8%,30.8%,0.2,0.202,0.255,0.277,0.531,0.074,0.29,5.0,-7.3,0.231,45.0,2026-09-28
vs_lhp_home,last_14,2026-9-14,2026-9-28,1,2026.0,SDP,16.0,6.2%,25.0%,0.2,0.5,0.562,0.857,1.42,0.357,0.667,6.0,3.6,0.598,297.0,2026-09-28
vs_lhp_home,last_14,2026-9-14,2026-9-28,2,2026.0,LAD,97.0,8.2%,15.5%,0.5,0.348,0.402,0.607,1.009,0.258,0.368,21.0,9.1,0.433,178.0,2026-09-28
vs_lhp_home,last_14,2026-9-14,2026-9-28,3,2026.0,ATH,58.0,8.6%,20.7%,0.4,0.353,0.421,0.588,1.009,0.235,0.432,12.0,5.6,0.434,171.0,2026-09-28
vs_lhp_home,last_14,2026-9-14,2026-9-28,4,2026.0,DET,88.0,12.5%,21.6%,0.6,0.289,0.379,0.526,0.906,0.237,0.352,16.0,5.6,0.392,155.0,2026-09-28
vs_lhp_home,last_14,2026-9-14,2026-9-28,5,2026.0,CLE,79.0,8.9%,12.7%,0.7,0.278,0.342,0.569,0.911,0.292,0.263,14.0,4.6,0.389,153.0,2026-09-28
vs_lhp_home,last_14,2026-9-14,2026-9-28,6,2026.0,PIT,131.0,8.4%,21.4%,0.4,0.308,0.377,0.521,0.898,0.214,0.361,24.0,8.1,0.39,144.0,2026-09-28
vs_lhp_home,last_14,2026-9-14,2026-9-28,7,2026.0,KCR,69.0,2.9%,17.4%,0.2,0.369,0.391,0.477,0.868,0.108,0.434,12.0,3.5,0.379,142.0,2026-09-28
vs_lhp_home,last_14,2026-9-14,2026-9-28,8,2026.0,WSN,82.0,9.8%,15.9%,0.6,0.268,0.346,0.507,0.853,0.239,0.286,13.0,3.4,0.366,130.0,2026-09-28
vs_lhp_home,last_14,2026-9-14,2026-9-28,9,2026.0,TOR,61.0,8.2%,11.5%,0.7,0.269,0.35,0.423,0.773,0.154,0.289,9.0,1.5,0.34,128.0,2026-09-28
vs_lhp_home,last_14,2026-9-14,2026-9-28,10,2026.0,CHW,102.0,13.7%,20.6%,0.7,0.224,0.343,0.459,0.802,0.235,0.233,15.0,2.5,0.348,123.0,2026-09-28
vs_lhp_home,last_14,2026-9-14,2026-9-28,11,2026.0,STL,48.0,6.2%,22.9%,0.3,0.311,0.354,0.422,0.776,0.111,0.394,7.0,1.0,0.343,122.0,2026-09-28
vs_lhp_home,last_14,2026-9-14,2026-9-28,12,2026.0,TBR,106.0,12.3%,17.0%,0.7,0.253,0.358,0.396,0.754,0.143,0.306,14.0,1.9,0.338,116.0,2026-09-28
vs_lhp_home,last_14,2026-9-14,2026-9-28,13,2026.0,TEX,141.0,9.9%,25.5%,0.4,0.256,0.343,0.38,0.723,0.124,0.341,17.0,0.5,0.32,110.0,2026-09-28
vs_lhp_home,last_14,2026-9-14,2026-9-28,14,2026.0,SEA,109.0,11.9%,23.9%,0.5,0.253,0.349,0.316,0.664,0.063,0.338,12.0,-1.1,0.303,106.0,2026-09-28
vs_lhp_home,last_14,2026-9-14,2026-9-28,15,2026.0,HOU,59.0,8.5%,18.6%,0.5,0.241,0.305,0.407,0.712,0.167,0.268,7.0,-0.1,0.313,106.0,2026-09-28
vs_lhp_home,last_14,2026-9-14,2026-9-28,16,2026.0,NYM,77.0,9.1%,18.2%,0.5,0.261,0.338,0.333,0.671,0.072,0.315,8.0,-0.7,0.306,96.0,2026-09-28
vs_lhp_home,last_14,2026-9-14,2026-9-28,17,2026.0,ARI,28.0,3.6%,28.6%,0.1,0.259,0.286,0.407,0.693,0.148,0.333,3.0,-0.3,0.302,95.0,2026-09-28
vs_lhp_home,last_14,2026-9-14,2026-9-28,18,2026.0,COL,117.0,5.1%,21.4%,0.2,0.257,0.308,0.45,0.757,0.193,0.309,15.0,1.1,0.328,85.0,2026-09-28
vs_lhp_home,last_14,2026-9-14,2026-9-28,19,2026.0,MIL,35.0,8.6%,22.9%,0.4,0.207,0.303,0.345,0.648,0.138,0.25,3.0,-1.0,0.294,82.0,2026-09-28
vs_lhp_home,last_14,2026-9-14,2026-9-28,20,2026.0,MIA,31.0,3.2%,12.9%,0.2,0.241,0.29,0.345,0.635,0.103,0.25,3.0,-0.8,0.284,80.0,2026-09-28
vs_lhp_home,last_14,2026-9-14,2026-9-28,21,2026.0,LAA,71.0,5.6%,31.0%,0.2,0.234,0.296,0.344,0.64,0.109,0.333,6.0,-2.3,0.273,78.0,2026-09-28
vs_lhp_home,last_14,2026-9-14,2026-9-28,22,2026.0,MIN,110.0,4.5%,19.1%,0.2,0.225,0.266,0.373,0.639,0.147,0.253,10.0,-3.2,0.278,76.0,2026-09-28
vs_lhp_home,last_14,2026-9-14,2026-9-28,23,2026.0,BOS,134.0,8.2%,27.6%,0.3,0.23,0.299,0.295,0.594,0.066,0.321,11.0,-4.9,0.271,66.0,2026-09-28
vs_lhp_home,last_14,2026-9-14,2026-9-28,24,2026.0,NYY,55.0,5.5%,25.5%,0.2,0.212,0.255,0.308,0.562,0.096,0.27,4.0,-3.0,0.25,63.0,2026-09-28
vs_lhp_home,last_14,2026-9-14,2026-9-28,25,2026.0,ATL,56.0,3.6%,16.1%,0.2,0.204,0.232,0.352,0.584,0.148,0.209,4.0,-2.8,0.254,60.0,2026-09-28
vs_lhp_home,last_14,2026-9-14,2026-9-28,26,2026.0,CHC,37.0,10.8%,13.5%,0.8,0.226,0.306,0.226,0.531,0.0,0.259,2.0,-2.2,0.251,56.0,2026-09-28
vs_lhp_home,last_14,2026-9-14,2026-9-28,27,2026.0,PHI,70.0,5.7%,17.1%,0.3,0.2,0.257,0.246,0.503,0.046,0.245,3.0,-4.8,0.232,38.0,2026-09-28
vs_lhp_home,last_14,2026-9-14,2026-9-28,28,2026.0,SFG,106.0,1.9%,30.2%,0.1,0.216,0.229,0.255,0.483,0.039,0.31,4.0,-8.9,0.214,37.0,2026-09-28
vs_lhp_home,last_14,2026-9-14,2026-9-28,29,2026.0,BAL,74.0,12.2%,18.9%,0.6,0.125,0.243,0.188,0.431,0.062,0.16,2.0,-6.7,0.204,31.0,2026-09-28
vs_lhp_home,last_14,2026-9-14,2026-9-28,30,2026.0,CIN,103.0,6.8%,30.1%,0.2,0.156,0.214,0.198,0.412,0.042,0.219,1.0,-10.7,0.187,12.0,2026-09-28
vs_lhp_home,last_7,2026-9-21,2026-9-28,1,2026.0,TOR,40.0,12.5%,15.0%,0.8,0.344,0.45,0.594,1.044,0.25,0.385,9.0,4.1,0.444,194.0,2026-09-28
vs_lhp_home,last_7,2026-9-21,2026-9-28,2,2026.0,ATH,58.0,8.6%,20.7%,0.4,0.353,0.421,0.588,1.009,0.235,0.432,12.0,5.6,0.434,171.0,2026-09-28
vs_lhp_home,last_7,2026-9-21,2026-9-28,3,2026.0,SDP,5.0,0.0%,20.0%,0.0,0.25,0.4,0.5,0.9,0.25,0.333,1.0,0.3,0.398,165.0,2026-09-28
vs_lhp_home,last_7,2026-9-21,2026-9-28,4,2026.0,CHW,46.0,4.3%,15.2%,0.3,0.256,0.304,0.628,0.932,0.372,0.219,8.0,2.7,0.385,156.0,2026-09-28
vs_lhp_home,last_7,2026-9-21,2026-9-28,5,2026.0,DET,88.0,12.5%,21.6%,0.6,0.289,0.379,0.526,0.906,0.237,0.352,16.0,5.6,0.392,155.0,2026-09-28
vs_lhp_home,last_7,2026-9-21,2026-9-28,6,2026.0,KCR,69.0,2.9%,17.4%,0.2,0.369,0.391,0.477,0.868,0.108,0.434,12.0,3.5,0.379,142.0,2026-09-28
vs_lhp_home,last_7,2026-9-21,2026-9-28,7,2026.0,LAD,42.0,7.1%,14.3%,0.5,0.333,0.381,0.462,0.842,0.128,0.375,7.0,1.8,0.37,137.0,2026-09-28
vs_lhp_home,last_7,2026-9-21,2026-9-28,8,2026.0,WSN,51.0,9.8%,13.7%,0.7,0.244,0.314,0.489,0.803,0.244,0.243,7.0,1.0,0.342,114.0,2026-09-28
vs_lhp_home,last_7,2026-9-21,2026-9-28,9,2026.0,COL,32.0,0.0%,15.6%,0.0,0.312,0.312,0.531,0.844,0.219,0.32,5.0,1.2,0.362,113.0,2026-09-28
vs_lhp_home,last_7,2026-9-21,2026-9-28,10,2026.0,SEA,109.0,11.9%,23.9%,0.5,0.253,0.349,0.316,0.664,0.063,0.338,12.0,-1.1,0.303,106.0,2026-09-28
vs_lhp_home,last_7,2026-9-21,2026-9-28,11,2026.0,PIT,46.0,8.7%,21.7%,0.4,0.262,0.326,0.381,0.707,0.119,0.323,5.0,-0.1,0.315,96.0,2026-09-28
vs_lhp_home,last_7,2026-9-21,2026-9-28,12,2026.0,CHC,6.0,0.0%,33.3%,0.0,0.333,0.333,0.333,0.667,0.0,0.5,1.0,-0.1,0.297,93.0,2026-09-28
vs_lhp_home,last_7,2026-9-21,2026-9-28,13,2026.0,MIN,43.0,4.7%,18.6%,0.2,0.275,0.302,0.4,0.702,0.125,0.312,5.0,-0.4,0.304,92.0,2026-09-28
vs_lhp_home,last_7,2026-9-21,2026-9-28,14,2026.0,TEX,57.0,7.0%,28.1%,0.2,0.204,0.281,0.367,0.648,0.163,0.242,5.0,-1.5,0.284,86.0,2026-09-28
vs_lhp_home,last_7,2026-9-21,2026-9-28,15,2026.0,MIL,35.0,8.6%,22.9%,0.4,0.207,0.303,0.345,0.648,0.138,0.25,3.0,-1.0,0.294,82.0,2026-09-28
vs_lhp_home,last_7,2026-9-21,2026-9-28,16,2026.0,MIA,31.0,3.2%,12.9%,0.2,0.241,0.29,0.345,0.635,0.103,0.25,3.0,-0.8,0.284,80.0,2026-09-28
vs_lhp_home,last_7,2026-9-21,2026-9-28,17,2026.0,BOS,134.0,8.2%,27.6%,0.3,0.23,0.299,0.295,0.594,0.066,0.321,11.0,-4.9,0.271,66.0,2026-09-28
vs_lhp_home,last_7,2026-9-21,2026-9-28,18,2026.0,NYY,55.0,5.5%,25.5%,0.2,0.212,0.255,0.308,0.562,0.096,0.27,4.0,-3.0,0.25,63.0,2026-09-28
vs_lhp_home,last_7,2026-9-21,2026-9-28,19,2026.0,ATL,56.0,3.6%,16.1%,0.2,0.204,0.232,0.352,0.584,0.148,0.209,4.0,-2.8,0.254,60.0,2026-09-28
vs_lhp_home,last_7,2026-9-21,2026-9-28,20,2026.0,BAL,17.0,17.6%,23.5%,0.8,0.143,0.294,0.286,0.58,0.143,0.2,1.0,-1.2,0.243,55.0,2026-09-28
vs_lhp_home,last_7,2026-9-21,2026-9-28,21,2026.0,PHI,70.0,5.7%,17.1%,0.3,0.2,0.257,0.246,0.503,0.046,0.245,3.0,-4.8,0.232,38.0,2026-09-28
vs_lhp_home,last_7,2026-9-21,2026-9-28,22,2026.0,SFG,106.0,1.9%,30.2%,0.1,0.216,0.229,0.255,0.483,0.039,0.31,4.0,-8.9,0.214,37.0,2026-09-28
vs_lhp_away,season,2026-3-18,2026-9-28,1,2026.0,BOS,870.0,9.5%,19.5%,0.5,0.27,0.351,0.473,0.823,0.203,0.304,133.0,29.6,0.358,131.0,2026-09-28
vs_lhp_away,season,2026-3-18,2026-9-28,2,2026.0,LAA,956.0,9.6%,24.7%,0.4,0.255,0.332,0.434,0.766,0.179,0.311,126.0,13.0,0.334,114.0,2026-09-28
vs_lhp_away,season,2026-3-18,2026-9-28,3,2026.0,BAL,911.0,8.8%,26.9%,0.3,0.259,0.327,0.431,0.758,0.172,0.329,119.0,11.0,0.331,112.0,2026-09-28
vs_lhp_away,season,2026-3-18,2026-9-28,4,2026.0,DET,870.0,9.8%,22.1%,0.4,0.259,0.338,0.414,0.752,0.156,0.315,113.0,10.1,0.331,112.0,2026-09-28
vs_lhp_away,season,2026-3-18,2026-9-28,5,2026.0,LAD,917.0,8.9%,20.0%,0.4,0.254,0.333,0.427,0.76,0.173,0.288,121.0,12.2,0.333,110.0,2026-09-28
vs_lhp_away,season,2026-3-18,2026-9-28,6,2026.0,WSN,1086.0,9.1%,25.0%,0.4,0.253,0.329,0.424,0.753,0.171,0.318,142.0,12.9,0.331,108.0,2026-09-28
vs_lhp_away,season,2026-3-18,2026-9-28,7,2026.0,CHW,864.0,10.6%,25.7%,0.4,0.228,0.326,0.409,0.736,0.181,0.277,108.0,6.2,0.325,108.0,2026-09-28
vs_lhp_away,season,2026-3-18,2026-9-28,8,2026.0,COL,1005.0,8.2%,23.4%,0.3,0.263,0.333,0.411,0.745,0.148,0.329,127.0,8.2,0.326,105.0,2026-09-28
vs_lhp_away,season,2026-3-18,2026-9-28,9,2026.0,HOU,877.0,7.9%,19.6%,0.4,0.241,0.314,0.42,0.734,0.179,0.266,106.0,2.6,0.32,105.0,2026-09-28
vs_lhp_away,season,2026-3-18,2026-9-28,10,2026.0,CHC,815.0,9.8%,22.3%,0.4,0.241,0.327,0.391,0.718,0.15,0.292,98.0,1.7,0.319,100.0,2026-09-28
vs_lhp_away,season,2026-3-18,2026-9-28,11,2026.0,ARI,871.0,9.0%,20.7%,0.4,0.256,0.328,0.388,0.716,0.132,0.31,103.0,-0.6,0.316,98.0,2026-09-28
vs_lhp_away,season,2026-3-18,2026-9-28,12,2026.0,STL,945.0,9.1%,20.8%,0.4,0.239,0.318,0.393,0.712,0.154,0.274,110.0,-1.5,0.314,97.0,2026-09-28
vs_lhp_away,season,2026-3-18,2026-9-28,13,2026.0,CIN,713.0,9.3%,24.1%,0.4,0.248,0.319,0.396,0.715,0.148,0.303,83.0,-1.5,0.314,97.0,2026-09-28
vs_lhp_away,season,2026-3-18,2026-9-28,14,2026.0,SEA,1023.0,9.8%,23.1%,0.4,0.234,0.32,0.372,0.692,0.137,0.284,113.0,-7.7,0.308,95.0,2026-09-28
vs_lhp_away,season,2026-3-18,2026-9-28,15,2026.0,NYY,1124.0,8.1%,25.4%,0.3,0.237,0.304,0.387,0.691,0.15,0.292,122.0,-11.2,0.304,93.0,2026-09-28
vs_lhp_away,season,2026-3-18,2026-9-28,16,2026.0,TOR,848.0,7.4%,19.2%,0.4,0.243,0.305,0.386,0.691,0.143,0.281,92.0,-8.8,0.304,93.0,2026-09-28
vs_lhp_away,season,2026-3-18,2026-9-28,17,2026.0,SDP,821.0,7.9%,20.5%,0.4,0.25,0.315,0.384,0.699,0.134,0.294,91.0,-5.7,0.308,93.0,2026-09-28
vs_lhp_away,season,2026-3-18,2026-9-28,18,2026.0,MIL,963.0,9.6%,21.1%,0.5,0.241,0.318,0.369,0.687,0.128,0.295,105.0,-8.7,0.305,91.0,2026-09-28
vs_lhp_away,season,2026-3-18,2026-9-28,19,2026.0,TEX,947.0,8.0%,25.2%,0.3,0.234,0.304,0.372,0.676,0.138,0.296,100.0,-12.5,0.301,91.0,2026-09-28
vs_lhp_away,season,2026-3-18,2026-9-28,20,2026.0,PHI,941.0,9.4%,23.1%,0.4,0.229,0.307,0.369,0.676,0.14,0.276,100.0,-11.3,0.302,88.0,2026-09-28
vs_lhp_away,season,2026-3-18,2026-9-28,21,2026.0,NYM,928.0,7.5%,22.2%,0.3,0.232,0.293,0.393,0.686,0.162,0.266,98.0,-12.2,0.3,88.0,2026-09-28
vs_lhp_away,season,2026-3-18,2026-9-28,22,2026.0,MIN,991.0,8.4%,23.6%,0.4,0.224,0.302,0.357,0.659,0.133,0.274,99.0,-18.2,0.294,86.0,2026-09-28
vs_lhp_away,season,2026-3-18,2026-9-28,23,2026.0,TBR,1047.0,7.9%,17.7%,0.4,0.245,0.311,0.341,0.653,0.097,0.284,102.0,-21.6,0.291,84.0,2026-09-28
vs_lhp_away,season,2026-3-18,2026-9-28,24,2026.0,MIA,829.0,8.2%,22.6%,0.4,0.232,0.307,0.356,0.663,0.124,0.286,84.0,-14.3,0.295,84.0,2026-09-28
vs_lhp_away,season,2026-3-18,2026-9-28,25,2026.0,SFG,997.0,7.0%,22.8%,0.3,0.237,0.295,0.373,0.668,0.136,0.289,100.0,-18.2,0.294,83.0,2026-09-28
vs_lhp_away,season,2026-3-18,2026-9-28,26,2026.0,ATL,1040.0,7.4%,22.7%,0.3,0.23,0.294,0.369,0.662,0.139,0.277,103.0,-19.9,0.293,83.0,2026-09-28
vs_lhp_away,season,2026-3-18,2026-9-28,27,2026.0,CLE,1006.0,9.5%,22.4%,0.4,0.218,0.299,0.34,0.639,0.122,0.264,95.0,-24.0,0.287,81.0,2026-09-28
vs_lhp_away,season,2026-3-18,2026-9-28,28,2026.0,KCR,1068.0,8.2%,22.8%,0.4,0.226,0.298,0.343,0.641,0.117,0.281,99.0,-27.5,0.285,80.0,2026-09-28
vs_lhp_away,season,2026-3-18,2026-9-28,29,2026.0,PIT,1025.0,9.0%,27.9%,0.3,0.221,0.297,0.333,0.63,0.112,0.294,93.0,-28.0,0.283,76.0,2026-09-28
vs_lhp_away,season,2026-3-18,2026-9-28,30,2026.0,ATH,943.0,6.7%,26.2%,0.3,0.212,0.273,0.336,0.61,0.124,0.267,77.0,-34.5,0.271,70.0,2026-09-28
vs_lhp_away,last_30,2026-8-29,2026-9-28,1,2026.0,CHW,163.0,12.9%,22.7%,0.6,0.261,0.387,0.485,0.872,0.224,0.308,28.0,8.7,0.382,149.0,2026-09-28
vs_lhp_away,last_30,2026-8-29,2026-9-28,2,2026.0,SEA,251.0,10.4%,19.5%,0.5,0.285,0.369,0.495,0.865,0.21,0.321,41.0,11.2,0.373,141.0,2026-09-28
vs_lhp_away,last_30,2026-8-29,2026-9-28,3,2026.0,DET,169.0,7.7%,24.3%,0.3,0.307,0.373,0.464,0.837,0.157,0.393,27.0,6.9,0.366,137.0,2026-09-28
vs_lhp_away,last_30,2026-8-29,2026-9-28,4,2026.0,LAA,204.0,9.3%,21.1%,0.4,0.303,0.368,0.472,0.84,0.169,0.359,32.0,8.0,0.366,136.0,2026-09-28
vs_lhp_away,last_30,2026-8-29,2026-9-28,5,2026.0,NYY,139.0,10.8%,23.0%,0.5,0.303,0.374,0.443,0.817,0.139,0.375,21.0,4.8,0.359,132.0,2026-09-28
vs_lhp_away,last_30,2026-8-29,2026-9-28,6,2026.0,SDP,154.0,6.5%,16.9%,0.4,0.304,0.357,0.486,0.843,0.181,0.33,24.0,5.6,0.362,129.0,2026-09-28
vs_lhp_away,last_30,2026-8-29,2026-9-28,7,2026.0,HOU,155.0,5.8%,21.9%,0.3,0.262,0.318,0.496,0.815,0.234,0.297,22.0,3.6,0.346,123.0,2026-09-28
vs_lhp_away,last_30,2026-8-29,2026-9-28,8,2026.0,PIT,149.0,6.7%,22.1%,0.3,0.297,0.349,0.449,0.798,0.152,0.36,22.0,4.1,0.35,121.0,2026-09-28
vs_lhp_away,last_30,2026-8-29,2026-9-28,9,2026.0,SFG,179.0,9.5%,23.5%,0.4,0.255,0.331,0.452,0.784,0.197,0.306,25.0,3.7,0.343,116.0,2026-09-28
vs_lhp_away,last_30,2026-8-29,2026-9-28,10,2026.0,COL,183.0,8.2%,21.3%,0.4,0.281,0.352,0.431,0.783,0.15,0.342,25.0,3.6,0.343,115.0,2026-09-28
vs_lhp_away,last_30,2026-8-29,2026-9-28,11,2026.0,TEX,104.0,3.8%,27.9%,0.1,0.278,0.32,0.433,0.753,0.155,0.349,14.0,1.3,0.331,113.0,2026-09-28
vs_lhp_away,last_30,2026-8-29,2026-9-28,12,2026.0,ATH,145.0,9.7%,22.1%,0.4,0.24,0.324,0.419,0.743,0.178,0.275,19.0,1.4,0.329,112.0,2026-09-28
vs_lhp_away,last_30,2026-8-29,2026-9-28,13,2026.0,TOR,167.0,7.2%,12.6%,0.6,0.266,0.323,0.416,0.739,0.149,0.281,21.0,1.2,0.326,110.0,2026-09-28
vs_lhp_away,last_30,2026-8-29,2026-9-28,14,2026.0,PHI,227.0,8.8%,19.8%,0.4,0.25,0.322,0.417,0.738,0.167,0.292,28.0,1.5,0.325,104.0,2026-09-28
vs_lhp_away,last_30,2026-8-29,2026-9-28,15,2026.0,MIL,196.0,9.2%,20.9%,0.4,0.247,0.325,0.391,0.716,0.144,0.297,23.0,0.1,0.318,99.0,2026-09-28
vs_lhp_away,last_30,2026-8-29,2026-9-28,16,2026.0,BAL,115.0,7.8%,33.0%,0.2,0.229,0.287,0.39,0.677,0.162,0.302,12.0,-1.8,0.297,91.0,2026-09-28
vs_lhp_away,last_30,2026-8-29,2026-9-28,17,2026.0,WSN,174.0,6.3%,25.9%,0.2,0.248,0.293,0.404,0.697,0.155,0.31,19.0,-1.8,0.303,90.0,2026-09-28
vs_lhp_away,last_30,2026-8-29,2026-9-28,18,2026.0,BOS,170.0,10.0%,19.4%,0.5,0.213,0.302,0.367,0.668,0.153,0.234,17.0,-2.7,0.297,89.0,2026-09-28
vs_lhp_away,last_30,2026-8-29,2026-9-28,19,2026.0,CHC,138.0,8.7%,15.2%,0.6,0.238,0.312,0.361,0.672,0.123,0.267,14.0,-1.9,0.299,89.0,2026-09-28
vs_lhp_away,last_30,2026-8-29,2026-9-28,20,2026.0,ARI,151.0,8.6%,21.2%,0.4,0.256,0.318,0.353,0.671,0.098,0.317,16.0,-2.3,0.299,87.0,2026-09-28
vs_lhp_away,last_30,2026-8-29,2026-9-28,21,2026.0,CLE,226.0,4.9%,18.6%,0.3,0.239,0.284,0.378,0.662,0.139,0.265,22.0,-4.6,0.291,85.0,2026-09-28
vs_lhp_away,last_30,2026-8-29,2026-9-28,22,2026.0,CIN,174.0,5.7%,25.9%,0.2,0.221,0.27,0.393,0.663,0.172,0.261,17.0,-3.7,0.29,82.0,2026-09-28
vs_lhp_away,last_30,2026-8-29,2026-9-28,23,2026.0,LAD,136.0,9.6%,17.6%,0.5,0.19,0.272,0.388,0.66,0.198,0.185,13.0,-2.9,0.29,82.0,2026-09-28
vs_lhp_away,last_30,2026-8-29,2026-9-28,24,2026.0,MIN,169.0,5.3%,23.1%,0.2,0.226,0.274,0.361,0.635,0.135,0.272,14.0,-5.6,0.276,75.0,2026-09-28
vs_lhp_away,last_30,2026-8-29,2026-9-28,25,2026.0,NYM,251.0,9.2%,21.5%,0.4,0.204,0.279,0.363,0.642,0.159,0.226,23.0,-7.2,0.28,74.0,2026-09-28
vs_lhp_away,last_30,2026-8-29,2026-9-28,26,2026.0,MIA,166.0,7.8%,23.5%,0.3,0.218,0.297,0.32,0.617,0.102,0.28,14.0,-5.2,0.279,73.0,2026-09-28
vs_lhp_away,last_30,2026-8-29,2026-9-28,27,2026.0,KCR,175.0,9.1%,24.0%,0.4,0.206,0.285,0.316,0.601,0.11,0.264,13.0,-7.5,0.265,66.0,2026-09-28
vs_lhp_away,last_30,2026-8-29,2026-9-28,28,2026.0,TBR,220.0,7.7%,17.7%,0.4,0.23,0.292,0.28,0.572,0.05,0.275,15.0,-11.1,0.254,59.0,2026-09-28
vs_lhp_away,last_30,2026-8-29,2026-9-28,29,2026.0,STL,166.0,4.8%,29.5%,0.2,0.211,0.253,0.322,0.575,0.112,0.265,11.0,-8.5,0.253,56.0,2026-09-28
vs_lhp_away,last_30,2026-8-29,2026-9-28,30,2026.0,ATL,151.0,6.6%,26.5%,0.2,0.2,0.258,0.271,0.53,0.071,0.273,9.0,-9.2,0.241,48.0,2026-09-28
vs_lhp_away,last_14,2026-9-14,2026-9-28,1,2026.0,DET,56.0,8.9%,25.0%,0.4,0.367,0.446,0.592,1.038,0.224,0.469,13.0,6.0,0.45,195.0,2026-09-28
vs_lhp_away,last_14,2026-9-14,2026-9-28,2,2026.0,ARI,45.0,11.1%,20.0%,0.6,0.325,0.4,0.525,0.925,0.2,0.4,8.0,3.1,0.402,159.0,2026-09-28
vs_lhp_away,last_14,2026-9-14,2026-9-28,3,2026.0,NYY,54.0,13.0%,18.5%,0.7,0.255,0.352,0.553,0.905,0.298,0.242,10.0,3.1,0.388,153.0,2026-09-28
vs_lhp_away,last_14,2026-9-14,2026-9-28,4,2026.0,PIT,20.0,10.0%,20.0%,0.5,0.294,0.4,0.471,0.871,0.176,0.333,4.0,1.1,0.387,151.0,2026-09-28
vs_lhp_away,last_14,2026-9-14,2026-9-28,5,2026.0,LAA,82.0,8.5%,19.5%,0.4,0.338,0.4,0.465,0.865,0.127,0.396,14.0,4.1,0.381,145.0,2026-09-28
vs_lhp_away,last_14,2026-9-14,2026-9-28,6,2026.0,CHW,101.0,9.9%,23.8%,0.4,0.276,0.366,0.506,0.872,0.23,0.333,17.0,4.9,0.377,145.0,2026-09-28
vs_lhp_away,last_14,2026-9-14,2026-9-28,7,2026.0,SDP,53.0,3.8%,15.1%,0.2,0.306,0.358,0.49,0.848,0.184,0.316,9.0,2.4,0.371,137.0,2026-09-28
vs_lhp_away,last_14,2026-9-14,2026-9-28,8,2026.0,SEA,107.0,9.3%,22.4%,0.4,0.272,0.349,0.467,0.816,0.196,0.318,16.0,3.0,0.351,127.0,2026-09-28
vs_lhp_away,last_14,2026-9-14,2026-9-28,9,2026.0,TEX,14.0,0.0%,21.4%,0.0,0.286,0.286,0.5,0.786,0.214,0.3,2.0,0.2,0.337,126.0,2026-09-28
vs_lhp_away,last_14,2026-9-14,2026-9-28,10,2026.0,COL,54.0,9.3%,22.2%,0.4,0.267,0.346,0.444,0.791,0.178,0.312,7.0,0.9,0.339,115.0,2026-09-28
vs_lhp_away,last_14,2026-9-14,2026-9-28,11,2026.0,HOU,57.0,7.0%,21.1%,0.3,0.235,0.298,0.451,0.749,0.216,0.263,7.0,0.2,0.315,108.0,2026-09-28
vs_lhp_away,last_14,2026-9-14,2026-9-28,12,2026.0,PHI,95.0,11.6%,20.0%,0.6,0.229,0.326,0.41,0.736,0.181,0.262,12.0,0.8,0.327,107.0,2026-09-28
vs_lhp_away,last_14,2026-9-14,2026-9-28,13,2026.0,CLE,145.0,6.2%,17.9%,0.3,0.252,0.306,0.427,0.733,0.176,0.267,17.0,0.3,0.319,104.0,2026-09-28
vs_lhp_away,last_14,2026-9-14,2026-9-28,14,2026.0,NYM,140.0,9.3%,16.4%,0.6,0.232,0.307,0.448,0.755,0.216,0.229,17.0,0.7,0.32,103.0,2026-09-28
vs_lhp_away,last_14,2026-9-14,2026-9-28,15,2026.0,MIN,93.0,6.5%,20.4%,0.3,0.262,0.304,0.44,0.745,0.179,0.297,11.0,-0.3,0.316,101.0,2026-09-28
vs_lhp_away,last_14,2026-9-14,2026-9-28,16,2026.0,CHC,89.0,6.7%,14.6%,0.5,0.275,0.326,0.4,0.726,0.125,0.309,11.0,0.1,0.318,100.0,2026-09-28
vs_lhp_away,last_14,2026-9-14,2026-9-28,17,2026.0,BOS,91.0,12.1%,15.4%,0.8,0.205,0.311,0.372,0.683,0.167,0.2,10.0,-0.9,0.303,98.0,2026-09-28
vs_lhp_away,last_14,2026-9-14,2026-9-28,18,2026.0,MIL,104.0,10.6%,21.2%,0.5,0.231,0.32,0.352,0.672,0.121,0.284,11.0,-1.2,0.303,89.0,2026-09-28
vs_lhp_away,last_14,2026-9-14,2026-9-28,19,2026.0,ATL,77.0,7.8%,24.7%,0.3,0.254,0.312,0.366,0.678,0.113,0.333,8.0,-0.9,0.301,89.0,2026-09-28
vs_lhp_away,last_14,2026-9-14,2026-9-28,20,2026.0,LAD,82.0,12.2%,18.3%,0.7,0.181,0.28,0.389,0.669,0.208,0.17,8.0,-1.3,0.296,87.0,2026-09-28
vs_lhp_away,last_14,2026-9-14,2026-9-28,21,2026.0,SFG,111.0,9.9%,21.6%,0.5,0.237,0.315,0.34,0.655,0.103,0.306,11.0,-2.0,0.295,84.0,2026-09-28
vs_lhp_away,last_14,2026-9-14,2026-9-28,22,2026.0,TOR,46.0,6.5%,13.0%,0.5,0.233,0.283,0.349,0.631,0.116,0.25,4.0,-1.3,0.28,80.0,2026-09-28
vs_lhp_away,last_14,2026-9-14,2026-9-28,23,2026.0,WSN,87.0,9.2%,21.8%,0.4,0.234,0.299,0.351,0.649,0.117,0.276,8.0,-2.0,0.288,79.0,2026-09-28
vs_lhp_away,last_14,2026-9-14,2026-9-28,24,2026.0,MIA,83.0,7.2%,20.5%,0.4,0.23,0.305,0.27,0.575,0.041,0.298,6.0,-3.5,0.267,64.0,2026-09-28
vs_lhp_away,last_14,2026-9-14,2026-9-28,25,2026.0,BAL,51.0,5.9%,39.2%,0.2,0.191,0.235,0.319,0.554,0.128,0.269,3.0,-3.0,0.244,60.0,2026-09-28
vs_lhp_away,last_14,2026-9-14,2026-9-28,26,2026.0,KCR,41.0,7.3%,22.0%,0.3,0.194,0.256,0.333,0.59,0.139,0.231,2.0,-2.8,0.251,50.0,2026-09-28
vs_lhp_away,last_14,2026-9-14,2026-9-28,27,2026.0,TBR,114.0,7.0%,21.9%,0.3,0.217,0.272,0.255,0.527,0.038,0.275,6.0,-7.2,0.238,50.0,2026-09-28
vs_lhp_away,last_14,2026-9-14,2026-9-28,28,2026.0,CIN,47.0,0.0%,38.3%,0.0,0.109,0.128,0.196,0.323,0.087,0.148,-1.0,-6.6,0.143,-10.0,2026-09-28
vs_lhp_away,last_14,2026-9-14,2026-9-28,29,2026.0,STL,65.0,6.2%,43.1%,0.1,0.083,0.154,0.133,0.287,0.05,0.129,-2.0,-9.2,0.14,-13.0,2026-09-28
vs_lhp_away,last_14,2026-9-14,2026-9-28,30,2026.0,ATH,35.0,8.6%,25.7%,0.3,0.062,0.143,0.062,0.205,0.0,0.087,-2.0,-5.8,0.111,-29.0,2026-09-28
vs_lhp_away,last_7,2026-9-21,2026-9-28,1,2026.0,MIL,18.0,5.6%,11.1%,0.5,0.353,0.389,0.588,0.977,0.235,0.357,4.0,1.5,0.421,176.0,2026-09-28
vs_lhp_away,last_7,2026-9-21,2026-9-28,2,2026.0,CHW,39.0,10.3%,15.4%,0.7,0.265,0.359,0.588,0.947,0.324,0.24,7.0,2.8,0.404,169.0,2026-09-28
vs_lhp_away,last_7,2026-9-21,2026-9-28,3,2026.0,ARI,45.0,11.1%,20.0%,0.6,0.325,0.4,0.525,0.925,0.2,0.4,8.0,3.1,0.402,159.0,2026-09-28
vs_lhp_away,last_7,2026-9-21,2026-9-28,4,2026.0,PIT,20.0,10.0%,20.0%,0.5,0.294,0.4,0.471,0.871,0.176,0.333,4.0,1.1,0.387,151.0,2026-09-28
vs_lhp_away,last_7,2026-9-21,2026-9-28,5,2026.0,LAA,82.0,8.5%,19.5%,0.4,0.338,0.4,0.465,0.865,0.127,0.396,14.0,4.1,0.381,145.0,2026-09-28
vs_lhp_away,last_7,2026-9-21,2026-9-28,6,2026.0,BAL,18.0,16.7%,38.9%,0.4,0.357,0.444,0.357,0.802,0.0,0.625,3.0,0.7,0.364,143.0,2026-09-28
vs_lhp_away,last_7,2026-9-21,2026-9-28,7,2026.0,TEX,14.0,0.0%,21.4%,0.0,0.286,0.286,0.5,0.786,0.214,0.3,2.0,0.2,0.337,126.0,2026-09-28
vs_lhp_away,last_7,2026-9-21,2026-9-28,8,2026.0,TOR,8.0,0.0%,12.5%,0.0,0.375,0.375,0.375,0.75,0.0,0.429,1.0,0.1,0.334,125.0,2026-09-28
vs_lhp_away,last_7,2026-9-21,2026-9-28,9,2026.0,ATL,14.0,0.0%,28.6%,0.0,0.286,0.286,0.5,0.786,0.214,0.4,2.0,0.2,0.331,116.0,2026-09-28
vs_lhp_away,last_7,2026-9-21,2026-9-28,10,2026.0,CHC,57.0,7.0%,19.3%,0.4,0.308,0.351,0.423,0.774,0.115,0.381,8.0,1.0,0.338,116.0,2026-09-28
vs_lhp_away,last_7,2026-9-21,2026-9-28,11,2026.0,COL,54.0,9.3%,22.2%,0.4,0.267,0.346,0.444,0.791,0.178,0.312,7.0,0.9,0.339,115.0,2026-09-28
vs_lhp_away,last_7,2026-9-21,2026-9-28,12,2026.0,HOU,57.0,7.0%,21.1%,0.3,0.235,0.298,0.451,0.749,0.216,0.263,7.0,0.2,0.315,108.0,2026-09-28
vs_lhp_away,last_7,2026-9-21,2026-9-28,13,2026.0,CLE,145.0,6.2%,17.9%,0.3,0.252,0.306,0.427,0.733,0.176,0.267,17.0,0.3,0.319,104.0,2026-09-28
vs_lhp_away,last_7,2026-9-21,2026-9-28,14,2026.0,NYM,140.0,9.3%,16.4%,0.6,0.232,0.307,0.448,0.755,0.216,0.229,17.0,0.7,0.32,103.0,2026-09-28
vs_lhp_away,last_7,2026-9-21,2026-9-28,15,2026.0,MIN,28.0,7.1%,17.9%,0.4,0.24,0.286,0.44,0.726,0.2,0.25,3.0,-0.2,0.307,99.0,2026-09-28
vs_lhp_away,last_7,2026-9-21,2026-9-28,16,2026.0,WSN,31.0,9.7%,32.3%,0.3,0.25,0.323,0.357,0.68,0.107,0.353,3.0,-0.3,0.306,94.0,2026-09-28
vs_lhp_away,last_7,2026-9-21,2026-9-28,17,2026.0,LAD,22.0,4.5%,22.7%,0.2,0.19,0.227,0.381,0.608,0.19,0.2,2.0,-0.9,0.263,70.0,2026-09-28
vs_lhp_away,last_7,2026-9-21,2026-9-28,18,2026.0,MIA,60.0,3.3%,21.7%,0.2,0.25,0.288,0.286,0.574,0.036,0.326,4.0,-3.0,0.26,60.0,2026-09-28
vs_lhp_away,last_7,2026-9-21,2026-9-28,19,2026.0,SDP,25.0,4.0%,20.0%,0.2,0.217,0.28,0.217,0.497,0.0,0.278,1.0,-1.6,0.235,50.0,2026-09-28
vs_lhp_away,last_7,2026-9-21,2026-9-28,20,2026.0,TBR,114.0,7.0%,21.9%,0.3,0.217,0.272,0.255,0.527,0.038,0.275,6.0,-7.2,0.238,50.0,2026-09-28
vs_lhp_away,last_7,2026-9-21,2026-9-28,21,2026.0,CIN,47.0,0.0%,38.3%,0.0,0.109,0.128,0.196,0.323,0.087,0.148,-1.0,-6.6,0.143,-10.0,2026-09-28
vs_lhp_away,last_7,2026-9-21,2026-9-28,22,2026.0,STL,65.0,6.2%,43.1%,0.1,0.083,0.154,0.133,0.287,0.05,0.129,-2.0,-9.2,0.14,-13.0,2026-09-28
vs_rhp_home,season,2026-3-18,2026-9-28,1,2026.0,MIL,2108.0,10.7%,21.8%,0.5,0.279,0.358,0.449,0.807,0.17,0.335,309.0,59.5,0.352,124.0,2026-09-28
vs_rhp_home,season,2026-3-18,2026-9-28,2,2026.0,CHC,2270.0,11.5%,20.4%,0.6,0.245,0.338,0.42,0.758,0.175,0.281,299.0,29.7,0.332,114.0,2026-09-28
vs_rhp_home,season,2026-3-18,2026-9-28,3,2026.0,TBR,2017.0,8.4%,18.9%,0.4,0.267,0.333,0.434,0.767,0.167,0.301,269.0,29.8,0.335,113.0,2026-09-28
vs_rhp_home,season,2026-3-18,2026-9-28,4,2026.0,SEA,1914.0,10.1%,23.4%,0.4,0.229,0.319,0.388,0.707,0.158,0.274,222.0,-5.1,0.313,113.0,2026-09-28
vs_rhp_home,season,2026-3-18,2026-9-28,5,2026.0,PIT,2148.0,10.1%,21.9%,0.5,0.264,0.35,0.429,0.779,0.165,0.318,301.0,46.9,0.344,111.0,2026-09-28
vs_rhp_home,season,2026-3-18,2026-9-28,6,2026.0,BAL,1980.0,10.3%,23.0%,0.4,0.24,0.325,0.408,0.733,0.168,0.285,246.0,11.1,0.323,111.0,2026-09-28
vs_rhp_home,season,2026-3-18,2026-9-28,7,2026.0,KCR,2180.0,8.9%,18.2%,0.5,0.263,0.333,0.44,0.773,0.177,0.294,295.0,36.8,0.338,110.0,2026-09-28
vs_rhp_home,season,2026-3-18,2026-9-28,8,2026.0,BOS,2184.0,8.0%,19.5%,0.4,0.267,0.334,0.435,0.769,0.168,0.308,291.0,32.8,0.335,109.0,2026-09-28
vs_rhp_home,season,2026-3-18,2026-9-28,9,2026.0,ATL,1975.0,8.2%,20.7%,0.4,0.263,0.328,0.43,0.759,0.167,0.303,257.0,23.6,0.331,109.0,2026-09-28
vs_rhp_home,season,2026-3-18,2026-9-28,10,2026.0,MIN,2100.0,9.0%,19.5%,0.5,0.254,0.327,0.418,0.745,0.164,0.29,267.0,17.9,0.327,108.0,2026-09-28
vs_rhp_home,season,2026-3-18,2026-9-28,11,2026.0,DET,2059.0,9.5%,22.3%,0.4,0.246,0.324,0.425,0.749,0.179,0.287,263.0,19.0,0.328,108.0,2026-09-28
vs_rhp_home,season,2026-3-18,2026-9-28,12,2026.0,NYY,2076.0,10.6%,24.4%,0.4,0.232,0.316,0.424,0.74,0.192,0.268,258.0,12.4,0.324,107.0,2026-09-28
vs_rhp_home,season,2026-3-18,2026-9-28,13,2026.0,TOR,2038.0,8.7%,19.3%,0.5,0.259,0.33,0.4,0.731,0.142,0.3,251.0,9.8,0.322,107.0,2026-09-28
vs_rhp_home,season,2026-3-18,2026-9-28,14,2026.0,LAD,1943.0,9.7%,21.2%,0.5,0.251,0.329,0.416,0.745,0.165,0.292,246.0,16.2,0.327,107.0,2026-09-28
vs_rhp_home,season,2026-3-18,2026-9-28,15,2026.0,MIA,2145.0,9.2%,19.8%,0.5,0.259,0.339,0.411,0.75,0.152,0.304,279.0,25.0,0.331,106.0,2026-09-28
vs_rhp_home,season,2026-3-18,2026-9-28,16,2026.0,HOU,2323.0,8.6%,23.3%,0.4,0.239,0.313,0.419,0.732,0.18,0.281,281.0,6.2,0.318,106.0,2026-09-28
vs_rhp_home,season,2026-3-18,2026-9-28,17,2026.0,CHW,2072.0,9.1%,23.8%,0.4,0.238,0.319,0.415,0.734,0.177,0.282,255.0,9.5,0.322,106.0,2026-09-28
vs_rhp_home,season,2026-3-18,2026-9-28,18,2026.0,WSN,2286.0,9.4%,20.0%,0.5,0.25,0.327,0.432,0.759,0.183,0.282,297.0,26.6,0.331,105.0,2026-09-28
vs_rhp_home,season,2026-3-18,2026-9-28,19,2026.0,SDP,2252.0,10.3%,20.1%,0.5,0.238,0.323,0.379,0.701,0.14,0.275,258.0,-8.9,0.312,104.0,2026-09-28
vs_rhp_home,season,2026-3-18,2026-9-28,20,2026.0,PHI,2046.0,8.8%,21.4%,0.4,0.252,0.323,0.437,0.76,0.185,0.29,265.0,22.7,0.33,102.0,2026-09-28
vs_rhp_home,season,2026-3-18,2026-9-28,21,2026.0,SFG,2095.0,8.6%,20.6%,0.4,0.245,0.317,0.394,0.711,0.149,0.288,240.0,-7.7,0.312,102.0,2026-09-28
vs_rhp_home,season,2026-3-18,2026-9-28,22,2026.0,COL,2100.0,8.1%,19.9%,0.4,0.283,0.348,0.471,0.819,0.188,0.328,314.0,65.7,0.355,100.0,2026-09-28
vs_rhp_home,season,2026-3-18,2026-9-28,23,2026.0,CLE,2080.0,9.2%,21.1%,0.4,0.247,0.32,0.382,0.702,0.134,0.296,238.0,-8.2,0.311,99.0,2026-09-28
vs_rhp_home,season,2026-3-18,2026-9-28,24,2026.0,ATH,2120.0,9.2%,20.1%,0.5,0.254,0.33,0.426,0.757,0.173,0.292,277.0,25.9,0.331,96.0,2026-09-28
vs_rhp_home,season,2026-3-18,2026-9-28,25,2026.0,NYM,2096.0,9.0%,21.6%,0.4,0.235,0.306,0.38,0.687,0.146,0.272,226.0,-22.4,0.303,94.0,2026-09-28
vs_rhp_home,season,2026-3-18,2026-9-28,26,2026.0,ARI,2190.0,9.3%,19.0%,0.5,0.235,0.312,0.387,0.699,0.153,0.269,246.0,-13.7,0.309,93.0,2026-09-28
vs_rhp_home,season,2026-3-18,2026-9-28,27,2026.0,CIN,2111.0,10.3%,26.4%,0.4,0.219,0.306,0.386,0.692,0.166,0.27,234.0,-16.3,0.307,89.0,2026-09-28
vs_rhp_home,season,2026-3-18,2026-9-28,28,2026.0,TEX,2068.0,7.6%,22.4%,0.3,0.221,0.29,0.362,0.652,0.141,0.264,198.0,-47.0,0.288,86.0,2026-09-28
vs_rhp_home,season,2026-3-18,2026-9-28,29,2026.0,STL,2040.0,7.6%,20.4%,0.4,0.234,0.302,0.35,0.653,0.116,0.276,199.0,-42.8,0.29,85.0,2026-09-28
vs_rhp_home,season,2026-3-18,2026-9-28,30,2026.0,LAA,2138.0,8.0%,26.2%,0.3,0.22,0.301,0.328,0.629,0.108,0.289,196.0,-57.0,0.283,80.0,2026-09-28
vs_rhp_home,last_30,2026-8-29,2026-9-28,1,2026.0,MIL,277.0,10.8%,24.2%,0.4,0.328,0.397,0.529,0.926,0.201,0.401,51.0,18.5,0.398,157.0,2026-09-28
vs_rhp_home,last_30,2026-8-29,2026-9-28,2,2026.0,SDP,358.0,9.2%,18.7%,0.5,0.278,0.351,0.473,0.824,0.196,0.305,54.0,11.8,0.359,134.0,2026-09-28
vs_rhp_home,last_30,2026-8-29,2026-9-28,3,2026.0,CHC,443.0,9.9%,17.6%,0.6,0.268,0.35,0.492,0.842,0.224,0.288,68.0,15.9,0.361,133.0,2026-09-28
vs_rhp_home,last_30,2026-8-29,2026-9-28,4,2026.0,MIA,322.0,10.2%,18.9%,0.5,0.273,0.368,0.46,0.828,0.187,0.311,50.0,11.8,0.363,127.0,2026-09-28
vs_rhp_home,last_30,2026-8-29,2026-9-28,5,2026.0,MIN,354.0,10.7%,19.8%,0.5,0.259,0.35,0.452,0.803,0.193,0.295,51.0,9.5,0.35,124.0,2026-09-28
vs_rhp_home,last_30,2026-8-29,2026-9-28,6,2026.0,SEA,273.0,11.7%,23.8%,0.5,0.248,0.352,0.38,0.732,0.132,0.321,35.0,2.3,0.327,122.0,2026-09-28
vs_rhp_home,last_30,2026-8-29,2026-9-28,7,2026.0,TOR,281.0,12.5%,18.5%,0.7,0.258,0.361,0.396,0.757,0.138,0.302,39.0,5.5,0.34,120.0,2026-09-28
vs_rhp_home,last_30,2026-8-29,2026-9-28,8,2026.0,NYY,366.0,9.0%,24.9%,0.4,0.261,0.329,0.46,0.788,0.199,0.303,51.0,7.3,0.341,119.0,2026-09-28
vs_rhp_home,last_30,2026-8-29,2026-9-28,9,2026.0,BOS,323.0,8.7%,19.8%,0.4,0.273,0.341,0.46,0.801,0.187,0.319,46.0,7.8,0.347,117.0,2026-09-28
vs_rhp_home,last_30,2026-8-29,2026-9-28,10,2026.0,KCR,449.0,8.9%,15.8%,0.6,0.254,0.326,0.475,0.801,0.221,0.262,64.0,11.1,0.347,117.0,2026-09-28
vs_rhp_home,last_30,2026-8-29,2026-9-28,11,2026.0,DET,370.0,12.4%,22.7%,0.5,0.228,0.341,0.429,0.77,0.202,0.266,51.0,7.0,0.34,116.0,2026-09-28
vs_rhp_home,last_30,2026-8-29,2026-9-28,12,2026.0,LAD,345.0,10.4%,22.9%,0.5,0.259,0.345,0.425,0.77,0.166,0.316,47.0,6.5,0.34,115.0,2026-09-28
vs_rhp_home,last_30,2026-8-29,2026-9-28,13,2026.0,NYM,321.0,9.0%,20.2%,0.4,0.247,0.317,0.413,0.73,0.167,0.278,38.0,0.5,0.318,105.0,2026-09-28
vs_rhp_home,last_30,2026-8-29,2026-9-28,14,2026.0,COL,387.0,7.0%,19.1%,0.4,0.296,0.352,0.481,0.834,0.185,0.346,60.0,13.7,0.36,104.0,2026-09-28
vs_rhp_home,last_30,2026-8-29,2026-9-28,15,2026.0,CLE,344.0,6.7%,18.3%,0.4,0.248,0.305,0.424,0.729,0.175,0.273,41.0,0.2,0.317,103.0,2026-09-28
vs_rhp_home,last_30,2026-8-29,2026-9-28,16,2026.0,ATL,341.0,8.5%,15.0%,0.6,0.265,0.336,0.383,0.719,0.117,0.293,41.0,0.7,0.319,101.0,2026-09-28
vs_rhp_home,last_30,2026-8-29,2026-9-28,17,2026.0,CHW,331.0,7.6%,27.2%,0.3,0.223,0.287,0.43,0.717,0.207,0.263,37.0,-1.7,0.31,98.0,2026-09-28
vs_rhp_home,last_30,2026-8-29,2026-9-28,18,2026.0,SFG,302.0,10.3%,27.2%,0.4,0.24,0.323,0.359,0.682,0.118,0.324,33.0,-3.1,0.303,96.0,2026-09-28
vs_rhp_home,last_30,2026-8-29,2026-9-28,19,2026.0,HOU,330.0,5.8%,23.9%,0.2,0.227,0.282,0.418,0.7,0.191,0.262,35.0,-3.7,0.3,94.0,2026-09-28
vs_rhp_home,last_30,2026-8-29,2026-9-28,20,2026.0,ARI,337.0,7.4%,24.0%,0.3,0.244,0.308,0.403,0.711,0.158,0.296,38.0,-2.1,0.31,93.0,2026-09-28
vs_rhp_home,last_30,2026-8-29,2026-9-28,21,2026.0,CIN,264.0,7.6%,22.7%,0.3,0.244,0.311,0.399,0.71,0.155,0.291,30.0,-0.8,0.313,93.0,2026-09-28
vs_rhp_home,last_30,2026-8-29,2026-9-28,22,2026.0,PIT,371.0,8.9%,22.4%,0.4,0.246,0.327,0.375,0.702,0.129,0.305,43.0,-0.6,0.313,92.0,2026-09-28
vs_rhp_home,last_30,2026-8-29,2026-9-28,23,2026.0,TBR,307.0,6.2%,21.8%,0.3,0.241,0.291,0.402,0.693,0.161,0.275,33.0,-3.5,0.303,91.0,2026-09-28
vs_rhp_home,last_30,2026-8-29,2026-9-28,24,2026.0,ATH,444.0,8.6%,18.9%,0.5,0.242,0.314,0.397,0.71,0.155,0.274,52.0,-0.6,0.315,84.0,2026-09-28
vs_rhp_home,last_30,2026-8-29,2026-9-28,25,2026.0,BAL,250.0,6.8%,26.8%,0.3,0.207,0.272,0.374,0.646,0.167,0.248,23.0,-6.4,0.285,84.0,2026-09-28
vs_rhp_home,last_30,2026-8-29,2026-9-28,26,2026.0,LAA,353.0,8.5%,26.3%,0.3,0.222,0.31,0.309,0.618,0.087,0.299,32.0,-10.0,0.281,79.0,2026-09-28
vs_rhp_home,last_30,2026-8-29,2026-9-28,27,2026.0,WSN,327.0,8.3%,22.9%,0.4,0.243,0.307,0.348,0.655,0.105,0.307,32.0,-6.9,0.29,78.0,2026-09-28
vs_rhp_home,last_30,2026-8-29,2026-9-28,28,2026.0,PHI,306.0,8.8%,21.6%,0.4,0.208,0.282,0.354,0.636,0.146,0.246,28.0,-8.4,0.283,70.0,2026-09-28
vs_rhp_home,last_30,2026-8-29,2026-9-28,29,2026.0,STL,303.0,7.9%,20.8%,0.4,0.207,0.274,0.299,0.573,0.092,0.245,22.0,-14.2,0.258,64.0,2026-09-28
vs_rhp_home,last_30,2026-8-29,2026-9-28,30,2026.0,TEX,320.0,10.0%,23.8%,0.4,0.185,0.275,0.287,0.563,0.102,0.223,22.0,-15.8,0.255,64.0,2026-09-28
vs_rhp_home,last_14,2026-9-14,2026-9-28,1,2026.0,MIL,77.0,10.4%,18.2%,0.6,0.353,0.416,0.471,0.886,0.118,0.426,14.0,4.5,0.389,150.0,2026-09-28
vs_rhp_home,last_14,2026-9-14,2026-9-28,2,2026.0,SDP,223.0,9.4%,20.2%,0.5,0.305,0.378,0.487,0.866,0.183,0.354,37.0,10.5,0.377,146.0,2026-09-28
vs_rhp_home,last_14,2026-9-14,2026-9-28,3,2026.0,MIA,74.0,8.1%,13.5%,0.6,0.288,0.356,0.561,0.917,0.273,0.288,13.0,4.2,0.392,145.0,2026-09-28
vs_rhp_home,last_14,2026-9-14,2026-9-28,4,2026.0,KCR,159.0,8.2%,19.5%,0.4,0.28,0.342,0.517,0.859,0.238,0.311,26.0,6.8,0.369,133.0,2026-09-28
vs_rhp_home,last_14,2026-9-14,2026-9-28,5,2026.0,ATL,59.0,10.2%,13.6%,0.8,0.319,0.404,0.426,0.829,0.106,0.35,9.0,2.2,0.367,132.0,2026-09-28
vs_rhp_home,last_14,2026-9-14,2026-9-28,6,2026.0,MIN,119.0,11.8%,21.0%,0.6,0.282,0.37,0.437,0.807,0.155,0.351,17.0,3.4,0.352,126.0,2026-09-28
vs_rhp_home,last_14,2026-9-14,2026-9-28,7,2026.0,SEA,129.0,14.0%,17.1%,0.8,0.25,0.364,0.37,0.735,0.12,0.294,17.0,1.4,0.33,124.0,2026-09-28
vs_rhp_home,last_14,2026-9-14,2026-9-28,8,2026.0,LAD,134.0,9.7%,22.4%,0.4,0.271,0.351,0.432,0.783,0.161,0.337,19.0,3.1,0.345,119.0,2026-09-28
vs_rhp_home,last_14,2026-9-14,2026-9-28,9,2026.0,ARI,207.0,9.2%,25.1%,0.4,0.262,0.333,0.464,0.798,0.202,0.317,29.0,4.4,0.345,116.0,2026-09-28
vs_rhp_home,last_14,2026-9-14,2026-9-28,10,2026.0,DET,145.0,11.0%,26.2%,0.4,0.224,0.331,0.408,0.739,0.184,0.28,19.0,1.5,0.329,109.0,2026-09-28
vs_rhp_home,last_14,2026-9-14,2026-9-28,11,2026.0,CHC,196.0,10.2%,21.4%,0.5,0.237,0.327,0.416,0.743,0.179,0.286,24.0,1.1,0.322,108.0,2026-09-28
vs_rhp_home,last_14,2026-9-14,2026-9-28,12,2026.0,HOU,152.0,3.9%,25.0%,0.2,0.231,0.27,0.476,0.745,0.245,0.24,18.0,0.3,0.319,106.0,2026-09-28
vs_rhp_home,last_14,2026-9-14,2026-9-28,13,2026.0,CLE,138.0,8.0%,18.8%,0.4,0.254,0.319,0.405,0.724,0.151,0.284,16.0,0.1,0.317,104.0,2026-09-28
vs_rhp_home,last_14,2026-9-14,2026-9-28,14,2026.0,NYY,158.0,9.5%,32.3%,0.3,0.236,0.31,0.421,0.732,0.186,0.318,19.0,0.4,0.32,104.0,2026-09-28
vs_rhp_home,last_14,2026-9-14,2026-9-28,15,2026.0,NYM,195.0,9.2%,21.5%,0.4,0.257,0.328,0.366,0.694,0.109,0.31,22.0,-1.3,0.307,98.0,2026-09-28
vs_rhp_home,last_14,2026-9-14,2026-9-28,16,2026.0,PIT,200.0,8.0%,25.0%,0.3,0.24,0.312,0.419,0.731,0.179,0.298,24.0,0.6,0.32,97.0,2026-09-28
vs_rhp_home,last_14,2026-9-14,2026-9-28,17,2026.0,BAL,133.0,5.3%,27.1%,0.2,0.223,0.278,0.413,0.691,0.19,0.259,14.0,-1.7,0.3,96.0,2026-09-28
vs_rhp_home,last_14,2026-9-14,2026-9-28,18,2026.0,CHW,154.0,5.8%,26.0%,0.2,0.236,0.286,0.414,0.7,0.179,0.278,17.0,-1.7,0.303,93.0,2026-09-28
vs_rhp_home,last_14,2026-9-14,2026-9-28,19,2026.0,COL,268.0,6.3%,18.3%,0.3,0.289,0.34,0.447,0.787,0.159,0.333,38.0,5.8,0.343,92.0,2026-09-28
vs_rhp_home,last_14,2026-9-14,2026-9-28,20,2026.0,PHI,150.0,12.7%,16.0%,0.8,0.217,0.315,0.372,0.688,0.155,0.243,17.0,-1.1,0.307,87.0,2026-09-28
vs_rhp_home,last_14,2026-9-14,2026-9-28,21,2026.0,ATH,169.0,7.7%,18.9%,0.4,0.253,0.315,0.396,0.712,0.143,0.297,20.0,-0.4,0.314,85.0,2026-09-28
vs_rhp_home,last_14,2026-9-14,2026-9-28,22,2026.0,CIN,131.0,6.1%,21.4%,0.3,0.233,0.29,0.383,0.673,0.15,0.27,13.0,-2.2,0.296,83.0,2026-09-28
vs_rhp_home,last_14,2026-9-14,2026-9-28,23,2026.0,TOR,157.0,11.5%,19.1%,0.6,0.212,0.306,0.292,0.598,0.08,0.255,13.0,-5.2,0.276,75.0,2026-09-28
vs_rhp_home,last_14,2026-9-14,2026-9-28,24,2026.0,LAA,196.0,10.2%,27.0%,0.4,0.212,0.311,0.265,0.576,0.053,0.293,16.0,-7.4,0.269,71.0,2026-09-28
vs_rhp_home,last_14,2026-9-14,2026-9-28,25,2026.0,BOS,75.0,12.0%,24.0%,0.5,0.185,0.284,0.308,0.591,0.123,0.239,6.0,-2.9,0.27,67.0,2026-09-28
vs_rhp_home,last_14,2026-9-14,2026-9-28,26,2026.0,TEX,181.0,10.5%,26.0%,0.4,0.176,0.279,0.261,0.541,0.085,0.226,12.0,-9.6,0.25,60.0,2026-09-28
vs_rhp_home,last_14,2026-9-14,2026-9-28,27,2026.0,SFG,101.0,9.9%,37.6%,0.3,0.184,0.273,0.276,0.549,0.092,0.306,7.0,-5.4,0.252,60.0,2026-09-28
vs_rhp_home,last_14,2026-9-14,2026-9-28,28,2026.0,STL,182.0,8.2%,22.0%,0.4,0.193,0.269,0.28,0.549,0.087,0.231,12.0,-9.7,0.25,59.0,2026-09-28
vs_rhp_home,last_14,2026-9-14,2026-9-28,29,2026.0,WSN,90.0,5.6%,28.9%,0.2,0.205,0.256,0.301,0.557,0.096,0.268,6.0,-4.9,0.249,54.0,2026-09-28
vs_rhp_home,last_14,2026-9-14,2026-9-28,30,2026.0,TBR,106.0,7.5%,34.0%,0.2,0.163,0.226,0.245,0.471,0.082,0.233,4.0,-8.6,0.216,35.0,2026-09-28
vs_rhp_home,last_7,2026-9-21,2026-9-28,1,2026.0,MIN,68.0,11.8%,20.6%,0.6,0.305,0.397,0.542,0.939,0.237,0.372,13.0,4.9,0.406,164.0,2026-09-28
vs_rhp_home,last_7,2026-9-21,2026-9-28,2,2026.0,MIL,77.0,10.4%,18.2%,0.6,0.353,0.416,0.471,0.886,0.118,0.426,14.0,4.5,0.389,150.0,2026-09-28
vs_rhp_home,last_7,2026-9-21,2026-9-28,3,2026.0,SDP,115.0,10.4%,18.3%,0.6,0.327,0.404,0.465,0.869,0.139,0.39,19.0,5.8,0.381,149.0,2026-09-28
vs_rhp_home,last_7,2026-9-21,2026-9-28,4,2026.0,MIA,74.0,8.1%,13.5%,0.6,0.288,0.356,0.561,0.917,0.273,0.288,13.0,4.2,0.392,145.0,2026-09-28
vs_rhp_home,last_7,2026-9-21,2026-9-28,5,2026.0,KCR,159.0,8.2%,19.5%,0.4,0.28,0.342,0.517,0.859,0.238,0.311,26.0,6.8,0.369,133.0,2026-09-28
vs_rhp_home,last_7,2026-9-21,2026-9-28,6,2026.0,ATL,59.0,10.2%,13.6%,0.8,0.319,0.404,0.426,0.829,0.106,0.35,9.0,2.2,0.367,132.0,2026-09-28
vs_rhp_home,last_7,2026-9-21,2026-9-28,7,2026.0,SEA,129.0,14.0%,17.1%,0.8,0.25,0.364,0.37,0.735,0.12,0.294,17.0,1.4,0.33,124.0,2026-09-28
vs_rhp_home,last_7,2026-9-21,2026-9-28,8,2026.0,DET,145.0,11.0%,26.2%,0.4,0.224,0.331,0.408,0.739,0.184,0.28,19.0,1.5,0.329,109.0,2026-09-28
vs_rhp_home,last_7,2026-9-21,2026-9-28,9,2026.0,NYY,158.0,9.5%,32.3%,0.3,0.236,0.31,0.421,0.732,0.186,0.318,19.0,0.4,0.32,104.0,2026-09-28
vs_rhp_home,last_7,2026-9-21,2026-9-28,10,2026.0,CHW,62.0,4.8%,22.6%,0.2,0.263,0.29,0.421,0.711,0.158,0.286,7.0,-0.6,0.305,97.0,2026-09-28
vs_rhp_home,last_7,2026-9-21,2026-9-28,11,2026.0,PHI,150.0,12.7%,16.0%,0.8,0.217,0.315,0.372,0.688,0.155,0.243,17.0,-1.1,0.307,87.0,2026-09-28
vs_rhp_home,last_7,2026-9-21,2026-9-28,12,2026.0,BAL,76.0,5.3%,27.6%,0.2,0.183,0.237,0.423,0.659,0.239,0.178,7.0,-2.0,0.285,87.0,2026-09-28
vs_rhp_home,last_7,2026-9-21,2026-9-28,13,2026.0,ATH,169.0,7.7%,18.9%,0.4,0.253,0.315,0.396,0.712,0.143,0.297,20.0,-0.4,0.314,85.0,2026-09-28
vs_rhp_home,last_7,2026-9-21,2026-9-28,14,2026.0,LAD,73.0,11.0%,30.1%,0.4,0.21,0.315,0.323,0.638,0.113,0.3,7.0,-1.5,0.291,84.0,2026-09-28
vs_rhp_home,last_7,2026-9-21,2026-9-28,15,2026.0,WSN,56.0,7.1%,28.6%,0.2,0.24,0.304,0.32,0.624,0.08,0.324,5.0,-1.6,0.281,78.0,2026-09-28
vs_rhp_home,last_7,2026-9-21,2026-9-28,16,2026.0,BOS,75.0,12.0%,24.0%,0.5,0.185,0.284,0.308,0.591,0.123,0.239,6.0,-2.9,0.27,67.0,2026-09-28
vs_rhp_home,last_7,2026-9-21,2026-9-28,17,2026.0,COL,82.0,4.9%,23.2%,0.2,0.23,0.28,0.419,0.699,0.189,0.259,9.0,-1.0,0.301,65.0,2026-09-28
vs_rhp_home,last_7,2026-9-21,2026-9-28,18,2026.0,CHC,114.0,10.5%,25.4%,0.4,0.19,0.289,0.28,0.569,0.09,0.257,8.0,-5.8,0.252,62.0,2026-09-28
vs_rhp_home,last_7,2026-9-21,2026-9-28,19,2026.0,SFG,101.0,9.9%,37.6%,0.3,0.184,0.273,0.276,0.549,0.092,0.306,7.0,-5.4,0.252,60.0,2026-09-28
vs_rhp_home,last_7,2026-9-21,2026-9-28,20,2026.0,TOR,66.0,9.1%,21.2%,0.4,0.153,0.242,0.254,0.497,0.102,0.182,3.0,-4.6,0.23,47.0,2026-09-28
vs_rhp_home,last_7,2026-9-21,2026-9-28,21,2026.0,PIT,56.0,8.9%,19.6%,0.5,0.143,0.218,0.245,0.463,0.102,0.179,2.0,-4.6,0.21,29.0,2026-09-28
vs_rhp_home,last_7,2026-9-21,2026-9-28,22,2026.0,TEX,42.0,4.8%,31.0%,0.2,0.103,0.167,0.103,0.269,0.0,0.154,-1.0,-6.1,0.135,-15.0,2026-09-28
vs_rhp_away,season,2026-3-18,2026-9-28,1,2026.0,LAD,2324.0,11.1%,20.0%,0.6,0.267,0.352,0.43,0.783,0.164,0.31,325.0,49.5,0.343,116.0,2026-09-28
vs_rhp_away,season,2026-3-18,2026-9-28,2,2026.0,CHC,2413.0,9.8%,22.0%,0.4,0.249,0.333,0.424,0.757,0.175,0.292,317.0,31.3,0.332,109.0,2026-09-28
vs_rhp_away,season,2026-3-18,2026-9-28,3,2026.0,HOU,2273.0,9.2%,21.1%,0.4,0.247,0.322,0.425,0.747,0.178,0.28,286.0,16.9,0.325,108.0,2026-09-28
vs_rhp_away,season,2026-3-18,2026-9-28,4,2026.0,TBR,2117.0,8.9%,19.2%,0.5,0.259,0.331,0.405,0.737,0.147,0.298,265.0,14.1,0.325,108.0,2026-09-28
vs_rhp_away,season,2026-3-18,2026-9-28,5,2026.0,TEX,2189.0,9.7%,22.8%,0.4,0.246,0.329,0.402,0.73,0.156,0.295,271.0,11.8,0.323,106.0,2026-09-28
vs_rhp_away,season,2026-3-18,2026-9-28,6,2026.0,MIN,2114.0,7.4%,21.9%,0.3,0.244,0.309,0.424,0.733,0.179,0.279,256.0,5.4,0.32,104.0,2026-09-28
vs_rhp_away,season,2026-3-18,2026-9-28,7,2026.0,SDP,2292.0,8.6%,23.0%,0.4,0.247,0.319,0.423,0.742,0.176,0.293,286.0,14.1,0.324,103.0,2026-09-28
vs_rhp_away,season,2026-3-18,2026-9-28,8,2026.0,SFG,2120.0,6.8%,22.2%,0.3,0.255,0.311,0.433,0.744,0.178,0.296,262.0,11.1,0.323,103.0,2026-09-28
vs_rhp_away,season,2026-3-18,2026-9-28,9,2026.0,MIA,2300.0,9.0%,22.9%,0.4,0.25,0.323,0.413,0.736,0.163,0.299,285.0,12.4,0.323,103.0,2026-09-28
vs_rhp_away,season,2026-3-18,2026-9-28,10,2026.0,NYM,2190.0,8.4%,22.6%,0.4,0.249,0.319,0.418,0.737,0.169,0.294,270.0,10.9,0.323,103.0,2026-09-28
vs_rhp_away,season,2026-3-18,2026-9-28,11,2026.0,SEA,2104.0,8.0%,21.8%,0.4,0.245,0.315,0.401,0.717,0.156,0.289,249.0,-0.1,0.316,102.0,2026-09-28
vs_rhp_away,season,2026-3-18,2026-9-28,12,2026.0,LAA,2162.0,8.7%,25.3%,0.3,0.243,0.316,0.398,0.714,0.155,0.304,255.0,-1.1,0.316,101.0,2026-09-28
vs_rhp_away,season,2026-3-18,2026-9-28,13,2026.0,MIL,2267.0,10.9%,22.8%,0.5,0.25,0.336,0.379,0.715,0.129,0.314,273.0,4.4,0.319,100.0,2026-09-28
vs_rhp_away,season,2026-3-18,2026-9-28,14,2026.0,PIT,2123.0,8.7%,25.1%,0.3,0.247,0.322,0.397,0.719,0.15,0.308,255.0,3.2,0.318,100.0,2026-09-28
vs_rhp_away,season,2026-3-18,2026-9-28,15,2026.0,CLE,2089.0,9.1%,20.0%,0.5,0.237,0.313,0.397,0.71,0.159,0.271,242.0,-5.5,0.313,100.0,2026-09-28
vs_rhp_away,season,2026-3-18,2026-9-28,16,2026.0,STL,2225.0,8.5%,23.0%,0.4,0.246,0.321,0.4,0.721,0.154,0.296,267.0,3.2,0.318,99.0,2026-09-28
vs_rhp_away,season,2026-3-18,2026-9-28,17,2026.0,DET,2321.0,8.9%,23.1%,0.4,0.237,0.313,0.388,0.701,0.151,0.286,263.0,-11.6,0.31,98.0,2026-09-28
vs_rhp_away,season,2026-3-18,2026-9-28,18,2026.0,CHW,2297.0,9.6%,24.3%,0.4,0.232,0.316,0.384,0.7,0.152,0.285,260.0,-11.5,0.31,97.0,2026-09-28
vs_rhp_away,season,2026-3-18,2026-9-28,19,2026.0,BAL,2198.0,9.4%,25.4%,0.4,0.229,0.309,0.389,0.698,0.16,0.285,246.0,-14.2,0.309,96.0,2026-09-28
vs_rhp_away,season,2026-3-18,2026-9-28,20,2026.0,ATL,2039.0,7.9%,22.8%,0.3,0.237,0.301,0.401,0.702,0.165,0.275,226.0,-15.2,0.307,92.0,2026-09-28
vs_rhp_away,season,2026-3-18,2026-9-28,21,2026.0,NYY,1958.0,9.0%,25.3%,0.4,0.227,0.3,0.386,0.686,0.159,0.275,209.0,-22.5,0.302,92.0,2026-09-28
vs_rhp_away,season,2026-3-18,2026-9-28,22,2026.0,WSN,2044.0,8.2%,22.0%,0.4,0.229,0.301,0.398,0.699,0.169,0.266,226.0,-16.3,0.307,92.0,2026-09-28
vs_rhp_away,season,2026-3-18,2026-9-28,23,2026.0,ARI,2284.0,8.3%,20.8%,0.4,0.236,0.307,0.388,0.694,0.152,0.274,250.0,-20.3,0.306,91.0,2026-09-28
vs_rhp_away,season,2026-3-18,2026-9-28,24,2026.0,ATH,2081.0,8.7%,23.1%,0.4,0.232,0.307,0.369,0.676,0.136,0.281,219.0,-27.5,0.3,91.0,2026-09-28
vs_rhp_away,season,2026-3-18,2026-9-28,25,2026.0,CIN,2384.0,7.6%,24.8%,0.3,0.231,0.294,0.399,0.693,0.168,0.275,258.0,-24.4,0.304,90.0,2026-09-28
vs_rhp_away,season,2026-3-18,2026-9-28,26,2026.0,TOR,2229.0,6.3%,18.3%,0.3,0.251,0.301,0.38,0.681,0.129,0.285,232.0,-31.5,0.299,90.0,2026-09-28
vs_rhp_away,season,2026-3-18,2026-9-28,27,2026.0,KCR,1996.0,8.4%,23.0%,0.4,0.231,0.299,0.378,0.677,0.146,0.277,208.0,-28.6,0.299,90.0,2026-09-28
vs_rhp_away,season,2026-3-18,2026-9-28,28,2026.0,COL,2094.0,8.7%,24.2%,0.4,0.224,0.301,0.383,0.684,0.159,0.268,225.0,-23.0,0.303,89.0,2026-09-28
vs_rhp_away,season,2026-3-18,2026-9-28,29,2026.0,BOS,2243.0,8.6%,23.9%,0.4,0.222,0.3,0.353,0.653,0.131,0.275,221.0,-44.5,0.292,85.0,2026-09-28
vs_rhp_away,season,2026-3-18,2026-9-28,30,2026.0,PHI,2118.0,8.4%,21.9%,0.4,0.228,0.296,0.361,0.657,0.133,0.271,207.0,-43.3,0.291,81.0,2026-09-28
vs_rhp_away,last_30,2026-8-29,2026-9-28,1,2026.0,CLE,253.0,13.4%,15.0%,0.9,0.281,0.386,0.519,0.906,0.238,0.293,45.0,15.3,0.391,154.0,2026-09-28
vs_rhp_away,last_30,2026-8-29,2026-9-28,2,2026.0,NYM,352.0,9.9%,20.2%,0.5,0.303,0.378,0.521,0.899,0.218,0.342,62.0,20.0,0.387,146.0,2026-09-28
vs_rhp_away,last_30,2026-8-29,2026-9-28,3,2026.0,HOU,396.0,10.1%,24.0%,0.4,0.259,0.333,0.504,0.838,0.245,0.287,61.0,13.7,0.359,132.0,2026-09-28
vs_rhp_away,last_30,2026-8-29,2026-9-28,4,2026.0,TBR,321.0,7.5%,21.2%,0.4,0.262,0.325,0.462,0.787,0.2,0.295,45.0,6.5,0.342,119.0,2026-09-28
vs_rhp_away,last_30,2026-8-29,2026-9-28,5,2026.0,CHC,333.0,10.5%,21.0%,0.5,0.261,0.353,0.411,0.765,0.15,0.308,46.0,6.1,0.34,114.0,2026-09-28
vs_rhp_away,last_30,2026-8-29,2026-9-28,6,2026.0,ARI,407.0,9.6%,18.4%,0.5,0.265,0.341,0.437,0.777,0.172,0.297,55.0,7.3,0.339,113.0,2026-09-28
vs_rhp_away,last_30,2026-8-29,2026-9-28,7,2026.0,SEA,310.0,7.7%,21.0%,0.4,0.259,0.323,0.436,0.759,0.177,0.303,41.0,3.9,0.332,113.0,2026-09-28
vs_rhp_away,last_30,2026-8-29,2026-9-28,8,2026.0,LAD,329.0,12.8%,17.3%,0.7,0.242,0.351,0.397,0.748,0.155,0.268,43.0,4.4,0.333,110.0,2026-09-28
vs_rhp_away,last_30,2026-8-29,2026-9-28,9,2026.0,TEX,315.0,7.6%,24.4%,0.3,0.237,0.318,0.421,0.739,0.183,0.286,40.0,2.8,0.327,109.0,2026-09-28
vs_rhp_away,last_30,2026-8-29,2026-9-28,10,2026.0,BAL,401.0,8.7%,27.9%,0.3,0.24,0.31,0.43,0.74,0.19,0.299,50.0,2.4,0.324,107.0,2026-09-28
vs_rhp_away,last_30,2026-8-29,2026-9-28,11,2026.0,SDP,448.0,7.4%,23.9%,0.3,0.268,0.324,0.427,0.75,0.159,0.336,56.0,2.5,0.324,103.0,2026-09-28
vs_rhp_away,last_30,2026-8-29,2026-9-28,12,2026.0,STL,407.0,8.8%,24.1%,0.4,0.245,0.319,0.41,0.73,0.165,0.295,50.0,1.7,0.322,102.0,2026-09-28
vs_rhp_away,last_30,2026-8-29,2026-9-28,13,2026.0,MIA,426.0,8.7%,26.1%,0.3,0.245,0.318,0.416,0.734,0.171,0.299,51.0,1.0,0.32,100.0,2026-09-28
vs_rhp_away,last_30,2026-8-29,2026-9-28,14,2026.0,MIL,434.0,11.8%,29.3%,0.4,0.249,0.337,0.377,0.714,0.127,0.35,52.0,0.6,0.318,100.0,2026-09-28
vs_rhp_away,last_30,2026-8-29,2026-9-28,15,2026.0,ATL,399.0,7.8%,25.1%,0.3,0.232,0.291,0.445,0.736,0.213,0.262,48.0,0.3,0.318,99.0,2026-09-28
vs_rhp_away,last_30,2026-8-29,2026-9-28,16,2026.0,PIT,272.0,9.6%,22.1%,0.4,0.239,0.314,0.391,0.705,0.152,0.284,31.0,-1.0,0.312,96.0,2026-09-28
vs_rhp_away,last_30,2026-8-29,2026-9-28,17,2026.0,SFG,331.0,9.7%,26.0%,0.4,0.239,0.319,0.381,0.7,0.142,0.303,38.0,-1.4,0.311,95.0,2026-09-28
vs_rhp_away,last_30,2026-8-29,2026-9-28,18,2026.0,CIN,340.0,6.8%,29.7%,0.2,0.227,0.279,0.415,0.695,0.188,0.28,36.0,-4.1,0.301,88.0,2026-09-28
vs_rhp_away,last_30,2026-8-29,2026-9-28,19,2026.0,KCR,236.0,7.2%,25.8%,0.3,0.24,0.301,0.364,0.665,0.124,0.307,24.0,-3.8,0.296,88.0,2026-09-28
vs_rhp_away,last_30,2026-8-29,2026-9-28,20,2026.0,ATH,329.0,5.5%,26.4%,0.2,0.229,0.277,0.392,0.669,0.163,0.274,33.0,-6.4,0.292,85.0,2026-09-28
vs_rhp_away,last_30,2026-8-29,2026-9-28,21,2026.0,TOR,398.0,7.5%,19.1%,0.4,0.251,0.313,0.338,0.651,0.087,0.3,39.0,-7.7,0.292,85.0,2026-09-28
vs_rhp_away,last_30,2026-8-29,2026-9-28,22,2026.0,MIN,312.0,6.1%,21.5%,0.3,0.227,0.285,0.371,0.656,0.143,0.257,30.0,-6.7,0.29,84.0,2026-09-28
vs_rhp_away,last_30,2026-8-29,2026-9-28,23,2026.0,LAA,368.0,9.5%,29.9%,0.3,0.207,0.3,0.34,0.639,0.133,0.283,35.0,-8.1,0.289,83.0,2026-09-28
vs_rhp_away,last_30,2026-8-29,2026-9-28,24,2026.0,DET,394.0,9.9%,25.4%,0.4,0.229,0.316,0.322,0.637,0.093,0.307,38.0,-8.7,0.289,83.0,2026-09-28
vs_rhp_away,last_30,2026-8-29,2026-9-28,25,2026.0,NYY,338.0,7.4%,25.1%,0.3,0.224,0.283,0.36,0.643,0.136,0.268,31.0,-8.6,0.285,80.0,2026-09-28
vs_rhp_away,last_30,2026-8-29,2026-9-28,26,2026.0,CHW,433.0,11.8%,25.2%,0.5,0.204,0.317,0.286,0.603,0.082,0.273,39.0,-12.0,0.282,78.0,2026-09-28
vs_rhp_away,last_30,2026-8-29,2026-9-28,27,2026.0,PHI,317.0,13.6%,15.5%,0.9,0.219,0.322,0.291,0.612,0.072,0.251,29.0,-8.7,0.283,76.0,2026-09-28
vs_rhp_away,last_30,2026-8-29,2026-9-28,28,2026.0,BOS,312.0,7.1%,27.9%,0.3,0.187,0.266,0.317,0.583,0.129,0.24,24.0,-13.4,0.264,65.0,2026-09-28
vs_rhp_away,last_30,2026-8-29,2026-9-28,29,2026.0,WSN,272.0,8.1%,23.2%,0.3,0.195,0.262,0.346,0.608,0.15,0.23,21.0,-11.0,0.266,65.0,2026-09-28
vs_rhp_away,last_30,2026-8-29,2026-9-28,30,2026.0,COL,219.0,4.1%,32.4%,0.1,0.17,0.216,0.316,0.531,0.146,0.213,12.0,-14.3,0.234,45.0,2026-09-28
vs_rhp_away,last_14,2026-9-14,2026-9-28,1,2026.0,HOU,198.0,12.1%,24.7%,0.5,0.312,0.394,0.629,1.023,0.318,0.349,42.0,18.2,0.43,181.0,2026-09-28
vs_rhp_away,last_14,2026-9-14,2026-9-28,2,2026.0,BAL,153.0,7.2%,32.0%,0.2,0.291,0.342,0.603,0.945,0.312,0.362,28.0,10.3,0.402,160.0,2026-09-28
vs_rhp_away,last_14,2026-9-14,2026-9-28,3,2026.0,CLE,96.0,17.7%,12.5%,1.4,0.26,0.385,0.506,0.892,0.247,0.254,17.0,5.2,0.384,149.0,2026-09-28
vs_rhp_away,last_14,2026-9-14,2026-9-28,4,2026.0,ARI,200.0,8.5%,15.5%,0.5,0.294,0.36,0.508,0.868,0.215,0.312,33.0,9.2,0.373,137.0,2026-09-28
vs_rhp_away,last_14,2026-9-14,2026-9-28,5,2026.0,CHW,152.0,10.5%,28.3%,0.4,0.278,0.384,0.381,0.765,0.103,0.39,22.0,3.9,0.347,124.0,2026-09-28
vs_rhp_away,last_14,2026-9-14,2026-9-28,6,2026.0,CIN,175.0,8.0%,25.1%,0.3,0.264,0.326,0.478,0.804,0.214,0.315,25.0,4.4,0.347,120.0,2026-09-28
vs_rhp_away,last_14,2026-9-14,2026-9-28,7,2026.0,LAD,194.0,12.9%,18.0%,0.7,0.253,0.363,0.42,0.782,0.167,0.279,28.0,4.7,0.346,119.0,2026-09-28
vs_rhp_away,last_14,2026-9-14,2026-9-28,8,2026.0,CHC,147.0,8.8%,20.4%,0.4,0.267,0.347,0.443,0.79,0.176,0.298,21.0,3.5,0.346,118.0,2026-09-28
vs_rhp_away,last_14,2026-9-14,2026-9-28,9,2026.0,TBR,151.0,7.3%,23.2%,0.3,0.264,0.318,0.436,0.754,0.171,0.327,19.0,1.6,0.329,112.0,2026-09-28
vs_rhp_away,last_14,2026-9-14,2026-9-28,10,2026.0,SDP,223.0,6.3%,23.8%,0.3,0.277,0.323,0.45,0.773,0.173,0.338,29.0,2.9,0.333,109.0,2026-09-28
vs_rhp_away,last_14,2026-9-14,2026-9-28,11,2026.0,TEX,94.0,4.3%,24.5%,0.2,0.244,0.301,0.442,0.743,0.198,0.288,12.0,0.5,0.324,106.0,2026-09-28
vs_rhp_away,last_14,2026-9-14,2026-9-28,12,2026.0,NYM,95.0,11.6%,25.3%,0.5,0.244,0.326,0.415,0.741,0.171,0.298,11.0,0.2,0.32,102.0,2026-09-28
vs_rhp_away,last_14,2026-9-14,2026-9-28,13,2026.0,LAA,159.0,11.9%,27.0%,0.4,0.225,0.327,0.348,0.675,0.123,0.304,18.0,-1.3,0.306,96.0,2026-09-28
vs_rhp_away,last_14,2026-9-14,2026-9-28,14,2026.0,MIA,277.0,8.7%,25.6%,0.3,0.241,0.312,0.402,0.713,0.161,0.296,31.0,-1.3,0.31,94.0,2026-09-28
vs_rhp_away,last_14,2026-9-14,2026-9-28,15,2026.0,DET,225.0,12.0%,20.0%,0.6,0.24,0.339,0.318,0.657,0.078,0.304,24.0,-2.5,0.302,92.0,2026-09-28
vs_rhp_away,last_14,2026-9-14,2026-9-28,16,2026.0,NYY,192.0,7.3%,22.4%,0.3,0.233,0.286,0.392,0.679,0.159,0.26,20.0,-3.0,0.297,89.0,2026-09-28
vs_rhp_away,last_14,2026-9-14,2026-9-28,17,2026.0,KCR,181.0,7.7%,26.5%,0.3,0.23,0.298,0.364,0.662,0.133,0.288,18.0,-3.0,0.296,88.0,2026-09-28
vs_rhp_away,last_14,2026-9-14,2026-9-28,18,2026.0,ATL,256.0,7.8%,24.6%,0.3,0.217,0.277,0.404,0.682,0.187,0.242,26.0,-3.9,0.298,86.0,2026-09-28
vs_rhp_away,last_14,2026-9-14,2026-9-28,19,2026.0,SFG,120.0,8.3%,35.8%,0.2,0.217,0.297,0.349,0.646,0.132,0.322,12.0,-2.5,0.291,83.0,2026-09-28
vs_rhp_away,last_14,2026-9-14,2026-9-28,20,2026.0,PIT,89.0,6.7%,31.5%,0.2,0.22,0.273,0.39,0.663,0.171,0.294,9.0,-1.9,0.29,82.0,2026-09-28
vs_rhp_away,last_14,2026-9-14,2026-9-28,21,2026.0,MIL,240.0,10.8%,33.3%,0.3,0.227,0.308,0.327,0.635,0.1,0.338,22.0,-6.1,0.285,77.0,2026-09-28
vs_rhp_away,last_14,2026-9-14,2026-9-28,22,2026.0,ATH,170.0,4.7%,25.9%,0.2,0.224,0.265,0.354,0.619,0.13,0.277,14.0,-6.0,0.273,72.0,2026-09-28
vs_rhp_away,last_14,2026-9-14,2026-9-28,23,2026.0,PHI,139.0,17.3%,18.0%,1.0,0.194,0.331,0.25,0.581,0.056,0.241,12.0,-4.6,0.277,72.0,2026-09-28
vs_rhp_away,last_14,2026-9-14,2026-9-28,24,2026.0,MIN,175.0,2.9%,25.1%,0.1,0.24,0.269,0.347,0.616,0.108,0.294,14.0,-6.4,0.271,71.0,2026-09-28
vs_rhp_away,last_14,2026-9-14,2026-9-28,25,2026.0,STL,139.0,7.9%,31.7%,0.2,0.19,0.266,0.349,0.615,0.159,0.247,12.0,-4.7,0.274,70.0,2026-09-28
vs_rhp_away,last_14,2026-9-14,2026-9-28,26,2026.0,WSN,140.0,7.1%,19.3%,0.4,0.203,0.259,0.352,0.611,0.148,0.216,11.0,-5.4,0.266,67.0,2026-09-28
vs_rhp_away,last_14,2026-9-14,2026-9-28,27,2026.0,TOR,171.0,7.6%,16.4%,0.5,0.222,0.288,0.288,0.576,0.065,0.262,13.0,-7.5,0.262,64.0,2026-09-28
vs_rhp_away,last_14,2026-9-14,2026-9-28,28,2026.0,COL,54.0,3.7%,29.6%,0.1,0.173,0.204,0.385,0.588,0.212,0.182,4.0,-2.8,0.252,62.0,2026-09-28
vs_rhp_away,last_14,2026-9-14,2026-9-28,29,2026.0,SEA,115.0,6.1%,23.5%,0.3,0.189,0.252,0.321,0.573,0.132,0.234,8.0,-5.6,0.256,60.0,2026-09-28
vs_rhp_away,last_14,2026-9-14,2026-9-28,30,2026.0,BOS,128.0,4.7%,30.5%,0.2,0.183,0.242,0.296,0.538,0.113,0.257,8.0,-7.6,0.242,52.0,2026-09-28
vs_rhp_away,last_7,2026-9-21,2026-9-28,1,2026.0,HOU,198.0,12.1%,24.7%,0.5,0.312,0.394,0.629,1.023,0.318,0.349,42.0,18.2,0.43,181.0,2026-09-28
vs_rhp_away,last_7,2026-9-21,2026-9-28,2,2026.0,BAL,71.0,9.9%,31.0%,0.3,0.297,0.366,0.594,0.96,0.297,0.378,14.0,5.3,0.41,168.0,2026-09-28
vs_rhp_away,last_7,2026-9-21,2026-9-28,3,2026.0,CHW,92.0,9.8%,27.2%,0.4,0.325,0.418,0.442,0.859,0.117,0.451,16.0,5.2,0.383,153.0,2026-09-28
vs_rhp_away,last_7,2026-9-21,2026-9-28,4,2026.0,CLE,96.0,17.7%,12.5%,1.4,0.26,0.385,0.506,0.892,0.247,0.254,17.0,5.2,0.384,149.0,2026-09-28
vs_rhp_away,last_7,2026-9-21,2026-9-28,5,2026.0,ARI,200.0,8.5%,15.5%,0.5,0.294,0.36,0.508,0.868,0.215,0.312,33.0,9.2,0.373,137.0,2026-09-28
vs_rhp_away,last_7,2026-9-21,2026-9-28,6,2026.0,CIN,175.0,8.0%,25.1%,0.3,0.264,0.326,0.478,0.804,0.214,0.315,25.0,4.4,0.347,120.0,2026-09-28
vs_rhp_away,last_7,2026-9-21,2026-9-28,7,2026.0,TBR,151.0,7.3%,23.2%,0.3,0.264,0.318,0.436,0.754,0.171,0.327,19.0,1.6,0.329,112.0,2026-09-28
vs_rhp_away,last_7,2026-9-21,2026-9-28,8,2026.0,TEX,94.0,4.3%,24.5%,0.2,0.244,0.301,0.442,0.743,0.198,0.288,12.0,0.5,0.324,106.0,2026-09-28
vs_rhp_away,last_7,2026-9-21,2026-9-28,9,2026.0,NYM,95.0,11.6%,25.3%,0.5,0.244,0.326,0.415,0.741,0.171,0.298,11.0,0.2,0.32,102.0,2026-09-28
vs_rhp_away,last_7,2026-9-21,2026-9-28,10,2026.0,LAD,94.0,9.6%,20.2%,0.5,0.238,0.309,0.417,0.725,0.179,0.258,11.0,-0.3,0.313,97.0,2026-09-28
vs_rhp_away,last_7,2026-9-21,2026-9-28,11,2026.0,LAA,159.0,11.9%,27.0%,0.4,0.225,0.327,0.348,0.675,0.123,0.304,18.0,-1.3,0.306,96.0,2026-09-28
vs_rhp_away,last_7,2026-9-21,2026-9-28,12,2026.0,MIA,62.0,9.7%,22.6%,0.4,0.222,0.323,0.352,0.674,0.13,0.263,7.0,-0.7,0.3,91.0,2026-09-28
vs_rhp_away,last_7,2026-9-21,2026-9-28,13,2026.0,PIT,89.0,6.7%,31.5%,0.2,0.22,0.273,0.39,0.663,0.171,0.294,9.0,-1.9,0.29,82.0,2026-09-28
vs_rhp_away,last_7,2026-9-21,2026-9-28,14,2026.0,CHC,57.0,7.0%,15.8%,0.4,0.216,0.298,0.333,0.632,0.118,0.225,5.0,-1.9,0.28,73.0,2026-09-28
vs_rhp_away,last_7,2026-9-21,2026-9-28,15,2026.0,STL,139.0,7.9%,31.7%,0.2,0.19,0.266,0.349,0.615,0.159,0.247,12.0,-4.7,0.274,70.0,2026-09-28
vs_rhp_away,last_7,2026-9-21,2026-9-28,16,2026.0,COL,54.0,3.7%,29.6%,0.1,0.173,0.204,0.385,0.588,0.212,0.182,4.0,-2.8,0.252,62.0,2026-09-28
vs_rhp_away,last_7,2026-9-21,2026-9-28,17,2026.0,MIL,92.0,8.7%,39.1%,0.2,0.205,0.272,0.301,0.573,0.096,0.326,7.0,-4.3,0.258,59.0,2026-09-28
vs_rhp_away,last_7,2026-9-21,2026-9-28,18,2026.0,TOR,98.0,7.1%,17.3%,0.4,0.213,0.268,0.292,0.56,0.079,0.25,6.0,-5.2,0.252,58.0,2026-09-28
vs_rhp_away,last_7,2026-9-21,2026-9-28,19,2026.0,MIN,75.0,4.0%,21.3%,0.2,0.181,0.213,0.333,0.547,0.153,0.189,4.0,-4.8,0.238,52.0,2026-09-28
vs_rhp_away,last_7,2026-9-21,2026-9-28,20,2026.0,WSN,71.0,4.2%,23.9%,0.2,0.162,0.197,0.309,0.506,0.147,0.167,3.0,-5.4,0.222,39.0,2026-09-28
vs_rhp_away,last_7,2026-9-21,2026-9-28,21,2026.0,SDP,84.0,6.0%,31.0%,0.2,0.184,0.238,0.25,0.488,0.066,0.255,3.0,-6.5,0.221,36.0,2026-09-28
vs_rhp_away,last_7,2026-9-21,2026-9-28,22,2026.0,ATL,92.0,7.6%,25.0%,0.3,0.143,0.207,0.262,0.468,0.119,0.153,3.0,-7.8,0.211,31.0,2026-09-28
