rank,Name,Team,playerid,IP,vFA,vFC,vFS,vFO,vSI,vSL,vCU,vKC,vEP,vCH,vSC,vKN
1,Zack Wheeler,2 Tms,10310,1599.0,95.97083300275852,90.81889020070838,87.64082205967917,,95.6632288839006,84.01761364352319,80.71836785096333,,57.599998474121094,89.0522882199755,,
2,Jacob deGrom,2 Tms,10954,1219.0,97.10633146304296,,,,95.18437827669486,91.26434399556639,82.01958693671472,,,89.66241086130623,,
3,Chris Sale,2 Tms,10603,1125.1,94.7217061857734,,,,93.65609026274369,79.12619862469104,,,,86.7410489286156,,
4,Gerrit Cole,3 Tms,13125,1496.0,96.85878787325882,92.01968220458633,,,96.01811197148929,88.76832099033999,,82.59397426628107,,88.66966573139442,,
5,Aaron Nola,PHI,16149,1695.1,92.65172781352125,86.70926510345708,,,91.69056544472457,83.16190592447917,,78.56895746673774,,85.2676479425905,,
6,Max Scherzer,5 Tms,3137,1339.1,94.10065440856539,89.00465496617359,,,93.4516875877809,85.32102419240313,76.64585249530803,,,84.30402995001613,,
7,Kevin Gausman,6 Tms,14107,1604.2,94.37650681291441,,84.69119669761973,,93.29937355473356,82.93460875984252,,,,83.7060501261538,,
8,Sonny Gray,6 Tms,12768,1455.2,92.6727132063393,87.87407490703137,,,92.44606578040288,84.2712617423924,80.40763333451302,75.37017541182668,,87.82337300010641,,
9,Justin Verlander,4 Tms,8700,1232.1,94.66238260852073,91.76470588235294,,,94.7050048828125,86.99123740353302,79.08023641236436,,,85.6873762212391,,
10,Logan Webb,SFG,17995,1216.1,92.79875868545429,90.47069951539399,,,92.3433229110109,83.46227758187419,,,,86.61976986423262,,
11,Max Fried,2 Tms,13743,1167.1,93.92614478786497,92.41725220118872,,,93.53779376452152,83.95360109163249,74.47142081855509,,,85.6392862978731,,
12,Luis Castillo,3 Tms,15689,1525.1,96.12232961193448,92.30000305175781,,,96.17568067192894,85.5160885419295,,,,87.6316042348981,,
13,Dylan Cease,3 Tms,18525,1184.1,96.64950160580051,91.81052760074013,,,95.9845825456705,87.1210524348401,,80.78018285051176,,79.75984677068324,,
14,Blake Snell,4 Tms,13543,1107.2,95.39234714673913,,,,,87.71249063861656,80.73040963136492,,,86.64072412017879,,
15,Clayton Kershaw,LAD,2036,1093.1,90.87677869062932,,83.1619478748963,,92.23275967301994,87.11924992966992,73.27903420343588,58.599998474121094,46.29999923706055,85.11803211149622,,
16,Tarik Skubal,2 Tms,22267,907.2,95.90663267739065,94.85714285714286,85.49749984741212,,96.19760023787863,88.5054835256831,80.73886060961787,76.24208657035615,,86.13402917841174,,
17,Charlie Morton,5 Tms,4676,1358.1,94.94142778424765,87.68279113616407,86.41759264910662,,94.4741158402257,,80.72719881586376,,,86.31346309813463,,
18,Shane Bieber,2 Tms,19427,932.1,92.51538410895635,87.18430633544922,,,92.22856903076172,84.88950934100686,,82.4755644462478,,87.87364911603498,,
19,Framber Valdez,2 Tms,17295,1195.1,93.65904767889725,89.18514848463606,,,93.88055200616834,84.26101750088277,79.27189666160632,,,89.35061500186012,,
20,Sandy Alcantara,MIA,18684,1278.0,97.2344694575731,89.94102770618557,,,97.03502446474913,88.38013203546646,83.96444346453693,,,90.98495570880715,,
21,José Berríos,2 Tms,14168,1510.0,93.72530936795604,90.30237154150197,,,93.21336124380105,,82.36290048021789,,,84.23291697740832,,
22,Corbin Burnes,3 Tms,19361,896.1,94.9481094822739,94.77974371220549,,,96.15272778826984,87.34183102277369,80.64437108010239,,,89.63100791636093,,
23,Patrick Corbin,4 Tms,9323,1557.0,91.74317721150854,86.60611510791367,,,91.84146463044576,80.82167762433978,70.38437076432108,61.333334604899086,,81.32332940176944,,
24,Yu Darvish,4 Tms,13074,1132.1,94.47549754175647,90.11300737194549,88.9111308654509,,93.9388357771065,84.40195261123321,72.82555280412946,79.37883693220542,,88.28308890847599,,
25,Carlos Rodón,3 Tms,16137,1060.0,94.61352269030579,91.86052797551741,,,92.86037584785352,85.694371063559,80.1455491560219,,,85.0051597587786,,
26,Eduardo Rodriguez,3 Tms,13164,1251.1,92.55291900933892,88.64036334539757,,,92.37198030969516,83.47553461119186,79.98619503595133,,,86.26412345222441,,
27,Lance Lynn,6 Tms,2520,1207.2,93.35812808255174,88.492423828125,,,91.89560132216747,83.48865265541889,80.98849630647975,78.9888916015625,,85.7022785716828,,
28,Zack Greinke,3 Tms,1943,1122.1,89.4865956606408,85.49285659510574,80.0857173374721,,90.08316049262855,82.96583405722203,71.82757037096297,62.64166831970215,65.58257657831365,86.72197791916167,,
29,Nathan Eovaldi,3 Tms,9132,1079.0,96.00856452869733,91.46819345081934,88.06376020369991,,93.44728196914225,85.93132183542926,77.42568771502293,,,,,
30,Michael Wacha,6 Tms,14078,1296.2,93.48658604912262,89.01615999145871,,,93.05825143956058,84.64243638530135,75.44213235249951,,,83.21005610795454,,
31,Cristopher Sánchez,PHI,20778,695.2,,86.5,,,94.50141717832055,85.02340672088934,,,,85.58728289878086,,
32,Jesús Luzardo,3 Tms,19959,842.2,96.32003569518368,91.4181795987216,,,95.58167047817965,85.12393564202281,82.5888909233941,,,87.20060735977135,,
33,Brandon Woodruff,MIL,16162,763.2,95.5903197009154,89.19120279947917,,,95.49501780587455,87.3228382317013,83.31104760534703,,,85.74823426199276,,
34,Pablo López,2 Tms,17085,965.0,94.18697410721927,90.02084077210924,,,93.55642462855074,84.50662149857898,80.9976018936489,,,87.56038755815065,,
35,Ranger Suarez,2 Tms,17277,809.1,92.41618901703534,87.46542885908613,,,91.57499995240923,81.27757371426719,75.10475056526728,,,82.27373616360691,,
36,Luis Severino,3 Tms,15890,993.1,96.83714097683182,92.55324529680254,,,95.74529782113999,86.43050885139628,,,,87.28266106060364,,
37,Kyle Hendricks,2 Tms,12049,1280.1,87.04907510747354,85.88076547475961,,,86.77687550241157,,72.57056710933364,,,79.61939785404401,,
38,Freddy Peralta,3 Tms,18679,1010.2,93.6555259572108,,,,92.41935483870968,81.68629593672705,77.65093306344276,74.94545260342684,,87.96853062595451,,
39,Marcus Stroman,4 Tms,13431,1129.2,92.39078054585919,89.9098472639589,85.48055258022274,,92.01255566145103,85.5346172701928,84.62889025141133,,,84.29223690257353,,
40,Chris Bassitt,4 Tms,12304,1204.2,93.01359558105469,88.67938393928104,83.49250217013889,,92.37089711974137,76.9888251289042,71.05122324159021,,,84.73762909353596,,
41,Zac Gallen,2 Tms,19291,1108.2,93.55819959665439,89.11685735696753,,,92.97405795173167,87.6781730845495,,81.25007798228732,,86.20809926724715,,
42,Logan Gilbert,SEA,22250,1017.1,95.91049693714488,91.8169776805933,83.33976902173913,,94.929931640625,87.00530986564804,82.6682664653032,79.71107376453489,,84.54220974664992,,
43,Corey Kluber,5 Tms,2429,741.0,91.95699625559911,87.74596526207736,,,91.0572214238923,,82.72971765024651,,,84.21661680438608,,
44,Jack Flaherty,4 Tms,17479,1070.0,93.37749486856696,88.66387869831274,,,91.4166172306712,84.42781236091683,,77.36543241378803,57.29999923706055,85.66213299739312,,
45,Tyler Glasnow,3 Tms,14374,737.1,96.32805127370611,,,,95.197327094957,89.22038857972905,82.76197573463564,80.62557077625571,,89.87359997558593,,
46,Joe Musgrove,3 Tms,12970,955.2,92.9668867792978,89.89531461545369,,,92.08469792974788,83.17129522846025,81.60633033703847,,,85.9824791492669,,
47,Germán Márquez,2 Tms,15038,1169.2,95.24084828009181,,,,94.57060256397303,87.04195115678324,82.50000190734863,84.23620442708334,,86.57549827119225,,
48,Jose Quintana,8 Tms,11423,1155.1,91.28901515725248,,,,91.09985937637323,,77.51914077997208,,,85.98653150378229,,
49,Shohei Ohtani,2 Tms,19755,614.1,96.89094971242066,89.07255010373865,88.47364374730836,,95.92543126806359,84.21871862606126,76.2567793802021,67.9000015258789,,,,
50,Jon Gray,2 Tms,14916,1000.2,95.36441469798551,,,,95.14782648501189,87.43244704815876,78.77720061557952,,,88.06396532058716,,
51,Walker Buehler,4 Tms,19374,973.1,95.59246631712487,91.37593058917047,,,95.03786527666321,85.54144440021231,,79.42654063951002,,90.07457976310484,,
52,Kyle Freeland,COL,16256,1385.1,91.39247594310108,87.48004657808788,,,90.62436656727398,85.54743834818716,80.32925969904119,81.62961462710084,,85.67595241806198,,
53,George Kirby,SEA,25436,807.1,96.02108403954803,89.7890073766259,85.80016884338174,,96.07525108482643,86.95243904331437,,82.81976545404814,,87.27677130291106,,74.6999994913737
54,Lucas Giolito,5 Tms,15474,1158.0,93.25034198814353,,,,92.30771384870815,84.67946741233705,78.81095094226656,,,81.25980601953441,,
55,Trevor Bauer,3 Tms,12703,740.2,94.21711966930542,85.50629103289131,,,94.04432688169716,80.72475331122179,,79.01878899286987,,86.63979171832818,,
56,Jameson Taillon,4 Tms,11674,1215.0,93.77321899396061,87.60800960025743,,,94.28983064871255,84.46575611380766,80.87173129398079,,,86.52476763946511,,
57,Zach Eflin,3 Tms,13774,998.0,93.65870841733872,88.49738309644763,,,92.49557077970437,85.36315886331707,78.49122892797101,,,86.35319295627677,,
58,Nick Pivetta,3 Tms,15454,1147.0,94.1733235543837,87.90027059102725,86.75764483283548,,94.07392135752038,83.91502862202704,79.27704652544878,78.787228433418,,87.11478697186779,,
59,Matthew Boyd,3 Tms,15440,1038.1,92.11884053111588,90.5,,,90.9888490304746,80.76987391658714,73.4007978042646,,,79.46045704857558,,
60,Carlos Carrasco,4 Tms,6632,959.2,93.38705213350161,89.46666463216145,,,92.15774012780136,84.65161871048802,81.88588806059725,,,87.45061860016793,,
61,Jordan Montgomery,4 Tms,16511,857.0,92.47308402444517,87.79424565816097,,,92.55280813428688,85.64413977263871,80.11057287874758,,,83.08343915056241,,
62,Paul Skenes,PIT,33677,488.2,97.85549952726127,,93.49381182553957,,95.54166666666667,84.98897403010785,83.27394730417352,,,88.51562872260165,,
63,Kyle Gibson,5 Tms,10123,1296.0,92.5729439116536,89.26740495213923,,,92.12153210173872,83.2283411464604,79.58822091862885,,,84.9662569881825,,
64,Merrill Kelly,2 Tms,11156,1165.0,92.07929465471254,90.59990698822747,,,92.13441735692771,85.85073905791212,81.57124870709704,,,88.09622537909179,,
65,Miles Mikolas,2 Tms,9803,1211.0,93.43244035979664,,,,92.90262276785714,86.97328033258653,76.9603284282906,68.08918989026868,,85.72971757942926,,
66,Robbie Ray,5 Tms,11486,1263.0,93.70791124381961,,,,92.90315021119532,86.39723910885081,81.35454559326172,81.7259429760514,,86.00579486026942,,
67,Sean Manaea,4 Tms,15873,1116.2,91.81012634277344,86.92345027460885,,,91.45603122863854,79.58899581999367,76.81666564941406,,,83.9377277495583,,
68,Tyler Mahle,5 Tms,16358,875.2,93.0757967219442,86.90140372300544,85.84693340040882,,91.94117647058823,85.19844728078901,80.27934671645,,,83.46754403744104,,
69,Mike Clevinger,3 Tms,12808,741.1,93.90549742578654,86.00370422720212,,,93.1599461676666,80.12383514263162,76.28490022693717,,,86.88937306509675,,
70,Stephen Strasburg,WSN,10131,545.2,94.54502953219126,,,,93.79409729995923,88.23915602992957,81.45202453363251,,,87.97441133539728,,
71,Trevor Rogers,2 Tms,22286,685.2,93.75502926021724,83.0986283533105,,,92.3356516498068,80.74235488615285,,,,85.76928520877566,,
72,James Paxton,4 Tms,11828,665.0,94.99923868553202,87.76946228304956,,,93.0171715322167,,,80.90339095065386,,84.16548820163892,,
73,Joe Ryan,MIN,21390,775.0,92.92499620185116,,86.3427716993685,,93.21302386143411,82.33099262732586,76.17142889586793,79.05113636363636,,84.53848948265679,,
74,Brady Singer,2 Tms,25377,1003.1,91.46815567442825,87.32451108324295,,,92.56180487204725,83.56110135296058,,,,87.50946214778526,,
75,Drew Rasmussen,TBR,25385,561.2,95.81038486271599,89.91645240708628,,,95.2975833831385,84.78883069626828,80.08879781420765,,,89.63290601401832,,
76,Mitch Keller,PIT,17594,987.2,94.43511431477177,88.72250489930849,,,93.49794473174262,84.08785651489409,78.39597839839327,,,89.80447243138363,,
77,Yoshinobu Yamamoto,LAD,33825,442.2,95.62215506432621,91.4277560351315,91.01629925367855,,95.18777647164156,86.67727170290647,77.1894911943856,,,,,
78,Hyun Jin Ryu,2 Tms,14444,702.2,90.08318486157778,86.399532928596,,,89.57276533410904,78.33760840261084,72.45384510708938,,63.79999923706055,80.06241554054054,,
79,Alex Cobb,5 Tms,6562,807.0,92.82916870117188,,88.15043785883437,,92.95077010801174,86.15882082546459,,81.97814272161116,,,,
80,Seth Lugo,3 Tms,12447,815.0,92.41657505805735,89.6572622569119,85.5281270345052,,91.95154741706683,83.87551974337894,78.75324896617472,70.44213592872191,,86.18870395037918,,
81,Hunter Brown,HOU,25880,617.0,96.09861287260524,92.12177412064918,88.2099250618738,,95.76957623635425,89.6520353068121,87.47999877929688,83.15457387577221,,88.14839035560345,,
82,Julio Urías,LAD,14765,580.2,93.55746696398495,87.06783397295321,,,94.62777625189887,85.47529296875,80.5679419703054,,,85.72827949423802,,
83,Martín Pérez,7 Tms,6902,1203.1,92.84609010353375,88.30372964653705,,,91.87180471266682,84.19745258048728,78.2253536180754,,,83.86874812317214,,
84,Frankie Montas,5 Tms,14309,728.1,96.10030580801792,90.26317396994943,86.66759610862107,,95.71789934471406,86.95928114474177,,,,87.39310008081897,,
85,Noah Syndergaard,5 Tms,11762,605.2,96.50620587235163,88.91095086960566,87.88333384195964,,95.93371889448616,89.07550024446572,80.00860145727493,,,89.5281668939534,,
86,Tyler Anderson,6 Tms,12880,1117.0,90.51080782372834,85.69702724014611,,,89.20143567207532,80.43670808816258,73.32253577004016,64.0,,79.95797778072992,,
87,Adam Wainwright,STL,2233,898.0,88.90717981519994,84.37207352776115,,,88.94697187421797,75.47500038146973,73.33326206545858,67.0340430077086,62.74374961853027,82.20337200444465,,
88,Kenta Maeda,3 Tms,18498,715.1,91.47285315756125,87.71009503878079,84.29551932001614,,90.53680300245098,82.75854127798507,76.2785291282271,,,83.77311505011792,,
89,MacKenzie Gore,3 Tms,22201,698.1,95.30774420561102,90.03438609029969,,,95.11096900201613,88.15522966056035,82.10572150735294,,,86.04677004655788,,
90,Yusei Kikuchi,4 Tms,20633,1032.1,94.67126626429001,91.43900692445209,86.59478759765625,,92.71666802300348,86.74126368426087,80.4337625002565,,,86.51600905416183,,
91,Hunter Greene,CIN,22182,523.1,98.46049416721704,,87.57477624075753,,98.34642682756696,87.88232133633412,81.04255319148936,,,90.57723127092633,,
92,Bryan Woo,SEA,30279,563.1,95.54841054013504,,,,95.31106317238729,85.90091110924934,82.962001953125,,,89.63915930261145,,
93,Spencer Strider,ATL,27498,467.1,96.87789624945127,,,,,85.23796379160217,78.39064547631048,,,86.95169426771457,,
94,Garrett Crochet,2 Tms,27463,381.1,96.7357575238164,91.14857609764697,84.89999389648438,,96.00813679522778,83.2414300920931,,,,89.29597299050965,,
95,Shane McClanahan,TBR,21483,522.2,96.39764705297486,,,,,89.04178229417519,82.4880797890154,,,87.37194713747878,,
96,Andrew Heaney,5 Tms,15423,959.2,91.77801444575472,86.63334147135417,,,91.91473010159278,82.17708110155485,78.82317434676344,73.96783489947552,,83.51571610411563,,
97,Justin Steele,CHC,17312,493.1,91.87181200012368,,,,91.96830165995654,82.85815679874307,79.24941600992521,,,86.89634146341463,,
98,Marco Gonzales,3 Tms,15467,882.1,89.01464709998744,85.87492178387441,,,88.84095429920015,,76.96770940554899,,,80.87866268500866,,
99,Lance McCullers Jr.,HOU,14120,600.1,93.81614350722688,89.12388848198785,,,93.62099825226055,84.75120236141503,,84.73150742095912,,86.81701436467196,,
100,Bailey Ober,MIN,21224,740.2,90.9959862533623,86.17495255587902,,,89.5942453068795,81.02024664333399,75.98487501042594,,,83.3831460519465,,
101,David Peterson,2 Tms,20302,707.1,92.7721552105283,,,,91.81349847875413,84.47950057655702,78.8897245606959,,,84.90502739842535,,
102,Trevor Williams,5 Tms,16977,912.1,90.83536130171473,,,,88.99190587640535,81.16095717093435,77.36072095838398,,,83.52841638259125,,
103,Patrick Sandoval,2 Tms,19447,577.0,93.13729297630562,,,,93.46876498944742,86.21864946034867,77.47079683827089,,,83.49840539281986,,
104,Reid Detmers,LAA,27468,564.2,93.82970542943266,,,,93.54898258131378,86.80601519390797,73.77347950608424,,,84.29463062670406,,
105,Mike Minor,4 Tms,10021,677.2,91.72676067110858,,,,91.29285539899554,86.16499669182832,,80.31826387402492,,85.49898006125204,,
106,Rich Hill,8 Tms,4806,789.1,88.82894071096715,83.82902459865663,,,86.24761952510497,70.50514941908985,72.95046825024053,66.84225334919674,67.19999694824219,82.4030870120958,,
107,Cole Ragans,2 Tms,21846,395.0,95.16657612738014,90.60013949904834,,,,85.79222898554981,76.27272727272727,80.76564297354294,,84.65022216641471,,
108,Tanner Bibee,CLE,30134,680.0,94.53646310162176,85.96737481031866,,,93.61867009318568,84.72290863619676,79.35792504287348,,,82.19826135726304,,
109,Reynaldo López,2 Tms,16400,683.0,95.26369104515736,,,,93.97692166841946,84.55806095077445,77.10526786580033,,,83.9464137627033,,
110,Dylan Bundy,3 Tms,12917,794.1,91.02724928419876,,,,91.10464518779033,81.02332027406527,74.01038334752393,,,82.88507780886444,,
111,Aaron Civale,5 Tms,19479,797.2,91.62286139769876,87.75028659480705,85.33327470839231,,92.08826592294646,82.03741979902716,76.89775303600833,65.5999984741211,,84.95209580838323,,
112,Alex Wood,4 Tms,13781,691.2,90.1133305867513,,,,91.3113823432427,83.68143192997685,,82.6831567016863,,84.74996243990384,,
113,Michael King,2 Tms,19853,507.2,94.02403133334504,88.19821602957589,,,93.16802383050685,82.72015709142461,80.46,,,86.54620250928618,,
114,Jake Odorizzi,4 Tms,6397,687.1,91.94078093353524,86.43387175794402,84.5809350534103,,,83.0631114622105,73.37969637784092,,,,,
115,Taijuan Walker,5 Tms,11836,905.1,93.5677635156778,87.0418385216336,88.10982194137918,,92.50327822207825,84.94931891413019,75.25239901168602,,,,,
116,Masahiro Tanaka,NYY,15764,561.1,91.83156651929261,89.02847290039062,87.06018874681664,,91.14565347127868,83.78696034663865,76.46071515764508,,,,,
117,Dallas Keuchel,7 Tms,9434,785.1,89.29715230332309,85.64654499353402,,,88.27647870960693,78.3067193648671,,,,79.4039208984375,,
118,Wade Miley,5 Tms,8779,753.0,90.68599886222451,86.69386051378083,,,90.29719323865602,81.52040827448097,75.8352003479004,69.5,,82.26493945612519,,
119,Kyle Bradish,BAL,24586,512.2,94.47789848536169,,,,94.90675997192744,87.56131573577426,84.45361461353171,,,90.41315257638027,,
120,Danny Duffy,KCR,3542,548.0,92.78488071986607,,,,92.93190077484631,83.37239212874196,76.14676966292134,,,83.82422308477331,,
121,Chris Archer,3 Tms,6345,589.0,94.53685158528805,,,,94.39652331767638,88.52642037009512,81.90229906981018,,,86.95507789746912,,
122,Andrew Abbott,CIN,29911,572.2,92.67742966751918,88.66732576577971,,,,82.65386101477684,80.5787770011975,,,85.53467909132972,,
123,Antonio Senzatela,COL,15488,759.0,94.20691363767958,,,,93.86528473691001,85.2869065681799,78.94416681291574,,,86.65111090443122,,
124,Dean Kremer,2 Tms,19350,741.1,93.5148044356644,87.61157494469026,82.72488293476134,,92.29285087749977,82.97142682756696,77.10442669035044,,,84.48245213755658,,
125,Cal Quantrill,6 Tms,19312,852.0,93.9690712599417,88.40756412133781,86.1442404108689,,93.859798209799,86.11507573054386,80.57669095278222,,,85.10933533262735,,
126,Adrian Houser,5 Tms,12718,710.1,94.21663508428334,,,,93.58151804094236,85.37917421312214,80.6500744518933,,,85.70488866571372,,
127,Nick Martinez,4 Tms,12730,606.0,92.62414297816265,88.954966485638,,,92.33032128514056,84.93888796009303,80.24286999443011,,,79.55434280170772,,
128,J.A. Happ,4 Tms,7410,681.0,91.91760807181971,,,,89.95554067250845,84.65088234889102,77.09344357349833,,,86.1249663700331,,
129,Rick Porcello,2 Tms,2717,628.0,91.55656753216086,,,,89.74125537158746,85.48285600306146,74.76011545957215,,,80.99749346044091,,
130,Steven Matz,4 Tms,13361,776.1,93.4611087375217,,,,93.74056429296289,88.27812405193554,78.17330366208655,,,84.22018271341203,,
131,Michael Soroka,5 Tms,18383,477.2,93.21120215381801,89.0076904296875,,,92.3904604343748,82.92139234459918,80.47107116051787,,,82.92609156079439,,
132,Ross Stripling,4 Tms,13273,554.0,91.60375023818598,87.75560610762267,85.63846529447116,,90.02463408679498,86.63630731756037,,78.5825051800866,,83.11459307985257,,
133,Jon Lester,3 Tms,4930,736.1,90.53073272806871,87.60908608898892,,,89.11670239628525,,74.55645331145035,,,83.53842405486253,,
134,Jacob Misiorowski,MIL,31623,233.0,100.22782608086918,95.82779504427793,,,100.59999593098958,92.94077465949033,87.64551963529055,,,92.33917676788016,,
135,Brandon Pfaadt,ARI,27782,555.1,93.61154212700876,90.03318572522272,89.57499694824219,,93.30299097324047,84.493304440192,81.52762737428402,,,87.17449313638664,,
136,Casey Mize,2 Tms,20492,564.0,94.2593787268556,88.41775883469626,87.26256231255684,,93.89930086054353,86.70411640494106,83.09669811320755,80.61197757986595,,,,
137,Nestor Cortes,4 Tms,17874,502.0,91.58377893878433,86.87797947796166,,,90.38100309744894,77.62917000450459,71.96999969482422,,,83.19141403352371,,
138,Gavin Williams,CLE,30122,506.2,96.62937481304218,91.85790753811997,,,96.6442372311828,86.88798346130633,81.10038867944107,,,88.69675138399198,,
139,Brad Keller,3 Tms,15734,647.0,93.85753852817307,,,,93.11765680188111,85.56392920034415,85.24129110307835,,,89.59315991357603,,
140,Chris Paddack,5 Tms,20099,603.0,93.89553595390029,87.7557120186942,,,93.17050236763714,84.88388900623221,77.55061300247647,,,84.2605195077714,,
141,Cam Schlittler,NYY,32095,263.2,98.0116015625,93.94940985812133,,,97.80268481809702,88.72069049703664,85.10168611550633,,,,,
142,Tanner Houck,BOS,19879,420.2,94.23002408692618,90.5675477145011,88.19789619679831,,93.55754229621635,83.56744936202944,,,,,,
143,Zach Davies,4 Tms,13183,851.0,89.20076716496395,86.94752673796792,,,89.0501322987924,79.95089285714286,74.4758192137647,,,79.54506943533578,,
144,Gio Gonzalez,3 Tms,7448,470.1,89.95688548313032,,,,89.21798542684355,83.75,75.25978995419322,,,82.74037108315247,,
145,Anthony DeSclafani,3 Tms,13050,607.0,94.14042468416932,,83.02499825613839,,93.79834139195884,87.77993168670376,,82.68965787020596,,87.84904527034003,,
146,José Soriano,2 Tms,22100,450.1,97.60804490177736,,92.33902554898648,,97.07517282907908,90.0646900318287,,85.53342036660545,,86.94000244140625,,
147,Cristian Javier,HOU,17606,517.2,93.01499771610384,89.06266927083334,,,92.69577671104753,79.69403585844303,,76.42378638421239,46.70000076293945,84.17735086403145,,
148,Madison Bumgarner,2 Tms,5524,811.2,90.84955301536226,86.48108532307228,,,90.14098389422307,83.3,78.07655813590259,73.9000015258789,,84.27904096012692,,
149,Taj Bradley,2 Tms,22543,561.2,96.54323083957887,89.80451768222109,90.95444525824652,,96.45833778381348,,80.78648252154208,,,,,
150,Jakob Junis,5 Tms,13619,624.1,91.42694575325194,87.94028006659613,,,91.1150206198424,82.31410351996287,78.98000106229127,,,84.53908903427545,,
151,John Means,BAL,16269,390.0,92.32463642310789,,,,,84.7846742047813,76.45422594312211,78.02517380080856,,82.28954488015563,,
152,David Price,2 Tms,3184,390.2,92.4983984375,88.60958251953124,,,92.97498690032603,,,79.48106725007585,,84.96397776782555,,
153,Shane Baz,2 Tms,22264,465.2,96.28404337831749,89.88163546668667,,,95.2578125,87.27747208032852,83.21005775188577,85.13964265902366,,88.45039822192902,,
154,Dustin May,4 Tms,19716,437.1,96.78717082473467,92.79072508660916,,,96.19347017812922,85.45603437563723,85.26811175744969,,,90.08053286020993,,
155,Spencer Turnbull,3 Tms,16207,338.2,93.40877159659121,,,,94.22721711881869,85.50397246078829,79.9326911339393,,,87.15290876876476,,
156,Cole Hamels,3 Tms,4972,483.2,91.94780242672235,87.90467046381353,,,91.53416507143685,85.00872679844798,78.5961253403907,,,83.23868206171727,,
157,Nick Lodolo,CIN,26378,512.1,93.94443710215381,,,,93.8692133136467,,81.65368515071845,,,87.97460060931266,,
158,Tanner Roark,4 Tms,8753,571.1,91.88317148237492,89.27000325520834,,,91.7398698594835,85.7063292193737,75.1730615023909,,,83.41593293740716,,
159,Brayan Bello,BOS,23920,582.0,95.59123229980469,88.05467133449173,,,95.38933959624656,85.95576496441227,83.22641797335643,,,87.58298511230242,,
160,Mike Leake,3 Tms,10130,568.2,88.98078451351243,87.45290296106424,,,89.30856207577897,80.55424528301887,,78.74027642144097,,84.00472116535568,,
161,Luke Weaver,5 Tms,16918,484.1,93.71744985386752,88.77402701581343,,,93.50999908447265,86.16501316223867,80.33696755924257,81.5839231004902,,85.18943631990918,,
162,Tony Gonsolin,LAD,19388,389.1,93.34695264899086,,83.78405570754362,,,87.29567890625,80.89143911873784,,,,,
163,Luis Garcia,HOU,23735,346.1,93.51256697020966,85.52049156894545,,,90.62000122070313,79.59880513786862,76.42033883362392,,,84.02636446866123,,
164,Kris Bubic,KCR,21455,464.1,91.59382041627134,,,,91.4263671875,83.75893971444276,79.01099116259282,,,81.7166831656678,,
165,Aníbal Sánchez,3 Tms,3284,506.1,90.22007622682226,87.75326423490756,83.54504278861339,,90.27398398696192,83.67331636868991,76.94281181359824,,,75.07381965253995,,
166,Andre Pallante,STL,26108,485.1,94.7565185546875,,88.845947265625,,95.06965614804241,87.53349893623582,77.04551454741379,78.6215801746673,,83.0999984741211,,
167,Shota Imanaga,CHC,33829,491.1,91.38482149178702,89.84166463216145,82.86885405993853,,89.64737000253037,81.17749662797041,73.20602769707915,53.900001525878906,,81.5810009765625,,
168,Parker Messick,CLE,31986,223.0,94.12405493951613,90.57409931429856,,,92.56770014808994,86.77545232118682,78.74202723590874,,,85.67973253564926,,
169,Ryan Yarbrough,4 Tms,16502,407.0,87.38670251986176,83.2050974420522,,,86.8088694541685,71.42336722400701,71.64235382896057,,,78.76672653924851,,
170,Dinelson Lamet,2 Tms,17186,300.2,95.8351036732591,,,,95.24663595045912,86.07457483868754,85.33061553578318,,,90.20428379603794,,
171,Jeffrey Springs,3 Tms,17677,475.2,91.04276866099389,87.03179855027459,,,89.9,83.08112503211764,,,,79.90210033366257,,
172,Michael Lorenzen,7 Tms,14843,649.1,94.19252557422742,90.32618619278215,,,93.4972452228676,84.16534331890536,82.16059626703677,,,84.64619451537168,,
173,Eric Lauer,4 Tms,19316,738.0,91.92822758175016,88.25384079723274,,,,84.63768324950452,76.85622874072322,,,85.58131645604183,,
174,Dane Dunning,2 Tms,19409,520.2,90.94834660301524,87.88940147067008,,76.4000015258789,90.25117336244142,80.27908653846154,78.10238211495536,77.45617867230476,,84.76885594441882,,
175,Chase Burns,CIN,35333,188.2,97.80417444687147,,,,97.08333333333333,90.27146498914392,83.14285823277065,,,90.32105348821273,,
176,Bryce Miller,SEA,29837,509.2,95.22020508340087,91.6086708024747,84.34011893256013,,94.80116260144138,84.96121315290907,78.23333062065973,83.87731010372899,,85.03418803418803,,
177,Alek Manoah,TOR,26410,420.0,93.56361114475668,,,,93.0026004615515,81.15493161541688,,,,86.58277252671633,,
178,Michael Pineda,3 Tms,5372,422.0,91.97744900890548,,,,92.20000076293945,83.23003923449731,,,,86.7462369409824,,
179,Austin Gomber,2 Tms,16561,637.1,90.91283345261276,86.10750122070313,81.004443359375,,90.82413561590786,84.8609531156772,,76.83005121970663,,81.90808891502132,,
180,Mike Foltynewicz,2 Tms,10811,585.1,95.2749256461389,,,,94.98042094958394,85.49816772995693,79.00597739174425,,,86.34181486269088,,
181,Iván Nova,3 Tms,1994,554.0,92.89363703078772,86.70537284207161,,,92.4853819376944,,80.32167904770324,,,86.32717923817255,,
182,Jake Arrieta,3 Tms,4153,619.2,92.1914739091267,,,,92.31982456321649,88.83569102185838,80.06695106808209,,,87.52358536708184,,
183,Carlos Martinez,STL,11682,407.2,95.20956404578877,90.48468539951084,,,93.66962396244247,84.14253238726266,79.25573780497567,,,86.85175981913527,,
184,Clarke Schmidt,NYY,19899,342.1,94.1568173495206,91.88733540956842,,,93.65801932412631,85.49538964256246,,83.95618137486306,,89.0817074659394,,
185,Eury Pérez,MIA,27768,335.2,97.90215077191235,,,,97.62942758653718,86.01433402659272,80.66584514350095,,,89.8102599974849,,
186,Braxton Garrett,MIA,21844,324.2,90.85348885875207,87.37289489991215,,,90.43057490711253,83.28084911589927,77.85659033013869,,,84.50018766033115,,
187,Griffin Canning,3 Tms,19867,617.1,93.76877899526343,89.0429010674505,,,93.70633622290383,87.90937990324268,81.44651750276326,81.2610683295563,,89.1752890625,,
188,Brett Anderson,4 Tms,8223,454.2,90.09820522351211,86.36603819649174,,,90.0648131127451,81.97772945885772,,75.75795563101968,,82.74157503383366,,
189,Reese Olson,DET,24968,272.2,94.41839046774932,,,,94.44078125,84.70007881305044,79.11180919914668,,,87.20693072150735,,
190,Tyler Skaggs,LAA,10190,290.0,91.59234410592255,,,,91.37495703785956,,75.07606279089096,,,84.29085081082414,,
191,Zack Godley,3 Tms,14862,397.1,90.63137572152274,88.98320650767131,,,90.35089323841726,,84.41111246744792,81.99718819942481,,82.62789644642643,,
192,Spencer Schwellenbach,ATL,31846,234.1,96.60705953054298,93.35142016700405,84.5656547214674,,95.34160907451923,87.14333274147727,80.8026377918956,,,,,
193,Johnny Cueto,4 Tms,6893,603.0,91.41664916095553,87.13584670101304,,,91.18645039380081,84.05932216956967,79.85415028416833,73.73333740234375,,82.46812285809712,,
194,Cole Irvin,3 Tms,19244,519.0,90.90774197048611,86.11687660217285,,,90.70896331704851,82.52766108558994,77.39235546875,,,83.89099373540694,,
195,Michael Fulmer,2 Tms,13218,339.1,95.45743971966557,89.08180704914716,,,95.5310052509448,85.80116576557012,78.24090853604403,,,87.77740598747103,,
196,Bryce Elder,ATL,27779,581.1,91.77223407968214,88.45684523809524,,,90.54889107464028,83.32665457105719,,,,85.63793689220935,,
197,Tylor Megill,NYM,21318,401.2,95.14170758319695,89.91364018604008,84.79587641450547,,94.335042537062,84.73658228899377,78.36076183917811,,,87.1998912146023,,
198,Davis Martin,CHW,21448,368.1,93.8837389953392,88.73326274671052,,,92.81711943655303,84.92621560698574,80.48056281468914,,,89.70485593946718,,
199,Jimmy Nelson,2 Tms,10547,189.0,93.88697782108225,,,,93.64448205553323,87.97627410601312,,84.18113807843802,,87.55199869791667,,
200,Noah Cameron,KCR,30184,303.2,92.42314843113284,89.02347159917555,,,91.43046569824219,84.6829574377828,81.28437409577546,,57.400001525878906,81.09883432539682,,
201,Jeff Samardzija,SFG,3254,450.1,92.57486235233941,89.46865156319383,84.29686533106435,,93.25812034549396,86.17754310785338,,79.65882141302245,,,,
202,Ryne Nelson,ARI,26253,505.2,95.26582970897766,89.58720545474952,,,95.31458536783855,84.96432666564256,78.84146250849184,,,83.43921107462008,,
203,Domingo Germán,2 Tms,17149,477.1,93.14455918806892,,,,93.53461769299629,,81.75429586622758,,,86.4123245635722,,
204,Braxton Ashcraft,PIT,23793,198.2,97.24615009014423,,91.79,,97.0,91.87707158376479,84.895703125,,,91.84736713610198,,
205,Erick Fedde,4 Tms,17425,795.0,92.97559211367653,89.50788586386415,87.13125610351562,,93.16240142939921,82.50563316408407,78.86429967410429,,,87.44674970518868,,
206,Vince Velasquez,4 Tms,11189,521.1,93.78011019006833,,,,92.271179623074,84.95594572959959,77.0999984741211,81.89186522453818,,88.31923992714185,,
207,Kodai Senga,NYM,31838,316.2,95.39210071745758,90.32545624533438,,82.91756425132611,88.72071707589286,82.27484772845013,71.40454503839666,,50.70000076293945,,,
208,José Urquidy,2 Tms,18413,382.2,93.1446497288484,87.44062805175781,81.0999984741211,,93.60280145662968,80.22455016724363,78.1896755105198,,,85.28085619249231,,
209,Jhoulys Chacín,4 Tms,2608,479.1,90.55618951921471,,86.13945578231292,,90.49700874966229,79.7050696829937,76.1337516784668,,,83.03362033010899,,
210,Cade Cavalli,WSN,27473,222.2,96.8278371235019,93.49468724073562,,,96.33441137398785,86.4268929031484,84.91818329782197,86.17778016692151,,89.27499867634602,,
211,Joey Lucchesi,2 Tms,19320,387.1,,90.40147585008965,,,90.29124090980727,,78.85427699316544,,,81.78571537562779,,
212,Andrew Cashner,3 Tms,8782,446.1,93.48531289160401,,,,92.586552310752,86.42993380595205,81.00061636487838,,,84.23268800344526,,
213,Chase Anderson,6 Tms,6895,596.1,92.86351947119877,89.21022925204917,,,92.41920105676687,81.84090862852155,77.43683465176703,,,82.8757870292574,,
214,Nolan McLean,NYM,33703,220.2,95.98118450066389,91.89523563331582,,,95.01392057512733,85.22491835297132,81.5789652545411,74.7750015258789,,87.8116678873698,,
215,Ryan Feltner,COL,21446,444.0,94.46476565592835,90.5999984741211,,,93.9907859189667,86.47682926718895,78.85324855991853,,,84.83808188056379,,
216,CC Sabathia,NYY,404,408.0,89.47169811320755,89.11102454649088,,,90.16089768233743,79.66121031746032,,,,83.38188547327898,,
217,Kutter Crawford,BOS,20531,354.2,93.10479362397326,87.97908482142857,82.34574466056011,,,81.52559896615836,,78.66721793673686,,86.29322530455508,,
218,Grayson Rodriguez,2 Tms,24492,332.1,96.57774520615773,90.01559812213303,,,96.0909090909091,84.57600911458333,80.80322115845476,,,83.42365357761942,,
219,Jared Jones,PIT,27863,219.1,97.7185594512195,,,,,89.25124584717608,83.2224749338355,,,91.60902879389631,,
220,Will Warren,NYY,30182,333.1,93.4790895501139,86.35,,,93.22457083604803,83.26614286177386,80.61852883731618,,,87.05566909632732,,
221,Ryan Pepiot,2 Tms,26221,347.0,94.86296535509827,91.5507874112776,,,94.87575461647727,88.75091677295919,80.70340069621598,,,86.35315112373074,,
222,Triston McKenzie,CLE,18000,425.2,92.12799816057569,,,,,86.50640604148131,79.00743585497742,,,86.62142857142857,,
223,Zach Plesac,2 Tms,19979,477.2,92.70257234445067,,,,89.37999877929687,85.67092693849807,79.52661206645351,,,85.64902256815652,,
224,Sean Newcomb,5 Tms,16943,335.0,93.3004926349237,88.80079669189453,,,92.80760789954144,80.44426189485144,78.14371578028944,,,86.18957422384184,,
225,Landen Roupp,SFG,30076,280.1,92.88381234758852,89.52554726175742,,,93.21023763921555,84.0,76.82216881907233,,,86.97809864145465,,
226,Brad Peacock,2 Tms,5401,196.1,92.50539238330262,,,,91.74093849705332,81.46916159743255,,77.96134410184972,,81.97312483787536,,
227,Payton Tolle,BOS,35466,159.0,96.09093229166666,88.70061240695586,,,94.82036790327592,85.90000406901042,82.90830067463837,,,88.85609696551067,,
228,Paul Blackburn,3 Tms,14739,436.2,91.51610800253378,88.2317884987932,,,91.12825221832568,82.44537430145667,78.71516488882212,,,85.52191837419323,,
229,Ian Anderson,ATL,19951,272.1,94.27241546563192,,,,93.96428571428571,,81.0094537815126,,,88.04898715970405,,
230,Jason Vargas,3 Tms,8044,420.1,84.78589669770679,,,,85.49928177913347,,,71.92996812140805,,79.44363052280741,,
231,Edward Cabrera,2 Tms,21690,499.0,96.36951767212567,,,,96.51016104857261,88.30468398085586,84.31536297390019,,,93.11303653761709,,
232,Zack Littell,5 Tms,15823,489.1,92.42689082523987,,83.43409372327537,,91.6289804967017,85.97320427984883,74.63636363636364,,,85.58333333333333,,
233,Janson Junk,3 Tms,23301,233.2,93.600576621839,,84.50666656494141,,93.4580236364294,84.05070580818364,80.913140735487,,,87.47576211321302,,
234,Homer Bailey,4 Tms,8362,368.2,93.09926990327381,,84.95459074066633,,93.13240167969151,87.21041479154665,,78.54106071187377,,87.63333129882812,,
235,Mike Fiers,3 Tms,7754,574.0,89.55752116303825,86.71455931432038,,,89.5481780540714,84.8871490193714,73.44078321269915,,,83.0753044635664,,
236,Jordan Zimmermann,DET,4505,407.1,91.424395308631,,,,91.26405809001106,86.55064192038881,80.51377208033303,,,86.5378140449524,,
237,Emmet Sheehan,LAD,29839,220.0,94.9973585054806,,,,,86.76609375,77.72114765344982,,,85.03175736716206,,
238,Daniel Norris,2 Tms,13475,279.1,91.64529374871786,,,,90.62363558682529,84.88154409539386,76.51222639498503,,,85.77670371969333,,
239,Matthew Liberatore,STL,22294,402.1,94.0134336663292,90.36922907296837,86.977783203125,,93.88966885762608,86.23116262335526,77.70846863054025,,,88.11291133059731,,
240,Joey Cantillo,CLE,23335,248.0,92.03984539820675,86.9549263277202,,,,83.65018732574349,79.08227272727272,,,79.68085624443455,,
241,Clay Holmes,3 Tms,13649,273.0,93.66550132384987,88.34490433479975,,,93.53374068233946,82.70184129827163,81.28926076184983,,,87.99955001531863,,
242,Mitchell Parker,WSN,27636,309.1,92.72329984267735,,85.51943699731903,,,84.8029390222886,80.83330419091315,,,,,
243,Chris Flexen,5 Tms,13896,578.2,92.0025524364492,87.86963179692442,,,91.8073507570753,80.14484536556797,74.87881064750053,,,81.6994469022057,,
244,Graham Ashcraft,CIN,27552,328.0,,96.2298090152472,,,96.32784598214286,87.64136568848758,,,,90.33396091101305,,
245,Joe Ross,3 Tms,12972,286.1,93.77291211706446,,,,93.1438974738121,85.5317725069696,81.60097392554422,,,87.67345978683186,,
246,Colin Rea,2 Tms,12317,511.1,93.49350108167197,87.22523393525648,86.77467603807325,,92.4779192328163,83.46320519416606,79.54773587216899,,,87.61003236245955,,
247,Ryan Weathers,3 Tms,23796,387.1,95.27030777531213,,,,94.1544998678879,83.76906399389165,,,,86.30147800996369,,
248,Trevor Cahill,6 Tms,6249,287.0,91.42101376900877,86.40312805573663,,,91.09006320858607,,,79.51345029357033,,83.41718436943455,,
249,Jordan Lyles,6 Tms,7593,778.1,92.30240885416667,86.27747989276139,,,91.21184951573203,82.3710834462925,80.3491916724104,,,85.90534645533104,,
250,Jake Irvin,WSN,21504,585.1,93.50187912995595,89.14146980406746,,,92.87065776890189,82.98216706389314,79.57213411278488,,,86.60477168068569,,
251,Sean Burke,CHW,29878,257.0,94.54764120061164,89.83111546939834,,,94.44452906366604,86.53351224500274,79.3068027142397,79.00041331690872,,85.30858850771664,,
252,Chad Kuhl,4 Tms,14975,512.2,94.9360495802117,91.0999984741211,,,94.12058100518281,87.35878028685481,,80.96958013079828,,88.51073018058402,,
253,Chad Patrick,MIL,30113,144.0,94.23685438368055,88.13029962576766,87.7000020345052,,94.0919213560368,84.19444444444444,85.54146222370427,,,88.62049190333632,,
254,Logan Henderson,MIL,31475,118.2,93.07252358490567,87.81640338897705,,,,81.56206854458513,,,,82.62267443224475,,
255,Jason Hammel,KCR,4538,282.2,91.94923365935115,,,,91.80910902167085,84.77834873399301,77.18989839702073,,,84.895263671875,,
256,Peter Lambert,2 Tms,17969,311.1,93.20629035494274,91.6091588144084,,,93.37190732348724,85.81173019931231,78.70534809910974,,,86.25453865756401,,
257,Garrett Richards,4 Tms,9784,272.1,94.793476488264,,,,95.75306033871883,88.58384158671186,79.47587543888315,65.1500015258789,,89.92300148010254,,
258,Ben Brown,CHC,23590,157.0,96.05502489761727,,,,96.19912452028508,,,86.81509260543841,,90.3644859813084,,
259,JT Brubaker,2 Tms,17578,315.2,92.91771844717172,,,,93.27617605017858,86.95929665799433,79.98099425836658,,,87.29236136542426,,
260,Michael McGreevy,STL,29869,274.0,92.29869648947644,87.97394160901086,,,91.2233632528753,82.95544719827586,78.93005786455872,,,87.19259490114351,,
261,Keider Montero,DET,22630,281.0,94.3054298217354,,,,94.23636227054196,84.60504201680672,,79.59172895617951,,86.68533482142857,,
262,Bailey Falter,3 Tms,20070,409.2,91.67009546341697,,85.37683398575433,,91.55659321848307,85.1443149274201,77.268441900101,,,84.0098009296492,,
263,Trevor Richards,3 Tms,19309,284.0,90.9024751870939,85.41733154296875,,,,80.5051724137931,80.17706354823682,80.19999694824219,,82.99640178571428,,
264,Brent Suter,4 Tms,13942,199.1,86.2117289940005,,,,87.29714390345983,77.50484905820905,74.0246829743907,,,79.44660569963412,,
265,Bubba Chandler,PIT,29868,165.1,98.4177110855503,,,,97.70281323356808,90.5411841724537,86.60229119453722,,,91.60161550050519,,
266,Mike Montgomery,2 Tms,4869,233.0,91.52744754491063,87.50599679264386,,,91.53073824689687,,77.2698405028651,,,83.38842556101632,,
267,JP Sears,3 Tms,23429,569.2,92.56915298170058,88.53750228881836,,,90.3590637563962,80.0154911452804,79.25694947323557,,,83.80182145468554,,
268,Drew Smyly,5 Tms,11760,455.0,93.44142717633929,87.85173360020661,,,91.94716347046806,,79.94762214781746,78.39577423361416,,82.37674429250318,,
269,Marco Estrada,2 Tms,1118,353.1,89.20051191779459,85.66900797328995,,,,,77.0335543448465,,,77.090440064365,,
270,Luis Gil,NYY,21052,261.1,96.15608666723901,,,,94.54889322916667,86.8248993726231,,,,91.33901325094288,,
271,Dakota Hudson,2 Tms,19206,508.2,91.80244247883434,86.88571602957589,,,92.35780967131578,86.62360593987852,81.06101317632766,,,85.37099418850893,,
272,Kyle Harrison,3 Tms,27758,298.2,93.67900348179957,86.65625286102295,,,94.34736713610198,87.7437515258789,81.5288189714855,,,85.29276443373227,,
273,Matt Manning,DET,20369,254.0,93.43383203749335,,87.82272616299716,,93.49566615110187,83.51807787761747,79.46086105675147,,,87.1921495040529,,
274,Julio Teheran,5 Tms,6797,635.1,90.27697037868812,86.21793768493043,,,89.9223111602842,81.6477351759504,73.98626591326243,,,82.7513448261894,,
275,J.T. Ginn,OAK,27889,236.2,93.41119856079573,90.85321100917432,,,93.21132883868758,85.80800107758621,84.14761594742063,,,87.83407689963177,,
276,Jack Leiter,TEX,30146,255.0,96.9286141111898,92.83020429163172,,,96.2531583906616,87.15040753086812,81.81276318705673,,,90.39206095553752,,
277,José Ureña,8 Tms,11589,710.0,95.52848592146952,90.19999694824219,84.93636252663352,,95.38201675832597,85.95859325792024,84.62772863051471,,,89.21595487053101,,
278,Walbert Ureña,LAA,29357,142.2,97.8521330758427,,,,98.06290956749672,87.1145606704905,,,,90.93083921990171,,
279,Randy Vásquez,2 Tms,24719,360.1,94.31659205337124,90.24967828566028,,,94.0058987447763,83.10709488275818,82.11102738535793,,,88.0441979957988,,
280,Logan Allen,CLE,27589,384.0,91.25977153379401,85.67538942327154,,,88.98865076013513,78.59175318495518,,,,82.35348920036765,,
281,Christian Scott,NYM,30107,157.1,95.0999237378912,89.62124075940861,84.75542403990964,,92.20302882339016,82.86503853319783,81.8789990234375,,,,,
282,Clayton Richard,2 Tms,3551,401.1,90.72109853849369,,,,90.08685108079376,80.9334680407351,,,,83.80399123760833,,
283,Johan Oviedo,2 Tms,22487,336.0,95.53396632422984,,,,95.51904761904763,87.33868976698439,79.52321402880611,,,87.62827537173317,,
284,Andrew Alvarez,WSN,29914,104.2,91.88391775678295,,,,91.55529022216797,83.59486644847973,82.68806966145833,,,86.06363315774936,,
285,Kyle Leahy,STL,24763,141.0,94.26346849173554,,,,94.24934387207031,87.36437006106321,83.07454274895936,,,88.64424551904729,,
286,Slade Cecconi,2 Tms,27500,318.0,94.0095641794988,88.33554236477158,81.05384357158954,,93.49442558913934,83.941796875,75.39139477672472,,,83.09914289202008,,
287,Simeon Woods Richardson,MIN,24494,290.1,92.98422226963702,,86.4451847029321,,,85.98038273019763,76.9656619642633,,,82.77679431843308,,
288,Max Meyer,MIA,27474,238.2,94.69405277067844,,,,93.80505793435233,89.12630013765268,,,,87.73278764123691,,
289,Drew Pomeranz,4 Tms,11426,303.2,91.25968875089401,86.69224518752164,,,89.58882569357225,,,79.43405694336418,,82.7336619159963,,
290,Matt Harvey,5 Tms,11713,434.1,93.60274133045948,,,,93.77403300173444,87.88106151293682,80.97955853372648,,,86.14663675047129,,
291,Ben Lively,3 Tms,14932,373.2,90.49599618579171,85.90689402613147,,,90.78205505030115,80.21432419094751,76.08584931982817,,,84.30289491513258,,
292,Foster Griffin,2 Tms,16432,166.2,91.53750221946022,88.52444444444444,81.34937286376953,,91.42862121797704,80.28939418600064,77.8330681181524,,,82.51281433105468,,
293,Jake Bennett,BOS,31959,109.2,92.8065905448718,85.02666829427083,,,92.36296089616403,79.58644233315678,78.79500122070313,,,83.56594054136254,,
294,Brandon McCarthy,2 Tms,4662,165.1,93.177194848694,91.39647611071932,,,92.6636368858623,85.40697789746662,80.23664853294066,,,88.58333333333333,,
295,Stephen Kolek,2 Tms,21487,166.2,94.10582930446562,90.40027940538195,,,93.61884632984932,84.19114690061475,80.19999694824219,,,87.35236585462415,,
296,Javier Assad,CHC,21741,328.2,92.3526351340644,88.29083164686712,,,92.05390423126615,80.80256015625,76.72869177709651,,,84.76288701742375,,
297,Cody Bradford,TEX,27597,142.1,89.61310369318181,86.56404165203652,,,88.02500406901042,81.94110369536043,74.89941763180738,,,81.20609637004573,,
298,Steven Brault,PIT,15291,210.0,91.83491513462651,83.85845318962546,,,91.05655557601179,82.3866801724746,73.13513348553631,,,84.49950851690573,,
299,Jacob Lopez,2 Tms,25098,203.0,90.51384859192582,86.62980514917618,,,90.23833550347223,76.92755899148342,,,,82.60076239863528,,
300,Randy Dobnak,2 Tms,23798,163.2,92.7250011210539,,,,91.54762113764045,83.34604093711937,,,,84.91753427225267,,
301,Matt Strahm,3 Tms,13799,141.1,91.93107096354167,85.66326786302724,,,92.64071142146018,82.429203539823,79.2695986328125,,,84.16679677850173,,
302,Grant Holmes,ATL,16944,291.1,94.34688076374916,92.13859529096364,,,93.12074223271122,85.46827465144938,83.34041383311744,,,89.49187705722557,,
303,Cade Horton,CHC,31872,121.1,95.74236169175028,,,,95.20373649240655,83.39834946852464,83.84598839091744,,,88.0569105691057,,
304,Luis Perdomo,SDP,14682,210.2,94.03819732261273,,87.25676610688456,,93.77962462542808,84.70173416137695,,,,,,
305,Jaime Barria,LAA,18356,295.1,92.02546031080831,,,,91.44345992650742,83.73990951445234,,,,83.4678272192029,,
306,Troy Melton,DET,31807,135.0,96.4634102245809,92.15692682549505,87.73478367017663,,95.6936571074695,86.63542154504428,79.36331447623891,,,89.285498046875,,
307,Tyler Alexander,5 Tms,17735,268.0,90.06876892524478,85.51766936719473,,,90.07488243732978,80.0375896370324,80.96911766949822,,,82.95994515543285,,
308,Rhett Lowder,CIN,33876,151.0,93.65349786931819,,,,93.00520052083333,85.12210931927603,80.88095238095238,,,86.47643902658046,,
309,Sal Romano,CIN,13690,218.1,94.91000162760416,,,,94.5540297884187,86.82181041459164,,82.36922748272235,,88.34147858796297,,
310,Yonny Chirinos,3 Tms,16401,225.1,93.28493872033545,,85.53416492338489,,93.32788492138195,87.22980419446662,,,,,,
311,Shane Smith,CHW,31687,154.2,95.6269035532995,,,,95.74377246405751,89.55236486486487,82.1487670297106,,,90.03400108798239,,
312,Ryne Stanek,TBR,15947,83.0,97.56649972449623,,87.91644894818722,,,89.19626168224299,,,,,,
313,Austin Voth,2 Tms,15047,178.2,92.54581611466377,88.44792137251666,85.9857177734375,,,85.16857212611608,78.0224628179156,,,86.11778157552084,,
314,Aaron Sanchez,5 Tms,11490,346.2,93.46620464883249,,,,93.29794210379464,,78.19402586691899,,,87.69032765534882,,
315,Gavin Stone,LAD,27792,155.2,94.69621512716877,92.14341369155765,,,95.26999703201594,88.46503830936696,83.25978469848633,,,87.16657035872781,,
316,Hayden Wesneski,2 Tms,27581,195.0,93.7197112877998,88.61111111111111,,,92.4592352541136,81.71143043154763,76.9489783462213,,,86.03675307575455,,
317,Kyle Wright,ATL,19665,267.0,94.79467579894536,,,,93.9869924360126,88.67445882161458,,84.2913596070843,,87.94149419996474,,
318,Bobby Miller,LAD,27483,183.1,98.42813923131281,,,,98.3355910593956,89.43400214301215,80.26581807039221,,,87.4586156495055,,
319,Kwang Hyun Kim,STL,27458,134.2,89.22350267248164,,,,88.9857177734375,83.41728478112996,69.79686186238789,66.19999694824219,,80.26597652197873,,
320,Anthony Kay,2 Tms,20387,176.1,95.29877132270694,91.42241179968288,,,95.27991452991454,83.47893202728426,78.2691364052855,,,86.06862390660271,,
321,José Suarez,3 Tms,19911,293.1,92.52818602299786,88.55714634486607,,,91.65808411558231,81.9608838070434,77.52726039480656,,,82.2710200547321,,
322,Ronel Blanco,HOU,19407,275.0,93.52455739577384,,,,,86.52277967664931,80.09475929506364,,,85.06405205666951,,
323,Clay Buchholz,3 Tms,3543,164.2,90.0643824404762,85.23689232802973,,,89.65156596047538,,75.54181906960227,,,77.03200222439236,,
324,Tyler Wells,BAL,20000,249.1,92.96100979179961,88.15941109516723,,,,83.6470588235294,75.66505709561434,,,85.99724757843218,,
325,James Kaprielian,OAK,18331,303.2,93.2600567157452,,,,92.86569817777045,83.86707521232579,78.46434646356302,,,84.25317980220228,,
326,Ervin Santana,3 Tms,3200,255.1,92.53879272733619,,,,91.82051082334954,84.01653047937926,,,,85.12101921803956,,
327,Zebby Matthews,MIN,31827,247.1,95.49047423245614,91.16283697542639,,,95.4850817938536,87.5734146360367,80.75698844178082,,,86.85604248046874,,
328,Matt Waldron,2 Tms,25550,194.2,90.83764473623222,87.12716053150318,,,90.43192821334165,79.48672169917772,,,,,,77.79852003560636
329,Cade Povich,BAL,30055,214.2,92.20547516683779,89.4522261892914,,,91.68711365375322,83.23585460819385,77.575818885784,,,84.57040024610201,,
330,Danny Salazar,CLE,5867,101.1,94.9184592473525,,,,94.80663544429709,85.49740932642487,80.73861384627843,,,86.02905002771618,,
331,Carmen Mlodzinski,PIT,27572,108.2,95.28313207191538,92.60256566756811,86.02147239263803,,94.55298013245033,86.02663618196046,83.82766095966312,,,88.19999694824219,,
332,Collin McHugh,3 Tms,7531,118.0,90.1221922176294,86.90532018783244,,,88.85454767400569,79.3906474210778,73.9436181251039,66.75,,83.5977773030599,,
333,Robert Gasser,MIL,29812,131.2,92.90991917129391,88.50702161467477,,,92.61069868425282,80.64017094017095,,,,88.17923542604608,,
334,Alec Mills,CHC,13834,195.1,89.34642682756696,,,,89.35659371277677,77.0403271085235,66.64098387337773,,,79.77647130629596,,
335,Brandon Williamson,CIN,25463,166.0,92.77084829561379,89.33022004757785,,,92.94285559275794,81.52337313246453,73.90051082688935,,,84.38795299055927,,
336,Connelly Early,BOS,33666,111.0,93.99794008765848,,,,92.49420502151268,84.91070495401338,80.23418928619124,,,83.73742747167398,,
337,Connor Prielipp,MIN,31857,111.1,95.53987662825651,,,,95.03227796052632,87.75996200868373,83.04800984327217,,,86.61937581806282,,
338,Garrett Whitlock,BOS,20191,109.0,94.87419276083669,86.5693595640121,,,94.1866970237242,81.18108156096437,,,,83.52981381125294,,
339,Trey Yesavage,TOR,35456,109.2,94.33321715805359,,83.0539182002868,,,87.76030851665296,,,,,,
340,Félix Peña,LAA,13403,118.2,91.97436210436699,,,,91.96677909911831,81.93809436616444,,,,84.71760666538292,,
341,Jaime García,5 Tms,8137,218.2,90.23510423435233,90.33332985325863,,,90.28229910815477,81.83513045929625,73.73862912419528,,,82.74540993208082,,
342,Quinn Priester,3 Tms,25977,207.1,92.59230752660139,92.34186889913232,,,93.61469286877963,86.10448152388649,80.7191660563151,,,88.77263462958645,,
343,Ryan Borucki,2 Tms,16350,108.0,,,,,91.54684108154778,83.3000008719308,77.06316083176692,,,83.27506103515626,,
344,DJ Herz,WSN,26389,92.2,93.48899062938905,,,,,86.17660884533899,,81.17454556551847,,83.51247027334199,,
345,Kolby Allard,4 Tms,18694,207.1,91.43103540115595,86.50164500454017,,,90.29629403573496,,75.25284566078082,,,82.6375407723064,,
346,Tobias Myers,2 Tms,22191,160.0,92.8843187845941,88.88815456483422,81.57333170572916,,91.50999755859375,85.15477151956644,77.64516129032258,,,81.11382113821138,,
347,Chris Stratton,3 Tms,13761,218.1,91.1222730389145,91.04935543731558,,,90.91893207005091,83.63256530173712,77.44803116595159,,,84.05442272628868,,
348,Gage Jump,ATH,35418,98.2,96.26342172105912,,,,95.04085811491936,86.468796875,82.29358497660428,,,87.5652450933689,,
349,Daniel Mengden,2 Tms,16980,194.2,91.94929911454271,86.09785323900215,,,90.96094776646757,83.31106216755319,72.35816461513923,,,81.88636641068892,,
350,Justus Sheffield,SEA,17285,167.0,92.74728305804463,,,,92.09833979606628,82.34287059294871,79.4000015258789,,,86.31211981468329,,
351,Doug Fister,2 Tms,9425,150.0,87.811767578125,84.96700507614213,,,89.12950045469577,,73.19821478396045,,,82.34731802591463,,
352,Albert Suárez,BAL,6175,125.0,94.80857938878677,86.31885856079404,,,,,79.08712718195648,,,86.12434665845788,,
353,Spencer Arrighetti,2 Tms,29921,274.2,93.50530616428145,87.93115813937314,,,92.21566955285138,80.29705005221896,77.40705866512666,,,84.97859065058249,,
354,Kumar Rocker,TEX,31843,201.1,95.18048450100807,90.17121409406566,87.98499755859375,,94.75405877745978,83.42450420673077,77.44520798774614,,,89.20068969726563,,
355,Jeremy Hellickson,3 Tms,4371,292.1,90.03183650280391,86.66608996539793,,,89.78532408507604,,,76.28415167136271,,81.10626911314985,,
356,Ian Seymour,TBR,27932,97.2,91.34419168179461,88.2156270345052,,,89.96386356164913,82.25014748671188,73.66956627887228,,,83.6061823089128,,
357,Matt Moore,4 Tms,1890,293.2,91.93929873928039,89.27575377397314,,,,,,80.71734549939768,,83.00809393988715,,
358,David Festa,MIN,30056,108.2,94.46923312594268,,,,93.98791638049451,86.64907407407408,,,,88.14613748793437,,
359,R.A. Dickey,ATL,1245,190.0,83.61844422387296,,,,,,,,65.94117647058823,,,77.27857315371404
360,Dan Straily,2 Tms,9460,337.1,90.34336012046755,,,,90.33033203125,83.71302740003603,74.24306426779196,,,83.51839815289162,,
361,Trent Thornton,2 Tms,17948,152.1,92.8726524089078,88.16422771585398,,,91.73157912806461,80.53677460641572,76.52500017951516,,,83.33375182332871,,
362,Jake Faria,2 Tms,13699,148.0,91.65365072313126,,81.07847227873626,,,83.19201567327114,75.26486783414273,,,,,
363,Osvaldo Bido,2 Tms,23150,126.2,94.54007355739951,86.52629268449238,,,94.60506184895833,85.06351996527778,,,,88.63356540920017,,
364,Joe Boyle,2 Tms,29608,112.1,97.82646678715795,,92.82921729149757,,97.10000191482843,88.79836683417085,80.84576312566207,,,,,
365,Griffin Jax,2 Tms,20253,171.2,93.86877567414315,92.81886795331847,,,95.25825973731884,85.28942380851531,82.59004455830627,,,89.50019268656887,,
366,Wei-Yin Chen,MIA,13071,160.1,91.07847947677547,,,,90.27410888671875,84.82300083174906,73.38362746052046,,,82.84565916398714,,
367,Rafael Montero,NYM,12760,95.2,93.95999735169491,,,,93.21223612034575,83.84598214285714,,,,87.99090909090908,,
368,Keegan Akin,BAL,19362,108.1,92.06571011929898,,,,,84.038084988767,76.79908346473624,,,82.42462636463678,,
369,Luis Ortiz,2 Tms,27646,264.1,96.36007874503969,90.86168746617966,,,95.48084905987784,85.83237472521982,,,,89.58243408203126,,
370,Tommy Milone,7 Tms,7608,138.2,86.9601716596364,86.93250122070313,,,87.26172722710504,78.7986656358507,74.90335270546002,,,79.37973616750617,,
371,John Gant,2 Tms,13684,195.0,92.35763518727724,84.95718725039936,,,92.25857785065843,82.45595150902157,75.58038457643565,,,80.82207537395198,,
372,Tyler Chatwood,2 Tms,4338,273.2,94.35536729103607,89.07291247181057,,,93.87179835838607,,79.09364844150231,,,87.11465085207762,,
373,Ryan Gusto,2 Tms,26440,155.0,94.33860711898396,89.2082527281746,,,93.25993167350589,83.0060553443806,79.70831141430874,,,87.14418653317068,,
374,Emerson Hancock,SEA,27470,292.2,94.69554395014697,85.84087456597223,,,94.27475670313675,80.38832862151426,76.13608448775773,,,86.41198670335591,,
375,Brandon Young,BAL,27819,209.1,94.18767806267806,86.78837549963663,85.19391875,,93.82865555037313,84.26804411514945,75.50000224497127,,,87.12557912427326,,
376,Wade LeBlanc,3 Tms,5221,244.2,86.64331210191082,83.73000131283166,,,86.44121241714015,,72.67622547523648,64.9000015258789,,78.26097478244806,,
377,Justin Wrobleski,LAD,31204,169.2,94.6305823836487,89.57735572670991,83.30000305175781,,93.73023482921512,86.22747415066469,78.51363488399622,,,85.55223607305271,,
378,Joey Wentz,2 Tms,19962,174.0,93.07234850159124,85.3970210968502,,,,84.58057537729658,77.88463112836827,,,85.16727723126637,,
379,Caleb Smith,3 Tms,14875,307.2,91.8933611264614,,,,93.17999725341797,83.2850245543389,77.52272588556463,,,82.8221240234375,,
380,Hunter Dobbins,2 Tms,30240,93.0,94.99453331679894,,89.10487626238567,,94.1824737234214,85.28757205703883,78.81202239156421,,,,,
381,Josh Tomlin,2 Tms,9388,208.0,87.7670137099419,85.48394317360656,,,87.64020699569859,,74.72830660607373,,,83.6236729276353,,
382,Ty Blach,3 Tms,14361,359.0,89.13264301394628,83.48187843495587,,,89.7517990041637,79.06049563560957,76.89465605637123,,,79.92217417085398,,
383,Daniel Lynch IV,KCR,21537,305.0,93.64533421937915,,,,93.29978538578392,86.01608115748355,,80.94664495262391,,84.62837004905523,,
384,Shawn Armstrong,2 Tms,12857,35.2,93.92066569010417,91.02592637803819,,,94.32606149227061,84.80400024414062,,,,,,
385,Adrian Sampson,2 Tms,13339,224.0,92.35632424440682,84.93723248420878,,,91.89778088858523,83.49195514096012,81.60833231608073,,,85.8702176641471,,
386,Dereck Rodríguez,SFG,14509,190.1,91.07121072860963,86.14322250639387,,,90.512077294686,,75.43273197332731,,,84.23213434133753,,
387,Cooper Criswell,3 Tms,24975,96.2,,86.26704962134818,,,89.07744930491728,77.1710300691138,,,,84.41339534777774,,
388,Francisco Liriano,2 Tms,3201,214.1,92.38215144230769,,,,92.27828339776632,84.79866685779817,76.43076735276442,,,85.39463602561898,,
389,Roansy Contreras,2 Tms,22810,152.1,95.08119991987179,,,,94.82273171164773,83.72520972287506,77.8918837510146,,,89.23465252866839,,
390,Sixto Sánchez,MIA,19680,67.1,96.06334797597864,86.04023361206055,,,95.8713438452744,85.79361806017288,,,,87.3003355704698,,
391,Mitch White,2 Tms,19225,95.2,93.90065556397444,,,,94.18737867040542,85.62969814928944,80.47935357862903,,,87.552001953125,,
392,Miguel González,2 Tms,7024,168.1,90.7098550683722,,84.37628348214285,,91.19903309322247,86.33059812366453,77.34339346864675,,,86.81818459250711,,
393,Adalberto Mejía,MIN,13188,117.1,92.63314701312154,,,,91.75547059257076,84.23528020615866,79.65,,,83.13187851243188,,
394,Huascar Ynoa,ATL,20468,109.1,96.26233453670277,,,,95.42500019073486,85.20068976033295,,,,88.24420519842617,,
395,Brad Lord,WSN,31972,103.2,94.49945834387651,,,,94.22747681701487,85.56682832362289,82.0,,,85.91792268573113,,
396,Jesse Hahn,OAK,13287,63.2,93.64629448784723,,,,93.68427550117924,84.4716796875,75.93268387957318,,,85.1000016693376,,
397,James Shields,CHW,7059,321.0,89.75538576007327,86.17299151082678,,,89.32504012841092,,,78.13144091270813,68.7536231884058,83.15570841828733,,
398,Matt Wisler,4 Tms,12804,48.2,92.16729023300599,,,,92.38875855214496,81.5844241587895,75.11764526367188,,,85.63333511352539,,
399,Ariel Jurado,2 Tms,17030,138.0,92.79506939943596,,,,91.6963310923536,84.93743024553571,79.63279576455393,,,85.05709161931819,,
400,J.P. France,HOU,21212,158.1,92.93099359449052,86.81178436579077,,,91.19999694824219,80.02089649409204,75.59539841751918,,,81.91728245607719,,
401,Ian Kennedy,KCR,6986,275.2,91.95823548504633,87.77954545454546,,,92.08598424145299,86.02028669084821,,78.03374035375917,,85.07063414558532,,
402,Matt Shoemaker,3 Tms,4776,216.2,91.49986617960394,,85.06120821220931,,91.35256986528914,82.25080941501011,,76.3999995181435,,,,
403,Jordan Hicks,3 Tms,19618,172.0,96.31923130580357,,84.84816411771517,,96.01590132005144,82.01554588588682,,,,92.04615196814903,,
404,Zach Thompson,2 Tms,16094,166.0,92.22042906305506,86.79542470079787,,,92.1788330078125,,77.13856897676442,,,85.55,,
405,Asher Wojciechowski,3 Tms,10836,152.1,91.58381592131774,85.70128361628606,,,,80.58124040747323,77.91093444824219,,,84.91342347420301,,
406,Shane Drohan,MIL,27814,91.1,94.75616484004739,90.86645962732919,,,94.75541152468153,86.37932219328704,80.63316625478316,,,86.39870383522727,,
407,Trevor McDonald,SFG,26448,83.1,93.97273393110795,90.30000135633681,,,93.33878332756233,85.89276705290142,85.93684210526315,,,83.75804366188488,,
408,Jeff Hoffman,2 Tms,17432,210.1,93.93783623657505,,84.91123879602713,,94.39285714285714,82.57190162681741,77.04626611328125,,,86.62692495492789,,
409,Luiz Gohara,ATL,15166,33.1,96.07999770220589,,,,96.83333097185407,83.713413145484,,,,88.29387804926658,,
410,Spenser Watkins,2 Tms,17489,145.1,91.07464062899412,86.83931532604633,84.19999694824219,,89.72380719866071,78.39640445846447,77.78210524174204,,,85.79915638130252,,
411,Jerad Eickhoff,3 Tms,12664,206.0,90.08155776233208,,,,90.16549397858095,83.89706066421896,75.72765895093485,,,82.36428542364212,,
412,Gabriel Hughes,COL,31614,61.0,92.33208255159475,,,,92.86470916491596,86.0545487837358,78.72222222222223,,,87.79840959821429,,
413,Joe Biagini,TOR,13194,106.2,92.7065926017342,89.16767775410354,,,93.31554637652262,,78.15026408090641,,,85.78659367215806,,
414,Ryan Bergert,2 Tms,29863,72.1,93.35815663987523,,,,92.46588062959559,85.36509232954545,82.61249542236328,,,87.54845562177834,,
415,Josiah Gray,2 Tms,24580,382.2,94.20398221257854,88.67650202559076,,,93.38045479342681,85.42795591977115,82.73340539307337,,,88.35714242117746,,
416,Mike Burrows,2 Tms,24728,180.1,95.21422884081736,,,,94.84912109375,88.24492260925751,78.77763496143959,,,86.92227909482759,,
417,Brandon Sproat,2 Tms,33850,109.0,96.72791728493279,92.88588588588588,,,95.97045494899277,85.86913213315218,82.28645833333333,,,91.00484878077651,,
418,Blaine Hardy,DET,6499,67.2,87.46618687320917,83.11744299600291,,,88.22999877929688,,75.08484749842172,,,79.32441098671259,,
419,Andrew Suárez,SFG,18300,170.1,92.16659883630359,,,,91.9386557357318,88.27242077242944,76.76592096936103,,,85.92577518439441,,
420,José Buttó,NYM,23313,79.0,93.79301699584752,,,,92.77819174908578,85.00836576164448,80.65230994591346,,,85.88759061715899,,
421,Yariel Rodríguez,TOR,33838,87.2,93.8992038842036,,88.86509817238623,,93.40613256349154,84.55057559112478,78.28280503582802,,,,,
422,Wilmer Font,3 Tms,5257,55.2,94.57576747570073,,84.6434790569803,,93.53289473684211,82.87280701754386,76.2076399061415,,,,,
423,Mitch Spence,2 Tms,27707,169.0,,90.60152680948711,,,91.84656973764406,84.31253116688829,80.9096968801398,,,87.98809669131325,,
424,Alex Meyer,LAA,12833,67.1,96.13301711309524,,,,95.34831460674157,85.53683953536184,85.08098591549296,,,89.98124694824219,,
425,Deivi García,NYY,20276,42.2,91.97552811472039,,,,,82.20632664161393,75.44622687573703,,,81.1,,
426,Jacob Latz,TEX,21306,48.1,93.78094147764361,,,,,84.33750381469727,78.02622860767802,,,84.5711763269761,,
427,Robbie Erlin,2 Tms,10354,76.0,89.96495382194846,,,,90.41007318069686,87.52428283691407,76.14590329029521,,,83.99330015045604,,
428,Robert Stephenson,CIN,13594,68.2,93.06832617511401,,84.63705583756345,,,84.76552762197294,78.05957550698139,,,,,
429,Luis Medina,OAK,21649,123.2,95.99690052256368,,,,95.73251651693707,85.53411518193325,80.06793248301317,,,87.91666568222867,,
430,Daniel Ponce de Leon,STL,16110,92.2,92.95923519055509,88.73583272298177,,,90.0999969482422,84.4000015258789,77.58867760424344,,,83.68030432498816,,
431,Jacob Waguespack,3 Tms,18318,70.2,92.19746711827531,88.7836641438802,,,90.19947574013158,85.80000106148098,78.37664685277882,,,83.1390927401456,,
432,Bartolo Colon,3 Tms,375,282.1,89.86524662797993,85.62499596090878,,,86.96491587843954,80.99572044629205,,,,81.01228490369073,,
433,Andrew Painter,PHI,30091,110.2,96.6325095400165,,87.35364497102648,,95.13450292397661,85.44489550627944,81.32222041377315,,,90.56781791460396,,
434,Jack Perkins,ATH,31468,95.1,95.54132029635848,92.61805300936372,,,94.8392442147943,86.21653180803571,83.5,,,89.337333984375,,
435,Brandon Walter,HOU,26056,53.2,91.78025477707007,88.22914623038116,,,91.50882735906863,79.52951033128416,,,,80.88120674286913,,
436,Matt Garza,MIL,3340,112.0,92.02902057926829,,,,91.50373588395638,82.40437788018433,73.86122349330357,,,84.14678899082568,,
437,Austin Pruitt,2 Tms,15290,68.0,91.44074099909061,,,,91.4036376953125,87.48945827301318,81.38531323412916,,,85.73840938340749,,
438,Scott Feldman,CIN,6283,111.1,89.13878973599138,88.27237654320987,,,89.43447037701975,,75.5130724009901,,,81.72435897435898,,
439,Jorge López,2 Tms,14527,263.0,94.48521822769538,,,,94.2941653073489,87.06068830818965,,81.45634821611384,,87.90156364440918,,
440,Josh Lindblom,MIL,7882,43.1,90.08371064157197,85.67650875629195,83.36543330439815,,,75.86183504293894,71.04788594850352,,,84.10289996603261,,
441,Jonathan Cannon,CHW,31730,197.2,93.84428622870742,89.7377530957162,,,93.07467127475991,81.77897350993378,,,,85.56067588325652,,
442,Tyson Ross,4 Tms,7872,210.2,90.6556005859375,89.14947970708211,,,90.87898011536927,84.41008239233193,,,,86.45000143612133,,
443,Kendall Graveman,2 Tms,15514,148.1,93.46914737782579,90.14323802274816,,,93.40319489997556,79.97167686506504,79.15555826822917,,,86.35416744916867,,
444,Quinn Mathews,STL,33851,44.1,93.43388286389802,,,,92.77646771599265,84.7877094972067,75.71143043154763,,,83.00384615384615,,
445,Randall Delgado,ARI,5985,25.0,93.90053607047872,,,,92.963994140625,85.01369863013699,78.57000122070312,,,86.43778211805555,,
446,Andrew Triggs,2 Tms,13533,110.2,88.89242206920277,,,,89.0215196054193,82.77480962622256,75.64072331907522,,,82.78688224417265,,
447,Aaron Ashby,MIL,23550,112.2,95.51525568557997,,,,95.64326832573941,83.48917659360971,79.714644300389,,,88.98212134759157,,
448,Alex Faedo,DET,19874,120.2,92.85242709696122,,,,93.33333333333333,83.59999974402031,,,,86.42872023004973,,
449,Chad Bettis,COL,10587,168.2,90.23740970387178,85.91138480913521,,,90.42100819820115,,75.20219425567208,,,85.71232876712328,,
450,JC Ramírez,LAA,8302,149.0,94.44609451293945,,,,95.51325483967487,87.9143047004346,78.79189700356012,,,83.9000015258789,,
451,Joan Adon,WSN,22925,120.2,94.85884881377817,,,,94.40585166529605,86.00999837239583,80.16357529663355,,,87.77659548495679,,
452,Brendan McKay,TBR,20186,46.2,93.60872672872341,89.05855855855856,,,,,81.64513620022124,,,86.32856968470982,,
453,Wily Peralta,2 Tms,7738,134.1,94.616088690274,,81.31787825429906,,94.51139427417736,83.22210817920919,78.28620858028017,,,84.69565217391305,,
454,Tanner Gordon,COL,27669,161.2,92.28209708567415,89.36563110351562,,,93.04999923706055,85.30015463485834,81.2959990234375,,,83.77632060530239,,
455,Zac Thornton,NYM,33891,79.1,92.28079728890728,88.49397474315069,,,92.25520833333333,81.56954882136678,82.91127035651408,,,84.45489621629902,,
456,Jordan Yamamoto,2 Tms,17585,91.1,91.40438279434346,86.03578742292015,,,90.10294297162224,78.78721859580592,74.62836985033611,,,83.14999850042935,,
457,Hunter Wood,TBR,15091,17.0,93.97719212582237,,,,,87.20945945945945,74.94473427220395,,,86.55151737097538,,
458,Roki Sasaki,LAD,35323,153.2,97.35746568971096,,88.86226373888184,85.40754594143081,,85.7495413933011,,,,,,
459,Nick Margevicius,2 Tms,20395,97.0,88.95645240045363,,,,,81.3617618336397,70.72176106770833,,,80.38249918619792,,
460,Jesse Chavez,3 Tms,5448,153.2,91.11726705420831,88.69680076421693,,,91.1831726428388,84.24179634590267,76.12000117710659,,,85.08625386281797,,
461,Jonathan Loáisiga,NYY,19753,38.1,96.15958448024611,,,,96.33199615478516,,84.11504208725111,,,88.76990338668082,,
462,Eddie Butler,CHC,13453,51.1,93.2112043203552,90.67906863190407,,,93.07201646090535,,81.16103228400735,,,87.04819277108433,,
463,Mason Miller,OAK,31757,24.1,98.39711934156378,94.15357026599702,,,,85.93163066007654,,,,90.02777777777777,,
464,Buck Farmer,2 Tms,14814,54.1,92.3159106546197,,,,90.46692759596456,80.58409257368608,73.58333333333333,,,85.27245508982035,,
465,Lake Bachar,2 Tms,19222,25.1,94.14250030517579,,84.52727023037997,,92.72222561306424,88.29000325520833,86.48052924502213,,,,,
466,Fernando Romero,MIN,15885,55.2,95.45368865352349,,,,95.2508038585209,86.72826839398734,,,,90.13097172289822,,
467,David Sandlin,CHW,31743,25.2,96.67663003796729,91.29302552688954,,,95.4269268329327,86.37045565518466,83.04999889026989,,,91.087998046875,,
468,Roenis Elías,SEA,12673,15.1,94.60309278350516,,,,94.21785191127232,,78.38153545673077,,,87.25964569627193,,
469,Diego Castillo,TBR,17496,24.1,99.38571457635788,,,,98.75743309227195,89.8965989716199,,,,,,
470,Edinson Volquez,2 Tms,3990,101.2,93.5687540769577,,,,93.00389105058366,,,80.95892354534932,,83.50022037472345,,
471,Alec Marsh,KCR,27451,163.1,94.21299762070566,,,,93.56760852741745,86.51366277659162,82.31662927868625,,,86.54258897569444,,
472,Ricky Nolasco,LAA,3830,181.0,91.003367003367,,80.89328835227273,,90.82296892419176,81.0061721530249,,73.58397076437282,,,,
473,Jonah Tong,NYM,32157,34.1,94.97234161284194,90.1241966985887,,,,87.06000366210938,77.90416632758246,,,86.39938710218559,,
474,Junior Guerra,2 Tms,5702,200.0,92.59906777568247,,85.46435367913894,,92.92015291766663,82.62784810126583,81.30999959309896,,,,,
475,Brady Basso,OAK,25582,37.0,92.07180215804303,88.36470630122166,,,92.10357121058873,82.91071428571429,76.90370602077908,,,86.496826171875,,
476,Odrisamer Despaigne,3 Tms,16017,75.2,92.57354948747462,85.80057258279915,,,92.59745294744319,81.48333427233574,73.84788835552376,,66.0999984741211,79.51428658621651,,
477,Drew Anderson,3 Tms,15130,58.2,94.43150207519531,,,,93.06562805175781,86.02790584120639,79.25297208218961,,,89.05465272415516,,
478,Devin Smeltzer,2 Tms,19487,101.2,89.20134448862575,84.6719970703125,,,88.5699951171875,78.00714401971726,75.73006081882912,,,82.26699784001693,,
479,Glenn Otto Jr.,TEX,21366,159.0,92.26730404887603,,,,92.07917760630123,81.03333105342088,,81.13597664000496,,88.07717630137567,,
480,Matt Cain,SFG,4732,119.1,89.32952987938596,,,,88.97380746221663,82.94759427584134,74.4038981866399,,,82.9322429906542,,
481,Mick Abel,2 Tms,27756,51.0,95.74737969180441,,,,95.10705781824448,86.3401312577097,82.12631493283992,,,88.1221037212171,,
482,Nate Karns,2 Tms,12638,48.2,92.74504240568693,,,,93.08333333333333,,,83.57936090761233,,85.99999450133727,,
483,Michael Kopech,CHW,17282,274.1,95.0851261515913,,,,,84.51841878852129,79.32818863239694,,,88.36831074781378,,
484,Drey Jameson,ARI,26260,33.0,96.3170791253811,,,,94.74043715846994,85.08951691658267,77.14737099095395,,,87.58723092586436,,
485,Carlos Hernández,KCR,22713,103.1,96.50987048366324,,85.57323293974905,,95.83999786376953,85.33231192867773,,81.38709883256392,,,,
486,Connor Overton,2 Tms,18376,42.1,91.36410506810897,88.86060680042614,,,90.77777777777777,81.40413796690089,78.48571341378349,,,84.88188017774749,,
487,Parker Bridwell,LAA,11502,119.0,92.43194110576923,89.59570828680158,,,91.693851211696,,79.4911346858228,,,84.33313135353916,,
488,Ryan Merritt,CLE,13688,19.2,86.84754418545081,85.18318756913717,,,,,71.96666463216145,,,81.57662844967533,,
489,John Lackey,CHC,1507,169.2,91.01054434551341,82.48350515463918,,,90.70599888392857,,77.50392061121323,,,83.4710922241211,,
490,Kade Anderson,SEA,37238,32.1,93.43435496794872,,,,92.97142682756696,87.81538795405983,81.87631707442434,,,84.5379287895115,,
491,Félix Hernández,SEA,4772,308.1,90.19377726669195,84.72856794084821,,,89.53953281772576,83.72324159021407,79.19658141791696,,,85.3425930966899,,
492,Beau Brieske,DET,26079,101.2,94.68529997399105,,,,94.50182770519721,86.14073157962694,78.10816426179846,,,83.40710540938247,,
493,Shaun Anderson,2 Tms,19453,88.0,92.27160819751795,,,,92.31470384784774,85.9804088145763,77.63023482921511,,,85.84015421229084,,
494,River Ryan,2 Tms,29514,23.1,96.28837360707364,93.61428397042411,,,94.60285993303572,89.83239703111245,83.06154045691856,,,89.65151700106534,,
495,Adbert Alzolay,CHC,17859,130.0,93.95565238620924,89.972001953125,,,93.78230941166517,85.70751875207779,80.593603515625,,,85.2084726452154,,
496,Sawyer Gipson-Long,DET,26048,33.0,93.10758688038793,87.29999856387867,,,91.76960784313725,82.35697206439394,,,,85.18628914125505,,
497,Fernando Cruz,CIN,7048,12.1,94.67536019587862,87.39545510031961,81.49302212027617,,,,,,,,,
498,Brian Johnson,BOS,14272,110.2,88.19660460021906,,,,88.06250381469727,78.37946940104166,74.31911642699114,,,80.60769301194411,,
499,Tanner Banks,2 Tms,16990,17.0,92.97567446596987,,,,91.9789480912058,86.70260805876359,81.62380763462612,,,86.148274125724,,
500,Spencer Miles,TOR,31621,22.0,96.21749877929688,,,,96.08360201719577,87.05272549715909,80.64415711241882,,,86.80000305175781,,
501,Josh Fleming,2 Tms,20418,115.0,90.93333282470704,85.93946243080858,,,90.74213905291946,,77.78071419852121,,,82.03848506627457,,
502,Sam Long,2 Tms,25379,35.2,93.31935431367607,,,,92.32857404436383,86.38234935087316,75.48771045194658,,,81.98345464253597,,
503,Tomoyuki Sugano,2 Tms,35321,304.2,92.6537688442211,88.54411179152021,87.13797407989227,,92.69194116800921,84.07924605883814,78.91855203619909,,,,,
504,Max Kranick,PIT,22175,38.2,94.1697247706422,,,,,87.88604651162791,79.51097441882622,,,87.427998046875,,
505,Touki Toussaint,4 Tms,16929,179.2,93.6017514368531,,86.64314286477394,,92.75949459172747,86.06323601217831,75.97668176488492,,,,,
506,Tyler Holton,DET,26231,30.0,91.93382263183594,87.51517745426723,,,91.33577399525215,80.49276990775603,79.97500419616699,,,83.96229578237065,,
507,Scott Alexander,2 Tms,10591,12.1,94.0999984741211,,,,92.5244614854991,82.56785637991769,,,,86.28333197699652,,
508,Chad Green,NYY,15552,21.1,96.64601625875737,89.83333333333333,90.30000523158482,,,87.64756216653963,,,,,,
509,Michael Grove,LAD,23221,83.1,94.48320895522389,89.6084322642131,,,94.9760009765625,85.51642848628228,,78.70753489455132,,87.75,,
510,Pedro Avila,SDP,18864,35.0,93.7614028662966,,,,93.28548259119833,80.56875228881836,76.30262997275905,,,83.21685379542662,,
511,Anthony Molina,2 Tms,26952,31.1,95.96911526830961,91.4000015258789,,,95.19999694824219,88.01764544318704,84.16235423368566,,,86.6687502179827,,
512,Jack Dreyer,LAD,30249,10.1,93.46285574776786,,,,,88.69393920898438,79.1695676057235,,,,,
513,Davis Daniel,2 Tms,27582,39.1,91.02151396780303,,84.18529555376838,,,81.35421863234187,74.32307942708333,,,84.6125018780048,,
514,Nabil Crismatt,2 Tms,17732,29.0,89.30435136435689,89.37999877929687,,,89.0731194608955,81.8,73.58823260139016,,,81.42774303805443,,
515,Jackson Kent,WSN,35462,32.1,93.08412905092592,,,,92.92195241044207,86.55964740953948,79.16315789473684,,,85.4423984375,,
516,Josh Winder,MIN,24606,53.0,94.06037314690028,,,,,84.30249720982142,81.05263157894737,,,89.08879141971983,,
517,Brennan Bernardino,2 Tms,16835,17.1,89.9000015258789,86.42142813546317,,,90.89754481403374,83.91428484235492,78.13962310215213,,,81.2249984741211,,
518,Hurston Waldrep,ATL,33527,66.1,95.71466471354167,92.83235198376225,86.38702338564713,,95.37426994842232,86.75827814569537,82.23566028683685,,,,,
519,Austin Bibens-Dirkx,TEX,9559,68.1,89.91507019927536,,,,89.5266673900463,86.30712063029661,79.80472709037163,,,83.89105417351973,,
520,Jason Alexander,2 Tms,19666,136.1,91.96172248803828,87.04444715711806,,,91.62461603112284,79.83274399303369,,,,80.49445333463774,,
521,Jake Woodford,3 Tms,18674,110.1,92.01055570822864,88.82013829549153,,,91.47415726009986,81.47901540752142,75.83717933067909,,,85.36347961425781,,
522,DL Hall,2 Tms,22207,45.2,93.43870001324153,91.88333129882812,,,94.07619222005208,84.9349593495935,79.6404549402135,,,84.65058845071232,,
523,Luis Cessa,2 Tms,13345,108.2,93.94734969991723,,,,92.74162795943052,83.14206200645224,81.22558025981105,,,86.77888213921779,,
524,Kendry Rojas,MIN,29423,12.1,96.0431795987216,,,,94.8030303030303,89.02678571428571,,,,89.1727294921875,,
525,Zack Thompson,STL,25918,60.2,92.78862250029151,,,83.69534656613372,,84.98638314260563,74.73080444335938,62.70000076293945,,86.3948724208734,,
526,Heath Fillmyer,KCR,17466,83.0,92.41623642592944,,,,91.53235222311581,83.8946589676935,79.12133937928735,,,85.31578713741028,,
527,Paolo Espino,3 Tms,8246,185.2,88.63699200688576,,,,87.76153447077824,77.77326143704929,71.23789554494415,,,83.35976892230154,,
528,Dillon Peters,3 Tms,18790,149.0,91.02469077839358,,,,91.2520595650548,82.61052503083882,76.80114423017815,,,83.93085821242559,,
529,Mitch Bratt,ARI,30003,44.0,90.96449704142012,,,,90.82982113486842,86.56461087740385,79.22051282051282,,,84.71830985915493,,
530,Sam Gaviglio,3 Tms,12778,189.2,88.55,,,,88.18144237987988,82.99767798639112,78.56423011192909,,,83.16066066066067,,
531,Sam Hentges,CLE,18548,41.0,94.11890900440706,,,,92.8539177389706,85.75371651785714,79.89717403778249,,,88.38333129882812,,
532,Kyle Cody,TEX,19686,18.1,93.96489569481383,,,,94.15833333333333,83.00892857142857,,,,85.90714518229167,,
533,Vladimir Gutierrez,CIN,19278,149.0,93.10707962563184,,,,92.90000406901042,83.06890980113636,77.78505093443627,,,81.87791171395706,,
534,Jackson Jobe,DET,30203,89.2,96.98923002413618,93.72499593098958,,,95.57966886021784,89.15827398667801,83.58394160583941,81.13809058779762,,85.6082573286984,,
535,Francis Martes,HOU,17303,17.2,95.31445900790662,,,,92.80000305175781,,84.70578835227273,,,89.41110568576389,,
536,Yoendrys Gómez,CHW,22872,45.0,94.05493059281116,90.52678571428571,,,93.29408182123656,83.23719169679752,81.4289990234375,,,89.31781089469177,,
537,Casey Legumina,2 Tms,25921,11.1,93.00967702557963,,,,92.73636349764737,83.05744447099401,,,,87.08571079799107,,
538,Alec Asher,BAL,13560,29.2,89.58584537146227,87.44000150240385,,,90.61452120072614,,79.23000217013889,,,82.18889024522569,,
539,Alex Young,2 Tms,18333,116.0,90.33422966771478,85.33933935794734,,,89.34536967877821,,81.66408184212698,,,84.83110097492711,,
540,Derek Holland,5 Tms,4141,361.0,91.31020991007487,,,,91.41234777301638,80.88277703823324,,78.50928617204939,,83.16598582830954,,
541,Anthony Banda,4 Tms,14706,27.1,93.96704867425093,94.19999694824219,,,95.15217391304348,85.96000061035156,80.35964912280701,,,85.79535125022711,,
542,Yovani Gallardo,2 Tms,8173,206.2,92.03613886736049,,,,91.86760925449872,89.12378979754705,80.28392857142858,,,86.175,,
543,Eli Morgan,CLE,20203,92.1,90.48141483724861,86.57692307692308,,,,85.26158236058926,76.24814817640517,,,74.88958558582124,,
544,Taylor Hearn,TEX,18325,110.1,94.34427070617676,88.79999981504498,,,93.65936977265815,84.1585508647718,,,,87.4517094538762,,
545,Ryan Walker,SFG,20423,21.1,,,,,95.14020215850516,83.57549121333103,72.69999694824219,,,,,
546,Jarred Cosart,SDP,10304,23.1,92.92778184678819,92.14999389648438,,,92.4454887748195,79.85510004783163,,76.80925383391204,,81.59999642721037,,
547,Chris Rodriguez,LAA,22310,10.0,94.26000366210937,,,,94.30947779605263,89.79999457465277,84.12691556490384,,,89.14000244140625,,
548,Kai-Wei Teng,2 Tms,24282,68.2,92.9658724731083,,,,92.92888726128473,84.31925708462732,82.66944376627605,,,87.06640434265137,,
549,John Brebbia,SFG,12777,22.2,94.4426835222942,,,,,83.65376933495602,,,,,,
550,Elieser Hernández,2 Tms,16933,229.2,90.84462805600901,84.4433349609375,,,91.20934602256133,79.28981158481014,,,,83.49558751723346,,
551,Aaron Wilkerson,MIL,16904,14.1,89.19322282176907,,,,,82.73783915751689,74.570732302782,,,83.0199981689453,,
552,Chi Chi González,4 Tms,14663,178.1,92.10060761007445,87.16550982439959,,,91.37707783138237,84.95675482436957,80.96034451188713,,,85.43024120216599,,
553,Bowden Francis,TOR,20548,141.0,92.58319185059423,,82.88801410769628,,90.69384577824519,81.92256360176282,73.5841300843254,,,,,
554,AJ Smith-Shawver,ATL,29960,92.2,95.36763951632958,89.0,83.05025578997461,,94.886669921875,85.08219178082192,76.75714169456845,,,86.05428292410714,,
555,Lucas Sims,2 Tms,13470,68.0,91.94432538006757,,,,92.06516634480337,86.1442620949667,78.49753694581281,,,83.91631517342641,,
556,Brant Hurter,DET,30133,12.0,92.06111314561632,,,,92.5,82.89661058328919,,,,86.09524390811012,,
557,Hayden Birdsong,SFG,31635,114.1,95.57543130687563,,,,,87.53895127420273,80.6275,,,88.21412990404212,,
558,Adam Plutko,2 Tms,15846,189.2,91.0762439814836,86.1585015459023,,,,81.9426280169848,76.66385365681477,,,84.20705409137749,,
559,Tatsuya Imai,HOU,37124,58.2,94.87133987550813,,84.66904994419643,,94.5,86.69558991122841,77.61666361490886,,,86.67930866109914,,
560,Sean Reid-Foley,TOR,17034,58.0,93.13791440217392,,,,93.6109390258789,83.68444320436508,81.29375076293945,,,85.39032310567876,,
561,Liam Hendriks,OAK,3548,10.2,95.97651996034564,,,,95.55909312855114,88.69655004040948,84.54000549316406,,,87.54000244140624,,
562,Jeff Locke,MIA,2929,32.0,90.89295637103874,,,,90.73367745535714,,,77.92143156090562,,80.54233434078468,,
563,Tanner Anderson,OAK,18029,22.1,92.18703884548611,88.77143205915179,,,92.57723577235772,84.9342105263158,,,,87.49230644030449,,
564,Robert Gsellman,NYM,13696,127.0,93.12031173706055,,,,92.71097966527411,88.76302288493522,80.17886191267309,,,85.38440711345147,,
565,Tyler Gilbert,2 Tms,17964,75.0,89.59024463436468,86.3710471240343,81.2575229881084,,89.62823980825918,81.08636197176847,,75.92526212993421,,,,
566,Jared Shuster,2 Tms,27472,64.0,91.65462598086454,,,,92.23500213623046,85.15910462336754,,,,82.7830704816683,,
567,Chris Mazza,BOS,14151,23.1,92.23382209329044,88.45908794981061,,,91.78659592461341,82.12336631133178,,,,84.77333170572916,,
568,Aríel Miranda,SEA,17526,163.0,92.00675782494821,,83.64495796069764,,,80.63101922039444,78.3499984741211,,,,,
569,Tyler Phillips,2 Tms,20629,121.1,94.44358890892094,,86.62120007865036,,94.79864218068677,83.78493025832167,82.74984247116815,,,85.69189453125,,
570,Aaron Brooks,2 Tms,12272,103.2,91.79590842280163,,,,91.50769355969551,85.30478315418564,,78.43333354749177,,84.5213880750868,,
571,Robert Stock,2 Tms,6576,39.0,95.95635262182203,90.43787792475537,,,94.14553163109755,81.2431807084517,77.7999979654948,79.5111083984375,,81.55223789499767,,
572,Richard Fitts,BOS,30160,61.2,95.38109501321517,,88.67647058823529,,94.80181995738636,86.41281603329146,82.9575329088185,,,89.4769287109375,,
573,Mike Baumann,BAL,20206,18.1,95.50360712274775,,,,95.5999984741211,91.87550821109694,,84.38813393802967,,88.57599609375,,
574,Jayson Aquino,BAL,13150,11.1,88.4749988374256,84.69210012335526,,,88.80000305175781,,77.03529268152573,,,80.75,,
575,Blade Tidwell,2 Tms,31701,52.0,94.99153380751221,89.5,,,93.19884195493135,83.9304937006353,83.40810414907095,,,83.31521871815558,,
576,Tejay Antone,CIN,16233,18.1,95.35565674979732,,,,95.59166802300348,83.10256566756811,79.78653834416316,,,87.04615196814903,,
577,Casey Kelly,SFG,9174,15.1,91.16219274009147,,,,91.0375,86.2642822265625,81.34286063058036,,,86.13461538461539,,
578,Konnor Pilkington,CLE,21453,51.0,92.11726762820513,,,,,82.18437194824219,77.04109589041096,,,84.3861206638756,,
579,A.J. Griffin,TEX,11132,72.0,87.31835026244168,82.56944444444444,,,86.57999674479167,,66.13844086021506,,,80.11824960082117,,
580,Matt Andriese,3 Tms,12022,98.0,91.99016174983457,85.56667073567708,,,89.82856968470982,86.3806187829306,80.94086327774977,,,85.97891873032299,,
581,Matt Wilkinson,SFG,33760,19.2,90.27541790328212,83.55,,,,79.195556640625,,,,83.7,,
582,Angel Zerpa,KCR,22717,28.2,94.38407996637905,88.5,,,95.04000103290264,85.23448339001885,,,,87.14605231034129,,
583,Jefry Rodriguez,2 Tms,17018,86.1,94.72846167632257,,,,94.10591961011826,,80.89296187683284,,,88.53221278862665,,
584,Jackson Rutledge,WSN,26215,24.2,95.78862392402695,88.04444715711806,85.625,,94.90238444010417,84.6418344925861,80.20999755859376,,,89.0068192915483,,
585,Charlie Barnes,MIN,19865,33.1,,,,,89.71946564885496,81.69499860491071,73.37857491629464,,,79.23508886147661,,
586,Noah Schultz,CHW,32056,60.1,95.19242561005976,89.78185495022124,,,95.06753055811808,82.67244798309949,81.87857491629464,,,89.1574074074074,,
587,Yilber Díaz,ARI,29271,20.0,95.89528795811518,,,,,83.35678891782408,,78.24791971842448,,,,
588,Valente Bellozo,MIA,23899,93.2,89.57677536867978,83.5090918196387,80.37083435058594,,,78.07849514868951,74.2840478815184,,,81.22157689144737,,
589,Coleman Crow,MIL,27926,16.2,91.3094321196934,87.43265704719387,,,91.44772616299716,79.09565535835598,74.10172245420259,,,,,
590,Erik Miller,2 Tms,26252,11.2,96.957998046875,,,,96.90999755859374,83.90000221946023,,,,85.65555555555555,,
591,Cody Reed,CIN,15232,33.1,92.71085044210271,,,,92.29605263157895,86.4032228531376,,,,87.08875007629395,,
592,Chris Ellis,BAL,16125,29.2,93.59629790380659,,,,,85.99119251179245,81.24259101019965,,,87.00850985912567,,
593,Jordan Wicks,CHC,30094,83.2,92.39496188693576,88.77101909250453,,,91.53717927851228,84.03652025305706,78.43142903645834,,,81.8719130693856,,
594,Caleb Kilian,CHC,26213,19.2,94.12748240696565,88.0056072484667,,,93.69181795987215,80.85000101725261,,77.78292846679688,,87.375,,
595,Peyton Battenfield,CLE,25777,32.2,90.81151893721199,87.22592954282408,,,,,79.66363636363636,,,84.67222086588542,,
596,Artie Lewicki,DET,16731,18.1,91.63167519895187,,,,,85.8630153708262,77.04117838541667,,,85.4500020345052,,
597,Chase Dollander,COL,33482,111.2,97.9772335060421,89.68333152488425,,,97.24675536052489,86.2609781404821,79.21407114920305,,,89.29867614341887,,
598,Cody Poteet,2 Tms,18769,59.1,93.58737214078609,,,,92.84777289496527,84.05260313177385,78.74521802819294,,,86.9590706758721,,
599,PJ Poulin,WSN,23394,15.0,90.00380117681962,,,,88.93064831149194,79.16000366210938,,,,80.5,,
600,Andrew Kittredge,TBR,12828,25.2,93.98173522949219,,,,94.8607184273856,86.53812100742404,,,,86.47999877929688,,
601,Reiver Sanmartin,CIN,19754,23.0,89.43167930074257,,,,89.13867648142688,80.64831405811096,,,,83.91417910447761,,
602,Humberto Castellanos,ARI,21183,75.1,90.06647398843931,,,,90.49812463407494,86.43640672114857,76.47803691789215,,,84.17625899280576,,
603,Eric Skoglund,KCR,16155,98.0,90.9600338152985,,,,90.9426433915212,85.64390005716463,80.3972509765625,,,85.07819731653584,,
604,AJ Blubaugh,HOU,31764,11.0,93.92212562223452,87.1500015258789,,,,81.98695439877717,78.3250020345052,,,85.32413456357759,,
605,Luis Morales,ATH,32227,54.0,97.21188242440604,,,,96.28235581341912,83.12660099909856,,,,89.78455086064533,,
606,Tyler Pill,NYM,12751,16.1,89.97674418604652,,,,88.81490714089912,82.90461237980769,75.54515814012096,,,79.90444878472222,,
607,Tyler Beede,2 Tms,16981,135.1,94.17656836775751,,,,94.21296296296296,86.73469014070471,79.88525138562407,,,83.70228700380068,,
608,Jalen Beeks,3 Tms,17192,47.1,93.65396208810334,86.71147631035477,,,,82.2000020345052,74.8955223880597,,,89.12033898305084,,
609,Joey Estes,OAK,26257,146.1,92.37071061842512,86.9186046511628,,,90.63718042618189,79.68727345652394,,,,84.92059577627575,,
610,Austin Cox,2 Tms,24604,10.2,91.0194691345755,86.92143031529018,82.30000305175781,,,84.59230863131009,77.86190650576637,,,82.73684210526316,,
611,Edwin Jackson,4 Tms,1841,218.1,93.33581274541885,91.35590183423913,,,93.22507775764106,86.34631056682747,78.67684133429276,,,87.1978082587249,,
612,José De León,3 Tms,15463,18.0,92.77975669814033,89.5,,,,79.98367044877033,74.59166463216145,,,84.07758515456626,,
613,César Valdez,2 Tms,9013,15.1,88.72040666852679,,,,87.83157830489309,81.24285670689174,,,,82.30826688403926,,
614,Shelby Miller,3 Tms,10197,67.1,94.19536017818727,88.93788819875776,84.82499694824219,,95.00057387077945,81.53333536783855,79.2163576033922,,,86.82000325520833,,
615,David Paulino,HOU,17418,29.0,92.67231082128099,,,,,81.95333658854166,76.0431795987216,,,82.13117009943181,,
616,Chris O'Grady,MIA,13818,26.1,87.43783783783783,82.37961534633757,,,89.0,,74.75128330328526,,,78.41538461538461,,
617,Kohl Stewart,2 Tms,15502,41.0,92.993896484375,88.16999782986112,,,91.58104830473856,85.20224719101124,77.8189851785008,,,86.85531811003989,,
618,Aaron Slegers,2 Tms,15231,26.0,90.75210084033614,,,,90.24117862477021,83.65208435058594,,,,84.47272792006984,,
619,Keaton Winn,SFG,23499,80.2,95.73115325642523,,88.77640742041199,,94.95746871464932,87.64485078699448,,,,,,
620,Riley Smith,ARI,19826,25.0,92.4749984741211,82.85,,,92.50765413851352,81.61738918138587,78.9875,,,86.4329268292683,,
621,Ryan Johnson,LAA,35325,90.0,,89.72837705869932,84.67046274038462,,92.48326847671103,81.00821917808219,,,,,,
622,Kenny Rosenberg,LAA,20009,24.0,90.51797451062149,83.58285696847098,,,,79.08214024135044,76.17499669392903,,,80.37037037037037,,
623,George Klassen,LAA,33464,27.0,96.39358079879679,,,,96.63555772569444,90.73765980113636,85.18570963541667,,,87.04404994419643,,
624,Tristan Beck,SFG,21584,19.0,94.356802734375,,,,,84.86475048476844,79.55128048627805,,,,,
625,Mitch Farris,LAA,33628,24.1,90.29752281868812,,,,,81.54736842105264,,,,77.62407769097223,,
626,Sean Nolin,WSN,11341,17.2,90.55643136160714,82.98356565710617,,,88.96666463216145,80.5,73.85499877929688,58.75,,79.8092628761574,,
627,Luinder Avila,KCR,24452,51.2,96.04609680175781,,,,96.266010993083,87.89408497143818,82.87124055351308,,,89.38316200657894,,
628,Jimmy Lambert,CHW,19541,19.1,93.41802162347838,,,,,82.47361119588216,,75.67692213792067,,84.82876712328768,,
629,Landon Knack,LAD,27487,88.1,93.22580249738493,,,,,85.12033365885416,79.65939996475564,79.99876422646605,,84.37912655197812,,
630,Allan Winans,2 Tms,21238,44.1,89.9789813582305,,,,89.57717630137567,78.84152489377742,75.9000015258789,,,82.84185011271339,,
631,A.J. Alexy,TEX,22343,19.1,93.20881233808291,,,,,80.78036063058036,76.3160009765625,,,85.84242572206439,,
632,Tommy Henry,ARI,26285,166.2,90.91966270733413,,,,90.42410891396659,84.18455311017954,79.19563414558532,,,84.036865234375,,
633,Daniel Castano,MIA,19805,72.1,90.27625122070313,86.40277777777777,,,88.45137569882453,80.28746526512391,,,,82.06878306878306,,
634,Dylan Covey,2 Tms,14825,218.0,93.13938107110758,91.01160757882255,85.10361445783133,,93.79429004078686,86.61895264889534,80.47162588240359,,,83.75946189261772,,
635,Keegan Thompson,CHC,19795,94.2,93.15823032041139,89.52111909589695,,,92.63626467526613,83.81971418353874,81.14862323835784,,,86.13000106811523,,
636,Craig Stammen,SDP,7274,11.0,,89.75517115099677,,,92.56080078125,82.71666463216145,,81.58332824707031,,87.30000305175781,,
637,Kyle Muller,2 Tms,20167,108.0,93.33019980860612,,,,92.9749984741211,86.7008600809488,80.71744200240734,,,87.70448052705224,,
638,Elmer Rodríguez,NYY,31811,26.2,95.42659158909575,84.0,,,95.76506209061135,80.35806766633064,78.20416937934027,,,87.95127829527243,,
639,Darius Vines,ATL,25928,21.2,90.35416666666667,84.61410131209936,,,,80.97142973400298,77.88888888888889,,,81.32755201690051,,
640,Josh James,HOU,16794,22.1,96.39169806077075,,,,,85.46528201633029,81.3818192915483,,,88.25694719950359,,
641,Zac Lowther,BAL,20243,23.2,90.32648401826484,,,,,81.01551555765086,75.22530355798193,,,83.13242979307432,,
642,Colton Gordon,HOU,31312,73.2,91.17151369054733,,,,91.51904587518601,80.67862590699208,75.67293370755992,,,84.12417904361264,,
643,Tim Adleman,CIN,10968,105.1,89.90488690179461,,,,89.96904645647321,,74.02195925245098,,,84.10730117626404,,
644,Jesse Scholtens,2 Tms,19205,64.0,92.84922232278963,,83.97058823529412,,91.56615084134616,85.17363135494404,74.12823414522059,,,85.48571428571428,,
645,Hogan Harris,OAK,21520,75.2,92.61239650106837,90.29684416118421,,,,78.57230881911057,72.78705141355665,,,80.35219279133466,,
646,Miguel Díaz,2 Tms,18815,15.2,95.37410845075335,,,,95.7022705078125,82.54339484448703,,,,87.59661244537871,,
647,Mike Mayers,2 Tms,15451,28.0,93.79193443380376,88.84166378445096,,,91.64582920074463,84.71315725226151,76.43461491511418,,,86.76579083894428,,
648,Cesar Perdomo,SFG,30334,15.1,93.03271028037383,,,,,85.98431755514706,,,,86.83048899580793,,
649,Connor Phillips,CIN,27649,20.2,96.39667887707469,,,,,84.37937942976804,82.18947239925987,,,91.2,,
650,Andrew Albers,2 Tms,7853,43.2,88.30336216517857,,,,87.63380991436833,78.21931236530172,69.08947325589364,,,79.50919596354167,,
651,Tony Santillan,CIN,19926,17.2,94.70115635160766,,,,,84.37285043072227,,,,88.33571079799107,,
652,Caleb Ferguson,2 Tms,19349,25.1,93.86676695509551,87.11363636363636,,,92.5999984741211,80.02857317243304,75.4138446514423,,,85.73333740234375,,
653,Cody Morris,CLE,25388,20.2,94.66751467953821,88.16636995298673,,,,,79.54583231608073,,,81.71228241502193,,
654,Matt Peacock,ARI,20339,34.0,,,,,93.12414903215223,86.93225491431451,,,,86.6807068941886,,
655,Andre Jackson,PIT,21298,27.0,94.59398509837963,,,,,86.96913580246914,81.33958435058594,,,86.80336626838235,,
656,Hector Velázquez,BOS,19341,66.2,91.35863203968076,,,,90.28608148748225,83.05786876388008,76.10500068664551,,,85.31535562236657,,
657,Adam Conley,MIA,14457,100.2,89.66639254385964,,,,,84.44281089469177,,,,82.60536400828076,,
658,Hyeon-Jong Yang,TEX,27513,15.0,89.37826086956522,,,,,79.72622630635246,71.34166463216145,,,80.6939012480945,,
659,Chase Silseth,LAA,30074,73.2,94.93742124495968,89.3090917413885,86.58241598195043,,94.29936461236066,81.88175800335912,78.97555609809028,,,,,
660,Andrew Sears,DET,33664,10.2,94.11612693212365,,,,92.9499981219952,82.33448107489224,,,,87.73999837239583,,
661,Mike Bolsinger,TOR,11137,25.2,89.87857491629464,88.39469939983444,,,,80.65999849759615,79.85270402238176,,,82.68571544828869,,
662,Jake Thompson,PHI,14371,41.1,90.97008547008546,,,,91.23316062176166,82.8412109375,,,,85.87885861280488,,
663,Jose Cabrera,ARI,30412,22.0,93.58604537609011,89.66419511959876,,,92.95128455528847,83.41551892510776,86.0999988374256,,,86.50232785247093,,
664,Max Castillo,2 Tms,21956,26.0,92.58538901969177,,,,,83.30520629882812,,,,87.13999720982143,,
665,Adrian Morejon,SDP,20039,21.0,96.1111083984375,,,,96.0826071034307,85.43478393554688,79.89411836511948,,,84.73692251352163,,
666,Mason Englert,2 Tms,22288,19.0,92.41093730926514,85.93333082932692,,,91.46326337541852,82.98,74.60227134011008,67.9,,86.01851927203897,,
667,Cody Ponce,2 Tms,17920,22.2,92.90687484741211,88.70454545454545,,,93.12608934485394,85.20238385881696,78.83461468036359,,,85.88285609654018,,
668,Denyi Reyes,2 Tms,20526,14.2,91.40833791097005,86.1826923076923,,,90.575,78.66363710345644,75.73333231608073,,,84.51555582682292,,
669,Chris Rowley,TOR,18820,13.2,88.47999877929688,,,,88.70487169715447,82.42173700747283,78.0999984741211,,,81.21428571428571,,
670,Shawn Dubin,HOU,24977,10.0,95.04624938964844,89.63599853515625,,,,84.37500381469727,81.4519970703125,,,88.43928527832031,,
671,Huascar Brazobán,NYM,6107,11.0,96.89231285682091,90.70769794170673,,,96.19418547874274,,,,,90.7179778024052,,
672,Daulton Jefferies,2 Tms,19345,48.1,92.93119042072821,89.95609860303925,,,92.67872870146338,80.20200103759765,,,,86.36357308697227,,
673,Zach Agnos,COL,31552,10.2,94.64782184103261,92.24053790118244,86.45384803185097,,93.76666937934027,84.2186023800872,,,,,,
674,Corey Oswalt,NYM,13677,63.2,90.88924888692877,,,,89.80829650134575,86.99583307902019,80.48175543707771,,,83.8781597970546,,
675,Chris Volstad,CHW,9901,15.1,91.7923091008113,,,,91.5821165999746,87.18333943684895,81.40754440595519,,,83.8361104329427,,
676,Noah Davis,COL,25862,25.0,90.51249694824219,88.22262137276786,,,93.56395348837209,83.74857003348214,78.4526302939967,,,84.61395689498546,,
677,Justin Nicolino,MIA,11754,32.2,90.58483492943549,87.93207362912736,,,,,76.85531811003989,,,83.02056257301402,,
678,Jared Koenig,2 Tms,27517,31.1,89.08301702535377,91.15416463216145,,,90.20773095199742,82.94857003348214,77.90197995629642,,,83.03174918038505,,
679,Carlos Rodriguez,MIL,30161,12.1,93.181396484375,89.01190476190476,,,93.597998046875,81.76111518012152,76.1239990234375,,,85.67567567567568,,
680,Jimmy Yacabonis,3 Tms,15157,38.1,92.70000110973011,,,,93.35602946540706,82.94375006357829,,,,86.3978726001496,,
681,Kyle Tyler,MIA,22092,29.2,90.61325183546687,90.2635611715587,,,,82.1953125,77.00063043908227,,,86.44285365513393,,
682,Yefry Ramírez,BAL,15655,56.2,92.53080302771507,,,,91.89354828865298,87.47489692975287,83.75384990985577,,,86.11271746134021,,
683,Braden Shipley,ARI,15158,12.1,92.65308521412037,,,,91.98505971623563,87.19999694824219,79.12666829427083,,,84.79767555414244,,
684,Luis Patiño,3 Tms,22815,92.1,95.48177254840621,,,,93.97403893103966,85.41224952476858,77.7621182528409,,,86.56794237908517,,
685,Josh Rogers,2 Tms,18510,61.1,90.18850806451613,,,,89.76315628854852,81.65525437546921,75.96666717529297,,,82.25892639160156,,
686,Yohander Méndez,TEX,14391,21.0,92.39636600378788,,,,90.361669921875,84.05555555555556,78.34117934283088,,,82.77586206896552,,
687,Logan Evans,SEA,33699,78.1,92.86690647482014,87.79253098060344,,,92.83412322274881,84.12805538366337,81.59612705910853,,,87.29936861242139,,
688,Xzavion Curry,3 Tms,25595,68.2,92.23498266869849,,83.89999825613839,,90.06667073567708,85.02095691468418,74.69642775399345,,,87.76829454375476,,
689,Josh Winckowski,BOS,22387,90.2,93.71937637329101,89.08253525646492,,,94.2590796505288,84.73763414608536,,,,90.82819252825797,,
690,Connor Gillispie,MIA,26171,26.0,91.26423500228103,86.74786324786325,,,,81.11726478192446,78.27999877929688,,,87.1027397260274,,
691,Jharel Cotton,OAK,13654,129.0,93.18727556429549,,,,92.73390868295847,88.52731166581108,77.24032363071237,,,77.86594954496788,,
692,Phil Hughes,MIN,7450,54.0,89.76697928950472,86.54661766258445,,,89.15590589628445,,,77.36785514987245,,82.33070721964198,,
693,Jack Kochanowicz,LAA,27688,240.1,95.81010495429747,,,,95.6475175424282,85.82238372912906,84.96075825751582,,,89.81985249238856,,
694,Mason Black,SFG,30171,33.2,92.357998046875,,,,92.54561289290936,83.46140864857456,,,,87.64615572415866,,
695,Braydon Fisher,TOR,24609,12.2,94.43148012514467,93.17500305175781,,,93.69999694824219,87.89462181829637,81.29206194196429,,,,,
696,Carson Spiers,CIN,27685,68.0,92.12341540372825,87.99094995959052,,,91.8502494849969,81.31370533130787,,,,86.32472074701545,,
697,Scott Kazmir,SFG,4897,10.1,92.43511053856383,,,,,87.22069470635776,,,,80.61249651227679,,
698,Drew VerHagen,DET,13424,32.0,93.69666341145833,,,,93.0819919098045,85.02182995433539,78.0909090909091,,,87.83845989520734,,
699,Bryan Garcia,DET,19457,20.1,,,,,92.86666791866988,85.59199869791667,,,,85.51395575944767,,
700,Casey Lawrence,TOR,11121,11.1,90.60545099431818,,,,90.58922776442307,81.42857142857143,76.80999755859375,,,82.15365377286585,,
701,Nick Tropeano,LAA,12385,81.0,90.53333412728658,,82.3902176566746,,89.93235304375656,79.55999755859375,,,,82.12154493806112,,
702,A.J. Cole,WSN,11467,53.1,93.02596206468911,,,,92.37751710876938,84.70707317313763,79.45375581421604,,,86.08360815829919,,
703,Henderson Alvarez,PHI,5669,14.2,91.49811136497641,,,,91.49454900568182,85.46875,79.46363414417614,,56.21666463216146,87.03030303030303,,
704,Drew Rom,STL,24602,33.2,90.62457912457913,,83.64150943396227,,87.44568021797839,79.35471943789308,,,,,,
705,Brett Kennedy,2 Tms,17877,36.2,91.65867168942992,,,,91.85454212535511,82.36841829916588,,,,83.1613603071733,,
706,Bryse Wilson,4 Tms,19990,261.1,93.403044453531,88.43325171435666,83.24520414169521,,92.47962170914217,83.59641542058692,78.54767243511407,,,86.45977301346629,,
707,Thomas Pannone,2 Tms,17281,63.1,88.33270685927673,88.032001953125,,,89.70999755859376,79.8499984741211,71.61800901584715,,,82.11573191439167,,
708,Erasmo Ramírez,3 Tms,10314,158.2,91.68169105780517,87.94962807668126,,,91.05809658569909,82.98754931836721,78.27083333333333,,,83.22932785251719,,
709,Gabriel Ynoa,BAL,12938,84.1,93.28767257063356,,,,93.52379437411473,84.02853467987805,79.93333333333334,,,85.79251049674131,,
710,Enyel De Los Santos,PHI,18403,14.2,93.58400227864583,,,,,82.21052631578948,77.70321950604838,,,86.59743480193309,,
711,Kyle Hart,2 Tms,19646,43.1,90.0709202543218,,85.83478181258492,,91.4304668098096,82.91114722079918,73.05555555555556,,,81.9036376953125,,
712,Jhonathan Díaz,2 Tms,20298,24.1,90.61699951171875,,,,88.44032287597656,80.11018597638166,74.11111111111111,,,81.03788063742898,,
713,Sean Sullivan,COL,33502,22.1,87.63227513227513,82.69516286542338,,,86.61666870117188,75.36944580078125,,,,77.05538611778846,,
714,Garrett Hill,DET,25097,42.2,91.19355912642045,,,,91.34827586206896,82.04135338345864,,76.92317311356707,,81.68721043786337,,
715,Vance Worley,MIA,6435,52.1,89.8065402307243,87.47151850728156,,,89.62935323383084,,,76.49696673768939,,81.86666870117188,,
716,Bryan Mitchell,2 Tms,11479,61.2,94.214111328125,90.52913842611756,,,95.29999694824218,,80.41413282311481,,,87.70175438596492,,
717,Dietrich Enns,3 Tms,13932,14.0,92.25999755859375,84.72333170572917,,,92.80624389648438,,78.2,,,83.6318183667732,,
718,Brandon Bielak,HOU,19866,98.0,92.61084729210805,88.95348837209302,,,92.10000121425576,82.43970743815105,79.53296239416026,,,86.97096665148108,,
719,Jacob Turner,2 Tms,10185,12.1,94.63750147819519,,,,94.62523501387267,86.1739156971807,79.92571498325893,,,87.90000025431316,,
720,Raúl Alcántara,OAK,12790,15.0,95.4045835722477,,,,94.77333333333333,88.5765978224734,83.81428745814732,,,86.46415278596699,,
721,Dario Agrazal,PIT,15821,71.1,90.84822417996453,,,,91.15080511454984,83.01237909226191,,,,85.6453921669408,,
722,Easton Lucas,TOR,26058,19.2,93.72326539294555,92.15833536783855,,,,84.25421216114458,,,,87.04929577464789,,
723,Drew Thorpe,CHW,31967,44.1,90.99137931034483,86.32,,,,81.15263011043233,,,,81.6136703491211,,
724,Rony García,DET,20430,42.0,92.85845494482567,,,,92.37052837171052,86.65,79.95578741776316,,,87.40240552051958,,
725,Thomas Hatch,3 Tms,19264,25.0,94.20166320800782,87.44774895745354,,,93.88933349609376,84.17000122070313,,,,84.81149256914512,,
726,Brock Burke,2 Tms,17968,28.2,92.35689518369477,,,,90.78539438997761,85.72308114858774,80.29151311910377,,,85.31818062918526,,
727,Carson Fulmer,2 Tms,18311,95.2,92.9974988435444,88.40708363850912,,,92.3927724447595,86.26666833600427,81.46705842859605,,,86.83151274555365,,
728,Chad Bell,DET,10297,15.1,93.0999984741211,84.65217391304348,,,92.18980189732143,80.80833435058594,,,,86.31290952620968,,
729,Alex Wells,BAL,19845,37.0,88.41635342963836,,,,,81.0869140625,72.56904916914682,,,83.31460674157303,,
730,Mason Adams,COL,31663,23.0,93.1823984375,88.37895122327302,,,92.27900390625,85.6999981219952,81.96056613116197,,,87.990478515625,,
731,Jackson Tetreault,WSN,20565,21.0,94.55639995556872,86.54999831627156,,,,,82.16785539899554,,,85.9300048828125,,
732,A.J. Puk,MIA,19343,13.2,93.29478600543479,,84.33103785021552,,93.38333037405303,80.83596319901316,,,,,,
733,Cole Sands,MIN,21461,17.1,91.99294887444911,85.7028564453125,85.81817959872158,,93.62222374810113,,79.03529124540441,,,85.33333333333333,,
734,Taylor Clarke,2 Tms,17611,92.0,93.67246578686859,93.78333536783855,,,93.02120817550505,85.43573257848799,79.38910068609776,,,87.44757668247307,,
735,Jackson Stephens,2 Tms,14420,21.2,93.77394211460167,,,,93.21063881732047,85.10000238185975,76.76835535749605,,,86.26666352243134,,
736,Ky Bush,CHW,29823,17.2,91.68323119386227,,,,,82.52625122070313,73.3836744658801,,,85.89374542236328,,
737,Mark Leiter Jr.,2 Tms,15551,75.0,90.8358840338473,86.92372881355932,83.79044485254906,,90.74837142989614,81.78500061035156,72.56783182637675,,,83.79118077895221,,
738,Karl Kauffmann,COL,27488,12.2,90.12000325520833,88.44285365513393,,,90.40121832126525,83.76222330729166,,,,85.52857026599702,,
739,Pedro Payano,TEX,18313,16.0,,,,,93.3673215379902,84.21764418658088,79.54878048780488,,,83.2515166311553,,
740,Adam Mazur,2 Tms,31900,63.2,94.65101619112319,,,,94.23883352927791,86.37228923960957,81.3999984621063,,,89.65544747834159,,
741,James Marvel,PIT,19675,17.1,90.34637539628623,,,,90.58715596330275,,79.55287468570403,,,84.47727272727273,,
742,Deck McGuire,2 Tms,11596,17.2,92.6107672275641,,,,92.04444376627605,83.68168876540493,76.24390095036205,,,86.33043637483016,,
743,Packy Naughton,2 Tms,23292,24.1,90.85547231409672,,,,90.89304517663044,81.74821472167969,74.53333197699652,,,82.13418761685364,,
744,Mike Vasil,CHW,30105,11.0,94.82972841005068,,,,94.62778049045139,81.93939393939394,81.8000018780048,,,87.252001953125,,
745,Brock Stewart,LAD,16727,22.2,92.9238841498076,,,,92.03315943667764,84.02075512004349,,,,82.24653753903833,,
746,Gregory Soto,DET,19677,23.1,95.0,,,,94.43343939969606,83.38775510204081,,,,87.60000212296195,,
747,Chandler Shepherd,BAL,16166,12.0,92.08285900297619,,,,,86.16181640625,82.03333333333333,,,85.90000221946023,,
748,Alan Rangel,PHI,19524,11.1,92.98913043478261,,,,,84.41276387965425,73.0160009765625,,,80.62674872819767,,
749,Conner Menez,SFG,19199,14.2,91.099365234375,,,,,83.50499674479167,79.7111104329427,,,82.71249389648438,,
750,Jackson Kowar,KCR,21549,27.1,95.58312763611963,,,,,83.10863956404322,78.12857491629464,,,86.21257254464285,,
751,Louis Varland,2 Tms,27691,116.1,94.93192962278803,89.2802307360979,,,93.65789152446546,83.8401964973001,82.02727161754261,84.85983451468046,,86.22291504542032,,
752,Lewis Thorpe,MIN,15906,27.0,89.68526894705636,,,,,83.95280078125,72.37045634876598,,,82.44558715820312,,
753,Kohl Drake,ARI,32070,20.2,91.5618193655303,86.17954323508523,,,,81.705712890625,78.49692007211539,,,81.6027397260274,,
754,Walker Lockett,2 Tms,13804,36.1,92.06491903734457,89.04800048828125,,,92.69618469704199,,80.1288904260706,,,86.1500011625744,,
755,Seth Frankoff,ARI,11346,13.2,91.25,,,,,87.58840721240942,78.31379647090517,,,84.46383082613032,,
756,Humberto Mejía,2 Tms,20739,32.1,92.24930826822917,,,,91.91882467830882,81.93731416161381,77.3375015258789,,,85.20919063173491,,
757,Ken Waldichuk,OAK,27681,137.2,93.32225411063007,,,,,80.90683531647456,74.77303425649579,,,83.7285724619709,,
758,John Lamb,LAA,8493,10.0,89.14320505401234,85.21126760563381,,,88.60000610351562,,67.40625,,,74.38709677419355,,
759,Erik Swanson,SEA,16587,40.0,92.75514340868183,,83.70000348772321,,,85.56258825947054,,,,85.57499893851902,,
760,Nick Neidert,MIA,18699,36.2,91.73885118639147,,,,,84.60933878133585,75.27377169249488,,,83.2644765753495,,
761,Zach Neal,OAK,11294,10.0,88.58846341646634,85.92142740885417,,,88.86429268973214,,69.0,,,81.40645476310483,,
762,Christian Bergman,SEA,10925,54.0,,,,,88.6318407960199,85.344501953125,77.14205561842874,,,79.76637846848061,,
763,Miguel Yajure,PIT,21111,15.1,91.38870731476814,87.08648784740551,,,90.17500305175781,79.97391675866169,79.14634146341463,,,88.35230618990384,,
764,Colten Brewer,BOS,12997,14.1,93.97999877929688,93.7578125,,,94.67500305175781,88.63999720982143,80.63736263736264,,,85.5999984741211,,
765,Brandon Finnegan,CIN,16208,33.2,92.01527141702586,,,,91.39906103286386,82.44830425715043,,,,83.62092909702035,,
766,Jeff Brigham,MIA,16631,16.1,92.88341968911917,,,,,79.95833333333333,,,,85.95925564236111,,
767,Drew Hutchison,2 Tms,10732,117.0,91.69636072152304,,,,92.47714465913319,85.41542809370364,,,,85.48036674604025,,
768,Glenn Sparkman,KCR,15200,131.1,93.24057702850877,86.4000015258789,,,,82.958363098857,79.71712762208524,,,85.67064846416382,,
769,Matt Brash,SEA,25756,20.0,95.88214401971726,,,,,84.43513777449324,,82.6029411764706,,85.5,,
770,Jon Duplantier,ARI,19546,26.0,91.40357317243304,,,,91.2463768115942,83.52682867282775,,78.51403594435307,,83.72500101725261,,
771,Hisashi Iwakuma,SEA,13048,31.0,85.59278350515464,79.60258316532259,80.74659312855114,,85.13373611634036,,69.0800048828125,,,,,
772,Ethan Pecko,HOU,33515,17.1,93.4506640625,89.99622272995283,,,92.88706341911765,82.70724354619566,81.5024354516006,,,86.91111246744792,,
773,Ubaldo Jiménez,BAL,3374,125.0,90.78101717715232,89.32000122070312,83.97555555555556,,90.36266098484849,82.38594470046083,74.9040404040404,,,,,
774,Stephen Gonsalves,MIN,15492,12.1,89.71242357336956,,,,,83.81818181818181,71.53636585582386,,,81.5367356903699,,
775,Taylor Widener,ARI,19266,61.0,92.44193319281526,,,,,83.8950808999317,79.0,,,85.57102272727273,,
776,Reiss Knehr,SDP,21541,21.0,93.69497880025126,89.07586459455818,,,,82.2095220656622,79.85000174386161,,,89.29204385930842,,
777,Wes Benjamin,TEX,19243,10.0,90.64805385044643,85.49400146484375,,,90.5,,78.32413666823814,,,84.2911771886489,,
778,Jake Bloss,HOU,33168,11.2,93.39320388349515,,,,91.89999389648438,85.90250244140626,77.97000325520834,,,86.56666395399306,,
779,Mike Paredes,MIN,30187,22.0,92.80859375,87.16037735849056,,,,78.75529067095589,,,,87.44074315200618,,
780,Jarlín García,MIA,18282,34.0,92.00738007380073,,,,,84.93571254185268,,,,85.38970588235294,,
781,Carson Palmquist,2 Tms,31612,41.1,90.14731305303539,81.75612469108738,,,90.79396169777685,73.65201644059066,,,,81.307998046875,,
782,Sam Aldegheri,LAA,26443,48.0,92.08465040775768,86.6595226469494,,,,82.8756073742378,75.02800130208334,,,80.77805762954905,,
783,Andrew Moore,SEA,17553,56.0,90.86212448846726,,,,,81.61363802823153,75.49130425936934,,,81.41428603135147,,
784,Zach Logue,OAK,20231,49.1,90.046875,85.804025233477,,,87.45999755859376,,77.44999694824219,,,81.88898636122882,,
785,Mason Barnett,ATH,31741,41.2,94.6359383719308,,,,,85.01412153513418,78.60752425655242,,,85.30412371134021,,
786,Victor Mederos,LAA,31533,13.0,,,,,94.33783783783784,85.43572126116071,,,,88.24166870117188,,
787,Ljay Newsome,SEA,19942,14.2,91.505674105164,,,,,,77.11929910224781,,,84.953125,,
788,Nick Kingham,PIT,11694,86.2,92.2505029296875,88.91034314385776,,,91.63603080718623,83.64383561643835,,79.76226537932389,,84.63522227669534,,
789,Ronald Bolaños,2 Tms,20041,18.1,94.65901425887978,,,,94.40937423706055,84.48250122070313,76.70895977874301,,67.9000015258789,86.32777913411458,,
790,Logan Allen,2 Tms,18555,63.2,92.5409954063147,82.30000305175781,,,90.25384051983173,81.89501628685632,76.48854064941406,,,82.8643216080402,,
791,Lisalverto Bonilla,CIN,11266,20.2,91.88051178495763,,,,90.86279296875,,79.07534246575342,,,84.08859306469299,,
792,Darren McCaughan,2 Tms,20038,25.1,89.21358537085263,,,,88.73912891838121,81.21882926643669,,,,80.46470372817096,,
793,Tucker Davidson,3 Tms,19871,72.0,92.89341766524794,,84.54285539899554,,93.06667073567708,86.5708999633789,78.08155244993932,,,85.42790683480196,,
794,Bryan Hoeing,MIA,26304,37.2,93.50714256649925,,85.71538367638222,,93.51146958295037,83.1701026208622,79.9500020345052,,,86.81000162760417,,
795,Tim Melville,2 Tms,9149,36.2,90.31518863726266,,,,,83.27093620300293,77.41250101725261,,,83.36249694824218,,
796,Mat Latos,TOR,3815,15.0,91.56481481481481,,,,90.5956500509511,86.32337535511364,75.66250610351562,,,81.34761555989583,,
797,Troy Scribner,2 Tms,15570,20.1,87.81549926757812,,,,90.19999694824219,82.05303400213069,69.11521447223166,,,78.04153771033654,,
798,Luke Farrell,4 Tms,15101,18.0,90.77611879567009,,,,91.25,82.21062044126798,76.9000002953314,,,83.12000045776367,,
799,Héctor Santiago,3 Tms,4026,114.0,91.30489941576978,85.05384865785257,,,90.77670672806826,81.80928709847586,74.69369369369369,,64.19999694824219,82.95184581109874,78.61929696066338,
800,Gunnar Hoglund,ATH,31318,32.1,93.62347536670919,,,,93.24945269574175,83.99328066697761,,,,85.95713975694444,,
801,JR Ritchie,ATL,31760,49.1,94.70049504950495,89.59402693563433,,,94.11111111111111,85.04827249461206,82.84254214638158,,,88.31597864275147,,
802,Chase De Jong,4 Tms,15036,87.2,91.55808339576198,,,,90.45490579044117,83.76943229599253,77.45447980545755,,,84.07236842105263,,
803,Burch Smith,2 Tms,12784,22.2,92.42129574619771,88.3499984741211,,,90.0,,78.41584249062113,,,81.73731197527985,,
804,Julian Aguiar,CIN,30031,31.2,,,,,94.30349923513987,80.31999897203947,77.99387655452806,,,84.037001953125,,
805,Jordan Holloway,MIA,20631,12.0,94.77471713362068,,,,95.51395575944767,84.89489995216837,,78.85172245420259,,90.2363614169034,,
806,Adrián Martinez,OAK,21023,60.0,,,,,93.82064092181636,82.04545454545455,,,,83.95240135715433,,
807,McCade Brown,COL,30004,25.2,,,,,94.33135752395471,85.30825144974227,78.71111111111111,,,87.57856968470982,,
808,Daniel Gossett,OAK,16164,115.2,91.91115901968574,,,,91.61865309035741,84.73260869565217,78.79779411764706,,,84.43118860225866,,
809,Jacob Nix,SDP,17775,42.1,92.92658155487806,,,,,81.07083638509114,76.68217054263566,,,80.4967762936828,,
810,David Holmberg,CHW,7725,28.2,87.86111111111111,,,,87.12857491629464,80.33181670217803,73.06941061580882,,,81.54122978344299,,
811,Shintaro Fujinami,OAK,31839,17.2,97.43828125,88.17111002604166,92.34730972782258,,,84.38809640066964,,,,,,
812,Dillon Gee,2 Tms,7396,16.0,91.08390720411279,86.32777913411458,,,90.68289505807977,,,76.88182114109848,,83.70500183105469,,
813,Nate Pearson,2 Tms,20160,19.2,96.09494758374763,,,,96.9000015258789,84.66062650905819,76.60000061035156,,,87.13599975585937,,
814,Hunter Gaddis,CLE,25636,38.2,93.36666733784364,87.75848964475236,,,,85.31142996651786,75.37708155314128,,,80.24590163934427,,
815,Rookie Davis,2 Tms,14962,25.0,92.34387158782114,86.5297619047619,,,91.67818270596591,82.72391277810802,79.53333536783855,,,85.32272893732244,,
816,Hector Noesí,MIA,3292,18.1,,,,,92.92307692307692,87.97103168808411,80.2843137254902,,,85.92000325520833,,
817,Carson Whisenhunt,SFG,31676,58.0,92.76930414244185,,,,92.65179321775399,84.4284822488133,80.43749713897705,,,82.45325768512228,,
818,Ryan Weber,2 Tms,10160,34.0,87.97272838245739,86.04137762661638,,,88.53707828593164,77.69904033954327,75.8463771654212,,,81.4050015258789,,
819,Manny Banuelos,CHW,5365,34.2,92.12569173177083,,,,91.778125,85.86447097081218,79.22500271267361,,,82.63823385799633,,
820,Trey Gibson,BAL,33794,31.0,95.45299145299145,91.88521569293478,,,94.59047486181973,87.53138543567518,84.47123153895548,,,,,
821,Steven Wright,BOS,8185,48.0,84.22499738420758,,,,81.78095354352679,,65.48196761334529,,,,,74.36460833159433
822,Didier Fuentes,ATL,30661,16.0,96.16571568080357,,89.38888888888889,,,84.15282972803655,79.33030007102273,,,,,
823,Thomas Eshelman,BAL,18361,54.0,85.55443022522745,,,,86.44125942416959,78.70598943332374,76.15948065396013,,,79.68261188009511,,
824,Jonathan Heasley,KCR,22224,118.2,93.38496447727879,,,,93.06211899266098,85.58230087820408,78.78552017007372,,,84.94276172758767,,
825,Jhony Brito,NYY,25386,52.2,95.88733072916666,,,,96.06241702410131,83.31904916914682,,80.42922926682692,,88.6429588786101,,
826,Bruce Zimmermann,2 Tms,20370,134.1,91.0569755759343,86.08333333333333,82.74736585115132,,90.4563482375372,85.24780332983994,81.36535500117711,,,84.47719233998082,,
827,Travis Wood,2 Tms,9884,65.1,88.20427261010693,86.5992431640625,,,87.30078268051147,79.74266041575612,72.19642857142857,,,80.94183474170919,,
828,Chase Petty,CIN,30170,17.2,96.19425175107759,,,,95.84261934874488,88.44453430175781,,,,87.7086181640625,,
829,T.J. Zeuch,2 Tms,19269,40.0,91.25624942779541,86.72025347359573,,,92.53134897592905,82.24152289496527,75.77272727272727,,,84.08181916824495,,
830,Spencer Howard,4 Tms,23252,112.0,93.98105828167078,88.31428527832031,,,93.37250003814697,83.99553730481566,74.65193437607907,,,79.60676257737016,,
831,Justin Dunn,2 Tms,19268,133.2,92.40874167049633,,,,91.21111382378473,83.27437216193506,79.85484361483564,,,87.61919364543876,,
832,Nick Tepesch,2 Tms,11716,15.2,89.09204378995028,,,,88.97529871323529,84.11129268523186,78.46607099260602,,,85.56666395399306,,
833,Joe Palumbo,TEX,17035,10.2,93.79710144927536,,,,,,78.65556278935185,,,86.89999728732639,,
834,Dylan Dodd,ATL,29928,34.1,92.14604176034173,85.26296657986111,,,,81.78642216435185,,,,82.89307124071782,,
835,Robert Dugger,3 Tms,19191,53.0,90.4534184458978,,,,89.69553277212815,79.32885317067009,73.51420277251295,,,80.81777818467882,,
836,Nick Nastrini,CHW,29833,32.1,93.71047867063493,,,,,84.53833115363436,79.23137350643383,,,85.79857003348214,,
837,J.C. Mejía,CLE,20617,42.1,92.76299520177166,,,,92.45042756088826,82.68796016034031,80.17288466631356,,,87.39277947809278,,
838,Drew Rucinski,OAK,12499,18.0,88.9772296565594,,,,89.13076815762362,84.20283018867924,78.767998046875,,,83.58888527199075,,
839,Lyon Richardson,CIN,24581,17.2,96.46040538813443,,,,95.273681640625,84.35000258225661,79.36111111111111,,,88.04196058000836,,
840,Cory Abbott,2 Tms,20277,44.0,91.25382306134259,,,,,86.50000343860036,84.26841976768092,84.28889117324562,,85.87999877929687,,
841,Matt Swarmer,CHC,19705,24.2,90.51322751322752,,,,,81.80823206018519,,,,85.69167073567708,,
842,Bronson Arroyo,CIN,978,71.0,84.37926070601851,84.36744299600291,,,83.44249674479167,72.94664193802521,71.81397394215838,,,75.72883234797297,,
843,Connor Seabold,2 Tms,19695,80.1,92.35239030411141,,,,,85.39333285108025,79.2543480914572,,,80.79553481510708,,
844,David Hess,2 Tms,16130,169.0,92.25219607469512,,,,92.35000174386161,81.38458658854167,73.77486317680481,,,84.25390002744417,,
845,Caden Dana,LAA,31508,36.2,94.63422491086409,86.27777777777777,,,,85.65842156661184,78.06792176444576,,,86.84949470288825,,
846,Tom Koehler,2 Tms,6570,60.2,92.70305996690774,,,,93.15086733061692,85.49784311754951,,78.71179256799086,,85.40281655754842,,
847,Wil Crowe,2 Tms,19800,126.1,93.56436553030304,,,,92.68137574040033,85.15330808474374,80.39780874419631,,,85.04075456230561,,
848,Chris Smith,OAK,4544,46.2,85.49582926432292,,,,85.1500015258789,,76.3108108108108,76.66555447048611,,76.99613620923913,,
849,Ryan Carpenter,DET,12699,62.1,89.99047762133699,,,,89.7219496316057,81.12908496732027,76.2056914538872,,,82.9174821760271,,
850,Ryan Castellani,COL,16377,44.2,92.30835879015059,,,,89.02580408896169,84.55789505807977,79.38778476860686,,,85.70081459603658,,
851,Kohei Arihara,TEX,27505,58.2,91.19955008370536,87.374575167726,82.77954378995028,,90.18477107788705,81.70751670881504,74.12778049045139,,,81.47142973400298,,
852,Ross Detwiler,2 Tms,2859,64.2,91.73002539535412,87.98702063927284,,,90.72603304710614,84.47000122070312,78.0222195095486,,,84.97353156594669,,
853,Mike Pelfrey,CHW,5203,100.1,92.58571079799107,,81.29193853021978,,91.74739817100539,82.71150788163717,69.80766708485402,,,,,
854,Bradley Blalock,COL,26419,85.1,94.20194146455223,89.65178571428571,86.230908203125,,,85.22663854380123,80.47344522422317,,,,,
855,Matt Koch,2 Tms,13420,78.0,91.16659959594487,89.49661016949153,,,,80.30000305175781,79.69405616554054,,,85.31268837246193,,
856,Elvin Rodríguez,2 Tms,20962,32.1,93.11296115451388,88.57105777138158,,,92.72000122070312,82.38031630628691,77.40645082535282,,,86.44761924138145,,
857,Jered Weaver,SDP,4235,42.1,83.80885314941406,,,,83.22043938184306,79.167998046875,71.91367855235043,,,77.07118975105932,,
858,Amir Garrett,CIN,14375,67.1,91.5647768473757,,,,90.8818192915483,79.42820655906593,,,,80.84199110842542,,
859,Adam Oller,2 Tms,20132,110.2,93.42354314300651,89.3452139083453,,,93.36435450185644,84.21964645385742,82.93914021625778,,,86.56923176692082,,
860,Chris Tillman,BAL,5279,112.0,90.29686275470219,89.94285365513393,,,90.00853041222545,84.55028635759187,,75.48131461095328,,83.47716650108381,,
861,Corbin Martin,2 Tms,19884,36.2,94.51101214034966,,,,,88.34262335105021,83.29576291876324,,,87.1938775510204,,
862,Roddery Muñoz,MIA,25311,78.2,95.40675675675676,89.76216084248311,,,94.8188286323052,85.67326524522569,,,,89.28529268152573,,
