rank,Name,Team,playerid,IP,Stf+ FA,Stf+ SI,Stf+ FC,Stf+ FS,Stf+ SL,Stf+ CU,Stf+ CH,Stf+ KC,Stf+ FO,Stuff+,Location+,Pitching+
1,Zack Wheeler,2 Tms,10310,1605.0,116.06982266143221,120.73869047619048,100.51137594799566,91.53393736017897,109.66107957746634,116.10742130214366,76.19923076923077,,,112.13986242425509,105.79950260817722,117.37610377910212
2,Jacob deGrom,2 Tms,10954,1223.0,112.17987525987525,101.4676923076923,,,118.76427944947436,105.28593673965938,106.41127737226277,,,113.45750847362248,108.98839207388029,123.97357343329708
3,Chris Sale,2 Tms,10603,1131.0,102.1751149567367,112.28081566068515,,,120.71158228758759,,97.14985024958402,,,109.6682491688885,107.74394444340342,112.11748619679908
4,Gerrit Cole,3 Tms,13125,1501.2,114.78058121577988,103.47224489795919,101.20710791366905,,119.8513457457335,,84.4309188361409,111.95870576339738,,111.87321138683735,104.44910306171063,114.81033177983151
5,Max Scherzer,5 Tms,3137,1351.1,102.79433321542271,,106.52172504145938,,113.182830745474,103.92721507603598,94.94849456210648,,,104.30057980793542,104.5050868207208,107.11033455302744
6,Aaron Nola,PHI,16149,1702.1,108.65623026926647,106.64621087815253,94.60768535262207,,89.45904761904762,,81.89825929938605,125.61579241071429,,108.3534933505486,104.16340155647728,110.77704127394021
7,Kevin Gausman,6 Tms,14107,1610.1,97.895398193334,95.79050632911392,,106.58167210198636,94.79562845950909,,95.28968491735537,,,100.6407341169697,105.18776852500831,106.00292373606433
8,Sonny Gray,6 Tms,12768,1461.2,88.04008103727715,110.94453025235636,85.67550245098039,,120.01165368756095,97.76909341380808,81.5147268408551,,,100.61652514359744,99.02852222835537,102.8689456356228
9,Justin Verlander,4 Tms,8700,1237.2,96.54640034180731,84.18,,,118.92935575996161,112.98537212674415,108.6190588235294,,,106.28739846345724,99.0032225216452,104.16301615380871
10,Max Fried,2 Tms,13743,1167.1,99.5095358649789,108.14338530066816,102.66368998628256,,107.6153549528654,112.63306517969181,100.57512615384617,,,105.19959536669593,103.11177554577054,109.43322541894936
11,Logan Webb,SFG,17995,1216.1,94.5473342354533,111.25212595855768,85.12290322580645,,103.7561569118096,,109.39334801762116,,,106.46689542164444,102.25161166196845,108.82941347746095
12,Luis Castillo,3 Tms,15689,1525.1,103.88711549456832,98.59894039735097,86.2,,113.68014069470036,,98.79584619866006,,,103.8415671078163,104.01540082212215,107.27454943418516
13,Blake Snell,4 Tms,13543,1111.2,99.11468876970582,,,,108.97625319212023,122.14625488471128,97.68803801006149,,,104.83443876324921,103.08364362820733,111.00753821048531
14,Dylan Cease,3 Tms,18525,1184.1,99.28561751542277,90.44643902439026,108.08315789473684,,118.03567864178028,,109.8230903155604,95.69311648351649,,106.53833295180651,100.00928586661216,106.09395974251234
15,Clayton Kershaw,LAD,2036,1093.1,97.37438543247343,94.3546153846154,,90.69734513274335,114.12785160852101,121.13892865383175,87.35608163265304,,,108.47875601064405,97.41164262187809,107.00037253253127
16,Tarik Skubal,2 Tms,22267,914.2,109.16521914764697,112.70696470588236,104.58714285714288,98.96549999999999,108.22016168811369,114.80004189831601,124.27248840803709,97.25877094972067,,112.65454492465469,102.82942534722532,114.02397424256333
17,Charlie Morton,5 Tms,4676,1358.1,86.52182567215958,96.92823244552058,93.02280616382806,97.86857142857141,,118.95614750968427,90.4586699107867,,,101.38089349433459,97.43764979476717,98.40125246726288
18,Shane Bieber,2 Tms,19427,932.1,94.36588200059899,82.42341463414634,86.61658333333332,,95.7956098785441,,84.18729131175469,105.57193277310924,,95.0707835689261,100.6186723596577,97.90063921213066
19,Framber Valdez,2 Tms,17295,1200.2,77.6468705882353,97.10682938795534,105.17544554455446,,117.13264073483373,121.03680301207814,99.44205651491366,,,105.23660240330797,98.77620797551906,106.2803384724378
20,Sandy Alcantara,MIA,18684,1278.0,100.482194979568,112.02326024785509,102.1760412371134,,110.87822237972841,103.76251914864959,104.40508609271524,,,106.69203695426754,104.19191744794007,110.26896950802237
21,José Berríos,2 Tms,14168,1510.0,93.8967332754127,99.43472593871384,85.2211067193676,,,102.56582700697223,87.05524350649351,,,96.83205481210577,104.19850629299536,101.26699282074355
22,Corbin Burnes,3 Tms,19361,896.1,106.47043478260869,86.11395129615082,115.81038214783821,,128.23017335450348,125.03819907562375,95.42262753319358,,,114.77526017266014,100.00739259016913,116.45623237480198
23,Patrick Corbin,4 Tms,9323,1557.0,77.82191993112353,85.901431887163,94.85837410071943,,100.91617108771092,86.84018055555555,89.0237302977233,,,90.89960551162244,103.76532779229066,96.23438060165931
24,Yu Darvish,4 Tms,13074,1132.1,116.51760000000002,99.94451479697179,94.36206154714851,102.43409457900806,100.51376508086335,103.50909920047299,102.4175,106.65328551085797,,103.93394894666686,101.70559616342582,106.48921700902862
25,Carlos Rodón,3 Tms,16137,1060.0,106.10356475842468,107.43839835728953,93.64280701754386,,121.59006435925663,100.00566077136502,107.33956975228163,,,110.21508183264883,97.19945274284012,105.9929230168625
26,Eduardo Rodriguez,3 Tms,13164,1257.1,92.34625,103.6083606557377,97.91947322212468,,102.99415678151097,92.32193823509182,88.49018629173989,,,94.17647339887321,103.29834518604028,97.93711762066265
27,Lance Lynn,6 Tms,2520,1207.2,108.0408089260809,88.4084234490609,104.26516475644698,,107.9580631276901,107.63102231214032,79.74000000000001,,,102.46650697183739,101.62711407539092,103.0604113441814
28,Nathan Eovaldi,3 Tms,9132,1083.1,99.191740237691,103.20497925311201,96.91632688172042,105.80362235067436,107.17909569224541,106.61356094578151,,,,102.35408677156745,104.40251997053325,106.49653682510048
29,Zack Greinke,3 Tms,1943,1122.1,81.86198426274376,78.90865275142316,96.7640221402214,,102.84931252898889,94.5952525436058,80.54497658862874,,,87.54282927590187,107.30037761273378,96.32840740486641
30,Michael Wacha,6 Tms,14078,1303.0,91.7329048606312,88.81947398513437,79.86484174508126,,86.99071793978037,88.9428386050284,121.11211906449326,,,97.47356559591962,103.41303347581842,100.85636725938267
31,Cristopher Sánchez,PHI,20778,702.2,,108.37831887649733,88.44,,106.07609698889817,,121.70043834169529,,,112.78023603578508,98.76651668885319,111.64784525361613
32,Jesús Luzardo,3 Tms,19959,842.2,94.48843665205595,100.53617597292724,103.36363636363636,,123.96468661520946,89.05000000000001,96.90376563058234,,,105.4475907855543,101.16252987649924,106.19079304232679
33,Brandon Woodruff,MIL,16162,763.2,115.14390564347566,99.826551426102,89.92203703703704,,109.85464705616292,106.85463952309728,100.25375488917862,,,106.84854157147754,107.37153952591392,112.19668151546229
34,Pablo López,2 Tms,17085,965.0,99.99569567044976,106.55297637795276,89.72643510054844,,93.23874719851912,99.86410002924185,91.88081888822474,,,97.1951172628523,108.49731381406207,106.22536764545299
35,Ranger Suarez,2 Tms,17277,814.1,83.99166867712104,103.32121048762558,93.11420606060607,,111.13208742907835,107.14914827251839,90.86326315789475,,,96.81755581089021,106.87661585083417,103.72919091447604
36,Luis Severino,3 Tms,15890,993.1,100.63205565019875,98.60782554517134,97.83976816074188,,123.89662782298157,,91.29672222222221,,,104.61200910801385,99.59540339924382,102.55103760497087
37,Freddy Peralta,3 Tms,18679,1016.0,101.23041430124411,92.14903225806451,,,109.5192168632292,102.44927495078109,84.80990232907588,,,100.13396007896425,104.73115226573077,104.88326258913231
38,Kyle Hendricks,2 Tms,12049,1280.1,81.09767527675277,96.55432137993645,,,,83.41737125885787,94.64267053701018,,,91.74311662129395,102.58002374048526,94.45731877974598
39,Chris Bassitt,4 Tms,12304,1209.2,95.42160527762506,101.16329670329671,93.72958095876633,85.47638888888889,113.67302690617993,110.12661716818866,83.01101842870999,,,100.31935552340563,100.75891689436695,99.60724134615474
40,Logan Gilbert,SEA,22250,1021.1,98.58618068359097,95.11802816901407,92.16672304439746,133.69153891164424,102.82254186301188,95.99551445476664,105.54056572379368,99.85703211517165,,103.4988671726279,104.80583780237866,108.0583220317454
41,Marcus Stroman,4 Tms,13431,1129.2,96.19583153174793,94.1055484177968,93.77581967213114,79.45077298616762,99.43572598885707,107.93857016277586,,,,95.72806261208659,100.33001524178054,98.12133904618163
42,Zac Gallen,2 Tms,19291,1108.2,101.69220273407274,81.69722488038278,95.88939625260235,,88.0288742691631,,85.833400464756,98.22211764705881,,96.80613102011364,104.79759996055527,103.3006149463376
43,Corey Kluber,5 Tms,2429,741.0,101.13271186440682,90.63199017199018,94.8036246418338,,,117.27186403687736,83.22694096601072,,,98.73663419618703,98.61786426350575,95.0984445332035
44,Tyler Glasnow,3 Tms,14374,743.2,109.30788944723618,103.84830601092895,,,98.14117376942704,123.41148584905662,85.7527868852459,93.07991836734695,,108.09274428875226,97.42638736808392,110.08752926092052
45,Jack Flaherty,4 Tms,17479,1070.0,102.41494838020647,78.28569487841325,92.40472174213619,,94.26579600224255,,76.74151898734178,107.47261538461538,,99.55361341444556,100.32076022314207,100.32063025922761
46,Joe Musgrove,3 Tms,12970,955.2,98.09171635049685,90.34912891986063,98.44266514806378,,121.24147788112005,119.99990815960327,85.71000000000001,,,106.91609484327101,98.47114106955262,103.2577575276151
47,Germán Márquez,2 Tms,15038,1169.2,76.08980445410103,80.78981264637002,,,103.59711910560256,,80.15952054794519,117.29724619810933,,92.3018072086822,99.0940190797517,93.01305815740257
48,Shohei Ohtani,2 Tms,19755,614.1,104.40347475998763,108.90456647398842,102.03730103806228,126.10703092783505,130.08257722735118,106.81577235854355,,,,115.30765229063925,94.75277845311867,111.10894441377917
49,Jon Gray,2 Tms,14916,1000.2,85.87366290018832,89.20285714285714,,,112.53515920689077,96.55351118760755,78.81355581127733,,,96.04587831335444,101.75243876263879,97.2215314988261
50,Jose Quintana,8 Tms,11423,1158.1,86.6479836309524,90.01543588017502,,,,89.81873959326805,81.14874274661508,,,87.36577055015823,104.18980298261333,93.60132336219328
51,Walker Buehler,4 Tms,19374,977.0,103.71430358158047,97.76357746478872,99.05743661971829,,112.1566490904109,,87.44599131693198,108.8638714185884,,103.53110715714351,98.68946082077461,102.74481506681568
52,George Kirby,SEA,25436,812.1,96.84296612070901,106.06045977011495,98.30748691099477,117.2760632183908,99.788117292725,,91.10595641646492,106.15274836838287,,101.27962006400713,111.62025513199927,110.67259508357344
53,Kyle Freeland,COL,16256,1389.1,87.10426470588236,83.02042620363062,89.02429752066118,,85.56385503720443,,73.09935681470137,102.17861101836394,,88.69493323296263,102.25314981779539,92.04225527598611
54,Lucas Giolito,5 Tms,15474,1158.0,87.81583645655877,,,,100.42232337233793,99.3938324559234,116.8290209020902,,,99.28449680708516,100.17852227366153,99.22971984101062
55,Trevor Bauer,3 Tms,12703,740.2,114.06335962145113,115.08034615384614,96.83686591276253,,111.35925157400763,,84.38274509803922,104.25268929503916,,108.16476354324027,99.98138941644248,108.48779394344919
56,Jameson Taillon,4 Tms,11674,1215.0,96.16937538148524,92.18360999194199,91.60998627002289,,108.02282237656173,97.4845415274622,85.52868186323093,,,96.34859614970102,106.28309435993711,102.20885782373547
57,Nick Pivetta,3 Tms,15454,1151.2,103.61292496171517,81.26283333333336,92.03778175313059,93.93682352941177,111.26075553751369,94.5447400456392,81.91175,93.05871369173374,,101.40149069246094,99.69066883002459,100.5951666425567
58,Zach Eflin,3 Tms,13774,998.0,94.58962962962963,101.10985065528803,93.61071748878925,,101.62596194335185,111.3856353183838,79.84169665809769,,,99.36822118945446,109.24521643429999,106.09630303858727
59,Matthew Boyd,3 Tms,15440,1045.1,88.8574688057041,98.21410962072156,,,106.9095652521948,104.67284893192766,97.20714839961204,,,96.06632866971248,105.09283799539071,97.98322798372149
60,Carlos Carrasco,4 Tms,6632,959.2,79.5547913561848,88.3167125984252,80.74000000000001,,96.81411450704456,94.26849306928135,91.74651536643026,,,88.8519789520594,101.43849875479978,93.1195624507856
61,Paul Skenes,PIT,33677,495.0,100.32872274143303,105.21112929623568,,91.43817142857145,129.74983593545582,116.1674831206805,95.32244999999999,,,105.5708440553718,109.7625432521091,113.79574379441866
62,Jordan Montgomery,4 Tms,16511,857.0,90.10227272727273,98.15687967760508,92.25669064748202,,110.36148148148149,117.50570034549104,100.43620732208969,,,101.77632393120815,101.19868814558488,101.81665297717016
63,Kyle Gibson,5 Tms,10123,1296.0,78.27545064377681,96.16197445449707,78.29639622641508,,105.69699026509865,96.99008819298128,84.90847197640117,,,91.33010249991204,101.0593182253157,96.55394164532636
64,Merrill Kelly,2 Tms,11156,1170.1,97.65138447146866,92.3221778584392,94.48399106478033,,100.30392125458366,97.11982774077158,84.94314261315115,,,93.50676477020812,102.16467726727114,98.4623212391634
65,Miles Mikolas,2 Tms,9803,1211.0,87.52115351993214,91.17737317581653,,,95.87654895524618,98.12459131952295,82.3541127348643,,,91.95291687439507,107.45014671094594,96.53544929674632
66,Robbie Ray,5 Tms,11486,1266.1,107.3440603868533,92.53944751381215,,,99.76836772918215,88.14,82.09629286376276,94.5129907329402,,100.85162990580801,94.7214992936228,96.21262940223822
67,Sean Manaea,4 Tms,15873,1122.2,98.70544163063622,103.00527595429128,90.93309090909091,,109.14020711021368,,91.44018834080714,,,100.78856186369175,99.53766821639468,98.24957914341809
68,Trevor Rogers,2 Tms,22286,689.2,97.33010648234635,90.19653448275864,101.89054054054054,,107.20808950412078,,96.29265421219598,,,98.17278818367765,104.9346335142408,102.6636323951653
69,Tyler Mahle,5 Tms,16358,880.2,99.80212978369384,76.5494117647059,89.23038220543985,81.6103893881044,91.29725303268467,88.27,,,,93.29672540586459,108.4572305391195,103.06044109372726
70,Mike Clevinger,3 Tms,12808,741.1,103.28744476464938,96.69614730878186,94.60853801169591,,103.6421988812996,95.96928962885883,84.51379790940766,,,100.14272223122819,99.14515373076885,98.0993374831494
71,Stephen Strasburg,WSN,10131,545.2,86.41414012738854,89.7443103448276,,,,102.94553345388789,89.07505154639176,,,92.62856708595388,92.30114800838575,88.51517568134172
72,Joe Ryan,MIN,21390,781.0,110.39458680142688,103.98621538461538,,91.02601634877387,103.0638906656648,106.80150642045167,82.52928751431845,122.9446715328467,,105.33816144113372,104.67921335968343,107.01323002515599
73,James Paxton,4 Tms,11828,665.0,89.14360795454544,94.15125,118.30143222506392,,,,110.59451851851853,97.60172757475085,,96.07793934879132,98.1579183066789,93.16005381446193
74,Brady Singer,2 Tms,25377,1006.1,88.63427374301676,95.0192277992278,78.85662393162391,,93.66638438101457,,67.26283285545622,,,92.87346517320327,99.85685444580042,93.2051346239061
75,Drew Rasmussen,TBR,25385,561.2,110.12118488253321,115.1668814055637,100.92777646595829,,108.60590878627782,88.2057210738893,109.52035989717227,,,107.05426269934495,105.106386277342,110.40778691331894
76,Mitch Keller,PIT,17594,987.2,90.82533747942199,95.18591707134853,99.52358800226372,,114.42631380433679,93.64094238221968,86.93754098360655,,,97.57791144341698,98.8185022660898,95.50611204205492
77,Yoshinobu Yamamoto,LAD,33825,448.2,96.20276041666666,100.6576683087028,92.48860349127185,106.93336683417084,106.20535593220339,101.66817280953484,,,,100.27034844458476,107.50713690869252,109.14495779150668
78,Seth Lugo,3 Tms,12447,818.1,92.79638508371384,92.34721870433513,91.06455502392343,85.54041666666666,97.6700420963548,103.21109860034159,76.64922384701913,,,94.61265804575017,101.35723779237718,96.32231689340759
79,Hyun Jin Ryu,2 Tms,14444,702.2,80.74027744270205,85.10967136150235,92.14160409556314,,98.61142857142858,106.39585079083344,91.20266770670825,,,89.9552717491232,109.11248925657634,97.23244047973982
80,Alex Cobb,5 Tms,6562,807.0,80.58564705882353,99.46794433902593,,93.90078009414927,107.99736434108527,,,98.45959765297569,,97.01075181518588,106.712827293561,105.92449600181034
81,Hunter Brown,HOU,25880,622.1,106.84368328739664,110.98831626848691,96.79864864864868,,89.83319581025806,105.64,87.77411630558723,102.43728369166229,,102.96974791887277,98.05083281922475,102.67560554636066
82,Julio Urías,LAD,14765,580.2,103.57935237123917,111.60333333333334,132.37473684210528,,133.22791666666666,128.2569807699689,100.15294469357251,,,111.65023763403283,105.26170999667255,113.74909613559822
83,Martín Pérez,7 Tms,6902,1203.1,83.61144736842105,93.44124849939976,89.32595072646876,,113.5209677419355,86.03023603371209,87.51681098835473,,,89.74616697398494,102.90180604215922,95.32051003562232
84,Frankie Montas,5 Tms,14309,728.1,101.14705005324811,101.93928907922911,103.98719917012448,115.69171026156941,111.24402393934234,,,,,106.14778152023209,100.5509418627303,106.09968748116538
85,Noah Syndergaard,5 Tms,11762,605.2,84.5213829787234,92.58378592666007,85.17647619047618,77.26666666666667,95.04072892938498,106.58314335692782,75.54980609418281,,,89.44237467951459,104.8669833920582,95.24157903024965
86,Tyler Anderson,6 Tms,12880,1117.0,95.89496811594204,93.45105328376702,102.15291420632164,,106.92985654008442,80.59837606837607,107.91895676046671,,,101.05287459700584,98.92662228628438,97.25615713323369
87,Adam Wainwright,STL,2233,898.0,75.57216374269005,82.65303494307028,88.98338014527843,,113.55749999999999,106.55135868190168,71.82120967741936,,,90.63702016847773,101.72577321949258,92.9898107019516
88,Kenta Maeda,3 Tms,18498,715.1,82.06072857142858,84.14520775623268,101.98647058823528,96.79816023738871,99.42749774931993,82.80222222222221,,,,92.81485382613458,105.52489154516226,101.02510727322503
89,MacKenzie Gore,3 Tms,22201,700.2,101.30236111111111,106.79461538461538,94.5218927444795,,95.92481019475522,104.3446110912222,95.32377635197066,,,100.41545979123141,98.90249793774795,100.336230107429
90,Yusei Kikuchi,4 Tms,20633,1037.1,103.68848046309695,97.12888888888888,96.99521512781858,107.17663461538459,99.5575801676018,96.30088321750273,104.06220472440945,,,101.2667971046193,102.15339075538203,104.74203218650275
91,Bryan Woo,SEA,30279,568.2,110.93032512315271,108.99379450661242,,,110.86557801657266,118.44953846153844,83.78034782608697,,,108.69928972242747,104.96749793115602,110.83195302593572
92,Hunter Greene,CIN,22182,523.1,110.53246901036373,99.54071428571429,,108.3095535714286,127.68402094914198,109.36069148936171,75.19607142857144,,,115.86582220155148,100.13137765480788,114.20394159606364
93,Spencer Strider,ATL,27498,467.1,109.70596136962247,,,,112.41432589425757,96.76512442396312,96.32043912175651,,,109.23361992131524,97.1868252314265,105.04892745856024
94,Garrett Crochet,2 Tms,27463,381.1,113.69969207082374,107.67162650602411,115.25790973871733,98.75500000000001,140.96267990830464,,94.55120805369127,,,116.16151387787674,100.81242382057803,114.24211668300619
95,Shane McClanahan,TBR,21483,522.2,99.96234807508749,,,,119.51732523377669,117.57274132240909,124.37391402714933,,,112.61196047531334,99.80458733699061,112.24933190173626
96,Andrew Heaney,5 Tms,15423,959.2,106.17709269893355,100.83520912547527,88.11333333333334,,98.66888891965625,95.92828327353018,91.37352813852814,,,101.20870980905758,102.48165686025057,101.67246578400055
97,Justin Steele,CHC,17312,493.1,98.47823658751099,90.93169734151328,,,117.58832441235974,105.38323327624659,82.97890243902437,,,103.6364831291493,98.74772942592827,101.7742104496549
98,David Peterson,2 Tms,20302,712.1,82.05999999999999,95.87931079750572,,,96.8053589595111,88.41747933728466,86.86927760577917,,,90.11741661923064,100.04836614540743,94.18591044743087
99,Marco Gonzales,3 Tms,15467,882.1,87.66362580645163,79.90653846153845,83.42734724292103,,,94.46781764033119,96.90556270096462,,,90.18336287566042,104.36192276968676,92.77383926136915
100,Lance McCullers Jr.,HOU,14120,600.1,85.62489795918367,95.64283008942662,94.81677777777776,,123.3501446864259,,85.80614583333332,104.14712659075688,,102.08473844982065,98.098978549625,102.28274919818219
101,Trevor Williams,5 Tms,16977,912.1,91.8204994192799,84.33832804232806,,,90.26284902438431,89.43216490998974,75.55018056749783,,,88.02822100403617,105.60421613001634,94.42410516044842
102,Bailey Ober,MIN,21224,745.2,92.68455649310557,76.76808219178082,90.72125237191649,,98.85388842351551,94.33568125805863,104.54538731271916,,,96.9130760386394,103.89835723748538,100.5527605740652
103,Reid Detmers,LAA,27468,570.2,98.2525668202765,97.60367346938777,,,112.21882682010303,101.50451923070658,96.77222591362126,,,102.77051184578119,102.22379303889417,103.32048623913482
104,Patrick Sandoval,2 Tms,19447,577.0,87.28575665067598,95.56442056792018,,,110.91395850754476,95.46420808570663,110.42088235294118,,,101.59484123921132,97.23771428032717,101.11613695434743
105,Tanner Bibee,CLE,30134,686.0,90.02435009116957,105.32368807339451,102.58251308900522,,114.30912219136502,99.25902308814204,118.30037652270212,,,102.69353737729985,99.11339397327963,100.08767012266459
106,Mike Minor,4 Tms,10021,677.2,88.66620867325031,79.244,,,104.39040558498964,,98.34939823008851,105.01109756097561,,96.27179755855502,103.10582302050686,100.49088192958615
107,Cole Ragans,2 Tms,21846,395.0,107.78178170690242,,95.58898016997166,,124.30281755420742,94.30631578947367,113.77746658179501,102.42539877300617,,109.23730968560155,98.29778915280438,107.01245405711872
108,Rich Hill,8 Tms,4806,789.1,92.62225503355705,103.34774047619047,92.66183535762482,,125.71536200664677,105.94298942361397,84.9981818181818,,,100.20433890752783,99.05684875470175,94.27661464543978
109,Reynaldo López,2 Tms,16400,683.0,90.46090328078398,,,,105.73110522749042,96.28608671171173,98.21977099236639,,,96.03844230389727,101.61357564923102,96.85955953368972
110,Dylan Bundy,3 Tms,12917,794.1,91.88012903225807,90.09554621848739,,,101.7376382253789,81.8925535331055,96.64222760290558,,,93.64223995087355,101.08265452492148,93.74112533203916
111,Aaron Civale,5 Tms,19479,797.2,88.40179419525066,83.46362886597937,99.800278692678,78.95954703832751,108.64476502640655,125.01825371507503,81.88454545454545,,,99.75583499564016,103.0451644802307,100.85491227785057
112,Alex Wood,4 Tms,13781,691.2,90.2,97.25610307094954,,,98.05537901339648,,90.63626749611198,,,96.15597513501183,104.73936054027011,98.40606829796661
113,Michael King,2 Tms,19853,507.2,99.05851768669287,98.12625,107.64142857142858,,111.39885943634003,104.64599999999999,80.04948837209304,,,97.28767104278504,102.46306421043336,100.47890880417003
114,Jake Odorizzi,4 Tms,6397,687.1,91.09399901136923,,92.42278991596639,83.7644415243101,97.70184679944829,93.35896374269007,,,,90.03341771875877,104.24843843953597,94.44937909568013
115,Taijuan Walker,5 Tms,11836,905.1,96.9994825727632,88.47196950444727,94.96732091690545,84.03065930272695,104.43459930349448,87.99232134258817,,,,92.26400725221663,100.259648799112,94.54698634366466
116,Masahiro Tanaka,NYY,15764,561.1,86.1211891891892,90.96000000000001,,75.23874345549739,99.89406896551723,88.472,,,,89.11472041612485,109.68892067620284,100.96962288686603
117,Dallas Keuchel,7 Tms,9434,785.1,80.20272727272727,85.95606710158434,89.6944096385542,,91.1267628205128,,80.50302432610124,,,85.50249142178303,103.84104412333463,94.76279864405355
118,Wade Miley,5 Tms,8779,753.0,94.19263598326361,101.10896174863389,98.43271560369034,,114.93674393987509,88.5901925925926,91.45168937329701,,,96.43823326101469,102.08033228509876,99.72582789279238
119,Kyle Bradish,BAL,24586,512.2,89.27193213949106,96.40308983218165,,,110.12776363378525,104.51094250376967,81.90627866756898,,,99.26064758035376,103.77039297333052,105.20528838840771
120,Danny Duffy,KCR,3542,548.0,107.0819387755102,90.76540740740742,,,91.84526315789475,93.74109243697478,93.44452054794522,,,98.35087612363148,103.65848231065932,102.55412774009135
121,Chris Archer,3 Tms,6345,589.0,84.86942408376964,,,,99.81918668085584,92.83479343520091,82.31505016722407,,,91.41577564087905,92.89359789837158,90.04519872722263
122,Dean Kremer,2 Tms,19350,748.1,100.17600284158182,87.35164619164618,101.89220147939415,97.62974398758728,106.12457629367536,88.4610473037658,93.88805013927576,,,96.86931625790025,99.13917303490793,96.3160418212778
123,Andrew Abbott,CIN,29911,579.2,90.59106185349377,,90.74590476190475,,117.36799921350494,93.45779843278443,85.98039458850056,,,94.72876890122086,100.95820597620502,95.07877974822057
124,Antonio Senzatela,COL,15488,759.0,81.09011575239053,76.00072538860104,,,106.14177723768047,102.07059210526317,82.18489655172414,,,89.30113316223738,106.85194722896858,96.83455130626717
125,Cal Quantrill,6 Tms,19312,852.0,84.82664410992957,83.30742648209431,93.64641397061474,91.772892436336,101.46308427894678,100.67835800162818,83.31868949514336,,,88.39808157950945,100.37098368048751,89.6903912513484
126,Adrian Houser,5 Tms,12718,710.1,82.25227790432803,100.2271417069243,,,94.11431665655444,79.97793940071483,87.25926495726495,,,92.693267249801,104.12244363478997,98.0107443061754
127,Nick Martinez,4 Tms,12730,608.2,94.66230559345158,98.41373853211009,86.39228161668841,,95.53564419663529,90.19129552134054,116.07564489112228,,,98.43815004591666,106.26739861684669,103.30304620920224
128,J.A. Happ,4 Tms,7410,681.0,93.86606365159129,87.91213622291022,,,103.44740023779704,106.0153488372093,84.4125290023202,,,93.24552778740832,102.09258459762111,94.10680126288639
129,Rick Porcello,2 Tms,2717,628.0,77.8009708737864,85.00816229116944,,,90.51552447552446,98.65639999999999,86.28290322580645,,,86.69319713993873,108.31765066394281,95.09007150153218
130,Brandon Pfaadt,ARI,27782,563.0,99.16284062161186,96.9107155322862,90.3491466083151,77.2,118.27991571453087,94.61462291308507,77.31765363128491,,,98.98415224882909,106.28691223138264,105.01352036987674
131,Jacob Misiorowski,MIL,31623,238.1,128.31926186291741,125.71999999999998,116.45577235772356,,115.55988067276726,128.6385821477039,101.76391752577322,,,124.5510303051128,101.44980683535012,126.57030286433265
132,Michael Soroka,5 Tms,18383,482.1,91.81060211049038,91.58024556616643,94.01273584905663,,99.30735159817353,97.54468757613431,89.24209106239459,,,93.71393674695939,99.26614603687464,92.4053277714193
133,Steven Matz,4 Tms,13361,776.1,,95.99930472569255,,,93.53966587112174,109.77122697648633,102.85728776185226,,,99.69497617844341,107.94522890394006,105.46652892096016
134,Ross Stripling,4 Tms,13273,554.0,84.05837837837838,83.67159268929504,79.09774436090224,120.94,94.9379017235401,,109.61275974025973,92.66383561643836,,92.58273336341233,107.09632171098937,99.30307936740782
135,Jon Lester,3 Tms,4930,736.1,78.74001936108422,86.59056261343012,94.92912663755459,,,94.86355111555112,83.17881720430107,,,86.73391971174999,98.54556831843803,88.2814516918764
136,Cam Schlittler,NYY,32095,266.2,114.02897498773909,107.5724852071006,110.21587270973964,,126.59703723091019,108.17322314049586,,,,113.09017914544013,100.90155056636627,112.3837847078183
137,Nestor Cortes,4 Tms,17874,502.0,114.12503020318508,129.02534090909091,103.45830334190231,,107.70584987304441,104.67800000000003,92.54453468697123,,,108.83136961930488,100.58949783226491,106.45306599763285
138,Brad Keller,3 Tms,15734,647.0,90.9531324110672,84.3182394366197,,,101.18358077719569,94.46716417910449,79.93816867469879,,,92.3001807604221,98.54774619683177,93.31186950410525
139,Chris Paddack,5 Tms,20099,603.0,94.2376923076923,84.6431654676259,83.52821428571428,,86.65993335468528,87.99349247200406,101.39082504970179,,,94.18906956188162,109.92755037155636,103.85828228227173
140,Gavin Williams,CLE,30122,510.0,100.66419211384526,94.24428134556574,85.31414438502675,,114.21395189490238,101.93066500512934,76.08796087029855,,,101.65853748503926,102.04890463841708,103.58453183088477
141,Zach Davies,4 Tms,13183,851.0,75.5547355769231,72.76799760550732,68.88159375000001,,92.30978888888889,81.79954109653346,88.05344412131285,,,78.55249440195998,106.18656935528037,89.56533979611822
142,Gio Gonzalez,3 Tms,7448,470.1,78.70778625954199,79.47085714285714,,,82.34,104.50800000000001,76.98973451327434,,,83.09173410404624,94.84421965317918,79.96774566473988
143,Anthony DeSclafani,3 Tms,13050,607.0,92.91230366492148,104.41077199281868,,89.14964285714287,91.62390209210447,,82.99589098532495,102.98018779342725,,94.73663050226574,102.31353829335265,99.43208276028027
144,Casey Mize,2 Tms,20492,568.0,96.16635867821623,100.01805705474173,89.05084112149531,96.55010537992237,86.73656852166746,100.20282293178519,,95.16144846796657,,94.64040980772447,104.01148354399263,100.17373149698373
145,Cristian Javier,HOU,17606,517.2,97.86096774193548,85.28760563380281,95.08853333333333,,118.01848545607264,,82.98829139072848,93.12244131455398,,102.36868621568388,100.81064410847128,103.37773294587623
146,José Soriano,2 Tms,22100,453.1,92.16434944237918,104.40719443524345,,104.45959271168275,106.5724758825944,,140.584,99.4314300626305,,101.50255811343322,104.00995606251882,107.04048625531937
147,Madison Bumgarner,2 Tms,5524,811.2,92.62597325408616,80.65186440677967,106.27171388759871,,102.04,100.63365185769229,73.94412639405205,,,97.22087600748539,97.92945083107426,90.63219108163827
148,Tanner Houck,BOS,19879,423.2,86.23995104039169,104.76009072580645,83.49052631578948,87.84781249999999,110.55652391210171,,,,,101.12778483164169,103.78386495825106,104.33986942811167
149,Taj Bradley,2 Tms,22543,561.2,107.99920532952653,105.95333333333333,108.12572719060526,106.40704444444445,,105.12295037642775,,,,107.06834725471404,92.35969544631544,99.50860974951279
150,Jakob Junis,5 Tms,13619,624.1,84.7791869918699,80.39619047619047,95.38194444444444,,111.21887183622388,74.74000000000001,75.23155555555554,,,95.06829149249026,105.33051603864689,98.48812244353783
151,John Means,BAL,16269,390.0,104.49087123287671,,,,107.30683281069483,87.3617142857143,111.01953007518799,118.32782442748092,,108.64429331086045,108.09400678926201,114.32574064839909
152,Dustin May,4 Tms,19716,440.1,107.91683018867924,103.54786789703739,94.19202265372168,,109.08834785574024,132.11923149697984,87.86651162790697,,,106.67327397271097,100.43471833867433,105.78156502381105
153,David Price,2 Tms,3184,390.2,89.36027972027972,95.9906,100.75435897435898,,,,88.08679487179488,105.23600000000002,,93.6282200647249,106.8959546925566,99.26831715210359
154,Shane Baz,2 Tms,22264,465.2,100.8217889908257,91.70874999999998,99.09632653061225,,104.96583162573461,111.87534482758619,82.88047872340425,108.76065088757396,,101.629134493168,101.03290706761685,104.02610366155515
155,Spencer Turnbull,3 Tms,16207,338.2,89.30140439932319,92.09719489981785,,,112.78905452426363,106.44200000000001,88.70915662650602,,,96.81406872599067,104.18892523728968,101.89150503192194
156,Nick Lodolo,CIN,26378,517.1,105.28183006535947,100.19804386484884,,,,120.92286027195041,90.57387033398821,,,105.68096430471421,98.98901271621938,100.5232861521467
157,Brayan Bello,BOS,23920,586.0,88.30626978146195,109.50460821917808,90.53281618887014,,95.77705154648758,100.49849056603773,85.67841035120149,,,97.3342620868386,104.0748808419647,102.78910829501572
158,Cole Hamels,3 Tms,4972,483.2,93.28,100.96,84.92,,,86.25999999999999,100.62000000000002,,,92.63176470588236,97.11607843137254,84.11607843137254
159,Tanner Roark,4 Tms,8753,571.1,71.92625407166123,76.55470588235295,,,85.6385393258427,95.96345530145531,92.15463414634148,,,81.7191333518931,102.1494154138827,87.78509477078693
160,Mike Leake,3 Tms,10130,568.2,,,,,,,,,,,,
161,Luke Weaver,5 Tms,16918,484.1,86.6707543698252,102.75999999999999,83.76021739130435,,102.25526254843064,91.80255319148937,99.76862632084533,88.97819607843138,,91.44618462801678,107.50898981157027,99.5838951472011
162,Tony Gonsolin,LAD,19388,389.1,79.87813836477987,,,111.55759175788798,105.24996404600017,89.95023711484595,,,,94.69126336712338,96.94409444943412,91.39492346817634
163,Luis Garcia,HOU,23735,346.1,93.84063694267518,74.288,107.8492082501663,,108.26324367389134,89.38289482615474,96.46858181818182,,,99.82784937119982,99.10826454212287,97.6776160547791
164,Ryan Yarbrough,4 Tms,16502,409.1,89.10523867809057,84.90214876033058,102.31995015576324,,112.32000000000001,122.25225386418578,87.27059885151765,,,102.97020072053364,108.30994712511952,106.37116759853114
165,Parker Messick,CLE,31986,226.0,95.6400412087912,92.03205323193916,93.92043165467625,,97.65277378557057,101.76239263803683,103.24904988123517,,,97.57228200423621,106.49416816103701,105.7644476595317
166,Kris Bubic,KCR,21455,464.1,90.62997560314447,91.73890909090908,,,90.93856762408454,92.83888168046008,95.03928571428573,,,92.12407315086247,99.99203441343425,94.24164308773558
167,Andre Pallante,STL,26108,490.1,95.31038280329801,102.4578334680679,,101.54,91.89227534271969,92.26537931034484,98.32,97.9957815442561,,95.87631109217345,102.65073469251338,100.5554498248132
168,Aníbal Sánchez,3 Tms,3284,506.1,80.67023454157781,77.16134615384615,79.73654804270463,88.59773851590107,75.20914285714287,87.39167509100605,79.54708994708993,,,80.9650941890425,103.42429363672451,89.52131528965495
169,Shota Imanaga,CHC,33829,492.1,99.64497028021512,80.02112903225806,79.94833333333334,88.81409165302783,104.74909774279529,87.4182,99.9534,,,95.81384364194834,109.06440054176788,104.68909985130158
170,Eury Pérez,MIA,27768,344.2,119.43966955153424,104.32524793388428,,,117.28997801806575,110.06572853871387,83.25170923379174,,,113.51637694677957,95.48186134055662,106.90457191337113
171,Dinelson Lamet,2 Tms,17186,300.2,94.2760821484992,88.06743295019157,,,122.75762251602563,,78.98969230769232,,,107.75128040198295,97.83252424430401,104.10894186116134
172,Michael Lorenzen,7 Tms,14843,649.1,88.21438464433571,96.21190573770492,84.34484848484848,,98.65206268066107,88.1990405734117,91.92242309512542,,,92.16896865200765,99.95646442318554,93.00655506321455
173,Bryce Miller,SEA,29837,515.2,105.00725862530086,98.34164278892074,89.81075144508672,112.48848176420694,102.33322589608001,94.2811111111111,97.05367521367522,105.48104395604395,,104.20201307175277,103.88690503457904,107.43492962384023
174,Eric Lauer,4 Tms,19316,738.0,97.41464732650742,,91.79110364145659,,101.16024229870555,92.63004024154161,81.17829716193657,,,94.77678273735103,100.51245311635539,94.0074637115067
175,Dane Dunning,2 Tms,19409,520.2,79.26842975206613,94.38398359695371,82.42781834372218,,94.89434408694142,82.94476190476192,79.97328413284134,79.33176029962547,87.92,89.6937996744893,96.06231704298519,88.04163627319748
176,Chase Burns,CIN,35333,188.2,105.92152198421645,88.78000000000002,,,125.70337682145356,105.71626373626374,90.55349902534115,,,112.49693809989901,101.69584618519605,114.92432249748073
177,Alek Manoah,TOR,26410,420.0,102.49239448751077,91.76520325203253,,,101.19766600607045,,73.94095854922278,,,96.04453354054874,94.19921856171506,90.08126620149238
178,Jeffrey Springs,3 Tms,17677,480.0,91.51889853337325,103.58500000000001,89.05945945945945,,97.08520771966003,,109.93517995444192,,,98.03827236721332,102.5031291851876,100.4602530406367
179,Michael Pineda,3 Tms,5372,422.0,80.62823830877642,,,,113.32243243243244,,81.86097251585625,,,90.21368170373883,105.032134176963,94.87341463304517
180,Mike Foltynewicz,2 Tms,10811,585.1,91.27962905718701,90.81570212765956,,,106.49420165969008,105.19531303430462,79.55373665480427,,,94.95782555917731,102.27697627091747,95.32255076066619
181,Austin Gomber,2 Tms,16561,637.1,76.99345068599534,84.2544827586207,84.81349999999999,99.48666666666668,103.53296440474655,,102.71777649102488,106.96252110298256,,92.92804127945983,103.76519568132369,96.8523294100889
182,Iván Nova,3 Tms,1994,554.0,68.60925925925926,77.75842105263159,,,,110.4830985915493,68.99454545454545,,,82.86014134275618,95.26925795053003,81.35561837455829
183,Jake Arrieta,3 Tms,4153,619.2,83.88,85.74686153846153,,,91.78397047368402,105.05870370851633,92.7087969924812,,,90.42137914512281,97.249264561164,90.00609193436026
184,Carlos Martinez,STL,11682,407.2,83.12755555555557,92.62889830508476,83.5167509025271,,113.39515724782468,87.72526315789473,94.7159842519685,,,93.49008497051035,99.05538788337256,91.99857509551758
185,Clarke Schmidt,NYY,19899,342.1,91.6325,89.00864154250657,97.8984099943214,,109.36389289573522,,83.84829268292684,122.93935424354244,,103.50449730419254,101.60068202771798,103.82867609402051
186,Braxton Garrett,MIA,21844,324.2,90.31740863787377,105.05974522292992,93.62373493975906,,107.5473388979285,89.49980236290912,95.81425373134327,,,99.7209532358723,97.86169357173432,97.63174770085247
187,Griffin Canning,3 Tms,19867,617.1,80.90330640149162,94.65521126760564,87.63346534653465,,105.0395569231128,88.78663958648288,92.44782481751824,86.78900763358779,,90.75705112417809,100.64109439955386,94.69110421345515
188,Brett Anderson,4 Tms,8223,454.2,72.736,86.7041547861507,83.92226415094338,,100.42655393855392,,81.50303350970016,90.4731884057971,,86.6245163263309,103.40736734611099,93.11489713238124
189,Reese Olson,DET,24968,272.2,78.60924062214089,96.83898536585367,,,105.0199368612171,97.6988929889299,95.87159663865548,,,94.42209555759993,101.97259948675173,96.17865948231817
190,Tyler Skaggs,LAA,10190,290.0,,,,,,,,,,,,
191,Zack Godley,3 Tms,14862,397.1,64.2195,70.3673076923077,75.52299065420561,,,,83.33018181818181,85.8688679245283,,78.84321116928444,94.22917975567191,77.99982547993021
192,Spencer Schwellenbach,ATL,31846,234.1,109.78258823529413,104.39188811188812,97.70291497975708,116.81860869565217,111.1833625482596,98.5112087912088,,,,107.3448255594165,108.07402328455917,114.489134276718
193,Johnny Cueto,4 Tms,6893,603.0,93.94565930956422,90.15497005988024,82.92566929133858,,91.12853195718927,95.6334294646613,79.22430014430013,,,88.57050457488914,108.4647447274072,97.38637916122632
194,Cole Irvin,3 Tms,19244,519.0,90.87270211216314,88.44407008086253,97.28056249999999,,103.2027117681667,100.2791693626658,83.4796111111111,,,91.36478291982623,103.82894165620634,93.91717794136902
195,Bryce Elder,ATL,27779,581.1,74.33187628865977,86.16669352517985,81.85119047619048,,99.44541103271352,,86.39601398601398,,,88.3357983754907,103.60651128583409,95.04289860401522
196,Michael Fulmer,2 Tms,13218,339.1,90.22697916666668,91.71573770491803,102.56617977528092,,128.28,106.24437499999999,84.85441860465116,,,94.7369768877033,94.4330556606215,92.22063543885491
197,Tylor Megill,NYM,21318,401.2,97.22851063829786,103.61886792452832,90.42494949494949,124.89752577319585,102.01571934434337,91.55596194871349,90.27088300220753,,,97.46202881284266,100.2505936333188,98.74662361453275
198,Davis Martin,CHW,21448,369.0,90.67761486835313,90.08372163388806,90.4864779874214,,99.1329843808384,93.65627729636049,90.0653392857143,,,91.88765574707558,96.00474801027397,89.05109563720603
199,Jimmy Nelson,2 Tms,10547,189.0,75.67999999999999,,,,96.36,,,113.1,,96.23951219512195,59.3790243902439,66.45512195121952
200,Jeff Samardzija,SFG,3254,450.1,93.98428571428572,91.62255319148936,98.60799999999999,88.1648148148148,91.4605633802817,,,91.18,,92.91744966442954,93.38557046979865,88.55550335570467
201,Domingo Germán,2 Tms,17149,477.1,94.19227045075127,99.66061776061775,,,,99.90354448048883,80.38259740259741,,,93.98794929823052,99.98043160760287,95.92632846028113
202,Ryne Nelson,ARI,26253,505.2,106.63237972508591,80.11083333333333,91.66293838862559,,103.55940703488243,93.86127329192547,101.93893835616439,,,102.69661730712697,102.2520677532985,103.58560236840006
203,Braxton Ashcraft,PIT,23793,198.2,91.09524886877826,106.17113821138211,,87.5096,103.92286206590877,131.0779102125104,83.15157894736842,,,106.6445093954986,106.48166540749035,109.52921671226741
204,Nolan McLean,NYM,33703,227.2,104.74039215686273,113.95669950738917,100.26476964769647,,94.88056318047474,116.91340782122904,103.31338775510204,,,107.35582278926431,95.96008179279038,106.12731378273472
205,Erick Fedde,4 Tms,17425,795.0,80.19879679144385,85.34306026365348,88.43348519362188,99.52,107.50497915751488,105.29145646491146,80.75719021760517,,,91.05536799694141,106.47651122266855,99.52705532414973
206,Vince Velasquez,4 Tms,11189,521.1,102.53480457005412,83.14136125654451,,,96.00685375289768,,74.29515021459225,91.0482474226804,,94.8393046332859,98.55956458137021,94.51714678827018
207,Kodai Senga,NYM,31838,316.2,97.44227995758216,81.26314285714284,84.0458154859967,,89.7904929777074,73.69929740744934,,,118.86113653136532,97.91182584718466,93.7426928235815,94.7750549802242
208,Noah Cameron,KCR,30184,308.2,85.703584,94.25202797202799,91.1354242135367,,102.91985814762131,105.70565690459425,104.04143899895726,,,96.54595107474208,103.34914561753635,102.91998834509677
209,José Urquidy,2 Tms,18413,382.2,92.00025513819988,92.77364485981307,102.97859374999999,101.44,115.95020953538295,95.05569121447027,108.56848484848484,,,99.34422548910374,105.30685121371171,102.22860226174392
210,Jhoulys Chacín,4 Tms,2608,479.1,70.12,76.03999999999999,,,85.76,100.28,28.28,,,83.19245283018867,99.81018867924529,90.18075471698113
211,Joey Lucchesi,2 Tms,19320,387.1,,103.26599752168524,73.6097071129707,,,108.14234587938275,97.42857142857143,,,99.80668733978607,92.60273812177184,92.08544863782657
212,Cade Cavalli,WSN,27473,222.2,96.09613120269134,100.34672064777331,95.1153982300885,,110.44952146295974,121.74,93.54391566265059,110.39380224260961,,102.16384153611725,98.52399929921543,99.92224814913678
213,Jared Jones,PIT,27863,223.1,98.6968779342723,,,,109.31465058818405,99.36517571884983,99.14697068403909,,,102.45094805141363,104.91417410071297,109.1236540373468
214,Andrew Cashner,3 Tms,8782,446.1,,,,,,,,,,,,
215,Chase Anderson,6 Tms,6895,596.1,81.52715897435897,79.87278260869566,92.75584415584414,,105.09823451910408,83.79785714285715,97.35901856763925,,,89.4714775083603,98.53614103585998,92.00592590368313
216,CC Sabathia,NYY,404,408.0,,,,,,,,,,,,
217,Ryan Feltner,COL,21446,444.0,88.79714172604909,98.92536496350365,87.94,,90.8138339564834,104.19798537864399,95.55246290801188,,,93.14544184813545,98.21311245858008,92.80104606074177
218,Kutter Crawford,BOS,20531,354.2,104.43997035573122,,93.89812571428573,100.60656000000002,109.8408894230769,,85.61864406779661,82.7548013245033,,99.18123714913283,102.60329562314277,101.65809867282002
219,Will Warren,NYY,30182,333.1,105.78001822323463,103.34766939687269,120.91,,101.29643068411535,104.56270588235296,90.79458026509572,,,102.5092115553281,101.7216013938499,106.33612755573846
220,Grayson Rodriguez,2 Tms,24492,337.1,105.17002126151665,107.95090909090911,91.21688073394495,,114.66093879985765,97.11121480858309,116.90409602400601,,,108.04797261630586,101.92860595042515,108.49819069217374
221,Ryan Pepiot,2 Tms,26221,347.0,109.5867291741796,92.7609090909091,95.91179810725552,,98.15822962650867,102.7578231292517,111.401512605042,,,106.89811156125789,97.28886510221285,104.01908851428767
222,Triston McKenzie,CLE,18000,425.2,93.99159120310479,,,,92.85410488443941,100.64628189015606,80.32628571428572,,,95.01652770372327,95.90385484755114,91.30648927104833
223,Zach Plesac,2 Tms,19979,477.2,78.08461474036852,61.964,,,100.10100630390872,100.1806715571538,85.45844015444015,,,87.52574803663073,103.2302179322516,92.10639289985374
224,Sean Newcomb,5 Tms,16943,335.0,91.05821205821206,96.54152173913043,94.35424,,102.60000000000001,112.03977709790209,86.33275862068967,,,96.60984643675755,93.69907478582199,89.89650578258862
225,Brad Peacock,2 Tms,5401,196.1,87.68,89.38,,,106.98,,84.14,92.38,,94.51148936170212,87.57021276595746,84.17787234042552
226,Landen Roupp,SFG,30076,280.1,96.10300578034682,93.68606530160487,89.45025742574258,,94.99428571428571,113.48276459739024,86.99909292035397,,,98.1495080018859,105.38312569871852,103.28801512771332
227,Paul Blackburn,3 Tms,14739,436.2,86.46699228791773,89.13477115987459,89.72744715447155,,96.46535957635939,98.89797542383562,78.5615519399249,,,89.8431323403275,105.69387070733856,98.6841492081423
228,Payton Tolle,BOS,35466,159.0,124.39841777777778,100.04101818181819,101.44172484599588,,101.85999999999997,128.75799126637554,107.77756097560976,,,114.364707224166,99.06141365899192,111.19775182339116
229,Ian Anderson,ATL,19951,272.1,92.85560088691797,98.5442857142857,,,,99.43709407735697,89.00757357750163,,,92.91251290293783,99.3838236275618,96.15793483403176
230,Edward Cabrera,2 Tms,21690,499.0,92.38357219251338,99.41971186440679,,,105.90836787766096,111.91461420557194,93.32333333333331,,,99.65623256779259,97.74889880192116,99.0617914084196
231,Jason Vargas,3 Tms,8044,420.1,,,,,,,,,,,,
232,Zack Littell,5 Tms,15823,489.1,85.7036312849162,82.19424408014572,,101.60757126567844,84.29479542818692,,,,,88.4272090283934,104.81002887673108,94.93950642223649
233,Janson Junk,3 Tms,23301,238.1,93.87312806158154,91.05060240963856,,90.212,103.74758109401539,93.40381912199241,98.85922246220304,,,97.95721096063158,109.7437657795453,106.56433520281244
234,Homer Bailey,4 Tms,8362,368.2,75.81724137931036,116.7,,117.916,110.09666666666666,,,95.57714285714285,,95.43278195488723,103.16947368421052,95.82721804511277
235,Matthew Liberatore,STL,22294,408.0,85.43240566037737,91.59089133089131,88.29019607843136,117.97111111111111,106.08574205533466,117.3254197940099,80.88479899497487,,,95.90487528404203,98.58983629616681,94.42905236271048
236,Mike Fiers,3 Tms,7754,574.0,77.93770392749248,73.55911949685536,,,80.60233681099785,96.63887096774195,81.58545454545454,,,80.75356019777908,104.05211469873183,85.67131391352912
237,Jordan Zimmermann,DET,4505,407.1,59.77777777777778,77.54400000000001,,,83.58538461538463,89.25,73.62,,,75.48166666666665,112.08433333333333,97.74866666666667
238,Daniel Norris,2 Tms,13475,279.1,82.13946666666665,75.1675,,,88.66268656716419,94.565,90.99409836065574,,,86.11280334728033,88.06175732217572,79.3020920502092
239,Emmet Sheehan,LAD,29839,220.0,97.79083754918494,,,,101.84135444612772,89.39242331174026,109.20758957654722,,,100.1721366321297,103.26362035679806,104.6919575933005
240,Joey Cantillo,CLE,23335,248.0,88.42587100663052,,77.32652849740931,,80.46295671800318,99.9478539931777,107.82293855743544,,,95.35211400744382,97.21391079310337,93.5326424803733
241,Clay Holmes,3 Tms,13649,277.1,76.33463414634147,96.99355697550587,94.20462311557789,,106.28175831127908,129.8663063063063,91.96943164362519,,,98.4067944239776,99.78109509660841,99.05186845002801
242,Mitchell Parker,WSN,27636,309.1,86.48414950419527,,,94.75120643431634,101.1899538485607,92.51384480783318,,,,90.64270918954138,102.36436732845736,92.47568295168784
243,Sean Burke,CHW,29878,262.1,109.49522865013772,87.51258536585364,88.238671875,,87.66939836698178,84.43542268041237,86.81915151515149,84.71607214428859,,95.62245183069291,100.34590133268848,96.9860472521108
244,Chris Flexen,5 Tms,13896,578.2,79.13914515203672,62.50410256410256,91.27956112852664,,92.87277315037521,85.296312217902,99.5247640117994,,,87.09162641917821,102.79513356901633,91.78537315306743
245,Graham Ashcraft,CIN,27552,328.0,,81.99404358353513,105.46776614940454,,121.32138459075037,,96.1456603773585,,,106.99229456457938,99.30359360942695,105.78976501588329
246,Joe Ross,3 Tms,12972,286.1,96.24908629441624,90.29253152279341,,,99.46883738693467,99.58099999999999,74.37129411764705,,,93.19274061908271,105.44394704191612,99.36186877799841
247,Colin Rea,2 Tms,12317,511.1,91.58260665362037,96.71897810218978,93.85383177570095,87.31188311688312,105.53462734116637,93.66709414270852,95.35106796116506,,,95.34304729704066,100.98022767266936,95.65596770469767
248,Ryan Weathers,3 Tms,23796,387.1,93.90146703082326,92.88136246786634,,,110.05871198106189,,95.88816655473471,,,98.652608389651,102.46574205223831,100.86614132498964
249,Trevor Cahill,6 Tms,6249,287.0,85.511,92.28006896551724,96.72035294117647,,,,96.03027667984189,99.84231155778895,,94.99969373964971,100.77640894054741,94.8850028741646
250,Jordan Lyles,6 Tms,7593,778.1,84.08464702271333,84.80772881355934,86.93018766756032,,98.67220517749077,85.51958320524538,79.33737078651684,,,87.43840830854468,104.00783841060105,93.5454047833881
251,Jake Irvin,WSN,21504,585.1,96.21186490455213,99.6058595859586,90.17984126984126,,102.82763317192675,98.91342773737483,76.88395229982964,,,96.5307266273621,102.04453463836116,96.27410574651645
252,Logan Henderson,MIL,31475,123.2,107.65973273942093,,93.90458015267176,,108.30016890213612,,96.9950432276657,,,101.94299334509087,108.18483849680176,106.760150410526
253,Chad Kuhl,4 Tms,14975,512.2,86.2545956607495,80.85218508997428,74.32,,96.96559164632609,,71.39111111111112,104.94897033158813,,90.10270408757917,89.74781273477697,83.15546167800434
254,Chad Patrick,MIL,30113,144.0,103.42237037037037,93.8171633752244,110.87549641760494,81.8,110.3796638655462,99.66905586152636,82.14081967213116,,,103.25030595664198,97.91485786372203,100.76294669786789
255,Jason Hammel,KCR,4538,282.2,,,,,,,,,,,,
256,Michael McGreevy,STL,29869,278.2,75.9966605839416,91.70711377245509,79.50116666666666,,91.40488327398094,86.84531991109385,78.6197574123989,,,83.78764358485215,110.88280359291234,97.39604854262365
257,Garrett Richards,4 Tms,9784,272.1,95.00945195729537,82.93116883116883,,,108.75330404561075,101.64652037617554,87.4589898989899,,,99.1353869077255,98.08012517633392,97.60004495477554
258,Brent Suter,5 Tms,13942,202.1,108.63485915492956,88.12507462686567,,,89.48231884057972,86.83263157894737,99.52181818181819,,,99.721065830721,103.42153605015675,104.75137931034482
259,Ben Brown,CHC,23590,157.0,85.79414743112433,92.84508771929826,,,,,89.95327102803738,118.72972253052166,,98.34582667320299,97.04389884799211,94.79589977252154
260,JT Brubaker,2 Tms,17578,315.2,78.75120879120878,92.91897901304591,,,103.48988838129314,95.95038527023029,79.28770833333334,,,93.97754548906639,102.0849594956988,96.26403434946111
261,Peter Lambert,2 Tms,17969,316.0,87.47140532544378,93.63094076655051,85.03962825278812,,96.80518725006583,95.19567678360265,84.44143671607753,,,89.62304266994896,101.71627361867155,93.00627808488417
262,Keider Montero,DET,22630,281.0,90.55391065292096,98.65944055944055,,,101.41296985242687,,85.44259047619047,92.18548872180453,,94.01851989220212,101.03685917079058,94.40802318389471
263,Trevor Richards,3 Tms,19309,284.0,88.56646666666667,,,,,,121.10808510638299,,,102.20248012942062,106.4947284135003,107.0695896572331
264,Bailey Falter,3 Tms,20070,409.2,100.1054467782129,99.60119345524541,,79.38971751412426,88.68750867711498,94.95815829337174,78.75392156862746,,,96.07536984149401,101.95921574295667,97.76007449376759
265,Randy Vásquez,2 Tms,24719,366.1,99.9494458438287,93.60524878048783,93.95686305732485,,110.88925112534008,99.7966568864924,83.29418181818181,,,97.5562717511423,99.68575579452023,95.86578419915327
266,JP Sears,3 Tms,23429,569.2,87.17359980382541,77.76861598440546,80.2525,,122.23748508388292,113.59374782012344,81.23516331658291,,,97.3114744341573,103.29576904464292,98.23191070787449
267,Mike Montgomery,2 Tms,4869,233.0,81.48,78.26,94.56,,,86.0,96.83999999999999,,,88.55695652173912,100.28,97.14869565217391
268,Drew Smyly,5 Tms,11760,455.0,133.4,94.07305877648942,81.71646100116415,,,,97.11333333333333,112.2677821011673,,100.66411547595986,103.17594341626953,100.03809987157766
269,Marco Estrada,2 Tms,1118,353.1,,,,,,,,,,,,
270,Bubba Chandler,PIT,29868,168.0,102.55495393338059,94.82277777777779,,,104.47118551470454,110.49236270138817,88.8001354401806,,,100.76825335620975,102.67624323488836,105.471639103491
271,Luis Gil,NYY,21052,261.1,106.00157362637364,93.7022222222222,,,113.43817453963167,,86.89399014778324,,,103.68515846486972,92.10693051675565,99.6997432318907
272,Dakota Hudson,2 Tms,19206,508.2,73.48395108184383,85.97592708333333,98.38,,87.76215137438179,95.4422125890891,76.36926829268292,,,84.74296388042104,95.59098354943083,83.7104268022301
273,Kyle Harrison,3 Tms,27758,298.2,98.29344700768974,106.02000000000001,85.23625,,90.1575,95.42719677162164,97.47512056737588,,,97.39727103683354,106.7956950553726,101.87826713889609
274,Matt Manning,DET,20369,254.0,92.46204581779436,86.26473988439305,,85.85090909090908,107.11938877722496,86.18733100226392,78.83542662116042,,,93.65522524904642,101.72901796565597,95.88470755987896
275,Julio Teheran,5 Tms,6797,635.1,92.7648068669528,93.96137583892617,90.26549828178695,,95.15180116959064,96.26590311418684,76.17570621468927,,,91.42992076395808,99.3850997510762,89.03024928691596
276,J.T. Ginn,OAK,27889,236.2,80.48416988416987,106.10967113276493,77.08932110091743,,90.3039408989004,,82.63652866242037,,,93.31197782869826,103.6935916974003,102.25214757225335
277,Jack Leiter,TEX,30146,255.0,109.36698016997165,96.25189695550351,86.15114093959731,,101.57182105134954,94.99730496453901,103.38487734487735,,,103.26962005980735,93.66752578261848,98.10223761531071
278,José Ureña,8 Tms,11589,710.0,84.8687064676617,93.14863823933976,,95.90545454545455,103.86606149341142,,68.57982222222222,,,90.50932754260839,98.08048076383983,91.74655621405945
279,Kyle Leahy,STL,24763,143.0,88.64936790923825,105.83054662379422,,,91.18662216900518,91.41671882350532,93.09395348837212,,,92.7542144137057,105.70116591640804,101.24688195446008
280,Logan Allen,CLE,27589,384.0,90.68105610561057,85.42172972972972,93.48746113989637,,100.64709705204955,,86.83576470588234,,,92.17824246796769,99.01510662463096,91.09307827131686
281,Foster Griffin,2 Tms,16432,172.2,99.01387308533916,94.4928082191781,96.86323561346363,110.971375,105.29007977941176,99.58904130195914,82.74415902140672,,,97.65954339904735,102.20560662973573,98.45910144116725
282,Walbert Ureña,LAA,29357,146.2,74.99354260089687,108.66103015075377,,,121.38658610271904,,97.87846153846154,,,100.46377593360992,101.78907883817429,104.36567634854771
283,Clayton Richard,2 Tms,3551,401.1,,,,,,,,,,,,
284,Christian Scott,NYM,30107,157.1,101.62339791356183,88.36060606060607,95.7775806451613,104.65566265060241,114.38522932649826,122.91340000000002,,,,105.20395203096709,99.7201080166777,103.60377805797036
285,Johan Oviedo,2 Tms,22487,336.0,88.54713417105795,93.15419047619046,,,104.9322891455978,101.33969007530068,85.02041666666666,,,95.83727477269805,94.16323520642014,92.10028343865254
286,Slade Cecconi,2 Tms,27500,318.0,91.02317874396134,92.7425573770492,89.2117670682731,90.53384615384616,97.15134646048465,98.12013982642239,93.79171428571428,,,93.30615272423977,104.67231999832819,95.08889807623703
287,Simeon Woods Richardson,MIN,24494,290.1,81.92400560224088,,,90.15945679012346,95.44963650399251,89.56417670682731,111.82150943396225,,,90.36338513648498,100.6498814065637,92.84865602438848
288,Max Meyer,MIA,27474,238.2,89.90135687732341,97.50571428571428,,,99.16946176160248,,89.98870673952642,,,95.16358934474667,103.96181033434323,102.87151603027776
289,Drew Pomeranz,4 Tms,11426,303.2,107.16727272727272,,,,,,,118.65833333333335,,109.62964285714285,113.55357142857144,119.975
290,Matt Harvey,5 Tms,11713,434.1,83.87206124852769,92.67234309623429,,,93.1347894166338,96.21904191616767,83.60118466898953,,,89.08131830746107,105.60834816156296,94.26566121146902
291,Andrew Alvarez,WSN,29914,109.1,84.23372693726937,98.49654867256635,,,91.07946361281205,101.21814355493531,87.09695238095239,,,92.85056913599325,101.40807449148778,99.16664773940553
292,Ben Lively,3 Tms,14932,373.2,74.70946564885497,94.43760714285713,78.29810344827587,,92.84500608275118,90.56070748767344,72.13013477088947,,,85.00182887812635,102.91896502089688,86.15912666395852
293,Jake Bennett,BOS,31959,109.2,87.71545787545789,102.58544973544973,74.52466666666666,,103.5593103448276,109.89250000000001,87.64671532846717,,,92.56764132553609,113.81394411955817,104.72688758934369
294,Brandon McCarthy,2 Tms,4662,165.1,,,,,,,,,,,,
295,Jacob Lopez,2 Tms,25098,209.0,93.59196540880502,86.1061111111111,88.46849144634527,,114.49223763510759,,83.040293398533,,,97.75252102045017,102.09411133421538,99.49359445647201
296,Stephen Kolek,2 Tms,21487,166.2,86.8880418535127,106.7839388794567,86.41177777777777,,95.6802950819672,105.62,86.42682432432434,,,93.54031510668533,103.96148283944306,99.60836266886947
297,Rhett Lowder,CIN,33876,157.0,81.79459552495696,84.73687420584498,,,94.0226559819181,98.82151515151516,87.68947368421053,,,87.5205380174166,104.06614692227443,93.63114743843013
298,Javier Assad,CHC,21741,328.2,86.09748478701825,99.41739534883719,81.6064928511354,,102.28510097137138,95.93095250920192,96.65230240549828,,,93.00355049783599,98.09643940269916,94.35770839398761
299,Steven Brault,PIT,15291,210.0,84.7382213438735,83.9405,,,97.5080754716981,93.7425641025641,88.94297872340425,,,88.7641598159816,95.17449094909492,85.89859545954594
300,Cody Bradford,TEX,27597,146.2,90.32057370517929,98.56000000000002,87.74741573033707,,85.67921373200443,93.86388972893232,93.50748885586923,,,91.04432033311106,109.22697445948927,97.19041153794132
301,Randy Dobnak,2 Tms,23798,165.0,66.98338028169013,85.23025210084035,,,94.0246097078247,,80.52584382871537,,,86.14122204588077,106.72682943354556,94.36730135209119
302,Matt Strahm,3 Tms,13799,141.1,108.9711836734694,105.98247422680416,101.23976190476189,,116.8043859649123,115.62,79.35538461538461,,,108.25899227234753,98.76279928989135,105.18447765246448
303,Grant Holmes,ATL,16944,291.1,81.23094567404426,84.29903703703702,80.45140684410647,,97.85918285698558,101.53577846385137,81.87583756345177,,,89.77545367898456,100.33181789452269,92.04944490565714
304,Cade Horton,CHC,31872,121.1,97.53772575250835,84.11757009345794,,,112.49145981765487,96.42762678690015,86.43951219512196,,,98.25688049463226,101.93993561620994,99.17918366249991
305,Hayden Wesneski,2 Tms,27581,202.0,83.6448975409836,102.61156186612575,82.2193984962406,,115.9054786288814,94.81795918367348,93.19999999999999,,,97.41455217178657,104.65942484546669,101.81858336369777
306,Luis Perdomo,SDP,14682,210.2,106.68,105.46000000000001,,101.38,81.28,,,,,98.98538461538462,105.19769230769231,106.02538461538461
307,Jaime Barria,LAA,18356,295.1,81.21568369028007,79.72165217391304,,,95.44099915170813,,91.10747474747474,,,87.78994723728964,103.51142135315608,91.01466497583637
308,Troy Melton,DET,31807,135.0,100.78271137026242,100.72439024390243,94.6867321867322,104.18434782608696,100.9805207128398,103.23334298241879,106.13807228915661,,,100.57728426261012,100.47875857613118,102.09756728618456
309,Tyler Alexander,5 Tms,17735,268.0,97.06670212765958,88.34647966339412,100.10987974098059,,108.40837837837837,75.53999999999999,81.05993798449612,,,94.87319141662671,106.04829554420358,98.75319792046649
310,Sal Romano,CIN,13690,218.1,,,,,,,,,,,,
311,Yonny Chirinos,3 Tms,16401,225.1,81.97388429752067,96.48829032258065,,100.68354285714285,90.43957208806819,,,,,94.75140006930783,100.23491885563408,95.48437482306716
312,Shane Smith,CHW,31687,154.2,94.62849407783416,99.3238338658147,,,91.62182432432434,92.84168467308555,97.43512304250561,,,95.08812539979805,97.00113082251242,93.74236690311366
313,Ryne Stanek,TBR,15947,83.0,,,,,,,,,,,,
314,Anthony Kay,2 Tms,20387,181.1,96.77768742058451,112.23664596273292,103.99077568134173,,108.87930100543392,95.18978723404256,98.52539906103286,,,103.87764070786953,102.95444608800429,107.54419691587607
315,Austin Voth,2 Tms,15047,178.2,97.96269811320754,,94.19999999999999,79.03999999999999,119.19511627906978,100.4373801307453,72.81384615384614,,,98.48413453744969,105.8154241830712,102.6005640818725
316,Aaron Sanchez,5 Tms,11490,346.2,75.98139344262295,88.64443458980044,,,,99.7812852800144,75.64587064676617,,,87.35055163292887,101.58333225185845,89.76609489965253
317,Gavin Stone,LAD,27792,155.2,94.92599369085173,110.80482352941173,85.74449612403099,,94.0043701799486,82.44080434782612,98.15431952662723,,,98.01209044010068,101.95481130638258,102.42249435032875
318,Robert Gasser,MIL,29812,137.2,111.04639376218323,100.54388998035361,91.6885,,122.63727007354612,,84.94906882591093,,,105.72789975774127,92.99730377550641,94.96812914934428
319,Kyle Wright,ATL,19665,267.0,84.07479892761394,100.8775291828794,,,88.17967320423571,,92.11698729582577,110.61116945107398,,98.33176958473003,95.84942698257932,93.77247142544913
320,Bobby Miller,LAD,27483,183.1,102.52779899497484,110.64241054613935,,,107.64586666666666,108.12576776266059,113.14812734082395,,,107.87820274500383,102.25285826125092,109.67263345086329
321,Kwang Hyun Kim,STL,27458,134.2,84.10067156348374,85.62,,,92.35205285187058,96.90044843049326,86.70423236514522,,,88.6215203930162,104.5922062789575,95.81379776851784
322,José Suarez,3 Tms,19911,293.1,94.91377839674105,97.09456458511549,73.91142857142857,,112.52352530541012,97.3443541324576,98.88615041452312,,,98.99915847904171,102.27230941277818,101.19508023602359
323,Clay Buchholz,3 Tms,3543,164.2,,,,,,,,,,,,
324,Connor Prielipp,MIN,31857,116.2,85.44671875,93.09188118811882,,,110.24953900709221,127.68890173410406,98.41979797979799,,,102.94442237323575,102.64346053319397,102.41949817041302
325,Ronel Blanco,HOU,19407,275.0,88.69278126784695,,,,83.30179625662996,89.79786290322582,104.11827076222983,,,90.09074584016086,101.17528052774102,94.2888898803194
326,Tyler Wells,BAL,20000,249.1,94.03137204850032,,100.42061224489797,,103.64154461480382,99.87418551145124,99.85499344692005,,,98.21292203634835,102.13157446217471,99.25262106943974
327,Connelly Early,2 Tms,33666,114.0,104.62583463338537,97.12495774647887,,,101.69449180327867,104.55916062190009,103.53141210374638,,,102.50020539338816,98.85008042108666,101.83467236926724
328,James Kaprielian,OAK,18331,303.2,82.7898157051282,84.6241160949868,,,108.10443935436513,89.89178715150084,90.45037520391517,,,90.16575998480415,100.27086364571917,89.64775014062353
329,Ervin Santana,3 Tms,3200,255.1,74.51555555555555,,,,109.57,,75.48,,,89.74313253012048,91.69469879518073,85.86626506024096
330,Zebby Matthews,MIN,31827,247.1,98.19171679197996,96.94563535911603,88.75809694793536,,104.80043601298881,99.48104109589042,87.42999999999999,,,97.393399902265,102.89791278809436,99.5843877023439
331,Matt Waldron,2 Tms,25550,194.2,83.86170212765958,87.66506024096387,82.72666666666666,,99.7714762622998,,,,,90.7595313465054,104.82334195774612,96.00185886123745
332,Cade Povich,BAL,30055,214.2,96.73967145790557,98.06561855670105,96.59426751592358,,103.98301613517978,102.0862225418821,89.83327695560256,,,98.0417247577052,97.51402267681901,94.73738386934825
333,Danny Salazar,CLE,5867,101.1,,,,,,,,,,,,
334,Collin McHugh,3 Tms,7531,118.0,95.92750000000001,,93.77240506329115,,112.56815533980583,120.60333333333331,73.94,,,103.88944209222612,109.07393473314323,108.8686505947752
335,Alec Mills,CHC,13834,195.1,74.89506493506491,93.19743486973947,,,109.39516073035873,91.33452411877701,88.52488151658768,,,90.35977460197734,101.90954420770503,91.14871038805501
336,Carmen Mlodzinski,PIT,27572,108.2,87.08854103343465,102.02966887417219,88.60666666666667,99.05766871165643,104.06048682653127,96.86586202450032,77.66,,,96.72867171487474,105.16041638310035,101.68335638845573
337,Ian Seymour,TBR,27932,102.2,94.93540918163673,89.97348837209303,88.67750000000001,,118.78674712703994,91.70608695652173,96.7480686695279,,,99.49365795154826,103.936912762819,101.61929273492365
338,Kumar Rocker,TEX,31843,206.1,84.44624223602486,99.37767350928642,89.78500834724541,79.99499999999999,96.85820108089486,92.34251829611559,74.15213793103449,,,92.97458010947828,96.69795927948137,90.63014475690132
339,Garrett Whitlock,BOS,20191,109.0,116.15548387096774,102.75869266055047,77.21612903225807,,103.89445976314616,,102.2344131455399,,,103.40059695912547,103.86255449140809,105.84180677656279
340,Félix Peña,LAA,13403,118.2,,,,,,,,,,,,
341,Jaime García,5 Tms,8137,218.2,,,,,,,,,,,,
342,Quinn Priester,3 Tms,25977,207.1,76.90542986425339,100.47039494470775,86.89010845986984,,93.68358444591807,97.91587051226553,82.68746268656716,,,93.94689243714728,99.0601896552951,93.8431793583952
343,Ryan Borucki,2 Tms,16350,108.0,,109.25999999999999,,,82.19806451612904,,95.08,,,86.869,118.80850000000001,119.22200000000001
344,Kolby Allard,4 Tms,18694,207.1,94.07288811795316,88.83555555555557,100.60381102362203,,,83.74486964886964,87.71247216035634,,,93.25061814353707,103.09376791789727,93.87581559066415
345,Trey Yesavage,TOR,35456,111.2,91.2924161849711,,,136.31016885553473,105.30419175027872,,,,,107.66021220784619,89.88393185342485,96.67615476691644
346,Tobias Myers,2 Tms,22191,160.0,98.12686346863472,93.91,80.09658536585366,112.076,84.09399277675733,83.49697935978247,110.3370731707317,,,91.90644982571793,99.6902607293856,92.16923270516455
347,Brandon Williamson,CIN,25463,169.0,88.95613611416029,91.23797101449274,99.39627802690585,,125.8637106135987,107.97009803921571,95.73921348314609,,,98.29970251202137,97.14621879030096,95.05494610811753
348,Gage Jump,ATH,35418,98.2,101.16098522167486,88.94924731182796,,,115.5096812749004,125.53872340425531,93.67780487804878,,,106.51083143507975,99.04405466970385,103.28391799544424
349,Chris Stratton,3 Tms,13761,218.1,88.92,85.68,,,92.52,108.02,91.12,,,94.51225806451612,115.29806451612905,112.59161290322581
350,Daniel Mengden,2 Tms,16980,194.2,89.83999999999999,96.96,96.65294117647058,,91.98,115.48695652173912,98.25846153846155,,,96.5587234042553,94.51872340425533,88.72255319148937
351,Justus Sheffield,SEA,17285,167.0,73.31692307692308,92.9094921875,,,104.38018388610227,,86.18127049180329,,,94.92877467357681,100.00964809881046,94.62660257219218
352,Doug Fister,2 Tms,9425,150.0,,,,,,,,,,,,
353,Albert Suárez,BAL,6175,125.0,86.54092574734811,,97.04496277915634,,,100.86349834983497,81.26289855072466,,,89.74769003663975,102.7046569761418,92.82492536427772
354,Spencer Arrighetti,2 Tms,29921,274.2,101.31247465712579,100.81235023041476,88.86198813056379,,103.42200312628125,111.89660878536606,77.51420654911838,,,100.43695910331847,94.52819336822026,96.03092578286814
355,Griffin Jax,2 Tms,20253,174.2,87.80426020408164,99.55399449035814,92.43849056603773,,106.61213215339052,105.20799999999998,96.57703422053234,,,97.90365519596455,103.94350780747496,103.34117055061807
356,Jeremy Hellickson,3 Tms,4371,292.1,,,,,,,,,,,,
357,Matt Moore,4 Tms,1890,293.2,89.75662068965518,,82.9903448275862,,,,125.31821052631577,97.61589403973511,,97.44404123711344,88.23123711340206,85.31167010309277
358,David Festa,MIN,30056,108.2,99.76696832579185,93.87032967032968,,,91.79314814814815,,87.05092664092665,,,93.43825892870764,105.00767300230997,102.39663281879437
359,R.A. Dickey,ATL,1245,190.0,,,,,,,,,,,,
360,DJ Herz,WSN,26389,95.2,97.88613882863342,,,,96.40498496232006,,101.37348946135832,89.37107142857143,,98.2120024799793,93.9824887256892,91.55903079307676
361,Dan Straily,2 Tms,9460,337.1,,,,,,,,,,,,
362,Ryan Gusto,2 Tms,26440,160.1,103.20965517241379,97.99831715210355,90.18770186335405,,100.92785478515285,90.50301675977654,88.08876623376622,,,97.29411186407428,102.48733709568664,98.35831568488666
363,Brandon Young,BAL,27819,214.1,96.45716690042075,89.98418338108883,86.22860465116278,97.48617054263566,103.53116298720748,95.70504504504505,71.14697674418603,,,96.29971398969406,103.90950161034505,100.07766290597822
364,Trent Thornton,2 Tms,17948,152.1,88.51288888888891,90.51749999999998,88.08766666666666,,114.73414965986395,102.20972972972973,90.98,,,95.34886234817813,106.91956448814344,100.86427414690573
365,Osvaldo Bido,2 Tms,23150,126.2,99.81300852618756,97.90559523809526,107.47718309859155,,106.01200418971005,,77.28944055944055,,,98.7911981691541,94.17021919275007,93.41516964691985
366,Jake Faria,2 Tms,13699,148.0,75.03256198347107,,,126.1157894736842,107.60967741935482,74.27392857142857,,,,83.61566371681415,106.84221238938055,93.54433628318584
367,Joe Boyle,2 Tms,29608,112.1,94.31753233830847,106.42,,112.34961038961036,120.56202954427309,112.15932203389833,,,,106.59048590345648,86.57701241829668,94.30050780441084
368,Wei-Yin Chen,MIA,13071,160.1,,,,,,,,,,,,
369,Rafael Montero,NYM,12760,95.2,,,,,,,,,,,,
370,Keegan Akin,BAL,19362,108.1,111.90255067567567,,,,101.52312675674762,97.2628256880734,91.68288557213933,,,105.30909921230075,99.04599723574863,101.79647159371456
371,Tommy Milone,7 Tms,7608,138.2,97.98863999999999,109.31058823529412,,,96.2372992461488,87.5848484848485,94.21390581717452,,,96.10689540251569,112.24954917058226,109.49860447304695
372,Luis Ortiz,2 Tms,27646,264.1,93.79904761904763,106.07247778874628,88.02632034632033,,102.81589240652296,,87.45756756756758,,,98.06966080490464,96.93786738221274,95.51786982709605
373,John Gant,2 Tms,13684,195.0,95.3007729468599,95.56209813874787,95.69067092651757,,98.92666666666668,78.81797979797982,96.2673076923077,,,94.78325926453606,91.35624838762888,88.78514465644871
374,Tyler Chatwood,2 Tms,4338,273.2,90.34560000000002,100.79465753424658,111.48960000000001,,,103.22488888888888,98.29625,,,103.39489489489489,99.46600600600601,101.23153153153153
375,Emerson Hancock,SEA,27470,292.2,89.77783415841584,92.18036063110445,99.33611111111111,,111.36672140840773,132.66927835051547,85.60663382594416,,,95.06759501298441,102.63827535399561,94.87093741910988
376,Wade LeBlanc,3 Tms,5221,244.2,85.91315789473684,90.71932367149759,103.99557894736843,,,88.368,95.39077490774908,,,94.94677938740504,97.30736353445766,91.86707269256566
377,Justin Wrobleski,LAD,31204,169.2,93.62347094801223,89.19786046511628,100.72018867924528,,108.2183814191185,89.39756515942685,91.57626865671641,,,97.33699736511683,109.65783358899046,105.4807173181258
378,Joey Wentz,2 Tms,19962,174.0,90.61107496463934,,100.95571428571431,,95.39631578947366,109.55052155104019,94.86057591623037,,,93.59587678901157,99.99454822856599,91.97799088529352
379,Caleb Smith,3 Tms,14875,307.2,86.64465185185185,,,,110.85080904280903,100.12864337822673,102.13217877094974,,,96.79479063278686,95.30949918439781,92.58807032784435
380,Hunter Dobbins,2 Tms,30240,93.0,86.01449735449735,95.82577319587631,,90.67329268292683,105.24415533980583,100.81671857923497,,,,95.41248304237425,103.16044325038203,99.34809512791863
381,Josh Tomlin,2 Tms,9388,208.0,73.55264705882352,41.63333333333333,87.58423076923077,,,82.0144,71.24333333333333,,,82.14737179487179,110.54025641025639,94.29083333333332
382,Ty Blach,3 Tms,14361,359.0,66.37959064327485,82.43544444444446,93.46747252747252,,63.68,81.26777777777778,76.67652928416487,,,79.92158444752724,102.8108909859562,78.13700155290725
383,Shawn Armstrong,2 Tms,12857,35.2,123.43733333333334,110.88531914893616,100.62617283950618,,130.61582325581395,,,,,116.68204444915932,99.05172070235587,107.32928566973413
384,Adrian Sampson,2 Tms,13339,224.0,86.60623973727421,78.93042459736458,100.85531914893619,,93.25487851851851,,78.29050955414013,,,84.28005289221252,103.34239491257416,89.47888778594975
385,Dereck Rodríguez,SFG,14509,190.1,,,,,,,,,,,,
386,Francisco Liriano,2 Tms,3201,214.1,,,,,,,,,,,,
387,Cooper Criswell,3 Tms,24975,96.2,,102.7161960784314,93.80766283524905,,119.23127832059981,,86.72889952153112,,,101.91350661484171,102.73939582600886,101.60477915803997
388,Sixto Sánchez,MIA,19680,67.1,91.34704626334519,109.69292682926829,115.08718749999998,,123.5095652173913,,97.9453020134228,,,103.26962319707377,101.55256127178338,104.95927825258818
389,Roansy Contreras,2 Tms,22810,152.1,84.62218803418803,88.53090909090908,,,106.9648099470265,98.99520007020008,80.37366336633663,,,94.62322218435081,97.26632522120194,90.22800350432583
390,Mitch White,2 Tms,19225,95.2,84.50726081258192,88.35708737864077,,,104.24352668213456,87.92987096774195,96.22039999999998,,,90.95318747725773,100.5773975547331,92.53563145878726
391,Daniel Lynch IV,KCR,21537,310.1,87.12832386363635,91.5930588235294,,,97.89654992172323,,90.76099264705881,91.41924855491331,,91.31113265558524,102.89804493282041,96.83430250912845
392,Miguel González,2 Tms,7024,168.1,,,,,,,,,,,,
393,Adalberto Mejía,MIN,13188,117.1,,,,,,,,,,,,
394,Huascar Ynoa,ATL,20468,109.1,79.47554753309265,94.79374999999999,,,120.28819747416763,,90.98296657793553,,,99.65300880936574,98.38078870275069,97.84543282051972
395,Brad Lord,WSN,31972,103.2,89.03678812415654,82.40158640226629,,,98.55259456873179,116.86,83.98981132075471,,,89.2551001646526,101.71520340352774,90.13417549351587
396,Jesse Hahn,OAK,13287,63.2,,,,,,,,,,,,
397,James Shields,CHW,7059,321.0,,,,,,,,,,,,
398,Matt Wisler,4 Tms,12804,48.2,72.03999999999999,,,,100.67741626794259,,99.46,,,97.3268231791113,99.92474652618718,95.0989761795694
399,Ariel Jurado,2 Tms,17030,138.0,74.66,95.02,,,102.18,85.16,74.62,,,89.4748780487805,103.15853658536587,92.32170731707316
400,J.P. France,HOU,21212,158.1,87.02517535545023,80.3775,98.49791748526523,,106.14965174129354,95.63928388746801,95.33622119815668,,,93.41061062454668,100.45163157267974,97.57029539574104
401,Ian Kennedy,KCR,6986,275.2,112.92,,94.24,,,,79.7,95.68,,103.48588235294118,103.28235294117648,105.67823529411766
402,Matt Shoemaker,3 Tms,4776,216.2,82.62413559322034,86.30275862068967,,79.76386634844869,98.718691686434,,,89.24363636363637,,86.39851243201244,102.06330729214443,92.16985868436275
403,Shane Drohan,MIL,27814,94.0,99.82903225806453,98.74578313253012,86.02161490683231,,107.84525993883793,97.94742574257428,88.62174999999999,,,99.01274509803922,96.80975163398693,94.48240522875817
404,Jordan Hicks,3 Tms,19618,172.0,91.82989010989012,100.52846534653463,,111.62146699266502,114.69297429620563,,81.60538461538461,,,105.10413637244224,96.93149119466703,101.44580285908073
405,Zach Thompson,2 Tms,16094,166.0,84.93417406749558,88.55346846846848,100.04742553191488,,,99.34215079090673,81.39146666666667,,,92.925471008364,100.24742141637117,92.3075853494817
406,Asher Wojciechowski,3 Tms,10836,152.1,98.87705263157896,,94.14472727272728,,96.7749604519774,102.2353125,81.8617142857143,,,96.98982855365058,101.03477166412961,97.40818320203557
407,Trevor McDonald,SFG,26448,83.1,82.6309090909091,106.12612188365651,72.08444444444444,,90.0228947368421,97.23702127659573,89.13574712643677,,,99.06557906826735,101.74521495418959,100.95410824372534
408,Jeff Hoffman,2 Tms,17432,210.1,91.78180672268905,,,87.64603448275861,101.9641463414634,92.58090909090907,,,,93.2557199693532,84.48262613128809,80.05576981658064
409,Luiz Gohara,ATL,15166,33.1,,,,,,,,,,,,
410,Spenser Watkins,2 Tms,17489,145.1,78.61173824130881,72.57000000000001,95.18379671150971,92.8,103.60142676698337,86.89917952776678,79.8127731092437,,,87.17018720344123,103.4610594076199,91.8375788842077
411,Jerad Eickhoff,3 Tms,12664,206.0,70.97928571428572,99.94,,,87.75819086651055,100.04617647058824,82.55354838709677,,,82.26762560750797,90.55906619741913,74.90315820345232
412,Gabriel Hughes,COL,31614,61.0,83.1815009380863,80.56789915966387,,,93.0055681818182,82.52918518518517,79.41650793650794,,,83.9753222836096,107.06952117863725,92.54023941068137
413,Joe Biagini,TOR,13194,106.2,,,,,,,,,,,,
414,Andrew Painter,PHI,30091,116.2,97.78570532915361,83.72093023255815,,98.09642384105962,115.53287218045111,117.77225225225226,97.47965217391304,,,103.69300961052102,102.7134344967122,107.06244815376834
415,Ryan Bergert,2 Tms,29863,72.1,94.15681381957774,86.7395294117647,,,91.93167986191024,102.22,80.69567010309278,,,91.84572530659199,103.01751061550328,97.67048428365078
416,Josiah Gray,2 Tms,24580,382.2,84.48597439544808,96.09872964169381,86.33427561837455,,104.94402903326822,97.76947293447293,72.94914285714286,,,93.85500242827287,97.37061855363677,91.33906916866074
417,Mike Burrows,2 Tms,24728,180.1,90.64022199798183,94.25543859649123,,,99.7633780313346,92.98213509549419,94.67941644562335,,,93.98531489383623,99.40598949701216,94.76362990471353
418,Blaine Hardy,DET,6499,67.2,,,,,,,,,,,,
419,Andrew Suárez,SFG,18300,170.1,,,,,,,,,,,,
420,Brandon Sproat,2 Tms,33850,109.0,89.71995423340962,98.91136363636365,98.66114114114117,,130.90773913043478,117.08361204954957,86.45224242424241,,,101.39746621074522,92.86838096292949,92.97119506491907
421,José Buttó,NYM,23313,79.0,87.80821124361158,77.6818085106383,,,97.02509505703424,91.5393846153846,86.22467153284671,,,87.96556860493712,94.08871764850844,86.3461858567098
422,Yariel Rodríguez,TOR,33838,87.2,86.42613672496027,88.72466257668712,,101.07973154362413,103.40692840646652,92.13681528662421,,,,93.45641927371739,93.12448501347463,89.99976457236654
423,Jonah Tong,NYM,32157,39.1,106.80139037433156,,84.57694444444445,,95.29400000000001,91.93885984023238,86.3621505376344,,,97.49180488153566,94.36542854164495,93.24308304567317
424,Mitch Spence,2 Tms,27707,169.0,,87.50042553191491,95.85409865470852,,109.41320829277748,116.8402216066482,76.47047619047619,,,101.13586026861262,102.97979723947783,105.12333001880408
425,Wilmer Font,3 Tms,5257,55.2,,,,,,,,,,,,
426,Alex Meyer,LAA,12833,67.1,,,,,,,,,,,,
427,Deivi García,NYY,20276,42.2,98.65410526315789,,,,103.95518987341771,91.79962264150943,97.81483333333334,,,98.04645927558185,103.93896322820551,101.41528109075885
428,Jacob Latz,TEX,21306,48.1,107.3621409921671,,,,98.73104069767442,97.34163934426229,102.45023529411765,,,103.69619821622071,105.02252054680336,107.64984121030255
429,Robbie Erlin,2 Tms,10354,76.0,86.46,100.74,,,,80.55310344827586,81.1337037037037,,,83.93498392282957,103.48977491961418,87.88032154340837
430,Robert Stephenson,CIN,13594,68.2,,,,,,,,,,,,
431,Luis Medina,OAK,21649,123.2,92.9505426356589,108.83190184049079,,,113.77516024869634,108.87291139240506,99.56010752688172,,,102.80834381876193,86.33814702565836,89.52087491470354
432,Daniel Ponce de Leon,STL,16110,92.2,92.82829457364342,77.02,95.9941052631579,,,101.86441379310345,87.63354838709677,,,94.64827411167512,90.83489847715735,84.20261421319798
433,Jacob Waguespack,3 Tms,18318,70.2,83.46536585365854,,82.06702702702702,,,85.7,89.22153846153847,,,84.44217821782178,106.66277227722775,96.19524752475247
434,Bartolo Colon,3 Tms,375,282.1,,,,,,,,,,,,
435,Quinn Mathews,STL,33851,49.1,94.3425671641791,101.97132530120483,,,99.50430769230769,103.28137931034483,92.61782608695653,,,97.13243619489556,101.66243619489556,98.8190023201856
436,David Sandlin,CHW,31743,31.2,102.77338345864662,99.46114285714286,97.12702127659576,,109.00140845070423,98.13485148514852,87.69703703703702,,,100.47023861171368,99.48620390455531,100.14594360086767
437,Brandon Walter,HOU,26056,53.2,86.56050955414014,101.71627450980391,88.95282511210763,,107.04437158469946,,103.06778523489933,,,96.75628078817732,109.6836699507389,104.71839901477836
438,Matt Garza,MIL,3340,112.0,,,,,,,,,,,,
439,Austin Pruitt,2 Tms,15290,68.0,69.99764705882353,98.91368421052631,,,104.15957446808511,92.7624,95.9421052631579,,,91.41653333333335,117.02844444444443,110.00888888888889
440,Scott Feldman,CIN,6283,111.1,,,,,,,,,,,,
441,Jonathan Cannon,CHW,31730,197.2,103.41879759519038,90.67541416566628,87.9225702811245,,115.10671162835996,,83.39539170506914,,,94.98363032557239,100.56733894648346,96.57325843193215
442,Jorge López,2 Tms,14527,263.0,92.41318435754191,101.20998892580288,,,110.02,,84.26495468277945,101.0259282371295,,97.43566891236142,97.7580187574898,96.7994944598487
443,Josh Lindblom,MIL,7882,43.1,92.14340909090907,,101.05651006711408,81.66716049382718,108.21557251908395,94.48338028169013,71.99623188405796,,,93.9136375488918,97.4772620599739,91.80550195567146
444,Tyson Ross,4 Tms,7872,210.2,,,,,,,,,,,,
445,Kendall Graveman,2 Tms,15514,148.1,116.22000000000001,109.16146341463414,78.9,,,110.6511111111111,78.74199999999999,,,100.32565217391303,94.54978260869565,97.04608695652173
446,Randall Delgado,ARI,5985,25.0,,,,,,,,,,,,
447,Andrew Triggs,2 Tms,13533,110.2,76.74,76.63823529411764,,,68.11428571428571,107.50782608695651,,,,82.12,98.46790697674419,82.24697674418604
448,Aaron Ashby,MIL,23550,112.2,81.61457627118645,100.03997105643995,,,125.00184999161496,111.29452719665274,108.74061810154527,,,109.60637443352331,97.82256721219251,106.12966591165797
449,Alex Faedo,DET,19874,120.2,86.17189343482399,96.05333333333334,,,108.16212319790301,,81.22242214532872,,,93.46184786005769,98.28055309003564,90.74512828144827
450,Lake Bachar,2 Tms,19222,27.0,92.40880952380954,86.1588888888889,,93.1309090909091,96.17928059071731,104.81354330708662,,,,96.64977467622282,99.17390443857663,93.08421652206714
451,Chad Bettis,COL,10587,168.2,,,,,,,,,,,,
452,Zac Thornton,NYM,33891,84.1,99.277,91.99185185185186,99.61112781954887,,98.91318181818183,105.38945945945947,91.57827586206896,,,98.68372204472846,97.17182108626203,94.36648562300317
453,JC Ramírez,LAA,8302,149.0,,,,,,,,,,,,
454,Joan Adon,WSN,22925,120.2,81.89943238731216,86.95543859649123,,,103.3836,99.64989604189127,89.4075744680851,,,88.183852818255,93.80125442446713,82.37192682980212
455,Brendan McKay,TBR,20186,46.2,,,,,,,,,,,,
456,Wily Peralta,2 Tms,7738,134.1,68.82881612090681,76.08866807610993,,117.29687150837988,100.75924855491331,,,,,89.05643377752632,100.02737596367993,91.05948850384786
457,Jordan Yamamoto,2 Tms,17585,91.1,86.91291139240506,77.64956521739131,92.67764705882354,,96.95677419354838,92.8936,80.77111111111111,,,90.11734939759036,90.42329317269075,80.73341365461849
458,Hunter Wood,TBR,15091,17.0,,,,,,,,,,,,
459,Nick Margevicius,2 Tms,20395,97.0,93.81630057803469,,,,103.78058252427184,98.46612729844412,103.52436363636365,,,96.2946547314578,99.69235294117648,92.95281329923274
460,Jesse Chavez,3 Tms,5448,153.2,66.94,89.53450980392158,105.65103448275863,,90.62666666666667,129.16,74.90666666666665,,,97.34895183360702,102.44526272577995,98.33125889436234
461,Roki Sasaki,LAD,35323,153.2,94.20289905090596,,,120.22360201511339,106.74506261510128,,,,120.56370860927152,106.01902414663984,96.33467299773972,103.53111470388112
462,Jonathan Loáisiga,NYY,19753,38.1,111.69483870967741,119.64666666666669,,,,122.070625,113.0391304347826,,,115.62241134751773,116.40609929078016,125.80340425531914
463,Eddie Butler,CHC,13453,51.1,,,,,,,,,,,,
464,Mason Miller,OAK,31757,24.1,109.69358024691357,,109.23214285714286,,126.45862745098039,,92.14444444444443,,,112.87525959367946,89.69589164785553,102.92234762979682
465,Kade Anderson,SEA,37238,35.2,87.7296803652968,91.288,,,99.9481203007519,98.89365853658539,112.34687500000001,,,96.87659259259257,105.80948148148146,103.25603703703705
466,Buck Farmer,2 Tms,14814,54.1,82.42,99.32,,,103.64,,118.72,,,102.86222222222221,121.88592592592593,123.71555555555554
467,Fernando Romero,MIN,15885,55.2,,,,,,,,,,,,
468,Jack Perkins,ATH,31468,100.1,92.37706349206348,91.51866666666668,86.153468013468,,106.47301893301604,152.96,97.42474683544303,,,96.41048644775606,99.47121354391633,97.51207166859663
469,Roenis Elías,SEA,12673,15.1,,,,,,,,,,,,
470,Alec Marsh,KCR,27451,163.1,88.51381615598888,96.68138364779874,,,98.5748966756514,96.21641408141093,84.09043209876545,,,92.44804376664852,95.22561730490561,87.53184855517202
471,Diego Castillo,TBR,17496,24.1,,,,,,,,,,,,
472,Edinson Volquez,2 Tms,3990,101.2,,,,,,,,,,,,
473,Ricky Nolasco,LAA,3830,181.0,,,,,,,,,,,,
474,Brady Basso,OAK,25582,37.0,82.8407868852459,98.05689075630252,98.23274509803922,,105.38571428571429,105.54888888888888,79.3631746031746,,,90.48789758149316,99.75522733964249,90.09735015772873
475,Junior Guerra,2 Tms,5702,200.0,85.14,87.86,,89.68,,79.67999999999999,,,,85.04275862068965,106.95862068965516,99.31655172413792
476,Odrisamer Despaigne,3 Tms,16017,75.2,,,,,,,,,,,,
477,Drew Anderson,3 Tms,15130,58.2,85.99157894736842,90.455,,,91.38327868852461,85.57209039548023,110.8540476190476,,,93.57125632153314,101.9325466441138,97.04606643942061
478,Devin Smeltzer,2 Tms,19487,101.2,80.59149779735684,83.908,96.55257731958763,,106.42916666666665,96.20228855721393,85.44193979933111,,,87.64936911021331,96.70952476515491,84.04415550798532
479,Glenn Otto Jr.,TEX,21366,159.0,79.45384196185286,87.828368852459,,,109.27257060674326,,70.04815217391305,80.7342857142857,,87.49427069201444,85.6651513459192,75.2412121900578
480,Jackson Jobe,DET,30203,95.0,98.55233463035019,104.27852713178295,96.98833333333333,,105.81879166579542,116.19029965753427,106.66044052863435,,,105.27119232071733,100.57376020384056,104.62359175754432
481,Matt Cain,SFG,4732,119.1,,,,,,,,,,,,
482,Mick Abel,2 Tms,27756,51.0,109.55685950413223,97.94305882352941,,,107.23042334096108,123.06215538847117,94.59705263157895,,,108.8135895671148,100.97895932287302,106.7613001533415
483,Nate Karns,2 Tms,12638,48.2,,,,,,,,,,,,
484,Michael Kopech,CHW,17282,274.1,103.08599646017699,,,,100.03628904959643,94.03041491324322,84.92339449541284,,,100.73873365883236,87.58203615251193,88.5482349244888
485,Drey Jameson,ARI,26260,33.0,92.71243902439025,100.3383606557377,,,111.95290322580644,81.91263157894737,91.83191489361703,,,99.35272751194235,97.90817150433162,97.58666474374546
486,Carlos Hernández,KCR,22713,103.1,90.77550976138829,91.82,,108.04131313131312,113.12056761328869,,,105.56158357771261,,99.30929078733767,96.4664807224026,97.69739590097402
487,Connor Overton,2 Tms,18376,42.1,77.72389743589744,80.46,70.9539393939394,,97.60414201183431,86.52285714285713,82.56214765100671,,,84.11044345119001,97.30304700451609,84.95690032203358
488,Parker Bridwell,LAA,11502,119.0,,,,,,,,,,,,
489,Ryan Merritt,CLE,13688,19.2,,,,,,,,,,,,
490,John Lackey,CHC,1507,169.2,,,,,,,,,,,,
491,Jack Dreyer,LAD,30249,12.1,101.03711111111112,,,,100.89397260273972,101.66357142857143,,,,101.07424083769634,105.4393717277487,105.17947643979058
492,Félix Hernández,SEA,4772,308.1,,,,,,,,,,,,
493,Beau Brieske,DET,26079,101.2,86.57002512562813,90.61963414634147,,,103.1029179331307,91.96122448979591,111.78377049180328,,,95.70144500437769,104.47331318938775,100.61485452799926
494,Shaun Anderson,2 Tms,19453,88.0,87.76823529411764,84.76133333333334,,,83.93853658536587,,81.12235294117647,,,84.8233644859813,109.46841121495326,102.46542056074766
495,Tomoyuki Sugano,2 Tms,35321,311.1,91.33725918570009,84.84279909706547,82.67110726643598,74.2246208112875,92.40940288973198,84.65042781686283,,,,85.01752274874391,104.94495280718218,93.85442484465065
496,Adbert Alzolay,CHC,17859,130.0,96.60576,92.47812274368229,99.95300000000002,,106.51213823543722,116.42912,87.26319444444444,,,99.59034349508313,102.7401927999174,102.18006434762536
497,Sawyer Gipson-Long,DET,26048,33.0,93.62593103448275,106.58725490196078,88.73647058823529,,96.67842424242424,,92.04064516129031,,,96.37077757685354,105.37475587703437,102.71280289330922
498,Fernando Cruz,CIN,7048,12.1,91.23797101449276,,86.56045454545455,130.08604651162793,,,,,,106.9923618090452,110.50281407035176,117.14341708542715
499,Brian Johnson,BOS,14272,110.2,,,,,,,,,,,,
500,Tanner Banks,2 Tms,16990,17.0,92.2809009009009,106.85263157894735,,,102.2488,130.1404761904762,95.71999999999998,,,102.15215591721922,107.9039567008238,109.0959152099658
501,Spencer Miles,TOR,31621,22.0,95.055,92.00158730158729,,,104.41127272727273,103.46631578947368,102.96,,,96.69866666666665,110.47977777777778,106.22594444444445
502,Josh Fleming,2 Tms,20418,115.0,87.00758620689656,114.41850613154959,93.10699551569505,,,98.85041920374707,96.86831460674156,,,104.42780312786387,106.32164071765625,110.55967061337948
503,Sam Long,2 Tms,25379,35.2,88.78508960573477,91.11428571428571,,,107.52235294117648,117.83128491620111,119.90820143884893,,,104.53447787668489,101.50547454980915,103.6645042791633
504,Max Kranick,PIT,22175,38.2,95.28220183486238,,,,90.9893896713615,103.08543209876541,68.52720000000001,,,92.83098507462688,96.7347462686567,92.98486567164178
505,Touki Toussaint,4 Tms,16929,179.2,83.94090196078432,97.43658653846154,,87.71829090909091,98.84411764705882,99.78476644984916,,,,93.64389426751136,92.35146651536114,88.04878520230424
506,Tyler Holton,DET,26231,30.0,93.51088235294117,109.78894308943089,98.3092857142857,,116.35160068846817,130.39749999999998,89.4672131147541,,,103.27129166485686,101.9406855752943,102.33139000130303
507,Scott Alexander,2 Tms,10591,12.1,,101.9583606557377,,,113.90888888888888,,93.40777777777777,,,102.96013294511896,111.56594077899248,114.480496621436
508,Chad Green,NYY,15552,21.1,,,,,,,,,,,,
509,Michael Grove,LAD,23221,83.1,84.4122014925373,90.11880000000001,96.9956626506024,,101.05441930751174,,87.4,91.74582191780821,,92.06303636008083,106.68181889670443,98.64235349302926
510,Pedro Avila,SDP,18864,35.0,80.08975845410629,91.27616666666668,,,91.18408163265306,94.25795417956657,105.19755395683453,,,91.12595637918744,93.60835937277263,83.98299087669281
511,Anthony Molina,2 Tms,26952,31.1,89.47490347490347,80.2,89.74,,102.93058823529412,113.49911764705884,103.31125,,,97.90094536862004,102.0732122873346,100.11004404536862
512,Davis Daniel,2 Tms,27582,39.1,78.96181818181819,,,95.43294117647058,109.70898658269442,95.62512820512819,84.25057692307692,,,89.1317226653481,105.08095099596578,95.38558705698425
513,Nabil Crismatt,2 Tms,17732,29.0,66.53072463768116,72.1036559139785,88.86,,76.684,85.73176470588236,84.3625806451613,,,78.43575903614457,110.1888192771084,94.83363855421686
514,Josh Winder,MIN,24606,53.0,72.92312668463612,,,,120.91242857142856,91.62477876106195,76.27672413793105,,,91.06997722095669,107.63168564920277,98.28482915717537
515,Jackson Kent,WSN,35462,32.1,90.04719576719576,84.15585365853659,,,87.55385964912281,91.12489361702127,82.38992000000002,,,87.35807308970101,96.03598006644519,86.41996677740866
516,Brennan Bernardino,2 Tms,16835,17.1,93.74,95.50085889570552,92.07428571428571,,79.39428571428572,100.80188679245283,72.305,,,96.60766012002182,96.78647637119794,87.3695416637017
517,Hurston Waldrep,ATL,33527,66.1,79.68106666666667,89.84970873786406,87.65960784313727,116.54678466076696,97.02556291390728,90.87379844961241,,,,97.94641991498517,91.0694267405021,94.52561452730293
518,Austin Bibens-Dirkx,TEX,9559,68.1,,,,,,,,,,,,
519,Jake Woodford,3 Tms,18674,110.1,81.7502512562814,90.11399301513387,83.08652777777779,,95.41254898791969,85.98897435897435,76.49565217391304,,,89.73015675818644,103.0420521143159,93.61443741344196
520,Jason Alexander,2 Tms,19666,136.1,84.486985645933,90.13438453713123,80.49777777777778,,103.77504102195034,,95.26211091234346,,,94.15607997051592,103.24196482591395,97.48157309479261
521,Tanner Gordon,COL,27669,165.0,79.92751445086705,101.38,77.4,,93.47628432556267,98.37474695025058,92.822356792144,,,86.73330799135623,106.03414641311677,91.07908672979187
522,DL Hall,2 Tms,22207,45.2,86.7345197740113,104.23047619047618,74.76666666666667,,101.98715447154471,95.56015267175572,93.2015294117647,,,91.87259492312465,94.39457271520902,87.70107401988241
523,Luis Cessa,2 Tms,13345,108.2,68.54972972972973,86.32321243523315,,,90.7665034556573,,79.52882629107981,,,81.8854430280039,108.665431644558,92.49669067226301
524,Kendry Rojas,MIN,29423,12.1,107.39977272727273,93.57515151515152,,,108.21428571428571,,98.26,,,104.47189743589742,91.64543589743589,95.82923076923078
525,River Ryan,2 Tms,29514,24.2,95.45469387755101,109.31947368421051,94.38000000000001,,106.38416804864565,109.91851851851852,93.32228571428571,,,101.05249376737511,86.68114752040175,91.30564702717245
526,Zack Thompson,STL,25918,60.2,83.33287313432834,,,,86.3641948212794,105.73714285714287,86.61333333333333,,95.15255813953489,89.27737134426063,105.94027149047201,94.30426527860719
527,Heath Fillmyer,KCR,17466,83.0,,,,,,,,,,,,
528,Paolo Espino,3 Tms,8246,185.2,76.56601864181091,83.48,,,117.25886194766193,108.09437682054207,79.09430379746836,,,92.05970201063468,104.2064098348077,96.94229706115861
529,Dillon Peters,3 Tms,18790,149.0,90.8969,89.56183333333335,,,98.6525,99.36187500000001,90.43210810810812,,,91.95855712946494,99.04618617731946,91.35439083802679
530,Mitch Bratt,ARI,30003,44.0,87.59562130177515,84.80947368421052,,,92.80375,95.45056410256409,83.26366197183097,,,89.53214384508992,95.36882434301523,86.01773167358233
531,Sam Gaviglio,3 Tms,12778,189.2,,,,,,,,,,,,
532,Sam Hentges,CLE,18548,41.0,83.71891025641025,80.22960784313726,,,98.86057471264368,107.81615819209038,75.78666666666668,,,92.11517509727629,89.09024643320359,86.78671854734111
533,Kyle Cody,TEX,19686,18.1,89.41000000000001,88.985,,,107.92214285714284,,83.06142857142856,,,95.20599348534202,92.17133550488597,87.20944625407166
534,Vladimir Gutierrez,CIN,19278,149.0,81.427649536647,131.66,,,99.2495547202797,93.69804715893017,90.81834355828218,,,88.73209104162972,103.27940126540808,92.78613570057827
535,Yoendrys Gómez,CHW,22872,45.0,111.41150214592274,90.83763440860217,81.14892857142856,,109.90661157024795,90.30383838383837,73.20301369863014,,,97.60023468057365,96.76487614080834,93.57389830508475
536,Francis Martes,HOU,17303,17.2,,,,,,,,,,,,
537,Casey Legumina,2 Tms,25921,11.1,114.70709677419354,118.04227272727275,,,110.50170212765957,,73.49000000000001,,,111.1168862275449,98.13966566866267,104.65844477711244
538,Alec Asher,BAL,13560,29.2,,,,,,,,,,,,
539,Alex Young,2 Tms,18333,116.0,97.4680991735537,82.09900709219859,102.02155339805824,,,102.51617977528089,90.61641975308643,,,94.76382763264208,98.90464345350313,94.56261936824285
540,Derek Holland,5 Tms,4141,361.0,86.12363636363635,93.49688524590165,,,,,73.8040425531915,99.65803468208092,,91.71928705440898,105.91786116322702,99.79467166979362
541,Anthony Banda,4 Tms,14706,27.1,92.55142857142857,100.88347826086957,,,113.94499999999998,,84.228,,,101.98974206349207,96.08944444444445,98.97305555555555
542,Yovani Gallardo,2 Tms,8173,206.2,,,,,,,,,,,,
543,Eli Morgan,CLE,20203,92.1,84.42047156726767,,61.704615384615394,,90.57331378299119,83.38995884773664,96.53565476190475,,,88.42114689322975,106.60911451601191,92.95035304141555
544,Taylor Hearn,TEX,18325,110.1,106.6264237516869,87.53075425790755,94.80787878787878,,110.74475000582012,,78.28323144104803,,,99.75522476128845,95.98224087418664,97.20751870526966
545,Ryan Walker,SFG,20423,21.1,,103.91237113402063,,,128.41294117647058,71.06,,,,116.29955915119365,100.73396870026524,110.62858872679045
546,Jarred Cosart,SDP,10304,23.1,,,,,,,,,,,,
547,Ray Kerr,ATL,23809,10.2,91.63545454545454,94.06,91.11714285714287,80.67538461538462,,106.5016,,,,97.18167025089606,91.55746953405016,88.7210394265233
548,Chris Rodriguez,LAA,22310,10.0,90.792,99.24799999999999,,,102.4511111111111,100.01076923076923,91.11999999999999,,,98.93818181818182,92.8351948051948,92.02896103896104
549,John Brebbia,SFG,12777,22.2,105.71585365853659,,,,96.88301507537689,,,,,100.87360881542699,112.16573002754822,109.95586776859503
550,Kai-Wei Teng,2 Tms,24282,68.2,89.80178041543029,86.13733333333332,,,100.75548191923457,109.92430555555556,78.84671875000001,,,94.60379634798356,88.98755436468063,83.61257399550941
551,Elieser Hernández,2 Tms,16933,229.2,93.11452991452991,84.85534883720929,106.76,,136.18816543222283,,87.84370656370655,,,107.07570622004903,102.09921345642148,105.52174765989668
552,Aaron Wilkerson,MIL,16904,14.1,,,,,,,,,,,,
553,Chi Chi González,4 Tms,14663,178.1,86.26927167630058,78.84954545454545,102.08259541984732,,99.56084442924457,97.01482758620689,84.75807017543858,,,90.17285384106277,99.44317206399826,90.69874452306361
554,AJ Smith-Shawver,ATL,29960,92.2,90.51034482758621,94.968,84.02,112.25,90.93702409069438,93.05511204904029,109.82714285714285,,,97.58805656678877,93.66885730246781,92.18385228775799
555,Bowden Francis,TOR,20548,141.0,97.27504244482174,77.1283076923077,,96.38719008264464,88.58903347034644,98.6135873015873,,,,95.86932822336732,100.79222902941808,96.83873326598415
556,Lucas Sims,2 Tms,13470,68.0,,,,,,,,,,,,
557,Brant Hurter,DET,30133,12.0,77.43,108.43964285714286,,,121.89661016949152,,86.29523809523809,,,107.39583462532299,82.81029678848282,87.2524850498339
558,Adam Plutko,2 Tms,15846,189.2,89.3372027972028,,97.03204081632653,,91.49142857142859,89.20564102564104,80.21000000000001,,,91.45102990033223,109.1607973421927,97.72245847176082
559,Hayden Birdsong,SFG,31635,114.1,84.33421638018201,,,,96.92111680337094,108.79580000000001,119.02717391304348,,,97.21968783372606,88.63875408666024,87.30197048198238
560,Sean Reid-Foley,TOR,17034,58.0,,,,,,,,,,,,
561,Tatsuya Imai,HOU,37124,58.2,83.33947154471547,83.29967213114753,,83.97666666666666,89.94003831417625,76.25,81.36206896551724,,,86.4238704177323,95.58482523444162,84.56596760443308
562,Liam Hendriks,OAK,3548,10.2,,,,,,,,,,,,
563,Jeff Locke,MIA,2929,32.0,,,,,,,,,,,,
564,Tanner Anderson,OAK,18029,22.1,,,,,,,,,,,,
565,Robert Gsellman,NYM,13696,127.0,80.1604347826087,88.29530864197532,,,77.60367346938776,103.90933333333334,84.925,,,84.61558658793116,102.46543680462275,90.7910611551816
566,Tyler Gilbert,2 Tms,17964,75.0,91.18926829268293,79.47907407407409,101.37942093541203,77.8046017699115,121.48590909090909,,,105.9557894736842,,94.0656977742679,98.2370455045573,90.33785888721091
567,Jared Shuster,2 Tms,27472,64.0,72.89731277533039,101.12899999999999,,,88.55594029850745,,89.53685039370079,,,82.20841015992475,98.98827845719663,83.34603951081841
568,Chris Mazza,BOS,14151,23.1,105.04705882352941,91.60494845360824,100.65272727272728,,108.49308411214952,,100.80933333333333,,,101.28827751196172,100.43224880382775,101.88765550239233
569,Aríel Miranda,SEA,17526,163.0,,,,,,,,,,,,
570,Tyler Phillips,2 Tms,20629,125.1,78.95689795918368,85.25344632768362,,95.40228915662651,103.96319496204275,100.32300820505543,86.54810810810811,,,93.45398262037797,101.88413138899682,94.35107987302818
571,Aaron Brooks,2 Tms,12272,103.2,67.95075268817205,94.78731707317073,,,99.63964601769912,,84.76285714285714,86.30571428571429,,87.47749999999999,96.60833333333332,85.3988095238095
572,Robert Stock,2 Tms,6576,39.0,103.98059322033897,85.80926829268292,102.46808080808083,,98.8593181818182,138.73999999999998,95.80000000000001,127.68222222222221,,99.55441143212178,93.6397141472507,92.26905001553277
573,Mike Baumann,BAL,20206,18.1,88.04198198198198,113.32,,,89.10122448979592,,94.6016,99.61762711864408,,91.3431186440678,103.21688135593219,97.98196610169492
574,Jayson Aquino,BAL,13150,11.1,,,,,,,,,,,,
575,Richard Fitts,BOS,30160,61.2,98.43139303482586,94.91963636363634,,100.96764705882352,103.91672210255378,102.41236842105262,88.56307692307693,,,100.77792804014858,105.5886650907703,107.00169167374293
576,Tejay Antone,CIN,16233,18.1,83.05603773584906,96.36,,,107.30138030194107,134.4273076923077,88.82615384615386,,,100.56511219552887,89.29303386720055,88.5608066399733
577,Casey Kelly,SFG,9174,15.1,,,,,,,,,,,,
578,Konnor Pilkington,CLE,21453,51.0,89.54868376068377,,,,106.9053125,95.49333333333334,87.74028708133972,,,90.80146393972014,90.3275565123789,82.50294940796554
579,A.J. Griffin,TEX,11132,72.0,,,,,,,,,,,,
580,Matt Andriese,3 Tms,12022,98.0,86.76,65.72,100.36,,,81.98,84.06,,,83.56093023255814,104.51860465116278,95.9260465116279
581,Angel Zerpa,KCR,22717,28.2,79.18567164179105,105.92215384615385,62.54,,105.19637931034484,,83.34868421052632,,,90.20138051607472,103.66632304853175,95.51615695923853
582,Blade Tidwell,2 Tms,31701,52.0,93.9314006514658,88.08277456647399,60.14000000000001,,111.90170042375925,110.63142857142859,98.42217391304347,,,100.6695052813882,90.98182461032816,90.74180502299022
583,Jefry Rodriguez,2 Tms,17018,86.1,78.46000000000001,104.68,,,,96.0,81.22,,,88.28566666666667,67.99733333333334,60.01333333333333
584,Jackson Rutledge,WSN,26215,24.2,77.95017964071856,89.25380952380952,104.5,93.52,114.4053759398496,96.55368421052631,84.91636363636364,,,91.09797701149424,99.69126436781609,93.01705747126437
585,Noah Schultz,CHW,32056,60.1,95.7196812749004,85.9938007380074,103.02601769911504,,114.56009999999998,125.25307692307692,80.91796296296296,,,97.52587906976743,96.43525581395348,91.82904186046511
586,Charlie Barnes,MIN,19865,33.1,,63.08854961832061,,,86.12244604316547,72.06285714285714,71.96912280701754,,,71.30483704974272,105.9356432246998,79.8808919382504
587,Ryan Johnson,LAA,35325,95.0,,81.74676691729323,103.9588364779874,74.4715915915916,106.13812182741117,,,,,94.8229415384615,94.89820307692307,90.51980307692305
588,Valente Bellozo,MIA,23899,93.2,73.73700374531838,,98.09715617715618,80.23333333333333,119.4616081029186,86.69532659689642,79.78042105263157,,,88.20529358878925,97.19196758334058,87.06686535371752
589,Yilber Díaz,ARI,29271,20.0,76.34062827225132,,,,110.96370370370371,,,85.70541666666666,,86.4951724137931,91.1512225705329,79.06238244514105
590,Coleman Crow,MIL,27926,16.2,94.57660377358489,97.83045454545457,93.48979591836735,,129.1991304347826,115.31586206896552,,,,102.04505494505496,105.56131868131868,104.04329670329673
591,Cody Reed,CIN,15232,33.1,,,,,,,,,,,,
592,Erik Miller,2 Tms,26252,11.2,81.78720000000001,115.02000000000001,,,127.67757575757578,,116.06177777777778,,,99.8979646647483,100.05703703703706,99.79353074043134
593,Chris Ellis,BAL,16125,29.2,82.78526748971193,,,,104.22213836477987,111.17037037037036,92.1859574468085,,,93.48723658051689,96.41892644135187,93.33506958250496
594,Jordan Wicks,CHC,30094,83.2,98.90093749999998,92.36452991452992,95.71449275362318,,106.85540838509317,97.18609523809525,100.41036319612591,,,98.92305564677979,102.56355384292927,102.17827599781931
595,Mason Adams,COL,31663,29.0,91.08448979591836,100.57899159663866,76.96482758620688,,93.59548387096774,94.95272727272727,80.22260869565217,,,93.18659528907926,100.47935760171306,93.80680942184155
596,Caleb Kilian,CHC,26213,19.2,78.39633587786258,89.28981818181818,86.60317757009345,,132.54,,72.42,98.4390243902439,,87.11391652887343,89.45982032813929,79.12645976628735
597,Peyton Battenfield,CLE,25777,32.2,71.62617511520737,,96.67879629629631,,,99.228,78.05777777777777,,,85.54300990099009,99.8009504950495,81.90728712871288
598,Artie Lewicki,DET,16731,18.1,,,,,,,,,,,,
599,Chase Dollander,COL,33482,111.2,93.40962577962577,96.25575757575758,114.04953703703704,,118.80897560975612,108.03947322363798,83.50476821192053,,,98.69493176404498,97.61970312359549,95.79797546067417
600,Cody Poteet,2 Tms,18769,59.1,80.7780412371134,84.57377777777778,,,111.34127167630058,101.52921739130436,85.82390697674418,,,90.05174522525438,101.424148419974,94.01745938348616
601,Andrew Kittredge,TBR,12828,25.2,81.33,111.02208333333333,,,112.65124999999999,,78.78,,,107.66043478260868,112.3336956521739,121.48543478260869
602,PJ Poulin,WSN,23394,15.0,95.50860759493672,95.54967741935484,,,98.9873417721519,,86.28333333333335,,,96.22698275862071,100.78060344827587,92.84689655172416
603,Reiver Sanmartin,CIN,19754,23.0,89.80871287128713,91.08641509433963,,,100.80112359550562,,92.23149253731343,,,93.0952558139535,101.82613953488374,98.84241860465117
604,Humberto Castellanos,ARI,21183,75.1,75.87387283236994,94.78857142857143,,,,97.26870588235296,76.08820143884893,,,90.24805088426356,104.54342421667171,93.3043824914731
605,Luis Morales,ATH,32227,54.0,88.39602591792655,96.66764705882353,,,119.61149683035289,,72.52276422764227,,,97.24606490054683,102.14621838304176,100.74905590292154
606,Eric Skoglund,KCR,16155,98.0,,,,,,,,,,,,
607,AJ Blubaugh,HOU,31764,11.0,96.02477876106194,,87.46000000000001,,110.61739130434782,102.02333333333333,102.47517241379309,,,100.41715686274509,98.19598039215688,97.31117647058822
608,Tyler Pill,NYM,12751,16.1,,,,,,,,,,,,
609,Tyler Beede,2 Tms,16981,135.1,93.071,101.05116883116882,,,82.5543396226415,90.65799999999999,92.31878048780487,,,92.7576923076923,97.09397435897434,94.10871794871792
610,Jalen Beeks,3 Tms,17192,47.1,92.54905172413794,,105.98055555555554,,98.56,,105.79555555555555,,,99.53047999127045,98.12108478600592,99.42794270976869
611,Joey Estes,OAK,26257,146.1,85.24892739273929,67.78769230769231,95.93813953488372,,118.0047797742592,,78.83318352059925,,,94.69514664043906,105.3869868904529,96.771596018172
612,Austin Cox,2 Tms,24604,10.2,87.69026548672566,,107.25714285714287,132.42000000000002,93.23076923076923,97.46666666666667,91.11052631578947,,,92.48471794871796,109.02912820512819,103.68389743589742
613,Edwin Jackson,4 Tms,1841,218.1,,,,,,,,,,,,
614,José De León,3 Tms,15463,18.0,106.87779141104294,,87.6,,106.67836734693877,114.54,90.95827586206896,,,103.40162502845554,97.50756062581486,98.89228393452122
615,César Valdez,2 Tms,9013,15.1,,,,,,,,,,,,
616,Shelby Miller,3 Tms,10197,67.1,84.08,,,72.18,90.52,,,,,82.3125,97.095,101.9425
617,David Paulino,HOU,17418,29.0,,,,,,,,,,,,
618,Chris O'Grady,MIA,13818,26.1,,,,,,,,,,,,
619,Kohl Stewart,2 Tms,15502,41.0,83.56,86.80126582278481,93.38288888888889,,127.96142857142857,103.85499999999999,79.39,,,92.22037209302326,78.88660465116278,78.81869767441862
620,Aaron Slegers,2 Tms,15231,26.0,83.46000000000001,100.14,,,100.2,,101.46,,,95.89241379310346,115.17000000000002,114.33758620689655
621,Riley Smith,ARI,19826,25.0,86.11,86.65513513513514,108.49000000000001,,102.08608695652174,100.5155,75.89780487804879,,,87.29396325459318,112.73154855643043,100.8212598425197
622,Matt Wilkinson,SFG,33760,22.2,86.71438775510204,,91.48521739130436,,94.34528301886793,,77.44000000000001,,,85.90321126760563,103.96771830985914,92.90281690140846
623,Keaton Winn,SFG,23499,80.2,83.3861059190031,99.26968325791854,,116.33516853932585,103.53573529411764,,,,,103.0258698777154,96.96757629009068,101.86226503267027
624,George Klassen,LAA,33464,27.0,101.69475935828878,99.77511111111112,,,99.86571428571429,92.50285714285715,94.07166666666667,,,99.24786150712832,81.45283095723016,83.28187372708759
625,Kenny Rosenberg,LAA,20009,24.0,84.38258426966293,,107.15257142857143,,91.63071428571428,81.12083333333334,91.08177777777779,,,88.94703185218772,94.87294698858916,86.4642513035593
626,Luinder Avila,KCR,24452,51.2,91.61570312500001,105.18750988142293,,,102.43247311827959,94.49267973856209,93.57831578947369,,,98.0330425531915,88.65202127659576,90.008
627,Mitch Farris,LAA,33628,24.1,76.79970297029703,,,,94.55829787234042,,101.93,,,87.64965346534653,91.02579207920792,78.76955445544556
628,Tristan Beck,SFG,21584,19.0,87.39376000000001,,,,105.71942446043165,94.64410256410257,,,,96.73379537953795,106.06435643564356,104.43518151815182
629,Sean Nolin,WSN,11341,17.2,91.0017142857143,95.28000000000002,105.09835616438356,,86.16,100.87899999999999,99.75185185185185,,,96.91852090032157,102.48475884244374,96.62681672025724
630,Jimmy Lambert,CHW,19541,19.1,81.67662790697673,,,,105.88,,101.30602739726027,95.05230769230769,,91.94880466472304,98.96833819241982,91.42921282798834
631,Landon Knack,LAD,27487,88.1,90.26995815899583,,,,110.89026666666665,80.06255639097743,99.45643097643098,77.52370370370372,,94.19822918748542,100.14845783241316,93.70359512348877
632,Allan Winans,2 Tms,21238,44.1,67.69312101910828,80.9608695652174,,,88.8393567251462,83.26,83.82942731277532,,,80.97975262654492,98.06233002937375,80.52695802613044
633,A.J. Alexy,TEX,22343,19.1,95.80248704663212,,,,93.87928571428571,95.4736,68.6369696969697,,,90.18823529411766,88.93870588235295,85.30541176470588
634,Tommy Henry,ARI,26285,166.2,78.64513189448441,82.32928571428572,,,99.3312411366361,90.39925824175825,89.03276497695853,,,85.36019858496778,98.0617825768437,85.23348849014138
635,Daniel Castano,MIA,19805,72.1,86.72425,86.73376146788992,95.7800925925926,,98.46545003411701,,88.75703703703702,,,92.09256629817827,101.2680133935149,92.75397862014266
636,Dylan Covey,2 Tms,14825,218.0,,89.62,111.21999999999998,,107.33999999999999,,,,,101.804,105.732,105.18000000000002
637,Keegan Thompson,CHC,19795,94.2,93.91493670886076,82.1257142857143,99.09603053435116,,105.31070422535211,95.06650980392156,85.79075000000002,,,94.5805339736505,93.20546552224242,89.74039825002463
638,Elmer Rodríguez,NYY,31811,26.2,81.24978723404256,93.97633187772925,80.12,,110.68395833333335,99.14361111111111,92.0728205128205,,,95.12247191011235,84.31546816479403,78.7590262172285
639,Craig Stammen,SDP,7274,11.0,,98.10320000000002,79.20758620689655,,98.82,,71.8,104.28555555555558,,95.99434813672771,107.8567630579476,104.4488158537961
640,Kyle Muller,2 Tms,20167,108.0,85.22557550158395,68.28,,,96.14104185869112,108.77480515652807,89.45343283582088,,,92.67077630198355,95.04719874539792,90.0047008730172
641,Darius Vines,ATL,25928,21.2,80.071,,86.1428205128205,,89.10595238095239,73.78,78.29204081632653,,,81.38211028593979,106.96147239263802,90.9702540092563
642,Cesar Perdomo,SFG,30334,20.2,88.66433566433567,,,,95.92920634920637,,77.7370909090909,,,86.30749206349206,104.01682539682538,97.05809523809523
643,Josh James,HOU,16794,22.1,86.92602150537635,,,,105.46827586206896,94.132,110.8,,,94.07727891156463,77.3082993197279,74.25823129251701
644,Zac Lowther,BAL,20243,23.2,89.41579908675799,,,,92.3,88.84722891566265,76.89891891891892,,,87.55722863741343,98.61861431870666,85.12706697459582
645,Tim Adleman,CIN,10968,105.1,,,,,,,,,,,,
646,Colton Gordon,HOU,31312,73.2,90.25617590822179,92.314126984127,,,114.63419525065962,95.42469895669404,80.63626373626373,,,97.7563528895857,107.9660996675047,101.49363678413634
647,Jesse Scholtens,2 Tms,19205,64.0,76.36062084257206,89.11323076923077,,103.62470588235294,79.67032599348936,95.65223529411765,86.58857142857143,,,81.84324399233377,108.54287553442433,93.88302591036415
648,Hogan Harris,OAK,21520,75.2,95.88210826210828,,86.64063157894738,,86.18493249607535,95.97251798561152,102.49681274900398,,,95.54548903255528,93.22015100888852,88.94122564417687
649,Miguel Díaz,2 Tms,18815,15.2,82.1203448275862,113.53272727272729,,,107.39629629629631,,124.7128,,,104.43337579617835,89.35082802547772,96.58445859872613
650,Mike Mayers,2 Tms,15451,28.0,92.25290322580646,88.22833333333334,91.1,,96.2603813104189,87.01,82.32894736842105,,,92.14588744588745,108.9782683982684,100.21809523809523
651,Connor Phillips,CIN,27649,20.2,96.05170124481329,,,,133.46020618556702,90.1227027027027,70.10400000000001,,,104.7322427440633,87.72005277044855,92.85350923482848
652,Andrew Albers,2 Tms,7853,43.2,102.31441860465117,85.79526315789474,,,85.20342857142857,89.33000000000001,90.36146341463414,,,92.26653543307087,108.23968503937007,97.70732283464567
653,Tony Santillan,CIN,19926,17.2,78.88901734104047,,,,100.07536423841059,,61.40642857142858,,,86.70117377622375,89.94628776223777,80.08873076923076
654,Caleb Ferguson,2 Tms,19349,25.1,101.175593220339,107.8,121.74681818181817,,99.10285714285713,95.47999999999999,,,,106.3320016760947,89.48396815420071,89.63054431175361
655,Cody Morris,CLE,25388,20.2,102.23745222929936,,94.50389380530974,,,97.6675,109.58877192982455,,,100.62905982905981,90.36678062678062,92.27943019943018
656,Matt Peacock,ARI,20339,34.0,,86.0631496062992,,,108.67170731707316,,74.38315789473684,,,89.84716845878135,108.70293906810033,100.71268817204303
657,Andre Jackson,PIT,21298,27.0,87.06962962962963,,,,89.19901234567902,78.9475,105.3126050420168,,,91.29533477321816,92.60203023758099,87.40941684665228
658,Hector Velázquez,BOS,19341,66.2,,,,,,,,,,,,
659,Adam Conley,MIA,14457,100.2,,,,,,,,,,,,
660,Hyeon-Jong Yang,TEX,27513,15.0,87.80434782608695,,,,82.83081967213116,89.00333333333333,105.4412195121951,,,92.09037037037037,100.21822222222221,95.65044444444446
661,Chase Silseth,LAA,30074,73.2,84.63204301075268,91.48662420382165,97.65818181818182,105.9775172413793,94.01888611193367,82.97777777777777,,,,92.61300054295968,103.88431209174229,97.98924000842639
662,Andrew Sears,DET,33664,10.2,104.41311827956989,105.90461538461537,,,103.94310344827588,,90.244,,,102.4152657004831,92.09584541062802,94.32869565217392
663,Mike Bolsinger,TOR,11137,25.2,,,,,,,,,,,,
664,Jake Thompson,PHI,14371,41.1,,,,,,,,,,,,
665,Jose Cabrera,ARI,30412,22.0,84.61186046511627,87.05641025641025,82.01822784810128,,95.97137931034483,115.46095238095239,77.4060465116279,,,89.04293103448278,87.65948275862068,80.87195402298852
666,Max Castillo,2 Tms,21956,26.0,86.14657534246575,,,,92.864375,,72.32057142857143,,,83.33341447963801,100.85730303813833,86.68917129928894
667,Adrian Morejon,SDP,20039,21.0,96.16397163120568,109.25142857142858,,,128.77565217391302,107.42849999999999,126.43559999999998,,,107.03330909090907,108.0072,113.78690909090908
668,Cody Ponce,2 Tms,17920,22.2,88.102625,94.69217391304348,85.52727272727273,,86.02142857142857,100.71230769230769,83.10799999999999,,,89.85454216456128,98.02280505291908,87.00648753840902
669,Denyi Reyes,2 Tms,20526,14.2,85.679375,81.618,90.01115384615385,,94.63939393939394,79.56,84.10577777777777,,,87.9388529620014,111.00116119896153,97.82878577609942
670,Chris Rowley,TOR,18820,13.2,,,,,,,,,,,,
671,Shawn Dubin,HOU,24977,10.0,93.179,,106.1248,,97.83250000000001,86.13040000000001,98.08,,,95.2428735632184,73.87080459770115,73.85068965517242
672,Huascar Brazobán,NYM,6107,11.0,99.94769230769232,93.1453488372093,88.97846153846154,,,,91.99415730337078,,,92.79498866213153,88.2697842575311,86.93748574692245
673,Daulton Jefferies,2 Tms,19345,48.1,91.89412844036697,90.45164179104476,84.18085365853659,,97.064,,74.68569536423841,,,87.26447843185959,104.50411475409835,94.18647615499258
674,Corey Oswalt,NYM,13677,63.2,87.45428571428572,87.02,,,82.11142857142858,,85.59757575757577,,,86.2342189809796,109.13787720508525,100.40155119739826
675,Zach Agnos,COL,31552,10.2,85.42608695652174,89.25666666666666,88.3627027027027,93.47076923076922,91.96418604651161,,,,,89.35494117647059,102.53176470588237,93.25447058823529
676,Chris Volstad,CHW,9901,15.1,,,,,,,,,,,,
677,Noah Davis,COL,25862,25.0,65.39,80.17759689922481,96.5747619047619,,121.85333333333331,132.43999999999997,77.50186046511628,,,92.3387624750499,91.71868263473054,82.72510978043914
678,Justin Nicolino,MIA,11754,32.2,,,,,,,,,,,,
679,Jared Koenig,2 Tms,27517,31.1,80.07509433962264,83.9461855670103,121.78916666666669,,82.19828571428572,100.85841584158419,72.47428571428571,,,87.05791883689432,92.94525148843252,78.65664830979298
680,Carlos Rodriguez,MIL,30161,12.1,106.64744186046512,91.06560000000002,89.03809523809525,,104.34166666666667,111.8176,76.01621621621622,,,95.64813852813852,105.87151515151514,99.7343722943723
681,Jimmy Yacabonis,3 Tms,15157,38.1,,84.95658536585364,,,105.26285714285714,,66.96000000000001,,,87.12338461538461,88.41384615384615,74.58953846153845
682,Kyle Tyler,MIA,22092,29.2,77.80578313253011,,87.25473684210527,,71.5,49.063037974683546,75.63142857142857,,,73.02488330341112,111.11662477558346,90.63400359066425
683,Yefry Ramírez,BAL,15655,56.2,,,,,,,,,,,,
684,Braden Shipley,ARI,15158,12.1,,,,,,,,,,,,
685,Luis Patiño,3 Tms,22815,92.1,111.48429926238146,93.35192307692309,,,115.6883687888795,89.11666666666667,89.52503816793893,,,108.91506180093137,94.37649671410543,104.29196283239757
686,Josh Rogers,2 Tms,18510,61.1,83.43368700265252,77.61263157894737,,,98.34310606060603,86.52,85.09076923076924,,,88.71613461879697,97.02172271840067,86.64818504169871
687,Yohander Méndez,TEX,14391,21.0,,,,,,,,,,,,
688,Logan Evans,SEA,33699,78.1,74.03827338129496,94.73308056872038,89.50775862068964,,101.20188925081433,98.83953488372092,81.28364779874215,,,91.37580745341617,100.01989130434787,91.71031055900619
689,Connor Gillispie,MIA,26171,26.0,91.63868613138688,,89.21384615384616,,90.61497005988024,68.032,81.34630136986303,,,88.96899598393576,96.9183935742972,86.66518072289158
690,Xzavion Curry,3 Tms,25595,68.2,81.7474358974359,81.52,,87.28,99.74039420526424,94.92999999999999,86.08146341463414,,,89.53292624323437,100.25395325326288,89.7973060124488
691,Josh Winckowski,BOS,22387,90.2,90.32324999999999,104.31349904397706,94.49606986899563,,97.90924731182795,,85.86255319148935,,,97.34950863109552,98.93550273262059,98.74239899958255
692,Bryan Hudson,CHW,19924,10.0,100.60731182795699,,92.86,,107.65450000000001,,,,,102.6686567164179,99.00388059701493,99.985223880597
693,Jack Kochanowicz,LAA,27688,240.1,86.02891271056662,98.38581723237596,,,92.07643351780766,112.27025316455699,90.864375,,,95.08770854898066,93.48763348503759,90.25527718259936
694,Jharel Cotton,OAK,13654,129.0,,,,,,,,,,,,
695,Phil Hughes,MIN,7450,54.0,,,,,,,,,,,,
696,Braydon Fisher,TOR,24609,12.2,68.95222222222222,78.1,86.69,,116.20838709677419,88.86793650793649,,,,95.60158139534882,101.78353488372093,97.69404651162792
697,Mason Black,SFG,30171,33.2,105.33769999999998,97.1974269005848,,,95.0419298245614,,76.93076923076923,,,98.59603278688525,99.88819672131147,94.99773770491804
698,Carson Spiers,CIN,27685,68.0,96.39892405063289,94.28427860696517,86.52241379310344,,111.76088888888891,,70.4041573033708,,,93.7294935971588,100.94445924269577,94.28560500916414
699,Scott Kazmir,SFG,4897,10.1,89.76148936170213,,,,95.40620689655174,,108.50678571428571,,,96.40629213483143,91.0152808988764,87.52191011235956
700,Drew VerHagen,DET,13424,32.0,,,,,,,,,,,,
701,Bryan Garcia,DET,19457,20.1,,87.46794871794872,,,95.32026666666667,,83.65348837209302,,,88.31503759398495,89.12731829573934,79.71318295739347
702,Yunior Marte,SFG,31097,14.1,75.495306122449,,,108.82285714285713,83.06588235294119,,,,,85.85422924901185,99.11691699604741,90.99699604743083
703,Casey Lawrence,TOR,11121,11.1,,,,,,,,,,,,
704,Nick Tropeano,LAA,12385,81.0,,,,,,,,,,,,
705,A.J. Cole,WSN,11467,53.1,,,,,,,,,,,,
706,Henderson Alvarez,PHI,5669,14.2,,,,,,,,,,,,
707,Drew Rom,STL,24602,33.2,96.13959595959595,82.03864197530865,,83.61433962264152,92.08240506329115,,,,,90.78843049327355,96.34062780269059,85.48944693572497
708,Brett Kennedy,2 Tms,17877,36.2,77.9060975609756,89.18727272727273,,,84.92,,86.62755555555556,,,82.71267080745342,100.53614906832298,82.9670807453416
709,Bryse Wilson,4 Tms,19990,261.1,89.59798872180453,100.355,94.75163814180928,86.90410958904111,91.36732461382343,102.21493535883131,79.96580086401126,,,93.72829212079823,99.08155497329966,93.86568219451685
710,Thomas Pannone,2 Tms,17281,63.1,108.18,83.26,106.12,,146.04,123.22,61.48,,,102.32327272727274,103.74836363636366,101.12909090909088
711,Erasmo Ramírez,3 Tms,10314,158.2,121.68000000000002,96.96576923076924,95.953,,101.355,101.66666666666667,87.35130434782609,,,97.03524475524476,96.8218444055944,91.97716103341104
712,Gabriel Ynoa,BAL,12938,84.1,,,,,,,,,,,,
713,Enyel De Los Santos,PHI,18403,14.2,,,,,,,,,,,,
714,Kyle Hart,2 Tms,19646,43.1,87.30652482269502,93.99973509933774,,102.08434782608694,102.9775737704918,104.1711111111111,85.86727272727272,,,95.61451690886868,97.32677047399157,94.21148417764496
715,Jhonathan Díaz,2 Tms,20298,24.1,82.95120000000001,92.58967741935484,,,106.06388888888888,90.63777777777779,90.21787878787879,,,93.27899908846912,81.52323618777535,79.36151592646983
716,Sean Sullivan,COL,33502,22.1,71.68571428571428,80.7925,84.15483870967742,,88.17333333333335,,95.73138461538461,,,80.76757281553398,100.12800970873788,81.347427184466
717,Garrett Hill,DET,25097,42.2,85.04893939393939,86.92758620689655,,,91.7009022556391,,84.14302325581394,92.32146341463414,,88.12949295774648,95.03309859154929,85.07540845070423
718,Vance Worley,MIA,6435,52.1,,,,,,,,,,,,
719,Bryan Mitchell,2 Tms,11479,61.2,,,,,,,,,,,,
720,Dietrich Enns,3 Tms,13932,14.0,106.0451948051948,98.36625000000001,112.63066666666667,,,96.14166666666667,107.13898305084747,,,106.11303797468356,103.77797859846014,106.23356518334856
721,Brandon Bielak,HOU,19866,98.0,73.98718644067797,89.9304593639576,97.49162790697675,,96.53073071583422,92.17335875019546,88.90540942928041,,,86.17048390529153,100.30406592694277,89.7883889030184
722,Jacob Turner,2 Tms,10185,12.1,,,,,,,,,,,,
723,Raúl Alcántara,OAK,12790,15.0,,,,,,,,,,,,
724,Drew Thorpe,CHW,31967,44.1,68.96586206896552,,87.7148,,92.13348484848483,,87.93273437499998,,,82.57680111265645,98.09490959666205,84.28739916550762
725,Dario Agrazal,PIT,15821,71.1,,,,,,,,,,,,
726,Easton Lucas,TOR,26058,19.2,99.999801980198,,91.33333333333333,,115.42361445783135,,89.83915492957746,,,101.44645320197041,86.9330541871921,87.66512315270936
727,Rony García,DET,20430,42.0,105.1225519287834,94.79873684210526,,,107.50399999999999,102.80952879581153,70.94409638554217,,,99.01013736263741,101.36881868131869,100.3820054945055
728,Thomas Hatch,3 Tms,19264,25.0,96.18616666666667,97.92853333333332,100.15297297297298,,84.03200000000001,,97.61724137931036,,,97.29452092701487,94.52280620106285,94.42430552498348
729,Brock Burke,2 Tms,17968,28.2,112.11923076923077,104.54,,,101.338,,95.8,,,107.07073170731707,103.70341463414634,104.75365853658536
730,Carson Fulmer,2 Tms,18311,95.2,92.81881773399013,85.34106666666666,,,95.23276404151405,89.66821917808218,74.74900584795321,,,86.90597850425438,103.01886550231377,92.99918846535479
731,Chad Bell,DET,10297,15.1,,,,,,,,,,,,
732,Alex Wells,BAL,19845,37.0,82.75176100628933,,,,104.93588785046728,82.97380952380954,83.0514606741573,,,86.54606249999998,107.50840624999998,91.1444375
733,Jackson Tetreault,WSN,20565,21.0,80.4485308056872,,90.43810344827585,,,87.33500000000001,85.81199999999998,,,84.29852054794522,99.26772602739725,85.97287671232876
734,A.J. Puk,MIA,19343,13.2,83.6855652173913,88.3581818181818,,93.46551724137932,95.75736842105263,,,,,89.67182662538701,101.42476780185758,91.50105263157893
735,Taylor Clarke,2 Tms,17611,92.2,93.69692307692308,87.40666666666667,75.728,,113.50117647058823,100.45806451612903,87.63357142857144,,,98.07628099173553,99.46045454545455,97.70413223140497
736,Cole Sands,MIN,21461,17.1,80.44474358974357,78.49111111111112,105.99428571428572,82.76218181818182,,99.03082352941175,72.6,,,87.76911101545525,103.02508629524864,91.35860861722627
737,Jackson Stephens,2 Tms,14420,21.2,76.8,97.08,,,94.72,111.92,83.14,,,91.57178571428571,119.29892857142856,110.31964285714285
738,Ky Bush,CHW,29823,17.2,82.88407185628742,,,,91.05250000000001,99.12163265306123,83.09375,,,87.32801223241592,84.35394495412844,76.73064220183487
739,Mark Leiter Jr.,2 Tms,15551,75.0,86.25904761904762,80.9436559139785,87.33833333333334,96.28826086956522,112.55857142857143,96.69951219512194,,,,89.20727941176469,95.31080882352941,84.45213235294119
740,Karl Kauffmann,COL,27488,12.2,76.03733333333334,84.4370731707317,85.18999999999998,,92.52000000000001,,82.53666666666668,,,83.51917695473252,92.07366255144034,79.0314403292181
741,Pedro Payano,TEX,18313,16.0,,,,,,,,,,,,
742,Adam Mazur,2 Tms,31900,63.2,84.31779710144927,94.88893203883495,,,106.06725440806046,98.97968503937008,84.34039603960396,,,95.12087523277468,95.09754189944132,91.87517690875232
743,James Marvel,PIT,19675,17.1,,,,,,,,,,,,
744,Deck McGuire,2 Tms,11596,17.2,,,,,,,,,,,,
745,Packy Naughton,2 Tms,23292,24.1,76.38510948905109,84.17095652173913,,,92.05607142857141,75.52888888888889,90.84957264957266,,,84.35188940092165,108.22552995391705,96.32004608294933
746,Mike Vasil,CHW,30105,11.0,92.5945945945946,94.80944444444445,,,110.88060606060607,96.25307692307692,81.0632,,,95.6025,95.335625,89.40145833333332
747,Brock Stewart,LAD,16727,22.2,142.32,88.75999999999999,,,101.42,,101.48,,,110.83999999999999,92.76666666666668,106.25777777777778
748,Gregory Soto,DET,19677,23.1,,,,,,,,,,,,
749,Chandler Shepherd,BAL,16166,12.0,,,,,,,,,,,,
750,Conner Menez,SFG,19199,14.2,90.82,,,,94.88,101.0,,,,94.17395348837208,87.37860465116279,79.71720930232557
751,Alan Rangel,PHI,19524,11.1,81.63347826086957,,,,97.26212765957446,89.78080000000001,114.65046511627908,,,96.80192771084336,105.3174297188755,98.53140562248996
752,Jackson Kowar,KCR,21549,27.1,80.32079754601227,,,,108.01500000000003,93.76857142857143,116.38514285714287,,,95.00998296422487,89.61465076660987,85.64296422487226
753,Louis Varland,2 Tms,27691,116.1,99.0192048192771,92.77052631578947,93.63543726235741,,93.00718309859154,111.7,95.22666666666666,104.78852459016395,,95.91620784300247,104.78953375542257,102.63920859552998
754,Lewis Thorpe,MIN,15906,27.0,76.79333333333334,,,,87.2116853932584,100.71759999999999,81.47120000000001,,,82.50512987012989,98.48077922077923,83.08558441558444
755,Kohl Drake,ARI,32070,20.2,90.97078787878787,,89.44954545454544,,104.82685714285715,96.73138461538461,93.74109589041096,,,93.5911811023622,95.67685039370078,88.7875065616798
756,Walker Lockett,2 Tms,13804,36.1,80.42,91.72,101.2,,,116.2,79.9,,,93.77160493827161,110.60864197530861,104.69382716049384
757,Seth Frankoff,ARI,11346,13.2,71.69836734693878,,,,90.59420289855072,109.24620689655174,86.49489361702128,,,84.65215189873419,89.66599156118143,77.58185654008439
758,Carson Seymour,SFG,30084,10.1,101.09155555555557,104.91735294117647,87.801,106.58,109.41392461197341,119.55199999999999,,,,103.56688905833016,94.48112148938874,97.88892044732492
759,Humberto Mejía,2 Tms,20739,32.1,80.4829861111111,76.90941176470588,,,113.87845280639057,111.16250000000001,79.33126436781609,,,88.53519380023138,97.57729101064199,84.29021184330493
760,Ethan Pecko,HOU,33515,20.0,97.64634146341463,102.47373737373739,97.23250000000002,,103.47898734177215,98.00739130434783,76.2209090909091,,,98.81728900255756,93.97263427109972,96.39631713554986
761,Ken Waldichuk,OAK,27681,137.2,89.23918938835666,,,,102.90003779092497,93.63977528089889,90.5479365079365,,,93.08484276787179,98.34246007783756,91.14411609898238
762,John Lamb,LAA,8493,10.0,,,,,,,,,,,,
763,Erik Swanson,SEA,16587,40.0,99.96291666666666,,,110.5047619047619,109.20142857142858,,,,,105.00845360824742,111.22412371134018,110.7418556701031
764,Nick Neidert,MIA,18699,36.2,84.63581081081082,,,,89.22759197324415,87.77868852459018,98.77210526315788,,,88.06156679600235,92.55201175778953,80.59290384479716
765,Trey Gibson,BAL,33794,37.2,96.71489932885906,99.599477124183,95.95323529411765,,110.70051612903224,77.91704545454546,,,,97.97144117647059,92.5124411764706,94.28452941176472
766,Zach Neal,OAK,11294,10.0,82.84769230769231,88.75392857142856,84.50428571428571,,,87.5,88.25354838709679,,,86.50376470588235,98.30423529411766,87.26294117647059
767,Christian Bergman,SEA,10925,54.0,,,,,,,,,,,,
768,Miguel Yajure,PIT,21111,15.1,83.90419354838708,72.04,87.92108108108108,,104.5208695652174,96.6419512195122,72.14399999999999,,,85.34034482758621,96.86862068965519,88.16862068965519
769,Colten Brewer,BOS,12997,14.1,70.00399999999999,82.645,95.4465625,,109.02171428571428,124.56377777777777,82.94,,,106.70869565217393,105.09391304347825,107.07558528428096
770,Brandon Finnegan,CIN,16208,33.2,,,,,,,,,,,,
771,Jeff Brigham,MIA,16631,16.1,,,,,,,,,,,,
772,Drew Hutchison,2 Tms,10732,117.0,84.33741029641185,76.96459999999999,,,92.45997168585521,,83.41016574585636,,,86.1794615731199,99.40370004293308,87.56109939839517
773,Glenn Sparkman,KCR,15200,131.1,,,,,,,,,,,,
774,Matt Brash,SEA,25756,20.0,97.74404761904762,,,,110.72810810810812,,97.78857142857143,107.55617647058823,,104.36598465473145,88.16337595907927,92.37693094629155
775,Jon Duplantier,ARI,19546,26.0,94.75454545454546,94.06746268656717,,,93.95954545454546,,112.98166666666664,84.58,,94.7540074906367,89.23123595505618,87.98831460674158
776,Hisashi Iwakuma,SEA,13048,31.0,,,,,,,,,,,,
777,Ubaldo Jiménez,BAL,3374,125.0,,,,,,,,,,,,
778,Stephen Gonsalves,MIN,15492,12.1,,,,,,,,,,,,
779,Taylor Widener,ARI,19266,61.0,92.00967741935484,,,,94.44863387978141,108.58,75.86920454545454,,,89.75837209302325,98.10573643410855,90.35924418604654
780,Reiss Knehr,SDP,21541,21.0,95.79135678391961,,90.79896551724138,,93.09857142857143,98.02,81.14522727272727,,,91.6041619176843,87.66558570782453,82.34908819538671
781,Wes Benjamin,TEX,19243,10.0,107.78233766233765,94.48,100.7044,,,101.81724137931033,85.07764705882353,,,101.00415421227987,93.31858543550692,89.70293193717279
782,Mike Paredes,MIN,30187,22.0,85.37031250000001,,92.85584905660377,,114.09011764705885,,88.66493827160494,,,94.34840579710144,101.16324637681161,97.92011594202899
783,Jake Bloss,HOU,33168,11.2,95.11029126213593,88.4,,,92.16000000000001,84.43225806451613,81.94222222222223,,,91.53165957446808,106.25863829787234,100.08800000000001
784,Jarlín García,MIA,18282,34.0,,,,,,,,,,,,
785,Sam Aldegheri,LAA,26443,48.0,82.10570175438596,,100.33904761904762,,106.45066808059386,87.83796879432624,94.37248945147681,,,89.06712570519312,89.85407710111383,81.10654202227684
786,Carson Palmquist,2 Tms,31612,41.1,91.16272401433692,101.65825503355704,75.95408163265306,,111.94448903156767,,71.55760000000001,,,97.99382236159356,95.34628354699008,92.00204241330341
787,Andrew Moore,SEA,17553,56.0,,,,,,,,,,,,
788,Mason Barnett,ATH,31741,47.2,85.36292682926829,,,,111.2875,88.95603778535818,104.90101010101012,,,93.88721439487153,100.4664430613514,94.66223600535089
789,Zach Logue,OAK,20231,49.1,77.58875,50.44,78.55597701149424,,,95.279375,72.17237288135594,,,79.56700834326581,103.77280095351608,86.1396185935638
790,Victor Mederos,LAA,31533,13.0,,97.66540540540541,,,104.6798214285714,,85.88333333333333,,,100.40680851063831,89.00451063829786,88.72927659574468
791,Ljay Newsome,SEA,19942,14.2,87.15914893617021,,,,,98.94631578947367,88.708125,,,90.1222972666184,108.49222792049726,96.22937336401377
792,Nick Kingham,PIT,11694,86.2,,,,,,,,,,,,
793,Ronald Bolaños,2 Tms,20041,18.1,85.57724137931035,90.3,,,115.17999999999999,116.22769230769231,94.28,,,98.26246575342465,78.01178082191781,78.98191780821918
794,Logan Allen,2 Tms,18555,63.2,84.14858895705521,78.1676923076923,110.3,,111.1341484716157,96.32,95.84916030534352,,,95.25440414507773,98.53878238341969,92.4537564766839
795,Lisalverto Bonilla,CIN,11266,20.2,,,,,,,,,,,,
796,Darren McCaughan,2 Tms,20038,25.1,72.76296296296296,82.28931677018635,,,96.6274025974026,,85.86509803921568,,,85.91078299776287,102.80859060402685,85.18984340044743
797,Tucker Davidson,3 Tms,19871,72.0,86.52658135283365,93.04666666666667,,100.12857142857142,117.21284309895834,105.07359223300969,97.94976744186047,,,101.4774333944014,92.59761158424703,95.74109318013619
798,Bryan Hoeing,MIA,26304,37.2,80.50333333333336,100.23594117647059,,96.98846153846154,102.83886597938144,112.71999999999998,75.08533333333334,,,98.61166496079237,99.61912868646431,97.40305025619324
799,Tim Melville,2 Tms,9149,36.2,,,,,,,,,,,,
800,Mat Latos,TOR,3815,15.0,,,,,,,,,,,,
801,Troy Scribner,2 Tms,15570,20.1,,,,,,,,,,,,
802,Luke Farrell,4 Tms,15101,18.0,84.33466666666668,,,,108.88958333333333,117.654,93.49333333333334,,,95.65308823529412,105.43676470588235,103.8585294117647
803,JR Ritchie,ATL,31760,55.0,99.2255399061033,94.26700507614213,89.04945945945946,,90.55492063492063,102.20267782426778,92.01475935828876,,,96.20385567010312,95.22468041237111,96.83098969072162
804,Héctor Santiago,3 Tms,4026,114.0,82.22,74.48,,,92.74,,98.68,,,88.78848484848484,117.83333333333333,107.58060606060606
805,Gunnar Hoglund,ATH,31318,32.1,93.24673469387756,94.08461538461539,,,96.73313432835822,,96.47761904761902,,,94.94598540145986,105.19456204379563,101.41010948905111
806,Chase De Jong,4 Tms,15036,87.2,88.4169406392694,111.16,,,109.23629268292684,95.22874418604651,73.0071111111111,,,94.03715140411646,99.55744854435633,93.23892585807113
807,Burch Smith,2 Tms,12784,22.2,103.88,,90.74,,,93.14,,,,96.17272727272729,80.9509090909091,83.68909090909091
808,Mason Englert,2 Tms,22288,22.2,98.0513924050633,92.63492537313432,84.31795918367347,,92.48367058823528,94.60212351029253,97.4865306122449,,,94.29476198412016,116.24780340636525,110.06128365436177
809,Julian Aguiar,CIN,30031,31.2,,80.38874125874126,,,124.35851063829789,94.86489795918368,80.2608,,,89.24680529300566,103.12181474480148,90.71897920604914
810,Jordan Holloway,MIA,20631,12.0,77.77448275862068,83.06372093023255,,,110.96244897959184,,86.91818181818182,108.14896551724138,,94.42111940298507,80.62768656716418,76.77776119402986
811,Adrián Martinez,OAK,21023,60.0,,80.11647279549717,,,99.19844155844157,,97.54041095890412,,,87.8286605730575,103.94158322097157,92.95286498955844
812,McCade Brown,COL,30004,25.2,,88.61289198606272,,,96.45791666666668,106.95505617977528,82.7957142857143,,,90.94345933562427,92.50038946162658,83.68373424971365
813,Daniel Gossett,OAK,16164,115.2,,,,,,,,,,,,
814,Jacob Nix,SDP,17775,42.1,,,,,,,,,,,,
815,David Holmberg,CHW,7725,28.2,,,,,,,,,,,,
816,Shintaro Fujinami,OAK,31839,17.2,96.44377142857142,,100.88799999999998,102.56430107526883,112.93190476190478,,,,,100.56123943661974,86.44805633802817,91.65132394366198
817,Dillon Gee,2 Tms,7396,16.0,,,,,,,,,,,,
818,Nate Pearson,2 Tms,20160,19.2,106.03323232323233,112.48,,,113.99511811023623,100.3008,99.24,,,107.90680851063827,77.88787234042552,86.62744680851064
819,Hunter Gaddis,CLE,25636,38.2,88.9560824742268,,83.0377358490566,,92.94291729323308,105.06166666666665,103.11540983606557,,,93.74163454759108,99.8825201163897,94.2910383862123
820,Rookie Davis,2 Tms,14962,25.0,,,,,,,,,,,,
821,Hector Noesí,MIA,3292,18.1,,,,,,,,,,,,
822,Ryan Weber,2 Tms,10160,34.0,,89.79361702127657,77.19379310344827,,82.2658064516129,71.04,70.53028571428571,,,82.02365930599368,93.52542586750792,76.82807570977918
823,Manny Banuelos,CHW,5365,34.2,,,,,,,,,,,,
824,Steven Wright,BOS,8185,48.0,,,,,,,,,,,,
825,Didier Fuentes,ATL,30661,16.0,109.44742857142857,,,89.93777777777778,110.89962264150944,104.1260606060606,,,,108.43149863760217,97.89907356948228,103.71880108991826
826,Carson Whisenhunt,SFG,31676,58.0,89.27423255813953,81.82326693227091,,,94.64318245748626,92.33262500000001,102.83402173913043,,,92.84170502753082,89.26534179603775,83.25211687443186
827,Thomas Eshelman,BAL,18361,54.0,67.35878787878788,65.83028301886793,,,86.63675675675677,73.21083333333334,68.41011235955057,,,72.54784107143733,104.44231922195111,81.56141156370744
828,Jonathan Heasley,KCR,22224,118.2,89.29289978678037,91.53242424242424,,,105.31938053097345,92.76666654946602,94.4797285067873,,,92.82257483259421,101.6842146659875,94.38864566297919
829,Jhony Brito,NYY,25386,52.2,79.44333333333333,113.65287581699346,,,126.71079365079366,,108.43870036101083,101.9423076923077,,105.759025974026,109.58015151515153,115.83344155844156
830,Bruce Zimmermann,2 Tms,20370,134.1,78.63451984635083,83.65140350877193,80.14,94.53999999999999,100.81095523988205,102.41060065873974,92.09617543859649,,,89.78083496593912,102.77864254349835,94.95244670601635
831,Travis Wood,2 Tms,9884,65.1,,,,,,,,,,,,
832,Chase Petty,CIN,30170,17.2,102.0719540229885,88.78262295081969,,,101.25048883928571,,94.5544827586207,,,97.13239520958084,100.70041916167665,98.2374850299401
833,T.J. Zeuch,2 Tms,19269,40.0,82.2375,101.61320158102767,87.91721518987342,,109.34229508196724,,83.84603773584907,,,99.213786407767,100.20423300970873,99.71304854368933
834,Spencer Howard,4 Tms,23252,112.0,92.61188509874327,86.0245,91.72303571428571,,104.75923475645946,84.72657900185995,107.94444444444444,,,95.58184320312601,95.30416704330557,90.42609850394162
835,Justin Dunn,2 Tms,19268,133.2,89.19293809938972,90.44749999999999,,,106.73920392628204,108.66856856674558,81.20159090909091,,,97.07369015097929,86.30799884577277,83.53032096039726
836,Nick Tepesch,2 Tms,11716,15.2,,,,,,,,,,,,
837,Joe Palumbo,TEX,17035,10.2,,,,,,,,,,,,
838,Dylan Dodd,ATL,29928,34.1,84.50741007194243,,101.41555555555554,,96.68123456790123,,97.49960396039603,,,91.12303886925793,106.21010600706714,96.74067137809189
839,Robert Dugger,3 Tms,19191,53.0,88.33531531531533,82.31421052631579,,,97.74317460317461,94.60675531914893,72.31333333333333,,,89.80094663191109,101.87603268242862,91.71287632810473
840,Nick Nastrini,CHW,29833,32.1,93.95892063492064,,,,91.41339207048458,79.36784313725491,82.41657142857144,,,90.74633484162895,71.82006033182502,69.66027149321265
841,J.C. Mejía,CLE,20617,42.1,74.32598425196852,89.53535816618911,,,122.56136125654452,123.17050847457628,69.25072164948453,,,94.87985401459856,90.06343065693433,83.30571776155719
842,Drew Rucinski,OAK,12499,18.0,68.4249504950495,77.80065934065934,,,74.29603773584905,88.12560000000002,79.51703703703704,,,74.94451428571428,95.414,78.7408
843,Lyon Richardson,CIN,24581,17.2,76.61087248322148,82.84631578947368,,,112.82153846153847,86.87277777777778,86.54892857142859,,,83.60739393939394,110.59431612524133,102.78652446906739
844,Cory Abbott,2 Tms,20277,44.0,92.10251851851851,,,,78.18619718309859,112.21999999999998,72.94,100.53228070175437,,90.60855178329739,92.60584869317778,85.385662546499
845,Matt Swarmer,CHC,19705,24.2,70.60783068783068,,,,110.66781893004115,,84.46666666666665,,,92.95173814898419,91.2003611738149,88.07191873589164
846,Bronson Arroyo,CIN,978,71.0,,,,,,,,,,,,
847,Connor Seabold,2 Tms,19695,80.1,76.71632600258732,,,,100.31494223363286,97.7982608695652,87.11874999999999,,,85.5879787452931,101.03934837543324,87.16316735085248
848,David Hess,2 Tms,16130,169.0,73.82,,,,98.46,,73.74000000000001,,,82.31379310344826,97.31241379310343,74.97379310344827
849,Caden Dana,LAA,31508,36.2,86.26248322147651,,105.25777777777778,,98.21873684210527,88.86641509433963,86.66161616161617,,,90.38432676820088,86.83049121446217,79.47018290829429
850,Tom Koehler,2 Tms,6570,60.2,,,,,,,,,,,,
851,Wil Crowe,2 Tms,19800,126.1,86.74492121212123,84.28078431372549,,,95.85199426872231,81.76408247180449,85.51772511848344,,,87.99114889052493,99.32524838704565,91.35980147402249
852,Chris Smith,OAK,4544,46.2,,,,,,,,,,,,
853,Ryan Carpenter,DET,12699,62.1,,,,,,,,,,,,
854,Ryan Castellani,COL,16377,44.2,75.13866295264624,72.8025806451613,,,97.71780059905863,94.94244274809161,76.37235772357722,,,82.78694682315687,90.94090910029603,76.09099473394367
855,Kohei Arihara,TEX,27505,58.2,83.7394642857143,86.53319796954315,77.18463276836158,103.29522727272729,87.77805317919075,84.44111111111111,88.1972619047619,,,86.18675035965255,91.80565150241065,85.08195716697543
856,Ross Detwiler,2 Tms,2859,64.2,96.30666666666666,93.46545454545456,103.84326530612245,,,84.1676923076923,80.41777777777777,,,96.34427672955975,94.48880503144655,91.16477987421383
857,Mike Pelfrey,CHW,5203,100.1,,,,,,,,,,,,
858,Bradley Blalock,COL,26419,85.1,84.7560895522388,,92.0442857142857,95.69327272727271,98.98161202185794,96.82746152347553,,,,90.88229962976231,96.09878161403738,89.75525081419096
859,Matt Koch,2 Tms,13420,78.0,72.48,,98.09999999999998,,86.22,,,,,85.36153846153844,124.9,101.83076923076922
860,Elvin Rodríguez,2 Tms,20962,32.1,95.26466666666667,81.56,81.50526315789475,,94.14265611959794,99.00258064516129,84.76666666666665,,,92.51084929808962,99.26420337886995,94.8204020154663
861,Jered Weaver,SDP,4235,42.1,,,,,,,,,,,,
862,Amir Garrett,CIN,14375,67.1,,,,,,,,,,,,
863,Adam Oller,2 Tms,20132,110.2,99.362156133829,87.93920792079209,81.29141762452107,,93.73392857142856,89.38352941176471,74.18663461538462,,,91.47127016746016,95.12984092901063,89.17915303181174
864,Chris Tillman,BAL,5279,112.0,,,,,,,,,,,,
865,Corbin Martin,2 Tms,19884,36.2,83.07791855203621,,,,101.41941176470587,97.54042553191489,86.0221052631579,,,87.20007338853401,86.88160765164655,78.00371432833619
866,Roddery Muñoz,MIA,25311,78.2,101.26859459459459,95.00058441558441,91.2587162162162,,104.55006944444443,,75.20485294117647,,,95.87763779527556,91.64284896206156,88.29264137437367
