rank,Name,Team,playerid,O-Swing%,Z-Swing%,Swing%,O-Contact%,Z-Contact%,Contact%,Zone%,F-Strike%,SwStr%,CStr%,CSW%
1,Zack Wheeler,2 Tms,10310,0.35023326,0.70558562,0.50229601,0.64133203,0.83595476,0.75832161,0.42792103,0.63905599,0.12137027,0.15185999,0.27323026
2,Jacob deGrom,2 Tms,10954,0.37457674,0.7184111,0.5191706,0.53994625,0.79796384,0.69009193,0.42053349,0.64486373,0.16082693,0.15049033,0.31131725
3,Chris Sale,2 Tms,10603,0.36458129,0.64369101,0.48772603,0.57504034,0.80397453,0.70834738,0.44120548,0.6662272,0.14219204,0.18349126,0.3256833
4,Gerrit Cole,3 Tms,13125,0.3308321,0.68488656,0.48735804,0.58118123,0.82327173,0.731587,0.44209566,0.64978341,0.13074278,0.174158,0.30490078
5,Aaron Nola,PHI,16149,0.34645169,0.64479002,0.47158756,0.61561011,0.84902575,0.74947253,0.41944281,0.65734767,0.11809341,0.18863268,0.30672609
6,Max Scherzer,5 Tms,3137,0.35040637,0.71081586,0.51230999,0.56390432,0.8041764,0.7136616,0.4492213,0.66165274,0.14663932,0.15852522,0.30516454
7,Kevin Gausman,6 Tms,14107,0.3506545,0.71081226,0.50409805,0.60275264,0.84062148,0.74565299,0.42604538,0.63441819,0.12836509,0.15710073,0.28546582
8,Sonny Gray,6 Tms,12768,0.31425011,0.6487691,0.45092344,0.56519711,0.88141969,0.75108163,0.40856672,0.60585027,0.11214103,0.1808377,0.29297873
9,Justin Verlander,4 Tms,8700,0.34275106,0.70324245,0.50375827,0.63725231,0.83024888,0.7575848,0.44663259,0.62656187,0.12210031,0.16468761,0.28678792
10,Logan Webb,SFG,17995,0.33614956,0.64261036,0.46259437,0.64438503,0.89247312,0.78657841,0.41259701,0.65838011,0.09870157,0.19201942,0.290721
11,Max Fried,2 Tms,13743,0.32474898,0.67550455,0.46976059,0.61780704,0.86194103,0.76294404,0.41342641,0.61577394,0.11131098,0.16745707,0.27876806
12,Luis Castillo,3 Tms,15689,0.33887313,0.72088847,0.4981089,0.59888357,0.8245706,0.73503124,0.41683082,0.61898754,0.1319677,0.1461493,0.278117
13,Dylan Cease,3 Tms,18525,0.32974772,0.68760165,0.46650729,0.55362591,0.80949782,0.69775546,0.38216591,0.59530968,0.14097232,0.15153688,0.2925092
14,Blake Snell,4 Tms,13543,0.33098129,0.66708968,0.45461618,0.51264254,0.8148383,0.67575585,0.36784232,0.60897295,0.14736842,0.15696137,0.30432979
15,Clayton Kershaw,LAD,2036,0.33266622,0.7023761,0.49911364,0.54545455,0.85153683,0.73937538,0.45021089,0.67425287,0.13003361,0.16712496,0.29715857
16,Tarik Skubal,2 Tms,22267,0.35680504,0.70448549,0.51618641,0.58100147,0.81493721,0.72736044,0.45841338,0.67017738,0.14068279,0.1598862,0.30056899
17,Charlie Morton,5 Tms,4676,0.31170532,0.64762397,0.45522355,0.55203956,0.8529271,0.73492341,0.42724103,0.6048289,0.12055737,0.18004233,0.3005997
18,Shane Bieber,2 Tms,19427,0.33821965,0.6621258,0.47191947,0.50856344,0.86868174,0.71712268,0.41277334,0.64553619,0.13346752,0.18246807,0.31593559
19,Framber Valdez,2 Tms,17295,0.30714423,0.64685094,0.45414823,0.5645768,0.88956098,0.76488274,0.432738,0.5947621,0.10658017,0.17641607,0.28299624
20,Sandy Alcantara,MIA,18684,0.35005952,0.71269307,0.50993242,0.64661261,0.86475477,0.7810241,0.44086627,0.62827324,0.1116172,0.15353122,0.26514841
21,José Berríos,2 Tms,14168,0.33294664,0.65762441,0.46962509,0.66289199,0.87048832,0.7852673,0.42096646,0.64041204,0.10081847,0.18027282,0.28109129
22,Corbin Burnes,3 Tms,19361,0.35175369,0.6679558,0.47184724,0.53831356,0.84698098,0.7042692,0.37979996,0.60708356,0.13950073,0.16628208,0.30578281
23,Patrick Corbin,4 Tms,9323,0.34024335,0.67270906,0.47033467,0.59735099,0.88134584,0.75629062,0.39129242,0.64864062,0.11460252,0.15781844,0.27242095
24,Yu Darvish,4 Tms,13074,0.31516588,0.66339792,0.4773803,0.58810069,0.8349065,0.74786719,0.46582278,0.61789496,0.12031027,0.1785675,0.29887776
25,Carlos Rodón,3 Tms,16137,0.32500473,0.69872569,0.47960713,0.58153757,0.83374928,0.73354159,0.41368404,0.59425576,0.12772447,0.15318063,0.28090511
26,Eduardo Rodriguez,3 Tms,13164,0.3263513,0.69315261,0.47369162,0.68076923,0.84828051,0.77923107,0.40168974,0.62539683,0.10449791,0.16106186,0.26555978
27,Lance Lynn,6 Tms,2520,0.30907751,0.73465092,0.48430277,0.66525424,0.82505571,0.76506264,0.41173921,0.60256909,0.11375343,0.14220382,0.25595725
28,Zack Greinke,3 Tms,1943,0.33434766,0.64238988,0.45616556,0.67320819,0.87236931,0.78412098,0.39545847,0.65366821,0.09845959,0.1851937,0.28365329
29,Nathan Eovaldi,3 Tms,9132,0.3410163,0.71785761,0.51019082,0.60515561,0.84289643,0.75532654,0.44892775,0.64476061,0.12479329,0.1589889,0.28378219
30,Michael Wacha,6 Tms,14078,0.31863381,0.70209974,0.4879521,0.68276798,0.8605919,0.79574468,0.44154715,0.62631871,0.09962352,0.1573511,0.25697461
31,Cristopher Sánchez,PHI,20778,0.37466262,0.65714923,0.49630199,0.60108059,0.84589274,0.74066189,0.43060225,0.65376495,0.1286853,0.17046,0.2991453
32,Jesús Luzardo,3 Tms,19959,0.32972249,0.67274961,0.470212,0.52676264,0.83959311,0.71007183,0.40955803,0.62671625,0.13625916,0.16685821,0.30311737
33,Brandon Woodruff,MIL,16162,0.33382966,0.69824307,0.49824303,0.62756467,0.82256809,0.75086108,0.45117267,0.64734774,0.12412159,0.16906357,0.29318516
34,Pablo López,2 Tms,17085,0.35436347,0.69735049,0.50054849,0.62900666,0.8341294,0.75080572,0.42621152,0.63704631,0.12470163,0.15463518,0.27933682
35,Ranger Suarez,2 Tms,17277,0.32317151,0.66563227,0.4593844,0.67736821,0.88403263,0.79647355,0.39774744,0.62705399,0.09344641,0.17424827,0.26769468
36,Luis Severino,3 Tms,15890,0.32067511,0.69976968,0.49142613,0.66031856,0.8553727,0.78542158,0.45041801,0.64117364,0.10542371,0.16234519,0.2677689
37,Kyle Hendricks,2 Tms,12049,0.34118054,0.63508688,0.46492283,0.71613394,0.86750375,0.80319034,0.42102626,0.6603139,0.09146006,0.19418983,0.28564989
38,Freddy Peralta,3 Tms,18679,0.31444465,0.69489325,0.46481925,0.5904048,0.81648329,0.72399411,0.39525602,0.60890264,0.12822705,0.15159286,0.27981991
39,Chris Bassitt,4 Tms,12304,0.29046955,0.67252575,0.4638086,0.68950064,0.8561678,0.79914577,0.45370041,0.61379579,0.09301146,0.1809007,0.27391216
40,Marcus Stroman,4 Tms,13431,0.30815073,0.66485827,0.45202407,0.63135971,0.89351285,0.78688128,0.40333698,0.60252366,0.09627159,0.17346381,0.2697354
41,Zac Gallen,2 Tms,19291,0.32651944,0.64907395,0.45421468,0.62381219,0.88736323,0.77290933,0.39588731,0.64346313,0.10310244,0.1784868,0.28158924
42,Logan Gilbert,SEA,22250,0.32943925,0.72896676,0.50701527,0.57683215,0.83078977,0.73911983,0.44446505,0.65580943,0.13222936,0.14644093,0.27867029
43,Corey Kluber,5 Tms,2429,0.35638794,0.65731258,0.48621421,0.56694287,0.86101589,0.73845874,0.43142453,0.6500664,0.12715384,0.18078996,0.3079438
44,Tyler Glasnow,3 Tms,14374,0.30006133,0.65155221,0.45788629,0.46397547,0.84493214,0.70738007,0.4490158,0.61925383,0.13378321,0.17688739,0.3106706
45,Jack Flaherty,4 Tms,17479,0.30640132,0.67374749,0.45592474,0.57288237,0.8328376,0.72924618,0.40703682,0.6,0.12346348,0.16992473,0.29338821
46,Joe Musgrove,3 Tms,12970,0.34770664,0.65942891,0.48655273,0.5901752,0.86332882,0.75507148,0.445416,0.64936042,0.11908387,0.17918846,0.29827232
47,Germán Márquez,2 Tms,15038,0.30190408,0.68420444,0.48091396,0.55480607,0.88034477,0.77167305,0.46824408,0.62073098,0.10975808,0.16463712,0.27439519
48,Jose Quintana,8 Tms,11423,0.30703842,0.65220276,0.44181347,0.68272425,0.89114954,0.8028615,0.39046632,0.63128947,0.08701279,0.17019514,0.25720793
49,Shohei Ohtani,2 Tms,19755,0.30944867,0.67769161,0.47466994,0.50809838,0.82261865,0.70957309,0.44867465,0.58773699,0.13781461,0.16625742,0.30407203
50,Jon Gray,2 Tms,14916,0.30552424,0.67421746,0.4717717,0.5704797,0.86397882,0.7596116,0.45090999,0.64278982,0.1132542,0.17284866,0.28610287
51,Walker Buehler,4 Tms,19374,0.31907932,0.67476717,0.47442008,0.64391796,0.86780246,0.78298727,0.4367334,0.6422178,0.10290941,0.17589887,0.27880828
52,Kyle Freeland,COL,16256,0.31711684,0.70188476,0.47853786,0.68213058,0.89811263,0.81503163,0.41952828,0.62748674,0.08848238,0.16436314,0.25284553
53,George Kirby,SEA,25436,0.35909479,0.72448264,0.52278441,0.66230678,0.86782861,0.78990081,0.44798869,0.66906044,0.10976759,0.15656407,0.26633166
54,Lucas Giolito,5 Tms,15474,0.30502283,0.69248937,0.4739932,0.57964072,0.82878581,0.73837462,0.43609023,0.6011917,0.12390018,0.16110111,0.28500129
55,Trevor Bauer,3 Tms,12703,0.29874557,0.64601601,0.44356121,0.55134642,0.85246385,0.73422939,0.41701113,0.5990228,0.11788553,0.18163752,0.29952305
56,Jameson Taillon,4 Tms,11674,0.32858063,0.68246334,0.48412044,0.66489362,0.87263664,0.79361022,0.43952361,0.64375987,0.09989691,0.16902062,0.26891753
57,Nick Pivetta,3 Tms,15454,0.31364393,0.6760803,0.47639419,0.6345417,0.8604261,0.77849049,0.44904507,0.62840066,0.10550973,0.17028211,0.27579183
58,Zach Eflin,3 Tms,13774,0.34181818,0.67315859,0.48918849,0.68291009,0.87274309,0.79909466,0.44477009,0.65751134,0.09826778,0.17699922,0.275267
59,Matthew Boyd,3 Tms,15440,0.33207122,0.69823521,0.49014248,0.64530046,0.8404399,0.76530612,0.43169526,0.63908411,0.11502266,0.15835947,0.27338213
60,Carlos Carrasco,4 Tms,6632,0.34170854,0.70316912,0.49200861,0.54444444,0.86680054,0.73601167,0.41581316,0.63872404,0.12983371,0.15859146,0.28842517
61,Paul Skenes,PIT,33677,0.34937688,0.70845742,0.49987519,0.59594096,0.82471627,0.73183521,0.41912132,0.61613068,0.13401547,0.14986274,0.28387821
62,Jordan Montgomery,4 Tms,16511,0.3484755,0.68676208,0.48659703,0.6199079,0.83667622,0.74482137,0.40829742,0.63679245,0.12408759,0.15678832,0.28087591
63,Merrill Kelly,2 Tms,11156,0.33803726,0.69457074,0.48356987,0.67203274,0.87639584,0.7918501,0.40818777,0.61728904,0.10053977,0.16302274,0.26356251
64,Kyle Gibson,5 Tms,10123,0.32047833,0.67392689,0.45117988,0.60191231,0.88697789,0.75936945,0.36978946,0.60108108,0.10854721,0.15992465,0.26847186
65,Miles Mikolas,2 Tms,9803,0.32741872,0.6819204,0.49352018,0.73206176,0.8928277,0.83614432,0.46854915,0.68166501,0.08083627,0.17689188,0.25772816
66,Robbie Ray,5 Tms,11486,0.31872203,0.69500966,0.47088026,0.55423729,0.82859012,0.71798126,0.40436681,0.59917044,0.13275434,0.15407591,0.28683025
67,Sean Manaea,4 Tms,15873,0.3307575,0.70819195,0.50295793,0.62496157,0.85609172,0.77344179,0.45623929,0.63001708,0.11392405,0.16024543,0.27416948
68,Tyler Mahle,5 Tms,16358,0.30873545,0.67083399,0.45958597,0.66105417,0.84241566,0.7713384,0.41660074,0.63145161,0.10504811,0.17628839,0.2813365
69,Mike Clevinger,3 Tms,12808,0.30507505,0.67327488,0.46287068,0.60074977,0.82332956,0.73949876,0.42855976,0.63364055,0.1204898,0.17093878,0.29142857
70,Stephen Strasburg,WSN,10131,0.34126349,0.63905636,0.47011455,0.57059168,0.84249385,0.7305187,0.43268685,0.62281096,0.12668708,0.17749802,0.3041851
71,Trevor Rogers,2 Tms,22286,0.3420612,0.7,0.49569902,0.64975523,0.84268363,0.76669588,0.4292293,0.62797106,0.11561849,0.15896456,0.27458304
72,James Paxton,4 Tms,11828,0.32763073,0.70164127,0.4968181,0.57635468,0.83653578,0.7425725,0.45235991,0.64623152,0.12787204,0.15164369,0.27951573
73,Joe Ryan,MIN,21390,0.33352933,0.72346991,0.51353276,0.64962539,0.82203791,0.76175065,0.4616176,0.67213115,0.12226176,0.15895611,0.28121787
74,Brady Singer,2 Tms,25377,0.28925021,0.64394781,0.44080664,0.59863946,0.88618237,0.77812164,0.42728351,0.5936997,0.09776487,0.18971957,0.28748444
75,Drew Rasmussen,TBR,25385,0.35028487,0.69510269,0.50368982,0.63554217,0.87689394,0.78372093,0.44488696,0.66894353,0.10886106,0.16223809,0.27109915
76,Mitch Keller,PIT,17594,0.3069037,0.6797637,0.47191148,0.67341862,0.88338723,0.80726617,0.44254621,0.60130415,0.09090357,0.17238865,0.26329222
77,Yoshinobu Yamamoto,LAD,33825,0.34499876,0.6638542,0.48012014,0.58201439,0.85460092,0.74173369,0.42377002,0.62215909,0.12382177,0.1722365,0.29605827
78,Hyun Jin Ryu,2 Tms,14444,0.33822181,0.66511834,0.4717629,0.67570009,0.84569338,0.77360659,0.40851179,0.61136127,0.10680401,0.17755489,0.2843589
79,Seth Lugo,3 Tms,12447,0.29246959,0.65821277,0.45535173,0.66308411,0.88828549,0.80805727,0.44534566,0.63892111,0.08738158,0.18476696,0.27214854
80,Alex Cobb,5 Tms,6562,0.31656843,0.62983425,0.44676617,0.6785271,0.89619883,0.80606476,0.41561424,0.62320959,0.08661056,0.18951798,0.27612854
81,Julio Urías,LAD,14765,0.34800409,0.68426197,0.50128105,0.65941176,0.85357143,0.78022222,0.45583157,0.65942029,0.11010911,0.17757738,0.28768648
82,Hunter Brown,HOU,25880,0.30797101,0.65236549,0.45098228,0.62406417,0.85282616,0.76147769,0.41525424,0.58388998,0.10748653,0.17109315,0.27857968
83,Martín Pérez,7 Tms,6902,0.31047571,0.66364592,0.44858757,0.72425971,0.88818524,0.81909778,0.39106317,0.62074244,0.08110883,0.17664271,0.25775154
84,Frankie Montas,5 Tms,14309,0.33699686,0.71264136,0.49255728,0.62219399,0.84981581,0.75857385,0.41411607,0.62314636,0.11885657,0.15203945,0.27089602
85,Noah Syndergaard,5 Tms,11762,0.33740691,0.70704633,0.50069289,0.63044709,0.85460751,0.7702789,0.44174395,0.62965869,0.11479945,0.16437919,0.27917864
86,Tyler Anderson,6 Tms,12880,0.33620268,0.71488657,0.50063645,0.64474833,0.83686932,0.76387354,0.43422436,0.63472047,0.11818081,0.15486334,0.27304415
87,Adam Wainwright,STL,2233,0.28104887,0.62617868,0.42848365,0.70016964,0.90275651,0.82664117,0.42718645,0.60833333,0.07424087,0.20327533,0.27751621
88,Kenta Maeda,3 Tms,18498,0.33514466,0.68848758,0.48253724,0.56573181,0.83845007,0.72804683,0.41713748,0.62508406,0.13117139,0.16462736,0.29579875
89,MacKenzie Gore,3 Tms,22201,0.32158651,0.72440638,0.48884758,0.59733563,0.84927458,0.75235576,0.41522547,0.5884106,0.12101139,0.14153001,0.2625414
90,Bryan Woo,SEA,30279,0.34383891,0.73692153,0.52674078,0.61998727,0.85426621,0.772495,0.46530135,0.6790718,0.11976608,0.15181287,0.27157895
91,Yusei Kikuchi,4 Tms,20633,0.30511446,0.69687301,0.48018023,0.5971612,0.85421245,0.76386744,0.44687161,0.60986042,0.11328926,0.15819467,0.27148393
92,Hunter Greene,CIN,22182,0.33411535,0.72277228,0.503203,0.57226448,0.81243414,0.72234416,0.43505633,0.64511692,0.13962472,0.14403974,0.28366446
93,Spencer Strider,ATL,27498,0.34718615,0.71411411,0.5008805,0.48690773,0.80824222,0.67880462,0.41886792,0.62718847,0.16084004,0.1471328,0.30797284
94,Garrett Crochet,2 Tms,27463,0.35846798,0.71444322,0.5182253,0.55342237,0.82407407,0.72087842,0.44878773,0.6302521,0.14462401,0.14957124,0.29419525
95,Shane McClanahan,TBR,21483,0.34486607,0.68553108,0.49634313,0.52427184,0.82187881,0.70704296,0.44465105,0.63528855,0.14537117,0.16594374,0.31131491
96,Andrew Heaney,5 Tms,15423,0.34027778,0.68900569,0.48763033,0.62103611,0.84043229,0.75202429,0.42254303,0.64959766,0.12085337,0.1581576,0.27901098
97,Justin Steele,CHC,17312,0.32308809,0.70567376,0.50294947,0.61198502,0.87669115,0.78658848,0.47012054,0.64489598,0.10723895,0.15887252,0.26611147
98,Marco Gonzales,3 Tms,15467,0.34535573,0.67771136,0.4848398,0.74606581,0.87752016,0.82318155,0.41968318,0.64479699,0.08571633,0.17759622,0.26331255
99,Lance McCullers Jr.,HOU,14120,0.2961437,0.61989554,0.42879377,0.51419032,0.87590961,0.72844828,0.40972763,0.56210938,0.11643969,0.18346304,0.29990272
100,Bailey Ober,MIN,21224,0.36293436,0.72100061,0.51475494,0.64689034,0.83799664,0.76038551,0.42400137,0.65570536,0.12333219,0.15070133,0.27403353
101,David Peterson,2 Tms,20302,0.3138157,0.68080069,0.45807598,0.60995113,0.86373696,0.75821943,0.39309586,0.5980456,0.11060414,0.16442755,0.27503169
102,Trevor Williams,5 Tms,16977,0.31575404,0.69930402,0.47492451,0.69651741,0.88712961,0.8129924,0.41499278,0.62382525,0.08879118,0.1552041,0.24399527
103,Patrick Sandoval,2 Tms,19447,0.32369356,0.67164545,0.46583975,0.58777429,0.8323004,0.73180159,0.40852256,0.57424961,0.12481263,0.15978815,0.28460078
104,Reid Detmers,LAA,27468,0.32926378,0.69251017,0.48763693,0.60674157,0.83724948,0.74946513,0.43599374,0.62432094,0.12204273,0.1601876,0.28223033
105,Mike Minor,4 Tms,10021,0.32476528,0.68367777,0.47619895,0.68104265,0.84484886,0.78026906,0.42192366,0.60188745,0.10462633,0.16690391,0.27153025
106,Tanner Bibee,CLE,30134,0.30948553,0.69527182,0.47754287,0.65298701,0.84331935,0.77370321,0.4356229,0.6440256,0.10803701,0.16600145,0.27403846
107,Rich Hill,8 Tms,4806,0.29324863,0.64140664,0.45766412,0.67405542,0.85122265,0.79131175,0.47224388,0.62145871,0.09543471,0.20535993,0.30079464
108,Cole Ragans,2 Tms,21846,0.33048934,0.72183486,0.48941878,0.58314351,0.79461108,0.70980512,0.40611028,0.58895706,0.14194221,0.14358058,0.28552279
109,Reynaldo López,2 Tms,16400,0.2971246,0.70489868,0.47985542,0.65053763,0.85347474,0.7841264,0.44811778,0.60811275,0.10349687,0.15784374,0.26134061
110,Dylan Bundy,3 Tms,12917,0.33981932,0.66968094,0.48789828,0.60368098,0.85910828,0.7610675,0.44891238,0.61554374,0.11654797,0.17099318,0.28754116
111,Aaron Civale,5 Tms,19479,0.3245851,0.65947787,0.46014243,0.68370987,0.87923121,0.79713763,0.40477831,0.64467005,0.09332415,0.18006431,0.27338846
112,Alex Wood,4 Tms,13781,0.33241337,0.65983692,0.47094206,0.63376384,0.85741445,0.7663411,0.42308713,0.65238095,0.11003007,0.18238104,0.29241111
113,Michael King,2 Tms,19853,0.31896199,0.64118835,0.45257744,0.64381807,0.84390463,0.76136364,0.41466332,0.63803681,0.10800144,0.18323167,0.29123311
114,Jake Odorizzi,4 Tms,6397,0.31512379,0.73772819,0.4836596,0.69257045,0.82925488,0.775715,0.39880278,0.55887401,0.10846005,0.13838564,0.24684568
115,Taijuan Walker,5 Tms,11836,0.29236305,0.65578402,0.44685394,0.69035331,0.88295835,0.81051217,0.42510175,0.61661921,0.08464514,0.17729456,0.2619397
116,Masahiro Tanaka,NYY,15764,0.37327636,0.69876474,0.50637125,0.58896982,0.84933708,0.73588755,0.40890828,0.66838488,0.13373895,0.16163471,0.29537367
117,Dallas Keuchel,7 Tms,9434,0.32511723,0.66503993,0.44460039,0.70044379,0.8832555,0.79656261,0.35150097,0.58665486,0.09044834,0.16569201,0.25614035
118,Wade Miley,5 Tms,8779,0.30930489,0.66271186,0.43884445,0.70194213,0.87340153,0.79685012,0.366545,0.57230769,0.08913043,0.16560559,0.25473602
119,Kyle Bradish,BAL,24586,0.30600981,0.6513009,0.45087803,0.56579826,0.89188016,0.76342105,0.41955387,0.57717493,0.10661765,0.17303131,0.27964896
120,Danny Duffy,KCR,3542,0.3007836,0.68624161,0.47655481,0.60320641,0.86342997,0.77408257,0.45600612,0.60068259,0.10766204,0.16012679,0.26778883
121,Chris Archer,3 Tms,6345,0.31029079,0.67444547,0.46678582,0.57070707,0.83110654,0.73239736,0.42974878,0.61029703,0.12491312,0.16572336,0.29063648
122,Andrew Abbott,CIN,29911,0.32659163,0.67693813,0.47314578,0.66505116,0.87138728,0.78854054,0.41831202,0.60903173,0.10003068,0.16293342,0.2629641
123,Antonio Senzatela,COL,15488,0.26093817,0.69742489,0.45522566,0.67784497,0.90487179,0.83266305,0.44511661,0.60829356,0.07615183,0.16336437,0.23951619
124,Dean Kremer,2 Tms,19350,0.31275604,0.69347119,0.47439441,0.66350497,0.86333517,0.7875257,0.42456511,0.62287728,0.10069022,0.16183516,0.26252538
125,Cal Quantrill,6 Tms,19312,0.31724712,0.70449679,0.47206963,0.72424129,0.8801925,0.8172888,0.39980024,0.62634631,0.08619092,0.15448777,0.24067869
126,Adrian Houser,5 Tms,12718,0.2938048,0.67980091,0.45182104,0.71917808,0.89353264,0.82656896,0.40937261,0.60534028,0.07832654,0.1696368,0.24796334
127,Nick Martinez,4 Tms,12730,0.3271028,0.66860184,0.4793959,0.69702381,0.88856729,0.81615662,0.44595469,0.64036844,0.08810525,0.17383802,0.26194328
128,J.A. Happ,4 Tms,7410,0.31877854,0.71512259,0.47602651,0.6996419,0.86529126,0.79837251,0.39674615,0.61005199,0.09605784,0.15484593,0.25090377
129,Rick Porcello,2 Tms,2717,0.31225296,0.68184628,0.48440349,0.72266974,0.87821094,0.82464831,0.46578366,0.67156503,0.08491652,0.18077145,0.26568797
130,Steven Matz,4 Tms,13361,0.28095633,0.66772908,0.46058767,0.66797836,0.85346062,0.79286518,0.46443639,0.58681384,0.09537551,0.18024417,0.27561968
131,Michael Soroka,5 Tms,18383,0.3243369,0.66728452,0.47166556,0.64705882,0.88981481,0.79459764,0.42959522,0.61147458,0.09681698,0.16724138,0.26405836
132,Ross Stripling,4 Tms,13273,0.32581505,0.67045455,0.47834038,0.67715544,0.86402157,0.79307049,0.44256486,0.67505423,0.09892621,0.18163125,0.28055746
133,Jon Lester,3 Tms,4930,0.29771288,0.6848068,0.44858855,0.68967014,0.8676514,0.7955704,0.38976502,0.57924528,0.09169755,0.16518174,0.25687929
134,Jacob Misiorowski,MIL,31623,0.36852395,0.68029286,0.50719132,0.50397878,0.79910314,0.6800428,0.44477612,0.63796909,0.16214751,0.16187636,0.32402386
135,Brandon Pfaadt,ARI,27782,0.33374183,0.69034236,0.49216799,0.64443084,0.87786825,0.78989852,0.44426788,0.6672326,0.10327627,0.16596758,0.26924385
136,Casey Mize,2 Tms,20492,0.30824442,0.69448622,0.47676326,0.66456891,0.86358715,0.79105505,0.43630399,0.64859185,0.09960639,0.16302209,0.26262847
137,Cam Schlittler,NYY,32095,0.36091766,0.71058315,0.51176334,0.61520999,0.82978723,0.74374147,0.43139995,0.62065728,0.13102164,0.15103561,0.28205725
138,Nestor Cortes,4 Tms,17874,0.31216592,0.72896669,0.49178732,0.70342466,0.83501162,0.78748144,0.43095267,0.62311068,0.10446309,0.16149824,0.26596133
139,Gavin Williams,CLE,30122,0.32569361,0.68194368,0.4758027,0.55987654,0.84493927,0.73202934,0.42135877,0.61308677,0.12748633,0.16308014,0.29056648
140,Brad Keller,3 Tms,15734,0.29545814,0.67609428,0.45284945,0.64863417,0.90239044,0.80528797,0.41349545,0.5749377,0.08815887,0.15970676,0.24786563
141,Chris Paddack,5 Tms,20099,0.34090909,0.71263062,0.50398645,0.69270833,0.85208798,0.79157603,0.43870839,0.66457434,0.10501146,0.15721829,0.26222975
142,Tanner Houck,BOS,19879,0.32353686,0.66008615,0.46279519,0.60610807,0.87003806,0.7618742,0.41378286,0.61827354,0.11013804,0.17797239,0.28811043
143,Zach Davies,4 Tms,13183,0.28327759,0.6608012,0.42418949,0.70838253,0.88073654,0.80859825,0.37325321,0.55382514,0.08115659,0.18165945,0.26281604
144,Gio Gonzalez,3 Tms,7448,0.29281437,0.63674121,0.42506143,0.67143831,0.85499247,0.77716763,0.38452088,0.5365,0.09471744,0.16855037,0.26326781
145,Anthony DeSclafani,3 Tms,13050,0.31032579,0.68369305,0.47245652,0.63107948,0.88214662,0.78884726,0.4342393,0.6265674,0.09970858,0.16798501,0.26769359
146,José Soriano,2 Tms,22100,0.31960423,0.65126476,0.45411024,0.56659467,0.88037286,0.74909639,0.40555328,0.57700422,0.11389117,0.1651627,0.27905387
147,Cristian Javier,HOU,17606,0.31615442,0.7038376,0.47223466,0.63189093,0.83208218,0.75201517,0.4025974,0.5410831,0.11702842,0.1461177,0.26314612
148,Madison Bumgarner,2 Tms,5524,0.32021858,0.70320434,0.48806692,0.68216724,0.87574701,0.80440252,0.4382626,0.65221187,0.09545734,0.16743401,0.26289134
149,Taj Bradley,2 Tms,22543,0.31152178,0.715959,0.48782044,0.6035109,0.85889571,0.76689926,0.43591107,0.60940781,0.11366295,0.14853801,0.26220096
150,Jakob Junis,5 Tms,13619,0.30687831,0.64089998,0.45727182,0.62663496,0.88981578,0.7927177,0.45025075,0.62429696,0.09478435,0.18545637,0.28024072
151,John Means,BAL,16269,0.32851406,0.72723838,0.49388906,0.72534637,0.82025974,0.78331218,0.41476026,0.65797839,0.10701974,0.1482294,0.25524914
152,David Price,2 Tms,3184,0.309871,0.6975821,0.47940666,0.6678733,0.84893947,0.78308097,0.43727316,0.65791081,0.10399243,0.1729525,0.27694493
153,Dustin May,4 Tms,19716,0.30578934,0.66645099,0.46477467,0.66972477,0.87864078,0.80177969,0.44081574,0.60791757,0.09207526,0.17987457,0.27194983
154,Shane Baz,2 Tms,22264,0.3221606,0.69159159,0.48669252,0.61976048,0.86973513,0.77796098,0.44536579,0.61882952,0.10787717,0.1576769,0.26555407
155,Spencer Turnbull,3 Tms,16207,0.30161476,0.68763191,0.45828336,0.62715105,0.86065071,0.76934579,0.40585917,0.59972584,0.10559644,0.15642649,0.26202293
156,Cole Hamels,3 Tms,4972,0.31361462,0.69233157,0.46962527,0.62621359,0.84618834,0.75980392,0.41194526,0.58215505,0.11280215,0.15730912,0.27011127
157,Nick Lodolo,CIN,26378,0.33589019,0.65126635,0.46846847,0.6015625,0.85811966,0.7514985,0.42038142,0.65634957,0.11634705,0.16756314,0.2839102
158,Tanner Roark,4 Tms,8753,0.29195089,0.68163167,0.4532827,0.67990654,0.86862606,0.79739859,0.41401019,0.58238636,0.09182654,0.16396882,0.25579536
159,Brayan Bello,BOS,23920,0.31703525,0.68951714,0.46918753,0.64032698,0.86828737,0.77717273,0.40848237,0.63733228,0.10445171,0.1563202,0.2607719
160,Mike Leake,3 Tms,10130,0.33131749,0.68239796,0.4922807,0.71121252,0.90953271,0.8372535,0.45847953,0.63931695,0.08009822,0.178087,0.25818522
161,Luke Weaver,5 Tms,16918,0.28761984,0.71142393,0.47197362,0.67028986,0.84969559,0.78792415,0.43499764,0.60822306,0.10007064,0.16835413,0.26842477
162,Tony Gonsolin,LAD,19388,0.3233244,0.70597362,0.47970831,0.60945274,0.8521978,0.75545274,0.40868738,0.63087675,0.11725559,0.15655205,0.27380764
163,Luis Garcia,HOU,23735,0.330795,0.69148936,0.47770356,0.56998158,0.83141026,0.72411187,0.40729374,0.58457183,0.1317214,0.1577048,0.2894262
164,Kris Bubic,KCR,21455,0.29636364,0.68483965,0.46653895,0.64877301,0.84589187,0.77552696,0.43805875,0.57692308,0.10468531,0.16430486,0.26899017
165,Aníbal Sánchez,3 Tms,3284,0.31866586,0.67894432,0.46611276,0.67843632,0.86287911,0.78838808,0.40925816,0.63279446,0.09862331,0.16199858,0.26062188
166,Andre Pallante,STL,26108,0.2861552,0.68379097,0.45614035,0.64252696,0.89723661,0.8057554,0.42748959,0.61886242,0.08852459,0.15977301,0.2482976
167,Shota Imanaga,CHC,33829,0.3729881,0.74671956,0.53490217,0.61976235,0.82631794,0.74468611,0.43323638,0.6235354,0.13644169,0.13419628,0.27063796
168,Parker Messick,CLE,31986,0.33251353,0.67932203,0.47833523,0.63017751,0.85628743,0.76519666,0.4204675,0.62611607,0.11225071,0.16410256,0.27635328
169,Ryan Yarbrough,4 Tms,16502,0.35838629,0.68059248,0.49408189,0.70547417,0.84877232,0.78860473,0.42114523,0.66588235,0.10439648,0.17346123,0.27785771
170,Dinelson Lamet,2 Tms,17186,0.30159292,0.65935542,0.45957699,0.5129108,0.83978276,0.72,0.44158925,0.59874115,0.12865613,0.17391304,0.30256917
171,Michael Lorenzen,7 Tms,14843,0.30003233,0.69092896,0.46622061,0.66971983,0.86902879,0.79529599,0.42514636,0.62688713,0.09538404,0.16095477,0.25633881
172,Eric Lauer,4 Tms,19316,0.30413105,0.69476327,0.47705621,0.7147541,0.86215798,0.80978532,0.44268022,0.61731493,0.0906783,0.16342721,0.25410551
173,Dane Dunning,2 Tms,19409,0.30932039,0.67002668,0.45207087,0.64092906,0.86858407,0.77446146,0.39575267,0.60205909,0.10193548,0.1773607,0.27929619
174,Chase Burns,CIN,35333,0.37101747,0.68270799,0.49148802,0.52908587,0.85543608,0.70429763,0.38650694,0.61075544,0.14528837,0.1411913,0.28647967
175,Bryce Miller,SEA,29837,0.3294591,0.73812155,0.51223128,0.66282225,0.84917665,0.7829233,0.44724487,0.6364513,0.11111111,0.14641975,0.25753086
176,Alek Manoah,TOR,26410,0.3208715,0.70295983,0.47855169,0.6404321,0.85213033,0.76876329,0.41267995,0.60068066,0.11059439,0.15840721,0.2690016
177,Jeffrey Springs,3 Tms,17677,0.34001688,0.66131026,0.47040381,0.65363128,0.84252336,0.76139696,0.40581891,0.61553686,0.1121835,0.1665831,0.27876661
178,Michael Pineda,3 Tms,5372,0.35764075,0.70788043,0.51213665,0.61694153,0.87715931,0.77559977,0.44111477,0.65478212,0.11482036,0.15793413,0.27275449
179,Austin Gomber,2 Tms,16561,0.29804965,0.69378093,0.4768154,0.66627008,0.88244417,0.80835882,0.4517352,0.62513622,0.09134195,0.17053736,0.26187931
180,Mike Foltynewicz,2 Tms,10811,0.27520436,0.68314088,0.45480427,0.66336634,0.85564571,0.7905209,0.44026436,0.61312399,0.09527199,0.175394,0.27066599
181,Iván Nova,3 Tms,1994,0.32886749,0.69566388,0.48928151,0.6906429,0.90747193,0.82546943,0.43733804,0.60922947,0.08534432,0.15244261,0.23778693
182,Jake Arrieta,3 Tms,4153,0.28069236,0.62987297,0.43746313,0.69866497,0.89012517,0.82243201,0.44896755,0.59500745,0.07767945,0.18672566,0.26440511
183,Carlos Martinez,STL,11682,0.29825065,0.65559615,0.46383503,0.63076923,0.87031408,0.7876576,0.46337335,0.60225989,0.09846154,0.17784615,0.27630769
184,Clarke Schmidt,NYY,19899,0.31562882,0.66138855,0.46401812,0.60541586,0.86556169,0.76455126,0.42916884,0.63617607,0.10913838,0.17911227,0.28825065
185,Eury Pérez,MIA,27768,0.33623015,0.73061056,0.50216976,0.58110517,0.80971203,0.72105081,0.42076028,0.59697188,0.13981289,0.13115038,0.27096327
186,Braxton Garrett,MIA,21844,0.33474715,0.64705882,0.46559242,0.58479532,0.8979021,0.76710098,0.41895735,0.64935065,0.10823084,0.18637654,0.29460738
187,Griffin Canning,3 Tms,19867,0.3125403,0.69096344,0.46849237,0.566787,0.85757072,0.74352751,0.4121103,0.57827235,0.11980348,0.15561224,0.27541572
188,Brett Anderson,4 Tms,8223,0.30356271,0.66051282,0.45222839,0.72025723,0.90217391,0.8309194,0.41648868,0.58823529,0.07646305,0.16730742,0.24377047
189,Reese Olson,DET,24968,0.32842622,0.67415083,0.45925926,0.53148346,0.88556789,0.72817837,0.37843137,0.61647476,0.12475506,0.16350969,0.28826475
190,Tyler Skaggs,LAA,10190,0.30711477,0.64820847,0.45531743,0.67171129,0.85857861,0.78730018,0.43449252,0.62206002,0.09684594,0.18439143,0.28123736
191,Zack Godley,3 Tms,14862,0.31691702,0.62890478,0.44030962,0.52913753,0.88629563,0.73089926,0.39550461,0.59367816,0.11845238,0.16860119,0.28705357
192,Spencer Schwellenbach,ATL,31846,0.37561509,0.68914776,0.5234104,0.57933042,0.84252669,0.7426836,0.47138728,0.67987152,0.13468208,0.1650289,0.29971098
193,Johnny Cueto,4 Tms,6893,0.32810636,0.71758437,0.4846044,0.72155844,0.87411598,0.81232906,0.40181485,0.640625,0.09092762,0.15239551,0.24332314
194,Cole Irvin,3 Tms,19244,0.3411215,0.71509168,0.51054313,0.75205479,0.87140039,0.82778473,0.45303514,0.66075489,0.08790086,0.16404753,0.25194838
195,Michael Fulmer,2 Tms,13218,0.32618734,0.6977138,0.48887653,0.67644085,0.875,0.80053091,0.43789396,0.6097561,0.09749768,0.14939759,0.24689527
196,Tylor Megill,NYM,21318,0.2943798,0.70564784,0.46999574,0.59882254,0.84369115,0.75581044,0.42701092,0.60125499,0.11470296,0.15411881,0.26882178
197,Bryce Elder,ATL,27779,0.31512456,0.67238095,0.45637439,0.62563523,0.91015783,0.79137199,0.39537386,0.602657,0.09516129,0.16655914,0.26172043
198,Davis Martin,CHW,21448,0.33046225,0.70884615,0.49219135,0.61772372,0.89310906,0.78724115,0.42742068,0.59299363,0.10468365,0.14691865,0.2516023
199,Jimmy Nelson,2 Tms,10547,0.3117207,0.65633803,0.47354497,0.584,0.85515021,0.76047486,0.46957672,0.59949937,0.11342593,0.18154762,0.29497354
200,Jeff Samardzija,SFG,3254,0.31074138,0.68681652,0.47852012,0.71181102,0.86333481,0.80883602,0.44613091,0.62052378,0.09143863,0.16594419,0.25738282
201,Domingo Germán,2 Tms,17149,0.35651773,0.68955696,0.49680085,0.57751938,0.83249197,0.72658975,0.42122101,0.63418291,0.1357219,0.16249334,0.29821524
202,Ryne Nelson,ARI,26253,0.32868253,0.72223731,0.50862818,0.72094642,0.88571429,0.82792287,0.45723153,0.63524396,0.08746898,0.15049628,0.23796526
203,Noah Cameron,KCR,30184,0.31656486,0.68834297,0.47540646,0.60726447,0.85654304,0.76147186,0.42724841,0.592,0.11335116,0.15079202,0.26414318
204,Braxton Ashcraft,PIT,23793,0.38640654,0.6691786,0.51508916,0.59609121,0.88175676,0.76498003,0.45507545,0.66583541,0.12101474,0.1755228,0.29653754
205,Nolan McLean,NYM,33703,0.29688973,0.63291966,0.43772242,0.62539683,0.87203302,0.77485929,0.41910758,0.59465241,0.09849521,0.19233926,0.29083447
206,Erick Fedde,4 Tms,17425,0.27565877,0.66762745,0.43262156,0.70362287,0.89314625,0.82074371,0.40044727,0.62365903,0.07749982,0.16862519,0.24612501
207,Vince Velasquez,4 Tms,11189,0.29764029,0.69557864,0.47702026,0.6449034,0.83014936,0.76666667,0.45077325,0.60079225,0.11125626,0.15937296,0.27062922
208,Kodai Senga,NYM,31838,0.29744526,0.69908522,0.45293569,0.53271984,0.86225895,0.72962963,0.38713886,0.56092125,0.12209626,0.15015796,0.27225423
209,José Urquidy,2 Tms,18413,0.3384936,0.72044556,0.51155975,0.68073879,0.8553616,0.79217059,0.45310974,0.63786531,0.10626526,0.16045566,0.26672091
210,Jhoulys Chacín,4 Tms,2608,0.26097838,0.62843387,0.42467827,0.65126417,0.8886886,0.80778372,0.44549584,0.5834557,0.08163008,0.19555892,0.277189
211,Joey Lucchesi,2 Tms,19320,0.28614294,0.66351249,0.44419784,0.607245,0.87107815,0.7723055,0.41883323,0.61349693,0.1010613,0.18073816,0.28179946
212,Cade Cavalli,WSN,27473,0.33897485,0.65454545,0.47638548,0.59058488,0.85823755,0.75071633,0.43543544,0.61814346,0.11849632,0.17433942,0.29283574
213,Andrew Cashner,3 Tms,8782,0.26769964,0.67091361,0.44273573,0.71772039,0.90226957,0.83912249,0.43410225,0.56697819,0.07122622,0.16889249,0.24011871
214,Chase Anderson,6 Tms,6895,0.30810629,0.69641586,0.46914066,0.70141921,0.84458078,0.78955099,0.41470617,0.60151576,0.09871076,0.15638225,0.255093
215,Ryan Feltner,COL,21446,0.29261296,0.70006165,0.47058032,0.63480392,0.86922061,0.78712446,0.4367847,0.61298569,0.09998656,0.15979035,0.25977691
216,CC Sabathia,NYY,404,0.32855681,0.67608286,0.46914521,0.65809969,0.87019499,0.78174732,0.40454061,0.6115231,0.1023922,0.17339631,0.27578851
217,Kutter Crawford,BOS,20531,0.35351317,0.71074044,0.50903294,0.6282165,0.85174585,0.76409186,0.43535246,0.6323629,0.12006375,0.15353285,0.2735966
218,Jared Jones,PIT,27863,0.34016393,0.71474984,0.50529934,0.52861446,0.82818182,0.7154195,0.44084789,0.60485651,0.14379834,0.15153251,0.29533085
219,Will Warren,NYY,30182,0.29097766,0.63554604,0.43012798,0.65802592,0.86725067,0.78287093,0.4038395,0.62457338,0.09326425,0.18877375,0.282038
220,Grayson Rodriguez,2 Tms,24492,0.33489535,0.70113592,0.49739312,0.58768657,0.85921788,0.75751223,0.44369135,0.63655172,0.12059079,0.15742832,0.27801911
221,Triston McKenzie,CLE,18000,0.33130391,0.70285513,0.48679746,0.59111792,0.86108325,0.75424242,0.4184983,0.60691643,0.11956361,0.15258735,0.27215097
222,Ryan Pepiot,2 Tms,26221,0.32269939,0.7,0.48458844,0.62452471,0.8303207,0.75207806,0.4290718,0.63424947,0.12007702,0.15350954,0.27358656
223,Zach Plesac,2 Tms,19979,0.32430556,0.73794997,0.50276389,0.66880799,0.85737908,0.7882199,0.43142932,0.62905642,0.10640537,0.15217677,0.25858214
224,Sean Newcomb,5 Tms,16943,0.28826317,0.67101106,0.44664161,0.67601547,0.84814597,0.78302232,0.4137931,0.55721056,0.09689542,0.16781046,0.26470588
225,Brad Peacock,2 Tms,5401,0.28395062,0.63278008,0.43638561,0.61625709,0.85245902,0.76592798,0.43699003,0.63247863,0.1021148,0.20090634,0.30302115
226,Landen Roupp,SFG,30076,0.31035642,0.62140992,0.43219472,0.65222102,0.87478992,0.77756744,0.39169564,0.59769167,0.09607522,0.1821341,0.27820932
227,Paul Blackburn,3 Tms,14739,0.30909486,0.68825467,0.45027248,0.69311798,0.88304094,0.80121029,0.37234332,0.57847296,0.08947297,0.16083345,0.25030641
228,Payton Tolle,BOS,35466,0.39897511,0.72587917,0.54545455,0.62385321,0.83726708,0.75111111,0.44808081,0.65538462,0.13570275,0.13691438,0.27261712
229,Ian Anderson,ATL,19951,0.29782082,0.70430108,0.45695643,0.59117305,0.83053435,0.73560571,0.39149653,0.58147513,0.12081667,0.14860029,0.26941696
230,Jason Vargas,3 Tms,8044,0.30153322,0.62175439,0.43267711,0.66989508,0.83295711,0.76585852,0.4095416,0.6254162,0.10130766,0.18522776,0.28653542
231,Edward Cabrera,2 Tms,21690,0.32159758,0.65042118,0.44858836,0.54561507,0.86956522,0.72701373,0.38619728,0.58540009,0.12240158,0.16200209,0.28440367
232,Zack Littell,5 Tms,15823,0.3390238,0.72306792,0.51221122,0.68439716,0.88421053,0.81159794,0.4509571,0.64995131,0.09642527,0.15261839,0.24904366
233,Janson Junk,3 Tms,23301,0.32332332,0.69629194,0.49472545,0.75851393,0.91800507,0.86167305,0.45956181,0.63663968,0.06839686,0.17058665,0.23898351
234,Homer Bailey,4 Tms,8362,0.31643757,0.69512629,0.48532445,0.65248869,0.87871034,0.79699248,0.44597811,0.62568472,0.0985315,0.15790305,0.25643455
235,Mike Fiers,3 Tms,7754,0.29294141,0.66238401,0.46164711,0.72286689,0.875,0.82254648,0.45664928,0.63688999,0.08190311,0.17977406,0.26167717
236,Matthew Liberatore,STL,22294,0.30693582,0.67484663,0.46572521,0.6306914,0.89747475,0.79753632,0.43159753,0.60067302,0.09408484,0.16718039,0.26126523
237,Jordan Zimmermann,DET,4505,0.3237041,0.6767608,0.47990366,0.69140951,0.90045249,0.82183187,0.44242059,0.65567356,0.08546494,0.17454108,0.26000602
238,Daniel Norris,2 Tms,13475,0.29422859,0.65685373,0.45761658,0.5974359,0.88865546,0.78577899,0.45056995,0.59574468,0.09803109,0.16642487,0.26445596
239,Emmet Sheehan,LAD,29839,0.374613,0.71047228,0.50644815,0.56198347,0.84489403,0.71777188,0.3925309,0.59125683,0.14285714,0.13533835,0.27819549
240,Joey Cantillo,CLE,23335,0.28170732,0.64755839,0.44037753,0.55699856,0.80819672,0.71719812,0.43370166,0.5682243,0.12442502,0.17847286,0.30289788
241,Clay Holmes,3 Tms,13649,0.31085714,0.62939297,0.4437042,0.65441176,0.89932318,0.7992993,0.4170553,0.58591065,0.08899245,0.1770972,0.26608966
242,Mitchell Parker,WSN,27636,0.33129716,0.73172906,0.51004575,0.65618221,0.89220463,0.80733229,0.4463895,0.63130564,0.09819121,0.1504671,0.24865832
243,Chris Flexen,5 Tms,13896,0.3119877,0.71461657,0.4725929,0.69348659,0.88728844,0.81038228,0.3988914,0.60481642,0.08960279,0.14913271,0.2387355
244,Graham Ashcraft,CIN,27552,0.3211158,0.70371954,0.48616747,0.65454545,0.89975699,0.80766313,0.43139063,0.58414465,0.09347345,0.15339233,0.24686578
245,Joe Ross,3 Tms,12972,0.31348444,0.66583789,0.46705678,0.66053922,0.83793876,0.77076566,0.43584742,0.63004847,0.10704225,0.17356446,0.28060672
246,Colin Rea,2 Tms,12317,0.31071884,0.68002242,0.47007617,0.68720055,0.88792748,0.8125,0.43150768,0.65790687,0.08803285,0.17727328,0.26530612
247,Ryan Weathers,3 Tms,23796,0.28541338,0.68238657,0.45384266,0.63191882,0.84973822,0.77087508,0.42428377,0.58948005,0.10393939,0.17227273,0.27621212
248,Trevor Cahill,6 Tms,6249,0.29027778,0.63574219,0.4338474,0.55861244,0.87327189,0.75023386,0.41558442,0.58737864,0.10831643,0.17241379,0.28073022
249,Jordan Lyles,6 Tms,7593,0.31458169,0.68585709,0.46852932,0.65902459,0.88987854,0.7991481,0.41464538,0.61655255,0.0940689,0.16527277,0.25934167
250,Logan Henderson,MIL,31475,0.35763547,0.72888889,0.53211488,0.68595041,0.81554878,0.76938175,0.46997389,0.67446809,0.1227154,0.14673629,0.2694517
251,Jake Irvin,WSN,21504,0.2905131,0.67417987,0.4641883,0.68869123,0.88480636,0.81762786,0.45267199,0.61823248,0.08461228,0.17417205,0.25878433
252,Sean Burke,CHW,29878,0.32615505,0.68062827,0.47782258,0.6542617,0.86384615,0.78199719,0.42786738,0.61026103,0.10407341,0.16293644,0.26700985
253,Chad Patrick,MIL,30113,0.33452466,0.71399799,0.49205686,0.68589744,0.8448519,0.78164826,0.41513378,0.65346535,0.10739657,0.14584204,0.25323861
254,Chad Kuhl,4 Tms,14975,0.26485636,0.65820466,0.43367404,0.6166419,0.85884692,0.77441077,0.42918117,0.56419369,0.09778826,0.16526328,0.26305153
255,Jason Hammel,KCR,4538,0.3108,0.66757741,0.47764055,0.64350064,0.89563438,0.80829247,0.46763203,0.63814757,0.09156729,0.16673765,0.25830494
256,Garrett Richards,4 Tms,9784,0.28487461,0.68314385,0.46098361,0.55570839,0.88494935,0.77145567,0.44218579,0.5814346,0.10535519,0.16612022,0.27147541
257,Ben Brown,CHC,23590,0.31338818,0.66578014,0.47464503,0.51073986,0.87882823,0.74700855,0.45760649,0.65144597,0.12008114,0.17849899,0.29858012
258,JT Brubaker,2 Tms,17578,0.32100785,0.67066155,0.46285492,0.55963303,0.87848463,0.74705882,0.40567872,0.62904385,0.1170523,0.17343963,0.29049193
259,Michael McGreevy,STL,29869,0.29894076,0.66610832,0.45046083,0.68372703,0.91031014,0.82199488,0.41267281,0.59664607,0.08016586,0.16516932,0.24533518
260,Keider Montero,DET,22630,0.29965157,0.67710965,0.47438596,0.70930233,0.89402985,0.83136095,0.46292398,0.63888889,0.07996259,0.17886369,0.25882628
261,Trevor Richards,3 Tms,19309,0.3286927,0.68854962,0.47270876,0.625,0.83961567,0.75010771,0.40020367,0.6044226,0.11812627,0.15539715,0.27352342
262,Bailey Falter,3 Tms,20070,0.30664697,0.68645205,0.48452961,0.68111753,0.89350269,0.82204214,0.46835244,0.60942957,0.08617172,0.17140166,0.25757338
263,Peter Lambert,2 Tms,17969,0.3115942,0.69919427,0.47170858,0.68250758,0.87195903,0.79851039,0.41309172,0.6133429,0.09502681,0.15659087,0.25161767
264,Brent Suter,4 Tms,13942,0.3056692,0.66262626,0.47152691,0.64627151,0.86077236,0.78633046,0.4646433,0.66586248,0.10071942,0.18079449,0.28151392
265,JP Sears,3 Tms,23429,0.31521739,0.70497344,0.487215,0.70719903,0.85068493,0.79881916,0.44129555,0.63628866,0.09797657,0.15867945,0.25665602
266,Mike Montgomery,2 Tms,4869,0.31740928,0.64534884,0.45369128,0.65846599,0.89189189,0.7964497,0.41557047,0.62788365,0.09232421,0.16908213,0.26140633
267,Bubba Chandler,PIT,29868,0.32351173,0.68362069,0.47148424,0.68215613,0.86506936,0.79113449,0.41091038,0.5952381,0.09837226,0.15746638,0.25583864
268,Drew Smyly,5 Tms,11760,0.32441253,0.68838443,0.47896845,0.61435278,0.85353319,0.7603241,0.42463696,0.63686869,0.11472538,0.16314275,0.27786813
269,Marco Estrada,2 Tms,1118,0.29583212,0.72263042,0.48464164,0.72413793,0.81901373,0.78672032,0.44238583,0.60753736,0.10334742,0.15745856,0.26080598
270,Luis Gil,NYY,21052,0.28319235,0.6866631,0.44744876,0.62727273,0.83541342,0.75730994,0.40710859,0.56193896,0.10854403,0.15802092,0.26656495
271,Dakota Hudson,2 Tms,19206,0.27274616,0.67920677,0.44182943,0.64204113,0.90510949,0.81026908,0.41598932,0.57873117,0.08380837,0.1594906,0.24329897
272,Kyle Harrison,3 Tms,27758,0.32983762,0.66272189,0.47176402,0.63692308,0.85851648,0.76964212,0.42635358,0.59642302,0.1086324,0.17478177,0.28341416
273,Matt Manning,DET,20369,0.28734539,0.68377398,0.47705284,0.72847682,0.87566338,0.82943318,0.4785413,0.61177553,0.08134921,0.17261905,0.25396825
274,Julio Teheran,5 Tms,6797,0.29551241,0.68349929,0.4513426,0.67582122,0.85674644,0.78586498,0.40163778,0.6104952,0.09661146,0.17618504,0.2727965
275,J.T. Ginn,OAK,27889,0.30259849,0.68648649,0.44956027,0.57202216,0.85925197,0.73993096,0.38282462,0.54698318,0.11682605,0.15197726,0.26880331
276,José Ureña,8 Tms,11589,0.31434454,0.69433551,0.46122105,0.71790393,0.88609978,0.81577506,0.38652632,0.57704811,0.08496127,0.14853486,0.23349613
277,Jack Leiter,TEX,30146,0.31292247,0.69942798,0.48039658,0.61245235,0.86319703,0.7706379,0.43330329,0.58676208,0.11013514,0.15067568,0.26081081
278,Randy Vásquez,2 Tms,24719,0.30135301,0.69840061,0.47873426,0.73571429,0.89967285,0.84257285,0.4467506,0.61237785,0.07534014,0.16156463,0.23690476
279,Kyle Leahy,STL,24763,0.29725723,0.68141593,0.46238377,0.6084788,0.91197691,0.80073126,0.42983939,0.61818182,0.0920997,0.16899028,0.26108999
280,Logan Allen,CLE,27589,0.28817039,0.69298246,0.4551485,0.66785396,0.87974684,0.80092746,0.41248304,0.6280597,0.09056661,0.16892706,0.25949367
281,Foster Griffin,2 Tms,16432,0.33435771,0.67827529,0.48076244,0.65992647,0.88386308,0.79441997,0.42569714,0.61581137,0.09876543,0.17566138,0.27442681
282,Walbert Ureña,LAA,29357,0.33049041,0.65578635,0.46650124,0.59784946,0.84012066,0.74024823,0.41811414,0.56393443,0.12102437,0.15654688,0.27757125
283,Clayton Richard,2 Tms,3551,0.30562624,0.67925248,0.46468583,0.6947271,0.89949467,0.82215234,0.42571846,0.61688685,0.08262987,0.1663961,0.24902597
284,Christian Scott,NYM,30107,0.33481294,0.71890971,0.49872774,0.65340909,0.83649289,0.76603499,0.42675391,0.60208644,0.11660007,0.1449328,0.26153287
285,Johan Oviedo,2 Tms,22487,0.27414051,0.70448878,0.45418188,0.57906216,0.86253687,0.76301685,0.41836202,0.54685408,0.1073907,0.15961138,0.26700208
286,Andrew Alvarez,WSN,29914,0.29073171,0.61760462,0.4225844,0.58053691,0.90420561,0.77134986,0.40337602,0.5423341,0.09639954,0.17770035,0.27409988
287,Slade Cecconi,2 Tms,27500,0.28263215,0.69217541,0.46915998,0.65139949,0.88881988,0.81093489,0.4554533,0.67060561,0.08858037,0.1732499,0.26183027
288,Simeon Woods Richardson,MIN,24494,0.30473798,0.70708447,0.48235766,0.67255595,0.87540141,0.80382377,0.4414595,0.62410215,0.09447558,0.15172138,0.24619696
289,Max Meyer,MIA,27474,0.31958296,0.66785714,0.47014925,0.52907801,0.89037433,0.75095785,0.43232115,0.63467189,0.11702675,0.16332305,0.28034979
290,Drew Pomeranz,4 Tms,11426,0.28020962,0.65257819,0.4372549,0.66006601,0.86398964,0.78842234,0.42174688,0.5804769,0.09251337,0.17860963,0.27112299
291,Matt Harvey,5 Tms,11713,0.28091565,0.69519651,0.47182721,0.68290523,0.88232831,0.81831106,0.4608264,0.62609142,0.08570279,0.16523605,0.25093884
292,Ben Lively,3 Tms,14932,0.27528262,0.68359088,0.46052412,0.71476138,0.88912809,0.83218557,0.45368052,0.62097284,0.07721815,0.18062041,0.25783856
293,Jake Bennett,BOS,31959,0.40130862,0.72598425,0.53414948,0.67663043,0.87635575,0.78769602,0.40914948,0.65079365,0.11325611,0.14028314,0.25353925
294,Brandon McCarthy,2 Tms,4662,0.31734317,0.6340249,0.46640625,0.72790698,0.88874346,0.83082077,0.47070313,0.66284075,0.07890625,0.19179688,0.27070313
295,Stephen Kolek,2 Tms,21487,0.29814551,0.6886121,0.47189232,0.67464115,0.91860465,0.83305369,0.44497229,0.61021898,0.07874951,0.16818362,0.24693312
296,Steven Brault,PIT,15291,0.29935424,0.67474048,0.44948796,0.67950693,0.86358974,0.79002463,0.39994464,0.55168662,0.09435529,0.1618705,0.25622579
297,Javier Assad,CHC,21741,0.27287017,0.6567486,0.43472727,0.71889401,0.90807617,0.83939774,0.42163636,0.5942446,0.0697928,0.1779353,0.2477281
298,Cody Bradford,TEX,27597,0.3442623,0.67596154,0.4890848,0.71212121,0.87055477,0.80772532,0.43660789,0.68019481,0.09399916,0.18296265,0.27696181
299,Jacob Lopez,2 Tms,25098,0.32104019,0.65832206,0.45978291,0.66863034,0.82939363,0.76331719,0.41135541,0.63565022,0.10877387,0.16385275,0.27262663
300,Matt Strahm,3 Tms,13799,0.31497418,0.67870036,0.49251101,0.64480874,0.82712766,0.76744186,0.48810573,0.64,0.11448701,0.18097754,0.29546455
301,Grant Holmes,ATL,16944,0.33775072,0.69949239,0.48740025,0.51961824,0.8766328,0.73158121,0.41369173,0.59855189,0.13069016,0.14327669,0.27396686
302,Cade Horton,CHC,31872,0.32277835,0.67475728,0.48363838,0.56962025,0.89028777,0.77408257,0.45701608,0.67561983,0.10914127,0.17396122,0.28310249
303,Randy Dobnak,2 Tms,23798,0.32580038,0.68708134,0.46891585,0.65895954,0.91504178,0.80759903,0.39613343,0.57768362,0.09021986,0.156558,0.24677786
304,Luis Perdomo,SDP,14682,0.27792208,0.64112903,0.43627307,0.64859813,0.90146751,0.81061115,0.43598008,0.61399788,0.08262526,0.17638441,0.25900967
305,Jaime Barria,LAA,18356,0.29904632,0.68325123,0.45610149,0.67198178,0.86445566,0.78984547,0.4087797,0.6056,0.0958132,0.16465378,0.26046699
306,Troy Melton,DET,31807,0.3300885,0.70810811,0.50024331,0.61662198,0.88091603,0.78501946,0.45012165,0.61930783,0.10754258,0.14695864,0.25450122
307,Tyler Alexander,5 Tms,17735,0.336714,0.71762208,0.50172453,0.7626506,0.88313609,0.83730522,0.43320304,0.64659686,0.08162796,0.16302598,0.24465394
308,Rhett Lowder,CIN,33876,0.28785812,0.64304462,0.44346493,0.67535545,0.91156463,0.82541054,0.43809889,0.59379616,0.07736499,0.17579471,0.25315971
309,Sal Romano,CIN,13690,0.27994086,0.65531915,0.44801306,0.67077465,0.89424861,0.81713244,0.44774088,0.56670114,0.08188248,0.17437432,0.2562568
310,Yonny Chirinos,3 Tms,16401,0.31203566,0.72192867,0.48768752,0.65238095,0.86825252,0.78932095,0.42853099,0.62732919,0.10265837,0.15299774,0.25565611
311,Shane Smith,CHW,31687,0.2902319,0.69205569,0.47579425,0.5496368,0.85207101,0.75278219,0.4618003,0.59699248,0.11762481,0.153177,0.27080182
312,Ryne Stanek,TBR,15947,0.33248408,0.74509804,0.50445765,0.47509579,0.81100478,0.68188513,0.41679049,0.59818731,0.16047548,0.1218425,0.28231798
313,Austin Voth,2 Tms,15047,0.30675204,0.70449173,0.47572816,0.65464896,0.84340045,0.77339901,0.42484098,0.60501982,0.10780047,0.159692,0.26749247
314,Aaron Sanchez,5 Tms,11490,0.27755682,0.66544715,0.43712375,0.68372569,0.87171655,0.80145371,0.41137124,0.58734177,0.08677479,0.16870089,0.25547567
315,Gavin Stone,LAD,27792,0.35273735,0.7254306,0.50411523,0.66404715,0.83659218,0.76489796,0.40617284,0.62349398,0.11842105,0.14514803,0.26356908
316,Kyle Wright,ATL,19665,0.31103816,0.67083107,0.4658719,0.60290237,0.86396761,0.76467637,0.43034128,0.62597403,0.10960505,0.1738724,0.28347745
317,Hayden Wesneski,2 Tms,27581,0.32106825,0.65960555,0.47282253,0.63770795,0.88150609,0.7901662,0.44826457,0.65766871,0.09911678,0.17271835,0.27183513
318,Bobby Miller,LAD,27483,0.29776536,0.70642202,0.47030342,0.63602251,0.8495671,0.77144818,0.42220788,0.61075544,0.10741935,0.16225806,0.26967742
319,Kwang Hyun Kim,STL,27458,0.29857464,0.65227273,0.43922277,0.68592965,0.88850174,0.80555556,0.39765025,0.59139785,0.08540443,0.17984636,0.26525079
320,Anthony Kay,2 Tms,20387,0.34194215,0.67520661,0.47012079,0.66012085,0.88249694,0.78296146,0.38461538,0.59722222,0.10200191,0.15125516,0.25325707
321,José Suarez,3 Tms,19911,0.32220367,0.71415183,0.48527978,0.61761658,0.84645669,0.75773403,0.41606551,0.6157372,0.11749805,0.15081839,0.26831645
322,Clay Buchholz,3 Tms,3543,0.33310153,0.67095588,0.47862233,0.68893528,0.87808219,0.80314309,0.43072051,0.66375546,0.09422011,0.18764846,0.28186857
323,Ronel Blanco,HOU,19407,0.3384785,0.71056911,0.48883049,0.57220413,0.84439359,0.73207885,0.40407359,0.59964413,0.13085339,0.14551422,0.27636761
324,James Kaprielian,OAK,18331,0.30223259,0.70513424,0.46916472,0.65490628,0.85170341,0.77745424,0.41432475,0.5957121,0.10436988,0.16387046,0.26824034
325,Tyler Wells,BAL,20000,0.33690987,0.70777323,0.49393714,0.67133758,0.83897605,0.77304609,0.42341005,0.62376238,0.11204551,0.15805095,0.27009646
326,Connor Prielipp,MIN,31857,0.32437276,0.67654321,0.47248183,0.64364641,0.8850365,0.78901099,0.42056075,0.65863454,0.09958506,0.16856846,0.26815353
327,Ervin Santana,3 Tms,3200,0.31925087,0.69117647,0.47747748,0.66848568,0.89446809,0.80765199,0.42542543,0.64104967,0.09181886,0.15161371,0.24343257
328,Zebby Matthews,MIN,31827,0.31215114,0.70828848,0.48793886,0.61623109,0.86094225,0.77386197,0.44375448,0.64498141,0.11034153,0.15428708,0.26462861
329,Matt Waldron,2 Tms,25550,0.2801105,0.66852756,0.45174221,0.71400394,0.86951983,0.81569966,0.44187481,0.6300716,0.08323058,0.18341554,0.26664612
330,Danny Salazar,CLE,5867,0.32172996,0.69175627,0.4952381,0.47868852,0.79274611,0.68438914,0.46890756,0.58796296,0.15630252,0.14789916,0.30420168
331,Cade Povich,BAL,30055,0.2962963,0.66102719,0.45795394,0.625,0.88117002,0.78888889,0.44322442,0.60383387,0.09662741,0.17210921,0.26873662
332,Collin McHugh,3 Tms,7531,0.30580762,0.65834279,0.46243066,0.59050445,0.82068966,0.73609597,0.44427635,0.628,0.12203732,0.1709531,0.29299042
333,Robert Gasser,MIL,29812,0.30647986,0.7040715,0.49278734,0.64571429,0.87447109,0.79886686,0.46859004,0.67437722,0.09911587,0.16472778,0.26384365
334,Alec Mills,CHC,13834,0.32089962,0.65789474,0.45823854,0.72136752,0.89212121,0.8212766,0.40753981,0.65492102,0.08189795,0.1839454,0.26584335
335,Carmen Mlodzinski,PIT,27572,0.2953271,0.64210526,0.44935065,0.68670886,0.89799636,0.82080925,0.44415584,0.62321792,0.08043591,0.18111053,0.26154645
336,Brandon Williamson,CIN,25463,0.28401998,0.68329177,0.45525847,0.68131868,0.86009732,0.79639781,0.42887701,0.58522727,0.09255963,0.16731933,0.25987896
337,Ian Seymour,TBR,27932,0.38495093,0.71544715,0.53232628,0.60906516,0.82386364,0.73779796,0.44592145,0.66510539,0.13957704,0.15528701,0.29486405
338,Kumar Rocker,TEX,31843,0.32821497,0.69568106,0.48230705,0.58040936,0.88825215,0.7666089,0.41933686,0.57142857,0.1123783,0.14325452,0.25563282
339,Connelly Early,BOS,33666,0.34739677,0.66621438,0.4743382,0.63824289,0.86558045,0.76537585,0.39816316,0.60767591,0.1112311,0.16576674,0.27699784
340,Garrett Whitlock,BOS,20191,0.33576642,0.68653159,0.49944383,0.59006211,0.86979167,0.76948775,0.46662959,0.67032967,0.11512792,0.1679644,0.28309232
341,Trey Yesavage,TOR,35456,0.33004484,0.6970547,0.47319475,0.53532609,0.83903421,0.70982659,0.39004376,0.5956044,0.13730853,0.14989059,0.28719912
342,Félix Peña,LAA,13403,0.30976744,0.62015504,0.43969713,0.60660661,0.87708333,0.76629766,0.41860465,0.598,0.10275825,0.18388318,0.28664143
343,Jaime García,5 Tms,8137,0.28775913,0.66021362,0.446084,0.57632933,0.87967644,0.76717557,0.42508513,0.55683003,0.10385925,0.16373439,0.26759364
344,Quinn Priester,3 Tms,25977,0.30463576,0.6779661,0.46108316,0.62040134,0.87916667,0.77984596,0.41905889,0.60932297,0.10147929,0.16065089,0.26213018
345,Ryan Borucki,2 Tms,16350,0.30754893,0.65340909,0.4445695,0.71818182,0.88913043,0.81772152,0.39617333,0.52890792,0.08094435,0.17256886,0.25351321
346,DJ Herz,WSN,26389,0.32340426,0.69957687,0.48514251,0.63486842,0.7983871,0.73625,0.42995755,0.60598504,0.12787879,0.15393939,0.28181818
347,Kolby Allard,4 Tms,18694,0.28541001,0.68150897,0.46866953,0.73134328,0.86751361,0.82295482,0.46266094,0.62087912,0.08290452,0.18038879,0.26329331
348,Tobias Myers,2 Tms,22191,0.30878378,0.72800718,0.48882035,0.71772429,0.88039457,0.82176656,0.42945258,0.6540146,0.08712413,0.1615266,0.24865073
349,Gage Jump,ATH,35418,0.34356436,0.66756032,0.48120729,0.57636888,0.89759036,0.76568047,0.42482916,0.60640732,0.11275626,0.16230068,0.27505695
350,Chris Stratton,3 Tms,13761,0.27857829,0.66188769,0.44941427,0.68965517,0.87725632,0.81279621,0.4456869,0.6141649,0.08413206,0.17784878,0.26198083
351,Daniel Mengden,2 Tms,16980,0.29176471,0.66053748,0.45921644,0.70564516,0.90042827,0.83286713,0.45407836,0.61728395,0.07672552,0.18073836,0.25746388
352,Justus Sheffield,SEA,17285,0.2820059,0.67986799,0.44788442,0.59414226,0.90169903,0.78878648,0.41692466,0.63433814,0.09459924,0.16855865,0.26315789
353,Doug Fister,2 Tms,9425,0.29160935,0.5755597,0.41211401,0.75235849,0.90275527,0.84149856,0.42438638,0.59600614,0.06532067,0.20823436,0.27355503
354,Albert Suárez,BAL,6175,0.32490119,0.77493917,0.50215621,0.67883212,0.84144427,0.77767176,0.39386679,0.58757062,0.11137667,0.12189293,0.2332696
355,Spencer Arrighetti,2 Tms,29921,0.28812936,0.66699605,0.44973656,0.57780612,0.85185185,0.75117151,0.42655427,0.5940348,0.11176594,0.17364765,0.2854136
356,Jeremy Hellickson,3 Tms,4371,0.3023166,0.66861598,0.46423955,0.7458493,0.87244898,0.82645012,0.44205084,0.61501211,0.08056872,0.16910814,0.24967686
357,Matt Moore,4 Tms,1890,0.29015544,0.68409586,0.47108265,0.67219388,0.87579618,0.80798641,0.45927557,0.62279412,0.09045427,0.16389834,0.25435261
358,David Festa,MIN,30056,0.33556405,0.71279373,0.49503311,0.55555556,0.85714286,0.73913043,0.42273731,0.64705882,0.12913907,0.14735099,0.27649007
359,R.A. Dickey,ATL,1245,0.28201725,0.67090395,0.47040712,0.75058824,0.84210526,0.81381818,0.4844338,0.64785276,0.0875513,0.18570451,0.27325581
360,Dan Straily,2 Tms,9460,0.3070701,0.6977016,0.476884,0.62243902,0.86152987,0.77450284,0.43471634,0.59986178,0.10751778,0.15594311,0.26346089
361,Ryan Gusto,2 Tms,26440,0.31626928,0.69307692,0.49596478,0.65631929,0.87125416,0.79955621,0.47688921,0.66111111,0.09934018,0.16972141,0.26906158
362,Trent Thornton,2 Tms,17948,0.31046718,0.64840183,0.44328787,0.64190476,0.88732394,0.78299595,0.39303661,0.59970888,0.09612626,0.16714491,0.26327116
363,Osvaldo Bido,2 Tms,23150,0.2970297,0.69450102,0.47493163,0.63888889,0.86510264,0.78694818,0.44758432,0.61675579,0.10104688,0.15885298,0.25989986
364,Jake Faria,2 Tms,13699,0.2733711,0.67450271,0.44956315,0.5984456,0.85522788,0.76766784,0.43923749,0.55643879,0.10432368,0.16303054,0.26735422
365,Joe Boyle,2 Tms,29608,0.27295918,0.63217098,0.42760291,0.59190031,0.85053381,0.75651189,0.43050847,0.582,0.10411622,0.17530266,0.27941889
366,Griffin Jax,2 Tms,20253,0.34489403,0.67684022,0.48333957,0.59590317,0.85809019,0.74903176,0.41707226,0.64156206,0.12130288,0.16248596,0.28378884
367,Wei-Yin Chen,MIA,13071,0.28902116,0.68258179,0.45743473,0.71167048,0.87305699,0.81472291,0.42792281,0.63157895,0.08468809,0.18336484,0.26805293
368,Rafael Montero,NYM,12760,0.32289628,0.63636364,0.45308924,0.67575758,0.84199134,0.77272727,0.41533181,0.65357968,0.10291595,0.16638079,0.26929674
369,Keegan Akin,BAL,19362,0.28764653,0.72325103,0.49111004,0.64890282,0.83072546,0.7739726,0.46708313,0.60692464,0.11100432,0.15809707,0.26910139
370,Luis Ortiz,2 Tms,27646,0.28354025,0.70123589,0.46190913,0.61723164,0.86283525,0.77645306,0.42703075,0.60846561,0.10318734,0.17060307,0.27379042
371,Tommy Milone,7 Tms,7608,0.37148594,0.63596966,0.47248655,0.68468468,0.85349233,0.77145359,0.38187836,0.68599034,0.10798511,0.17873397,0.28671907
372,John Gant,2 Tms,13684,0.27895008,0.67468175,0.44563598,0.6402214,0.84591195,0.77139037,0.42120941,0.58196721,0.10184634,0.16676593,0.26861227
373,Tyler Chatwood,2 Tms,4338,0.25748086,0.65709812,0.41732777,0.61621622,0.87847498,0.7813907,0.4,0.53168724,0.09123173,0.15302714,0.24425887
374,Emerson Hancock,SEA,27470,0.31377846,0.74315891,0.50513479,0.69249692,0.8630491,0.8043202,0.44565682,0.65203252,0.09876015,0.14536127,0.24412142
375,Brandon Young,BAL,27819,0.34890656,0.69163636,0.48804252,0.64814815,0.88433228,0.78402904,0.40596398,0.64900662,0.10534081,0.15373266,0.25907347
376,Wade LeBlanc,3 Tms,5221,0.32601054,0.64007538,0.45527404,0.71832884,0.84690873,0.7927314,0.41158221,0.62654028,0.09433962,0.18299302,0.27733264
377,Justin Wrobleski,LAD,31204,0.31563422,0.67653936,0.49109511,0.72429907,0.8640553,0.81790123,0.486169,0.64589235,0.08929247,0.17139614,0.26068861
378,Joey Wentz,2 Tms,19962,0.30899183,0.71407407,0.48069074,0.62433862,0.88070539,0.78576094,0.42386185,0.61460957,0.10295041,0.14971751,0.25266792
379,Caleb Smith,3 Tms,14875,0.30714726,0.7091066,0.47456408,0.65496489,0.81132075,0.75227273,0.41650189,0.59009009,0.11756247,0.15585116,0.27341363
380,Hunter Dobbins,2 Tms,30240,0.31438127,0.63492063,0.44662737,0.64539007,0.8825,0.78445748,0.41257367,0.60759494,0.09620419,0.17604712,0.27225131
381,Josh Tomlin,2 Tms,9388,0.33011364,0.68758815,0.48961611,0.70051635,0.90153846,0.82647815,0.44619257,0.65540541,0.08495909,0.17935809,0.26431718
382,Ty Blach,3 Tms,14361,0.28669053,0.66590823,0.46182137,0.7400681,0.91230068,0.8547592,0.46182137,0.65214646,0.06707531,0.18161121,0.24868651
383,Shawn Armstrong,2 Tms,12857,0.35087719,0.66415094,0.50181818,0.68,0.83522727,0.77898551,0.48181818,0.64492754,0.1107078,0.1814882,0.29219601
384,Daniel Lynch IV,KCR,21537,0.30899235,0.72637707,0.48258521,0.62022704,0.87176326,0.77769201,0.41590613,0.59021183,0.1072426,0.14261776,0.24986036
385,Adrian Sampson,2 Tms,13339,0.32035234,0.74045802,0.48860478,0.69464544,0.89784442,0.81797497,0.40050028,0.56302521,0.0889383,0.14007782,0.22901612
386,Dereck Rodríguez,SFG,14509,0.2912844,0.6633282,0.45003287,0.6988189,0.88501742,0.81592403,0.42669297,0.57018634,0.08284024,0.17455621,0.25739645
387,Francisco Liriano,2 Tms,3201,0.28265525,0.6310122,0.41282189,0.62727273,0.86120592,0.76088369,0.3736588,0.5383001,0.09871245,0.16765021,0.26636266
388,Cooper Criswell,3 Tms,24975,0.31513903,0.6374269,0.44833837,0.76143791,0.89908257,0.84231806,0.41329305,0.65508685,0.07065217,0.19202899,0.26268116
389,Roansy Contreras,2 Tms,22810,0.32987686,0.6718903,0.46606864,0.58742633,0.88338192,0.75732218,0.39820593,0.60687593,0.11301637,0.17225253,0.2852689
390,Sixto Sánchez,MIA,19680,0.3373913,0.70276008,0.50191205,0.70618557,0.86706949,0.80761905,0.45028681,0.62237762,0.09646609,0.15759312,0.25405922
391,Mitch White,2 Tms,19225,0.34153846,0.70484581,0.49094203,0.71471471,0.89166667,0.81918819,0.41123188,0.59813084,0.08871454,0.15268558,0.24140012
392,Miguel González,2 Tms,7024,0.30800543,0.66286149,0.47525108,0.77092511,0.90355913,0.85811321,0.4713056,0.65866667,0.06740767,0.17102904,0.23843672
393,Adalberto Mejía,MIN,13188,0.32006633,0.70023148,0.47874396,0.66839378,0.8661157,0.78910192,0.4173913,0.56190476,0.10096618,0.147343,0.24830918
394,Huascar Ynoa,ATL,20468,0.32936871,0.67365662,0.47090517,0.54444444,0.85992218,0.72997712,0.41109914,0.58583691,0.12715517,0.16594828,0.29310345
395,Brad Lord,WSN,31972,0.28430296,0.73794808,0.49767442,0.76833977,0.86097152,0.83294393,0.47034884,0.58314351,0.08309123,0.14410227,0.22719349
396,Jesse Hahn,OAK,13287,0.24834437,0.6539924,0.43716814,0.69333333,0.90116279,0.83805668,0.46548673,0.56896552,0.07073386,0.17152962,0.24226348
397,James Shields,CHW,7059,0.29173368,0.67354425,0.44914934,0.62293275,0.86249149,0.77104377,0.41228733,0.57277335,0.10275784,0.15942577,0.2621836
398,Matt Wisler,4 Tms,12804,0.32374101,0.62769231,0.45687332,0.53333333,0.84803922,0.72271386,0.43800539,0.56544503,0.12668464,0.19272237,0.31940701
399,Ariel Jurado,2 Tms,17030,0.27947933,0.68472906,0.4566997,0.73972603,0.92086331,0.85849057,0.4373115,0.61550889,0.06462732,0.17061611,0.23524343
400,J.P. France,HOU,21212,0.28049621,0.65126417,0.44418784,0.66339066,0.86880857,0.79636049,0.44149346,0.57956204,0.09031514,0.17255957,0.26287471
401,Ian Kennedy,KCR,6986,0.27509728,0.67759815,0.45913411,0.72560113,0.85412406,0.81232751,0.45723337,0.60118544,0.08616684,0.174868,0.26103485
402,Matt Shoemaker,3 Tms,4776,0.33432985,0.69009371,0.48614682,0.60208644,0.85548012,0.75558167,0.42673522,0.65936473,0.11882319,0.15309911,0.27192231
403,Shane Drohan,MIL,27814,0.32760596,0.64864865,0.46653671,0.63636364,0.84259259,0.76044568,0.43274854,0.66093366,0.11161583,0.16612589,0.27774173
404,Jordan Hicks,3 Tms,19618,0.26748741,0.66666667,0.43278689,0.58158996,0.87410926,0.76818182,0.41409836,0.59366755,0.10022928,0.17294464,0.27317393
405,Zach Thompson,2 Tms,16094,0.33151845,0.68978102,0.47435431,0.64051095,0.87962963,0.7791411,0.39869043,0.61752434,0.10472727,0.15709091,0.26181818
406,Asher Wojciechowski,3 Tms,10836,0.31727681,0.70583263,0.4850365,0.62753036,0.8502994,0.76749436,0.43175182,0.59646539,0.11277372,0.14854015,0.26131387
407,Trevor McDonald,SFG,26448,0.32124352,0.63720074,0.45171103,0.60887097,0.90462428,0.78114478,0.41292776,0.60277778,0.09870919,0.18754746,0.28625664
408,Jeff Hoffman,2 Tms,17432,0.27447122,0.67470625,0.45178082,0.63978495,0.88909258,0.80473014,0.4430137,0.57838983,0.08821918,0.16986301,0.25808219
409,Luiz Gohara,ATL,15166,0.2892562,0.70149254,0.50588235,0.48571429,0.81914894,0.72868217,0.5254902,0.62237762,0.1372549,0.16470588,0.30196078
410,Spenser Watkins,2 Tms,17489,0.31304348,0.68882175,0.47029077,0.71064815,0.89912281,0.82616487,0.41845765,0.61214953,0.08175306,0.16392752,0.24568057
411,Jerad Eickhoff,3 Tms,12664,0.27210526,0.6625964,0.44791667,0.64023211,0.86129971,0.7874677,0.45023148,0.60495156,0.09519676,0.17158565,0.26678241
412,Gabriel Hughes,COL,31614,0.29145729,0.69512195,0.4738292,0.63218391,0.9122807,0.81782946,0.45179063,0.59558824,0.08623853,0.16238532,0.24862385
413,Joe Biagini,TOR,13194,0.29305136,0.66062802,0.46018671,0.69072165,0.89031079,0.82100239,0.45469522,0.64033264,0.08232711,0.17782656,0.26015368
414,Andrew Painter,PHI,30091,0.36284722,0.67647059,0.49288618,0.6722488,0.84963768,0.77319588,0.41463415,0.62475442,0.11173184,0.15337735,0.26510919
415,Ryan Bergert,2 Tms,29863,0.28753541,0.69009009,0.46471055,0.63546798,0.87467363,0.79180887,0.44012688,0.60841424,0.09674861,0.16098335,0.25773196
416,Josiah Gray,2 Tms,24580,0.31491847,0.69092302,0.4610119,0.60819165,0.84423503,0.74564235,0.38854167,0.59964307,0.11720958,0.15335416,0.27056374
417,Mike Burrows,2 Tms,24728,0.32559524,0.69787569,0.48593697,0.63985375,0.85118377,0.77057183,0.43070146,0.63346105,0.11133672,0.16040609,0.27174281
418,Blaine Hardy,DET,6499,0.31239669,0.62527716,0.44602273,0.68253968,0.89007092,0.80679406,0.42708333,0.67741935,0.08617424,0.20359848,0.28977273
419,Brandon Sproat,2 Tms,33850,0.29615385,0.67106843,0.46289375,0.63636364,0.86046512,0.78085352,0.44474106,0.58154506,0.10127932,0.16204691,0.26332623
420,Andrew Suárez,SFG,18300,0.30183727,0.65823888,0.45488581,0.72608696,0.90198675,0.83539095,0.42942718,0.6162465,0.07487832,0.18157993,0.25645826
421,José Buttó,NYM,23313,0.29232506,0.71283096,0.4422658,0.62162162,0.84571429,0.75041051,0.35657226,0.57440476,0.11038489,0.13652869,0.24691358
422,Yariel Rodríguez,TOR,33838,0.30645161,0.67833333,0.45228758,0.62807018,0.86240786,0.76589595,0.39215686,0.56149733,0.10581319,0.16525147,0.27106466
423,Mitch Spence,2 Tms,27707,0.35235732,0.71550256,0.50538406,0.65316901,0.90595238,0.80397727,0.42139268,0.61744966,0.0989957,0.14096126,0.23995696
424,Wilmer Font,3 Tms,5257,0.29622642,0.66887417,0.46795524,0.68152866,0.84158416,0.78695652,0.46083418,0.59307359,0.09969481,0.17090539,0.2706002
425,Alex Meyer,LAA,12833,0.25782414,0.58232932,0.39606501,0.51445087,0.85862069,0.7300216,0.42600513,0.52739726,0.106929,0.19161677,0.29854577
426,Deivi García,NYY,20276,0.35025381,0.72164948,0.5080292,0.71014493,0.81904762,0.77586207,0.42481752,0.625,0.11386861,0.14744526,0.26131387
427,Jacob Latz,TEX,21306,0.30373832,0.68786127,0.4754522,0.53846154,0.8697479,0.75271739,0.44702842,0.58152174,0.11757106,0.15891473,0.27648579
428,Robbie Erlin,2 Tms,10354,0.31107955,0.69009009,0.47815727,0.70776256,0.87467363,0.81395349,0.44082605,0.60650888,0.08895949,0.16362192,0.25258141
429,Robert Stephenson,CIN,13594,0.29748603,0.66804979,0.44657763,0.6056338,0.79192547,0.71775701,0.40233723,0.53376206,0.12583333,0.14416667,0.27
430,Luis Medina,OAK,21649,0.28436764,0.72775991,0.47189483,0.61049724,0.87923417,0.7857829,0.42293744,0.52329749,0.10090498,0.14524887,0.24615385
431,Daniel Ponce de Leon,STL,16110,0.30972616,0.73848238,0.48580968,0.71646341,0.80550459,0.7720504,0.41068447,0.53448276,0.11074012,0.13800779,0.24874791
432,Jacob Waguespack,3 Tms,18318,0.30440967,0.70693069,0.47268212,0.67757009,0.88235294,0.8056042,0.41804636,0.57425743,0.09188742,0.14900662,0.24089404
433,Bartolo Colon,3 Tms,375,0.30889621,0.64629259,0.46112116,0.816,0.92403101,0.88431373,0.45117541,0.64554932,0.05334539,0.20433996,0.25768535
434,Jack Perkins,ATH,31468,0.336074,0.65079365,0.46698679,0.58103976,0.87361419,0.75064267,0.41596639,0.56976744,0.11644658,0.16146459,0.27791116
435,Brandon Walter,HOU,26056,0.36681223,0.67977528,0.5036855,0.5952381,0.90082645,0.77560976,0.43734644,0.66981132,0.11288344,0.16687117,0.2797546
436,David Sandlin,CHW,31743,0.31007752,0.62561576,0.44902386,0.7,0.8503937,0.79227053,0.44034707,0.584,0.09327549,0.19088937,0.28416486
437,Matt Garza,MIL,3340,0.31928251,0.69411765,0.47180851,0.71067416,0.90772128,0.82863585,0.40691489,0.5959596,0.08085106,0.14946809,0.23031915
438,Austin Pruitt,2 Tms,15290,0.36468647,0.6797235,0.49615385,0.68778281,0.90169492,0.81007752,0.41730769,0.70695971,0.09423077,0.17692308,0.27115385
439,Scott Feldman,CIN,6283,0.26005888,0.63217098,0.43343816,0.6754717,0.87010676,0.80773881,0.46593291,0.60805085,0.08328968,0.18753274,0.27082242
440,Jonathan Cannon,CHW,31730,0.30714286,0.70742358,0.47210558,0.70265781,0.87757202,0.81067344,0.41211758,0.60651921,0.08932854,0.14928058,0.23860911
441,Jorge López,2 Tms,14527,0.27786499,0.63226453,0.43353873,0.6779661,0.8866878,0.81167513,0.43926056,0.57624263,0.08164613,0.18485915,0.26650528
442,Josh Lindblom,MIL,7882,0.31428571,0.6618705,0.44010417,0.57142857,0.83695652,0.71597633,0.36197917,0.6,0.125,0.17447917,0.29947917
443,Tyson Ross,4 Tms,7872,0.29346376,0.60905923,0.41639522,0.68333333,0.91189931,0.81355932,0.38952226,0.55508021,0.07763301,0.18159609,0.2592291
444,Kendall Graveman,2 Tms,15514,0.26825939,0.62378168,0.41469289,0.71501272,0.9046875,0.83252662,0.41188278,0.58411215,0.06945002,0.19429948,0.2637495
445,Randall Delgado,ARI,5985,0.31914894,0.70224719,0.4842615,0.58666667,0.848,0.75,0.43099274,0.67676768,0.12106538,0.13801453,0.2590799
446,Quinn Mathews,STL,33851,0.28820961,0.67987805,0.45165394,0.5530303,0.88340807,0.76056338,0.4173028,0.61578947,0.10814249,0.15903308,0.26717557
447,Andrew Triggs,2 Tms,13533,0.29334501,0.62433155,0.42433862,0.6119403,0.87366167,0.76433915,0.3957672,0.57024793,0.09984152,0.17749604,0.27733756
448,Aaron Ashby,MIL,23550,0.31718062,0.58481613,0.43124368,0.56111111,0.85801217,0.73270809,0.42618807,0.59325397,0.1152097,0.20111167,0.31632137
449,Alex Faedo,DET,19874,0.30706742,0.69012486,0.46685606,0.63227513,0.86842105,0.77789047,0.41714015,0.63688213,0.10364411,0.16516801,0.26881212
450,Lake Bachar,2 Tms,19222,0.31399317,0.64021164,0.44190871,0.54347826,0.8677686,0.72769953,0.39211618,0.68141593,0.12033195,0.15767635,0.2780083
451,Zac Thornton,NYM,33891,0.35818713,0.71204188,0.51949085,0.72653061,0.8995098,0.83460949,0.45584726,0.65578635,0.08578237,0.15329627,0.23907863
452,Chad Bettis,COL,10587,0.28010303,0.65773552,0.44132841,0.64367816,0.88830486,0.7993311,0.42693727,0.6280654,0.08856089,0.17416974,0.26273063
453,JC Ramírez,LAA,8302,0.25577558,0.66929825,0.45620748,0.62580645,0.87811271,0.80521901,0.48469388,0.6009539,0.08882278,0.17424564,0.26306842
454,Joan Adon,WSN,22925,0.28381548,0.67456897,0.44811962,0.7107438,0.89456869,0.82709808,0.42048029,0.58741259,0.07748074,0.16357046,0.2410512
455,Brendan McKay,TBR,20186,0.34526316,0.675,0.48742515,0.70731707,0.81893004,0.77395577,0.43113772,0.57281553,0.11017964,0.1748503,0.28502994
456,Wily Peralta,2 Tms,7738,0.27510608,0.69,0.43647364,0.68380463,0.89049919,0.81089109,0.38893691,0.57632933,0.08254105,0.16292135,0.2454624
457,Jordan Yamamoto,2 Tms,17585,0.29073482,0.66084425,0.44710947,0.65934066,0.8876652,0.80192572,0.42250923,0.52173913,0.08856089,0.17220172,0.26076261
458,Hunter Wood,TBR,15091,0.36125654,0.67460317,0.48580442,0.53623188,0.74117647,0.64935065,0.39747634,0.53164557,0.170347,0.13564669,0.30599369
459,Nick Margevicius,2 Tms,20395,0.28020833,0.68258427,0.45155502,0.70260223,0.86419753,0.80662252,0.42583732,0.55632184,0.08732057,0.17583732,0.26315789
460,Jesse Chavez,3 Tms,5448,0.26244953,0.69077069,0.43988963,0.73846154,0.87465565,0.82706093,0.41426882,0.62957317,0.07598425,0.18346457,0.25944882
461,Jonathan Loáisiga,NYY,19753,0.34186047,0.68910256,0.48787062,0.57142857,0.82790698,0.72375691,0.42048518,0.62650602,0.13477089,0.14824798,0.28301887
462,Eddie Butler,CHC,13453,0.2801636,0.69430052,0.46285714,0.7080292,0.9141791,0.84444444,0.44114286,0.60089686,0.072,0.144,0.216
463,Mason Miller,OAK,31757,0.28629032,0.71794872,0.47629797,0.6056338,0.87142857,0.78199052,0.44018059,0.52475248,0.10337079,0.12808989,0.23146067
464,Roki Sasaki,LAD,35323,0.32400781,0.70657066,0.48451662,0.53815261,0.87898089,0.74668745,0.41956193,0.59849624,0.12259525,0.144851,0.26744625
465,Buck Farmer,2 Tms,14814,0.27857143,0.65990991,0.44721116,0.6025641,0.81911263,0.74387528,0.44223108,0.64344262,0.11454183,0.17131474,0.28585657
466,Fernando Romero,MIN,15885,0.30111524,0.70616114,0.47916667,0.61111111,0.86912752,0.77826087,0.43958333,0.5465587,0.10613944,0.144641,0.25078044
467,Roenis Elías,SEA,12673,0.30821918,0.72868217,0.50545455,0.64444444,0.86170213,0.79136691,0.46909091,0.61538462,0.10545455,0.14909091,0.25454545
468,Diego Castillo,TBR,17496,0.31147541,0.64285714,0.4828496,0.49122807,0.88888889,0.76502732,0.5171504,0.63636364,0.11345646,0.20580475,0.31926121
469,Edinson Volquez,2 Tms,3990,0.26358149,0.62110961,0.41604155,0.63740458,0.87363834,0.78779473,0.42642816,0.5701559,0.08828621,0.17772649,0.26601269
470,Ricky Nolasco,LAA,3830,0.29505582,0.70719603,0.45631068,0.62162162,0.84912281,0.75957447,0.39126214,0.60228717,0.10967324,0.15431899,0.26399224
471,Alec Marsh,KCR,27451,0.3091133,0.69159664,0.47085999,0.60358566,0.88092345,0.77584906,0.42288557,0.61462729,0.10546875,0.16619318,0.27166193
472,Jonah Tong,NYM,32157,0.28450704,0.68683274,0.46226415,0.61386139,0.84974093,0.76870748,0.4418239,0.55844156,0.10675039,0.17268446,0.27943485
473,Brady Basso,OAK,25582,0.2991453,0.73498233,0.49369085,0.67619048,0.87980769,0.8115016,0.44637224,0.58045977,0.09305994,0.14195584,0.23501577
474,Junior Guerra,2 Tms,5702,0.28866499,0.68816442,0.45465253,0.62303665,0.86508754,0.77525907,0.41548881,0.60292463,0.10217903,0.15106007,0.2532391
475,Odrisamer Despaigne,3 Tms,16017,0.27900913,0.71183533,0.46592593,0.75700935,0.87951807,0.83783784,0.43185185,0.6,0.07555556,0.14,0.21555556
476,Devin Smeltzer,2 Tms,19487,0.33516484,0.66617211,0.4760101,0.73770492,0.88864143,0.82758621,0.42550505,0.61352657,0.08201893,0.17287066,0.25488959
477,Drew Anderson,3 Tms,15130,0.36488812,0.67105263,0.48595213,0.61792453,0.90588235,0.7751606,0.39542144,0.64777328,0.10926119,0.16441207,0.27367326
478,Glenn Otto Jr.,TEX,21366,0.2971246,0.68255396,0.45722824,0.62795699,0.89064559,0.79084967,0.41539036,0.56446991,0.09562944,0.16286888,0.25849832
479,Matt Cain,SFG,4732,0.24681685,0.62579957,0.42827973,0.81349206,0.92163543,0.88915375,0.47881572,0.63636364,0.04742478,0.19479857,0.24222336
480,Mick Abel,2 Tms,27756,0.34957627,0.6751269,0.49769053,0.60606061,0.86466165,0.76566125,0.45496536,0.66666667,0.11662818,0.16397229,0.28060046
481,Nate Karns,2 Tms,12638,0.31221719,0.66956522,0.46886912,0.5,0.85281385,0.72086721,0.43837357,0.58291457,0.13087675,0.1639136,0.29479034
482,Michael Kopech,CHW,17282,0.28213166,0.66802444,0.43888314,0.63580247,0.8445122,0.76484449,0.40620476,0.56070826,0.10314179,0.16639107,0.26953286
483,Drey Jameson,ARI,26260,0.26388889,0.70281124,0.46741155,0.57894737,0.84571429,0.76494024,0.46368715,0.58273381,0.10986965,0.15828678,0.26815642
484,Carlos Hernández,KCR,22713,0.29019608,0.71756757,0.46988636,0.64864865,0.8700565,0.79081016,0.42045455,0.55798687,0.09829545,0.13693182,0.23522727
485,Connor Overton,2 Tms,18376,0.2808399,0.66776316,0.45255474,0.63551402,0.89655172,0.80645161,0.44379562,0.61581921,0.08746356,0.18367347,0.27113703
486,Parker Bridwell,LAA,11502,0.29916318,0.68199234,0.47153537,0.65034965,0.88764045,0.80487805,0.45025877,0.62985685,0.0920069,0.16561242,0.25761932
487,Ryan Merritt,CLE,13688,0.25,0.61006289,0.44147157,0.74285714,0.91752577,0.87121212,0.53177258,0.74117647,0.05685619,0.21070234,0.26755853
488,John Lackey,CHC,1507,0.31731402,0.66071429,0.47110142,0.63900415,0.86117936,0.77854938,0.44783715,0.65426997,0.1043257,0.16575791,0.27008361
489,Kade Anderson,SEA,37238,0.37174721,0.76525822,0.54564315,0.63,0.85276074,0.76806084,0.44190871,0.6259542,0.12655602,0.12655602,0.25311203
490,Félix Hernández,SEA,4772,0.30068966,0.64364641,0.44755521,0.65711009,0.90128755,0.80748899,0.42823344,0.63053097,0.08609141,0.18183609,0.2679275
491,Beau Brieske,DET,26079,0.3148335,0.75736325,0.5,0.78525641,0.85,0.82629108,0.41842723,0.58878505,0.08680352,0.13958944,0.22639296
492,Shaun Anderson,2 Tms,19453,0.3,0.72683706,0.48478562,0.7195122,0.89450549,0.83309558,0.4329184,0.63771712,0.08085695,0.14651002,0.22736697
493,River Ryan,2 Tms,29514,0.29145729,0.70503597,0.46153846,0.51724138,0.89795918,0.75641026,0.4112426,0.59139785,0.1120944,0.15634218,0.26843658
494,Adbert Alzolay,CHC,17859,0.32365145,0.66702938,0.47222222,0.64871795,0.84339315,0.76769691,0.4326742,0.62068966,0.10969868,0.16854991,0.27824859
495,Sawyer Gipson-Long,DET,26048,0.32087227,0.70689655,0.48282098,0.50485437,0.79878049,0.68539326,0.41952984,0.66906475,0.15189873,0.15189873,0.30379747
496,Fernando Cruz,CIN,7048,0.34745763,0.65432099,0.47236181,0.43902439,0.71698113,0.59574468,0.40703518,0.63829787,0.19095477,0.16582915,0.35678392
497,Brian Johnson,BOS,14272,0.30008905,0.62781955,0.43623113,0.66765579,0.91217565,0.81384248,0.41540864,0.58350101,0.0812077,0.19000521,0.27121291
498,Tanner Banks,2 Tms,16990,0.26900585,0.64137931,0.43987342,0.56521739,0.8172043,0.73381295,0.45886076,0.6875,0.11708861,0.19303797,0.31012658
499,Spencer Miles,TOR,31621,0.32044199,0.62983425,0.47513812,0.75862069,0.92105263,0.86627907,0.5,0.65625,0.06353591,0.20441989,0.2679558
500,Josh Fleming,2 Tms,20418,0.36806723,0.68041237,0.48154093,0.7260274,0.8982684,0.81444444,0.36329588,0.60861057,0.08930481,0.15347594,0.24278075
501,Sam Long,2 Tms,25379,0.30654762,0.64561404,0.46215781,0.6407767,0.85869565,0.7804878,0.4589372,0.64052288,0.10144928,0.19162641,0.29307568
502,Max Kranick,PIT,22175,0.35235732,0.78228782,0.52522255,0.67605634,0.80188679,0.75141243,0.40207715,0.56593407,0.1305638,0.11127596,0.24183976
503,Touki Toussaint,4 Tms,16929,0.27967807,0.59546926,0.40074442,0.59532374,0.8736413,0.75386997,0.38337469,0.53183521,0.09863524,0.18703474,0.28566998
504,Tyler Holton,DET,26231,0.3151751,0.65656566,0.46373626,0.54320988,0.82307692,0.71563981,0.43516484,0.68644068,0.13186813,0.19120879,0.32307692
505,Tomoyuki Sugano,2 Tms,35321,0.3105227,0.68932504,0.46888133,0.68106312,0.92013889,0.82799829,0.41805083,0.58728943,0.08053557,0.15367706,0.23421263
506,Scott Alexander,2 Tms,10591,0.34259259,0.66666667,0.47849462,0.62162162,0.84615385,0.75280899,0.41935484,0.57407407,0.11827957,0.17741935,0.29569892
507,Chad Green,NYY,15552,0.30555556,0.75135135,0.49427918,0.62337662,0.72661871,0.68981481,0.42334096,0.6344086,0.15331808,0.12814645,0.28146453
508,Michael Grove,LAD,23221,0.34248366,0.68269231,0.49532037,0.5648855,0.87793427,0.75872093,0.44924406,0.60904255,0.11951044,0.16054716,0.2800576
509,Pedro Avila,SDP,18864,0.26954178,0.65397924,0.43787879,0.56,0.86772487,0.76124567,0.43787879,0.63414634,0.10454545,0.16363636,0.26818182
510,Anthony Molina,2 Tms,26952,0.33225806,0.74885845,0.5047259,0.72815534,0.84756098,0.80149813,0.41398866,0.55555556,0.10018904,0.13232514,0.23251418
511,Jack Dreyer,LAD,30249,0.39772727,0.66197183,0.51572327,0.51428571,0.82978723,0.69512195,0.44654088,0.55813953,0.1572327,0.16981132,0.32704403
512,Davis Daniel,2 Tms,27582,0.32631579,0.67576792,0.47845468,0.71774194,0.87373737,0.8136646,0.43536404,0.64772727,0.08915305,0.17533432,0.26448737
513,Nabil Crismatt,2 Tms,17732,0.3559322,0.61797753,0.46859903,0.6547619,0.84545455,0.7628866,0.42995169,0.66115702,0.11084337,0.19759036,0.30843373
514,Josh Winder,MIN,24606,0.34909091,0.6858006,0.47559591,0.67708333,0.91189427,0.80429594,0.37570942,0.61160714,0.09307605,0.1645857,0.25766175
515,Jackson Kent,WSN,35462,0.32631579,0.64444444,0.4446281,0.63709677,0.91724138,0.78810409,0.37190083,0.58278146,0.09421488,0.15371901,0.24793388
516,Brennan Bernardino,2 Tms,16835,0.25316456,0.62857143,0.4295302,0.525,0.85227273,0.75,0.46979866,0.58441558,0.10702341,0.19397993,0.30100334
517,Hurston Waldrep,ATL,33527,0.26612903,0.65495868,0.4365942,0.56969697,0.84858044,0.75311203,0.4384058,0.59233449,0.10778986,0.16394928,0.27173913
518,Austin Bibens-Dirkx,TEX,9559,0.31635802,0.68602151,0.47079964,0.68292683,0.87774295,0.80152672,0.41778976,0.67595819,0.09344115,0.14914645,0.2425876
519,Tanner Gordon,COL,27669,0.32135593,0.75018369,0.52715092,0.71518987,0.88540646,0.83143813,0.47990127,0.6618799,0.08882622,0.14663377,0.23545999
520,Jake Woodford,3 Tms,18674,0.23978202,0.681764,0.43092784,0.76515152,0.90034965,0.8576555,0.43247423,0.59719439,0.0613086,0.18238022,0.24368882
521,Jason Alexander,2 Tms,19666,0.29322709,0.6308204,0.43439963,0.70923913,0.85940246,0.80042689,0.41817339,0.66496599,0.08669448,0.18729717,0.27399166
522,DL Hall,2 Tms,22207,0.2651357,0.62790698,0.41676792,0.63779528,0.87962963,0.79008746,0.41798299,0.57894737,0.08727273,0.18424242,0.27151515
523,Luis Cessa,2 Tms,13345,0.29110251,0.67733675,0.45730028,0.70431894,0.89035917,0.82289157,0.43030303,0.61507128,0.08090259,0.17226197,0.25316456
524,Kendry Rojas,MIN,29423,0.28571429,0.67816092,0.45728643,0.5625,0.81355932,0.72527473,0.43718593,0.63265306,0.12562814,0.13567839,0.26130653
525,Zack Thompson,STL,25918,0.31208054,0.65869565,0.46306818,0.67741935,0.88118812,0.80368098,0.43560606,0.61363636,0.09082308,0.17786187,0.26868496
526,Heath Fillmyer,KCR,17466,0.27490542,0.67905405,0.44765343,0.63302752,0.89054726,0.8,0.42743682,0.6066482,0.08946609,0.15728716,0.24675325
527,Paolo Espino,3 Tms,8246,0.29915014,0.64981132,0.44951456,0.6780303,0.89198606,0.81065515,0.42880259,0.57888199,0.08511327,0.18932039,0.27443366
528,Dillon Peters,3 Tms,18790,0.30681052,0.67269439,0.46311317,0.71208791,0.85483871,0.80066722,0.42719197,0.63934426,0.09231363,0.16492854,0.25724218
529,Mitch Bratt,ARI,30003,0.29496403,0.70873786,0.47107438,0.80487805,0.91324201,0.87426901,0.42561983,0.59793814,0.05922865,0.15151515,0.2107438
530,Sam Gaviglio,3 Tms,12778,0.27758216,0.63925926,0.43745907,0.6448203,0.90150637,0.81062874,0.44204322,0.63393939,0.08276088,0.19299967,0.27576055
531,Sam Hentges,CLE,18548,0.29361702,0.65562914,0.43523316,0.61594203,0.88383838,0.77380952,0.39119171,0.5,0.0984456,0.15025907,0.24870466
532,Kyle Cody,TEX,19686,0.25581395,0.66176471,0.43506494,0.65909091,0.9,0.82089552,0.44155844,0.60526316,0.07792208,0.18181818,0.25974026
533,Vladimir Gutierrez,CIN,19278,0.27266339,0.68601332,0.44826192,0.68041237,0.86823856,0.8025248,0.42481811,0.60090361,0.08852061,0.17138238,0.25990299
534,Jackson Jobe,DET,30203,0.30752916,0.68659128,0.45774648,0.66551724,0.86352941,0.78321678,0.39628681,0.63589744,0.09923175,0.15620999,0.25544174
535,Francis Martes,HOU,17303,0.27932961,0.71323529,0.46666667,0.56,0.83505155,0.7414966,0.43174603,0.61842105,0.12063492,0.14285714,0.26349206
536,Yoendrys Gómez,CHW,22872,0.30382775,0.72079772,0.49414824,0.59055118,0.86561265,0.77368421,0.45643693,0.63350785,0.11154345,0.15564202,0.26718547
537,Casey Legumina,2 Tms,25921,0.35632184,0.675,0.50898204,0.74193548,0.94444444,0.87058824,0.47904192,0.70454545,0.06586826,0.18562874,0.25149701
538,Alec Asher,BAL,13560,0.32098765,0.61682243,0.43866171,0.71153846,0.88636364,0.80932203,0.39776952,0.54615385,0.08364312,0.18401487,0.26765799
539,Alex Young,2 Tms,18333,0.33249581,0.70157068,0.47650664,0.6070529,0.8358209,0.73847803,0.39019408,0.60588235,0.12461696,0.15934627,0.28396323
540,Derek Holland,5 Tms,4141,0.27369281,0.6579239,0.43674557,0.67562189,0.85794497,0.79217516,0.42436119,0.63653367,0.09076658,0.18059257,0.27135915
541,Anthony Banda,4 Tms,14706,0.29959514,0.66666667,0.46428571,0.68918919,0.8358209,0.78365385,0.44866071,0.608,0.10022272,0.16258352,0.26280624
542,Yovani Gallardo,2 Tms,8173,0.25940212,0.65006386,0.42747253,0.70446097,0.8978389,0.83097686,0.43021978,0.60282916,0.07225275,0.16538462,0.23763736
543,Eli Morgan,CLE,20203,0.33452381,0.72,0.49897611,0.66192171,0.86222222,0.78522572,0.42662116,0.67263427,0.10716724,0.15836177,0.26552901
544,Taylor Hearn,TEX,18325,0.30648148,0.67804878,0.46684211,0.69486405,0.8705036,0.80496054,0.43157895,0.61770624,0.09095689,0.16929548,0.26025237
545,Ryan Walker,SFG,20423,0.36514523,0.53797468,0.43358396,0.54545455,0.75294118,0.64739884,0.39598997,0.56382979,0.1525,0.215,0.3675
546,Jarred Cosart,SDP,10304,0.25259516,0.68235294,0.41176471,0.67123288,0.90517241,0.81481481,0.37037037,0.51851852,0.07625272,0.14814815,0.22440087
547,Chris Rodriguez,LAA,22310,0.30851064,0.55,0.4025974,0.62068966,0.87878788,0.75806452,0.38961039,0.56818182,0.0974026,0.22077922,0.31818182
548,John Brebbia,SFG,12777,0.27419355,0.64971751,0.45730028,0.7254902,0.83478261,0.80120482,0.48760331,0.71428571,0.09090909,0.19559229,0.28650138
549,Elieser Hernández,2 Tms,16933,0.29886195,0.69909139,0.49126413,0.64735099,0.84021407,0.7792887,0.4807297,0.65749235,0.10842754,0.17317575,0.28160329
550,Kai-Wei Teng,2 Tms,24282,0.30201342,0.63377609,0.43946541,0.52,0.87724551,0.73345259,0.41430818,0.64923077,0.11713836,0.18474843,0.30188679
551,Aaron Wilkerson,MIL,16904,0.30578512,0.61458333,0.44239631,0.62162162,0.89830508,0.79166667,0.44239631,0.625,0.0921659,0.1843318,0.2764977
552,Bowden Francis,TOR,20548,0.30744596,0.73279352,0.49530621,0.65625,0.84944751,0.78249097,0.44166294,0.62975779,0.10758929,0.15848214,0.26607143
553,Chi Chi González,4 Tms,14663,0.26493199,0.69879518,0.45578006,0.75223214,0.89008621,0.84520349,0.43988076,0.59569075,0.07055316,0.1669427,0.23749586
554,AJ Smith-Shawver,ATL,29960,0.30912863,0.70307692,0.46778191,0.65436242,0.84682713,0.77086093,0.40272615,0.55121951,0.10718711,0.15055762,0.25774473
555,Lucas Sims,2 Tms,13470,0.29890454,0.64788732,0.45158451,0.69109948,0.85714286,0.79532164,0.4375,0.69127517,0.09242958,0.17605634,0.26848592
556,Brant Hurter,DET,30133,0.31451613,0.70930233,0.47619048,0.61538462,0.95081967,0.82,0.40952381,0.76785714,0.08571429,0.17619048,0.26190476
557,Hayden Birdsong,SFG,31635,0.28003003,0.64351852,0.42304189,0.53887399,0.87230216,0.73842842,0.39344262,0.53320313,0.11065574,0.16029144,0.27094718
558,Adam Plutko,2 Tms,15846,0.33425875,0.72562358,0.5,0.7358804,0.88020833,0.82458387,0.42349552,0.62266501,0.08768,0.15104,0.23872
559,Sean Reid-Foley,TOR,17034,0.28328173,0.70107527,0.45814581,0.63934426,0.8404908,0.76817289,0.41854185,0.5858209,0.10621062,0.15481548,0.2610261
560,Liam Hendriks,OAK,3548,0.27272727,0.69148936,0.47668394,0.59259259,0.86153846,0.7826087,0.48704663,0.56521739,0.10362694,0.15544041,0.25906736
561,Jeff Locke,MIA,2929,0.30461538,0.65060241,0.45470383,0.72727273,0.88888889,0.82758621,0.43379791,0.60526316,0.07839721,0.18466899,0.2630662
562,Tanner Anderson,OAK,18029,0.27165354,0.75595238,0.46445498,0.73913043,0.90551181,0.84693878,0.39810427,0.56190476,0.07109005,0.13981043,0.21090047
563,Robert Gsellman,NYM,13696,0.290938,0.70276008,0.46727273,0.7568306,0.89577039,0.8463035,0.42818182,0.62944162,0.07178555,0.15129487,0.22308042
564,Tatsuya Imai,HOU,37124,0.28531073,0.66365688,0.43092963,0.4950495,0.84693878,0.70362903,0.38488271,0.49811321,0.12760417,0.15190972,0.27951389
565,Tyler Gilbert,2 Tms,17964,0.31683168,0.70736086,0.5038693,0.72916667,0.8680203,0.8225256,0.47893379,0.61967213,0.08927039,0.15536481,0.24463519
566,Jared Shuster,2 Tms,27472,0.28995058,0.74122807,0.48353716,0.66477273,0.87573964,0.80350195,0.4289746,0.61619718,0.09501411,0.14957667,0.24459078
567,Chris Mazza,BOS,14151,0.34939759,0.68823529,0.48687351,0.54022989,0.88034188,0.73529412,0.40572792,0.58878505,0.12887828,0.13126492,0.2601432
568,Aríel Miranda,SEA,17526,0.25436758,0.71607843,0.47191426,0.62362637,0.83570646,0.7752545,0.47117517,0.60724638,0.10606061,0.14892831,0.25498891
569,Tyler Phillips,2 Tms,20629,0.34547069,0.66121495,0.48183653,0.60411311,0.89222615,0.77486911,0.43188698,0.61393597,0.10847629,0.16347124,0.27194753
570,Aaron Brooks,2 Tms,12272,0.30109489,0.70711297,0.46166575,0.68181818,0.90335306,0.81600956,0.39547711,0.6029724,0.08494208,0.16161059,0.24655268
571,Robert Stock,2 Tms,6576,0.30193237,0.68709677,0.46685083,0.6,0.84976526,0.75739645,0.4281768,0.59473684,0.11310345,0.15448276,0.26758621
572,Mike Baumann,BAL,20206,0.2875,0.78358209,0.51360544,0.73913043,0.96190476,0.89403974,0.45578231,0.60759494,0.05442177,0.13265306,0.18707483
573,Jayson Aquino,BAL,13150,0.29,0.60526316,0.42613636,0.62068966,0.91304348,0.8,0.43181818,0.69387755,0.08522727,0.19886364,0.28409091
574,Richard Fitts,BOS,30160,0.37016575,0.71232877,0.52293578,0.67661692,0.90064103,0.8128655,0.44648318,0.65648855,0.09785933,0.14271152,0.24057085
575,Tejay Antone,CIN,16233,0.2962963,0.57462687,0.41176471,0.58928571,0.85714286,0.7443609,0.41486068,0.59210526,0.10493827,0.19444444,0.29938272
576,Blade Tidwell,2 Tms,31701,0.25568182,0.64691358,0.42550911,0.57777778,0.92366412,0.80604534,0.4340836,0.5877193,0.08244111,0.18094218,0.2633833
577,Casey Kelly,SFG,9174,0.33333333,0.72413793,0.527897,0.66666667,0.9047619,0.82926829,0.49785408,0.62318841,0.09012876,0.13304721,0.22317597
578,Konnor Pilkington,CLE,21453,0.30329289,0.75637394,0.47526882,0.65714286,0.82771536,0.760181,0.37956989,0.54978355,0.11385607,0.12244898,0.23630505
579,A.J. Griffin,TEX,11132,0.26513912,0.63593005,0.45322581,0.72839506,0.855,0.81850534,0.50725806,0.61538462,0.08225806,0.18629032,0.26854839
580,Matt Andriese,3 Tms,12022,0.31304348,0.68468468,0.48320566,0.67013889,0.83458647,0.77682927,0.45786682,0.59353349,0.10777385,0.16136631,0.26914016
581,Angel Zerpa,KCR,22717,0.23577236,0.69302326,0.44902386,0.65517241,0.90604027,0.83574879,0.46637744,0.58196721,0.07375271,0.1670282,0.24078091
582,Jefry Rodriguez,2 Tms,17018,0.29794521,0.68064516,0.4565508,0.67816092,0.90047393,0.81551977,0.4144385,0.51697128,0.08416834,0.14295257,0.22712091
583,Matt Wilkinson,SFG,33760,0.33,0.62184874,0.43887147,0.75757576,0.91891892,0.84285714,0.37304075,0.59756098,0.06896552,0.18181818,0.2507837
584,Jackson Rutledge,WSN,26215,0.26970954,0.70618557,0.46436782,0.64615385,0.87591241,0.8019802,0.44597701,0.57407407,0.09195402,0.15402299,0.24597701
585,Charlie Barnes,MIN,19865,0.25074627,0.6984127,0.44293015,0.72619048,0.90909091,0.85,0.42930153,0.61038961,0.06643952,0.16524702,0.23168654
586,Noah Schultz,CHW,32056,0.296,0.63076923,0.43703704,0.64864865,0.90243902,0.8029661,0.4212963,0.60661765,0.08611111,0.17962963,0.26574074
587,Valente Bellozo,MIA,23899,0.26231386,0.71056662,0.45412844,0.72489083,0.86637931,0.81962482,0.42791612,0.54862843,0.08185986,0.16437459,0.24623445
588,Yilber Díaz,ARI,29271,0.25698324,0.63120567,0.421875,0.63043478,0.92134831,0.82222222,0.440625,0.55421687,0.075,0.18125,0.25625
589,Coleman Crow,MIL,27926,0.3566879,0.68907563,0.5,0.76785714,0.86585366,0.82608696,0.43115942,0.67105263,0.08695652,0.17753623,0.26449275
590,Cody Reed,CIN,15232,0.28133705,0.66,0.43678161,0.55445545,0.87272727,0.7518797,0.41050903,0.55128205,0.10837438,0.16256158,0.27093596
591,Erik Miller,2 Tms,26252,0.34710744,0.71641791,0.4787234,0.64285714,0.79166667,0.72222222,0.35638298,0.63043478,0.13227513,0.12698413,0.25925926
592,Chris Ellis,BAL,16125,0.25172414,0.69483568,0.43936382,0.69863014,0.87837838,0.81900452,0.42345924,0.55384615,0.07952286,0.15109344,0.2306163
593,Mason Adams,COL,31663,0.29365079,0.67592593,0.47008547,0.54054054,0.91780822,0.79090909,0.46153846,0.61290323,0.0982906,0.18589744,0.28418803
594,Jordan Wicks,CHC,30094,0.34751037,0.74270073,0.49074074,0.66268657,0.87469287,0.77897574,0.36243386,0.59473684,0.10846561,0.13492063,0.24338624
595,Caleb Kilian,CHC,26213,0.2375,0.73333333,0.43950617,0.71929825,0.90909091,0.84831461,0.40740741,0.60606061,0.06650246,0.14778325,0.21428571
596,Peyton Battenfield,CLE,25777,0.34323432,0.76847291,0.51383399,0.63461538,0.83333333,0.75384615,0.40118577,0.65671642,0.12648221,0.14822134,0.27470356
597,Artie Lewicki,DET,16731,0.32142857,0.69387755,0.4952381,0.7962963,0.88235294,0.8525641,0.46666667,0.59090909,0.07278481,0.14873418,0.22151899
598,Chase Dollander,COL,33482,0.27126231,0.70668177,0.4635,0.64686469,0.86538462,0.79395901,0.4415,0.566,0.0955,0.1425,0.238
599,Cody Poteet,2 Tms,18769,0.28798587,0.6875,0.45723014,0.66871166,0.87062937,0.79732739,0.42362525,0.6244898,0.09257375,0.16785351,0.26042726
600,Andrew Kittredge,TBR,12828,0.35338346,0.67039106,0.48089888,0.56382979,0.825,0.71028037,0.40224719,0.62831858,0.13932584,0.16629213,0.30561798
601,PJ Poulin,WSN,23394,0.30769231,0.5631068,0.42060086,0.85,0.84482759,0.84693878,0.44206009,0.65517241,0.06437768,0.21888412,0.2832618
602,Reiver Sanmartin,CIN,19754,0.3255814,0.63372093,0.44883721,0.63095238,0.89908257,0.78238342,0.4,0.56140351,0.09767442,0.16744186,0.26511628
603,Humberto Castellanos,ARI,21183,0.28313253,0.67562724,0.46235679,0.77659574,0.88594164,0.84955752,0.45662848,0.57798165,0.0695581,0.18739771,0.25695581
604,Luis Morales,ATH,32227,0.27137546,0.65989848,0.43562232,0.65753425,0.86153846,0.78817734,0.42274678,0.50862069,0.09227468,0.16094421,0.25321888
605,Eric Skoglund,KCR,16155,0.28913043,0.71621622,0.47951807,0.71428571,0.91886792,0.85050251,0.44578313,0.59862385,0.07168675,0.1439759,0.21566265
606,AJ Blubaugh,HOU,31764,0.34351145,0.71232877,0.4754902,0.53333333,0.86538462,0.71134021,0.35784314,0.46808511,0.1372549,0.10784314,0.24509804
607,Tyler Pill,NYM,12751,0.23353293,0.67938931,0.4295302,0.79487179,0.86516854,0.84375,0.43959732,0.57333333,0.06711409,0.18120805,0.24832215
608,Tyler Beede,2 Tms,16981,0.29256428,0.68947368,0.45039766,0.56057007,0.8870229,0.75929368,0.39765592,0.63577236,0.10841356,0.16534115,0.27375471
609,Jalen Beeks,3 Tms,17192,0.29574468,0.66388889,0.45542169,0.58992806,0.83682008,0.74603175,0.43373494,0.62385321,0.11552347,0.17930205,0.29482551
610,Joey Estes,OAK,26257,0.35163087,0.76460018,0.54556962,0.71493213,0.87896592,0.8228925,0.46962025,0.64576803,0.09662447,0.1350211,0.23164557
611,Austin Cox,2 Tms,24604,0.27586207,0.59493671,0.40512821,0.625,0.91489362,0.79746835,0.40512821,0.60784314,0.08205128,0.2,0.28205128
612,Edwin Jackson,4 Tms,1841,0.28129395,0.7028536,0.46275033,0.61666667,0.88614298,0.79284478,0.43044059,0.5588843,0.09586115,0.14445928,0.24032043
613,José De León,3 Tms,15463,0.3597561,0.6870229,0.50508475,0.52542373,0.77777778,0.67785235,0.4440678,0.67088608,0.16271186,0.17288136,0.33559322
614,César Valdez,2 Tms,9013,0.38418079,0.68041237,0.48905109,0.70588235,0.89393939,0.79850746,0.3540146,0.56944444,0.09854015,0.13138686,0.22992701
615,Shelby Miller,3 Tms,10197,0.22760646,0.69014085,0.45151515,0.69677419,0.86621315,0.82214765,0.48409091,0.52727273,0.08030303,0.15075758,0.23106061
616,David Paulino,HOU,17418,0.23552124,0.64684015,0.44507576,0.54098361,0.83908046,0.76170213,0.5094697,0.5859375,0.10586011,0.17391304,0.27977316
617,Chris O'Grady,MIA,13818,0.22040816,0.61463415,0.4,0.72222222,0.87301587,0.82777778,0.45555556,0.57264957,0.06888889,0.18222222,0.25111111
618,Kohl Stewart,2 Tms,15502,0.27391304,0.66903915,0.42375169,0.77777778,0.87234043,0.8343949,0.37921727,0.53125,0.07008086,0.15633423,0.22641509
619,Aaron Slegers,2 Tms,15231,0.31884058,0.70056497,0.49479167,0.59090909,0.89516129,0.78947368,0.4609375,0.56730769,0.10416667,0.14583333,0.25
620,Riley Smith,ARI,19826,0.24725275,0.70854271,0.48818898,0.84444444,0.87943262,0.87096774,0.52230971,0.6173913,0.06299213,0.17847769,0.24146982
621,Keaton Winn,SFG,23499,0.35493373,0.74067496,0.52979066,0.58091286,0.84652278,0.74924012,0.45330113,0.65597668,0.13285024,0.14653784,0.27938808
622,Ryan Johnson,LAA,35325,0.30917327,0.65309201,0.45666235,0.63369963,0.8591224,0.77195467,0.42884864,0.61979167,0.10413972,0.17076326,0.27490298
623,Kenny Rosenberg,LAA,20009,0.31512605,0.71604938,0.4775,0.69333333,0.84482759,0.78534031,0.405,0.61165049,0.10224439,0.13715711,0.2394015
624,George Klassen,LAA,33464,0.26460481,0.735,0.45621181,0.46753247,0.85714286,0.72321429,0.40733198,0.544,0.12627291,0.13034623,0.25661914
625,Tristan Beck,SFG,21584,0.31875,0.69230769,0.4950495,0.68627451,0.88888889,0.82,0.47194719,0.58139535,0.08910891,0.17161716,0.26072607
626,Mitch Farris,LAA,33628,0.32618026,0.70930233,0.48888889,0.55263158,0.85245902,0.73737374,0.42469136,0.57009346,0.12839506,0.1382716,0.26666667
627,Sean Nolin,WSN,11341,0.26829268,0.75510204,0.49839228,0.65909091,0.84684685,0.79354839,0.47266881,0.58536585,0.10223642,0.14057508,0.2428115
628,Jimmy Lambert,CHW,19541,0.28078818,0.74285714,0.46938776,0.85964912,0.84615385,0.85093168,0.40816327,0.55813953,0.06997085,0.14285714,0.21282799
629,Allan Winans,2 Tms,21238,0.3164557,0.66954023,0.48183042,0.632,0.84978541,0.77374302,0.46837147,0.64179104,0.10887097,0.18951613,0.2983871
630,Luinder Avila,KCR,24452,0.28885135,0.63247863,0.41675504,0.67251462,0.87387387,0.78625954,0.37221633,0.56465517,0.08907741,0.17073171,0.25980912
631,A.J. Alexy,TEX,22343,0.23831776,0.78571429,0.44117647,0.70588235,0.85858586,0.80666667,0.37058824,0.50649351,0.08529412,0.12941176,0.21470588
632,Landon Knack,LAD,27487,0.27146172,0.67717718,0.44829843,0.66239316,0.84700665,0.78394161,0.43586387,0.59466667,0.09685864,0.16623037,0.26308901
633,Tommy Henry,ARI,26285,0.32258065,0.70811744,0.48557868,0.6745098,0.8695122,0.79473684,0.42278204,0.59041096,0.09967141,0.14932457,0.24899598
634,Daniel Castano,MIA,19805,0.31424149,0.72316384,0.49872557,0.73399015,0.90364583,0.84497445,0.45114698,0.62695925,0.07731521,0.14783347,0.22514868
635,Dylan Covey,2 Tms,14825,0.25801677,0.65523256,0.44035228,0.70172084,0.90860692,0.8430303,0.45903389,0.59475806,0.06908509,0.17204588,0.24113097
636,Keegan Thompson,CHC,19795,0.29692155,0.68053492,0.45059524,0.69565217,0.89082969,0.81373844,0.40059524,0.57845433,0.08392857,0.16130952,0.2452381
637,Craig Stammen,SDP,7274,0.36440678,0.67058824,0.49261084,0.65116279,0.89473684,0.79,0.41871921,0.63636364,0.10344828,0.15763547,0.26108374
638,Kyle Muller,2 Tms,20167,0.28245614,0.70818916,0.46636771,0.57142857,0.87785016,0.7724359,0.43198804,0.53,0.10581222,0.14356682,0.24937904
639,Darius Vines,ATL,25928,0.29100529,0.71532847,0.46932515,0.58181818,0.87755102,0.77124183,0.4202454,0.6,0.10736196,0.15337423,0.2607362
640,Elmer Rodríguez,NYY,31811,0.26072607,0.60824742,0.39637827,0.51898734,0.86440678,0.72588832,0.39034205,0.544,0.10865191,0.18309859,0.2917505
641,Cesar Perdomo,SFG,30334,0.29608939,0.6884058,0.46687697,0.71698113,0.91578947,0.84459459,0.43533123,0.58426966,0.07255521,0.14826498,0.22082019
642,Josh James,HOU,16794,0.2734375,0.57236842,0.38480392,0.52857143,0.83908046,0.70063694,0.37254902,0.57142857,0.11519608,0.19117647,0.30637255
643,Zac Lowther,BAL,20243,0.27848101,0.62436548,0.43548387,0.59090909,0.85365854,0.76190476,0.45391705,0.59090909,0.10368664,0.19124424,0.29493088
644,Tim Adleman,CIN,10968,0.26574173,0.693302,0.46923937,0.63052209,0.83050847,0.77115614,0.47595078,0.60175055,0.10720268,0.15522055,0.26242323
645,Colton Gordon,HOU,31312,0.31987578,0.70559211,0.5071885,0.69417476,0.8951049,0.82992126,0.485623,0.64545455,0.0861244,0.16905901,0.25518341
646,Jesse Scholtens,2 Tms,19205,0.30661041,0.68065268,0.44736842,0.67889908,0.89383562,0.80196078,0.37631579,0.64604811,0.08859649,0.16403509,0.25263158
647,Hogan Harris,OAK,21520,0.28715729,0.63621795,0.45254366,0.67839196,0.86901763,0.80536913,0.4738041,0.6036036,0.08807897,0.17767654,0.2657555
648,Miguel Díaz,2 Tms,18815,0.26595745,0.65322581,0.41987179,0.64,0.91358025,0.80916031,0.3974359,0.51388889,0.08012821,0.17307692,0.25320513
649,Mike Mayers,2 Tms,15451,0.34117647,0.66183575,0.48484848,0.54022989,0.9270073,0.77678571,0.44805195,0.62295082,0.10822511,0.15800866,0.26623377
650,Connor Phillips,CIN,27649,0.26754386,0.64052288,0.41732283,0.62295082,0.87755102,0.77987421,0.4015748,0.54166667,0.09186352,0.17847769,0.27034121
651,Andrew Albers,2 Tms,7853,0.32941176,0.68668407,0.49876238,0.80714286,0.92015209,0.8808933,0.4740099,0.65326633,0.05940594,0.17945545,0.23886139
652,Tony Santillan,CIN,19926,0.29333333,0.67716535,0.43181818,0.59090909,0.88372093,0.75657895,0.36079545,0.52325581,0.10511364,0.15340909,0.25852273
653,Caleb Ferguson,2 Tms,19349,0.24242424,0.70661157,0.47991543,0.75,0.80701754,0.79295154,0.51162791,0.65517241,0.0987395,0.18067227,0.27941176
654,Cody Morris,CLE,25388,0.31553398,0.8,0.51566952,0.66153846,0.78448276,0.74033149,0.41310541,0.61797753,0.13390313,0.11396011,0.24786325
655,Matt Peacock,ARI,20339,0.23417722,0.69512195,0.43594306,0.63513514,0.87134503,0.8,0.43772242,0.55483871,0.08718861,0.18505338,0.27224199
656,Andre Jackson,PIT,21298,0.28873239,0.72222222,0.45689655,0.68292683,0.87692308,0.80188679,0.38793103,0.5826087,0.09032258,0.16129032,0.2516129
657,Hector Velázquez,BOS,19341,0.31384615,0.71900826,0.48677249,0.71078431,0.8908046,0.82427536,0.42680776,0.65410959,0.08546256,0.15330396,0.23876652
658,Adam Conley,MIA,14457,0.27783903,0.69708492,0.47287736,0.66269841,0.85636364,0.79551122,0.46521226,0.57929515,0.09669811,0.15271226,0.24941038
659,Hyeon-Jong Yang,TEX,27513,0.33121019,0.71681416,0.49259259,0.63461538,0.83950617,0.7593985,0.41851852,0.56716418,0.11851852,0.12222222,0.24074074
660,Chase Silseth,LAA,30074,0.31897712,0.60225141,0.43730408,0.60337553,0.81931464,0.72759857,0.4177116,0.61682243,0.11902897,0.18402506,0.30305403
661,Andrew Sears,DET,33664,0.2890625,0.70886076,0.44927536,0.56756757,0.875,0.75268817,0.38164251,0.59259259,0.11057692,0.14903846,0.25961538
662,Mike Bolsinger,TOR,11137,0.224,0.62272727,0.4106383,0.625,0.89051095,0.8134715,0.46808511,0.60162602,0.07659574,0.18723404,0.26382979
663,Jake Thompson,PHI,14371,0.21963824,0.66463415,0.42377622,0.62352941,0.91284404,0.83168317,0.45874126,0.54594595,0.07132867,0.17762238,0.24895105
664,Max Castillo,2 Tms,21956,0.29562044,0.72928177,0.46813187,0.71604938,0.87878788,0.81690141,0.3978022,0.59482759,0.08571429,0.14285714,0.22857143
665,Jose Cabrera,ARI,30412,0.29468599,0.66197183,0.44412607,0.6557377,0.94680851,0.83225806,0.40687679,0.62626263,0.07428571,0.17142857,0.24571429
666,Adrian Morejon,SDP,20039,0.32038835,0.67647059,0.4619883,0.65151515,0.77173913,0.72151899,0.39766082,0.63736264,0.12865497,0.17836257,0.30701754
667,Cody Ponce,2 Tms,17920,0.30705394,0.67484663,0.45544554,0.64864865,0.91818182,0.80978261,0.40346535,0.68686869,0.08663366,0.18811881,0.27475248
668,Denyi Reyes,2 Tms,20526,0.35028249,0.77777778,0.5122807,0.72580645,0.88095238,0.81506849,0.37894737,0.62857143,0.09473684,0.10877193,0.20350877
669,Chris Rowley,TOR,18820,0.34057971,0.66292135,0.46696035,0.61702128,0.83050847,0.73584906,0.39207048,0.53125,0.12334802,0.12334802,0.24669604
670,Shawn Dubin,HOU,24977,0.22429907,0.65671642,0.3908046,0.66666667,0.93181818,0.83823529,0.38505747,0.44444444,0.06321839,0.16666667,0.22988506
671,Daulton Jefferies,2 Tms,19345,0.30818966,0.7347561,0.48484848,0.70629371,0.86307054,0.8046875,0.41414141,0.59728507,0.09469697,0.15025253,0.24494949
672,Huascar Brazobán,NYM,6107,0.31538462,0.57746479,0.4079602,0.51219512,0.92682927,0.7195122,0.35323383,0.61702128,0.11330049,0.16748768,0.28078818
673,Zach Agnos,COL,31552,0.34615385,0.71212121,0.48823529,0.61111111,0.87234043,0.75903614,0.38823529,0.60465116,0.11764706,0.14705882,0.26470588
674,Corey Oswalt,NYM,13677,0.32646048,0.6797235,0.4773622,0.74210526,0.89830508,0.8371134,0.42716535,0.64575646,0.07767945,0.15929204,0.23697148
675,Chris Volstad,CHW,9901,0.24603175,0.62162162,0.42194093,0.80645161,0.94202899,0.9,0.46835443,0.63492063,0.04219409,0.18987342,0.23206751
676,Noah Davis,COL,25862,0.25185185,0.69264069,0.45508982,0.69117647,0.8875,0.82894737,0.46107784,0.55462185,0.07768924,0.15737052,0.23505976
677,Justin Nicolino,MIA,11754,0.30313589,0.61510791,0.45663717,0.82758621,0.88888889,0.86821705,0.4920354,0.61146497,0.06017699,0.19646018,0.25663717
678,Jared Koenig,2 Tms,27517,0.2909699,0.68932039,0.45346535,0.7816092,0.87323944,0.83842795,0.40792079,0.59859155,0.07312253,0.1798419,0.25296443
679,Carlos Rodriguez,MIL,30161,0.31617647,0.72164948,0.48497854,0.69767442,0.88571429,0.81415929,0.41630901,0.57894737,0.09012876,0.13304721,0.22317597
680,Jimmy Yacabonis,3 Tms,15157,0.26649077,0.63605442,0.42793462,0.69306931,0.87700535,0.8125,0.43684993,0.53142857,0.08023774,0.17236256,0.2526003
681,Kyle Tyler,MIA,22092,0.31321839,0.6492891,0.44007156,0.58715596,0.89051095,0.75609756,0.37745975,0.54814815,0.10714286,0.15,0.25714286
682,Yefry Ramírez,BAL,15655,0.27659574,0.71662763,0.44257951,0.62564103,0.83986928,0.75648703,0.37720848,0.58052434,0.10777385,0.13515901,0.24293286
683,Braden Shipley,ARI,15158,0.20121951,0.70642202,0.4029304,0.72727273,0.94805195,0.88181818,0.3992674,0.5625,0.04761905,0.14285714,0.19047619
684,Luis Patiño,3 Tms,22815,0.32368149,0.72343324,0.49617872,0.66453674,0.84369115,0.77725118,0.43151088,0.6152019,0.11045828,0.13924794,0.24970623
685,Josh Rogers,2 Tms,18510,0.29528986,0.73429952,0.48343685,0.70552147,0.91776316,0.84368308,0.42857143,0.61423221,0.07556936,0.15113872,0.22670807
686,Yohander Méndez,TEX,14391,0.25925926,0.66467066,0.43603133,0.67857143,0.88288288,0.81437126,0.43603133,0.44210526,0.08072917,0.1328125,0.21354167
687,Logan Evans,SEA,33699,0.28987517,0.65140845,0.44918542,0.66028708,0.91081081,0.82037997,0.44065167,0.62426036,0.08055771,0.17815647,0.25871418
688,Xzavion Curry,3 Tms,25595,0.28407225,0.68487395,0.45990783,0.76300578,0.8404908,0.81362725,0.43870968,0.63122924,0.08563536,0.17403315,0.25966851
689,Connor Gillispie,MIA,26171,0.31558935,0.62980769,0.45435244,0.69879518,0.8778626,0.80841121,0.44161359,0.55284553,0.08686441,0.1779661,0.26483051
690,Josh Winckowski,BOS,22387,0.26835138,0.6723869,0.44429348,0.7309417,0.90951276,0.84862385,0.43546196,0.57760814,0.06725543,0.18274457,0.25
691,Bryan Hudson,CHW,19924,0.31147541,0.62162162,0.48148148,0.63157895,0.86956522,0.8,0.54814815,0.53846154,0.0962963,0.21481481,0.31111111
692,Jharel Cotton,OAK,13654,0.26690079,0.6934236,0.46985734,0.69078947,0.83682008,0.79333986,0.47583985,0.59363958,0.09710078,0.15462494,0.25172572
693,Phil Hughes,MIN,7450,0.2542735,0.72767857,0.48580786,0.77310924,0.91717791,0.87865169,0.48908297,0.65714286,0.05895197,0.15174672,0.21069869
694,Mason Black,SFG,30171,0.31988473,0.70566038,0.4869281,0.72972973,0.93048128,0.8557047,0.43300654,0.57419355,0.07026144,0.17810458,0.24836601
695,Braydon Fisher,TOR,24609,0.25954198,0.61904762,0.4,0.55882353,0.86538462,0.74418605,0.39069767,0.55555556,0.10232558,0.2,0.30232558
696,Jack Kochanowicz,LAA,27688,0.30487239,0.70923261,0.48129741,0.67884323,0.89433643,0.8173913,0.43630657,0.58100559,0.08777429,0.14602926,0.23380355
697,Scott Kazmir,SFG,4897,0.28846154,0.72,0.46927374,0.56666667,0.94444444,0.80952381,0.41899441,0.52083333,0.08938547,0.1452514,0.23463687
698,Drew VerHagen,DET,13424,0.26470588,0.6344086,0.44102564,0.61728395,0.88700565,0.80232558,0.47692308,0.64473684,0.08717949,0.2,0.28717949
699,Carson Spiers,CIN,27685,0.31640058,0.69094488,0.47535505,0.63302752,0.88888889,0.79086116,0.42439432,0.57704918,0.09933222,0.14774624,0.24707846
700,Bryan Garcia,DET,19457,0.22905028,0.72463768,0.44479495,0.56097561,0.83,0.75177305,0.43533123,0.55952381,0.11041009,0.16719243,0.27760252
701,Casey Lawrence,TOR,11121,0.24489796,0.62765957,0.43229167,0.75,0.89830508,0.85542169,0.48958333,0.65517241,0.0625,0.1875,0.25
702,Nick Tropeano,LAA,12385,0.28868661,0.66861598,0.44071763,0.54954955,0.85131195,0.73274336,0.40015601,0.57478006,0.11778471,0.16380655,0.28159126
703,A.J. Cole,WSN,11467,0.28961749,0.62962963,0.43396226,0.63522013,0.8745098,0.7826087,0.4245283,0.6090535,0.09433962,0.17505241,0.26939203
704,Henderson Alvarez,PHI,5669,0.20149254,0.64566929,0.41762452,0.77777778,0.92682927,0.88990826,0.48659004,0.53731343,0.04597701,0.17624521,0.22222222
705,Drew Rom,STL,24602,0.25905292,0.63665595,0.43432836,0.7311828,0.92424242,0.86254296,0.4641791,0.52941176,0.05952381,0.1860119,0.24553571
706,Brett Kennedy,2 Tms,17877,0.29756098,0.71653543,0.45783133,0.74590164,0.9010989,0.83881579,0.38253012,0.53529412,0.07379518,0.13704819,0.21084337
707,Bryse Wilson,4 Tms,19990,0.31028807,0.69499731,0.47703427,0.71618037,0.88235294,0.82111437,0.43343437,0.61492281,0.08533458,0.16414083,0.2494754
708,Thomas Pannone,2 Tms,17281,0.29478827,0.68222222,0.45864662,0.74585635,0.82736156,0.79713115,0.42293233,0.60915493,0.09304511,0.18139098,0.27443609
709,Erasmo Ramírez,3 Tms,10314,0.33261803,0.69461606,0.49466614,0.68817204,0.8729352,0.8043131,0.44764915,0.6374269,0.09679968,0.16515211,0.2619518
710,Gabriel Ynoa,BAL,12938,0.32044199,0.71287129,0.49924812,0.67241379,0.89583333,0.81777108,0.4556391,0.60881543,0.09097744,0.1518797,0.24285714
711,Enyel De Los Santos,PHI,18403,0.3030303,0.70093458,0.48117155,0.725,0.88,0.82608696,0.44769874,0.58461538,0.08368201,0.15062762,0.23430962
712,Kyle Hart,2 Tms,19646,0.27251732,0.66013072,0.43301759,0.65254237,0.88613861,0.8,0.41407307,0.59898477,0.08648649,0.19054054,0.27702703
713,Jhonathan Díaz,2 Tms,20298,0.28030303,0.67058824,0.43317972,0.58108108,0.90350877,0.77659574,0.39170507,0.53846154,0.09677419,0.16359447,0.26036866
714,Sean Sullivan,COL,33502,0.34222222,0.64171123,0.47815534,0.7012987,0.94166667,0.84771574,0.4538835,0.5877193,0.07281553,0.17961165,0.25242718
715,Garrett Hill,DET,25097,0.29976019,0.69283276,0.46197183,0.768,0.92118227,0.86280488,0.41267606,0.61621622,0.06338028,0.16619718,0.22957746
716,Vance Worley,MIA,6435,0.25902335,0.64047619,0.43883277,0.76229508,0.94052045,0.88491049,0.47138047,0.60580913,0.05050505,0.17732884,0.22783389
717,Bryan Mitchell,2 Tms,11479,0.22222222,0.66950959,0.42648491,0.74193548,0.91082803,0.8630137,0.45666991,0.54512635,0.05842259,0.16260954,0.22103213
718,Dietrich Enns,3 Tms,13932,0.33846154,0.67521368,0.49797571,0.63636364,0.81012658,0.74796748,0.47368421,0.6984127,0.12550607,0.1659919,0.29149798
719,Brandon Bielak,HOU,19866,0.30317613,0.70889894,0.46122209,0.63174603,0.86170213,0.76942675,0.38954172,0.5194508,0.10628303,0.13916618,0.24544921
720,Jacob Turner,2 Tms,10185,0.25242718,0.6509434,0.45454545,0.84615385,0.91304348,0.89473684,0.50717703,0.52542373,0.04761905,0.14285714,0.19047619
721,Raúl Alcántara,OAK,12790,0.3315508,0.63461538,0.43986254,0.77419355,0.86363636,0.8203125,0.35738832,0.51515152,0.0790378,0.1443299,0.2233677
722,Dario Agrazal,PIT,15821,0.30569106,0.6345776,0.45462633,0.80319149,0.89473684,0.86105675,0.45284698,0.56825397,0.06305506,0.18738899,0.25044405
723,Drew Thorpe,CHW,31967,0.26845638,0.76277372,0.45631068,0.68333333,0.82296651,0.77203647,0.38002774,0.56842105,0.10402219,0.14285714,0.24687933
724,Easton Lucas,TOR,26058,0.32512315,0.73939394,0.51086957,0.68181818,0.82786885,0.77659574,0.44836957,0.68888889,0.11413043,0.13043478,0.24456522
725,Rony García,DET,20430,0.26713948,0.71803279,0.45604396,0.7079646,0.88127854,0.82228916,0.41895604,0.57303371,0.08104396,0.16346154,0.24450549
726,Thomas Hatch,3 Tms,19264,0.312,0.70552147,0.46731235,0.73076923,0.87826087,0.81865285,0.39467312,0.65217391,0.08474576,0.15496368,0.23970944
727,Brock Burke,2 Tms,17968,0.30067568,0.67420814,0.46034816,0.86516854,0.89261745,0.88235294,0.42746615,0.53076923,0.05415861,0.16827853,0.22243714
728,Carson Fulmer,2 Tms,18311,0.2885906,0.66435506,0.44217687,0.66777409,0.89979123,0.81025641,0.40873016,0.57110092,0.08390023,0.16780045,0.25170068
729,Chad Bell,DET,10297,0.28421053,0.64393939,0.43167702,0.72222222,0.83529412,0.79136691,0.40993789,0.6375,0.09006211,0.16770186,0.25776398
730,Alex Wells,BAL,19845,0.25423729,0.64335664,0.428125,0.77777778,0.88043478,0.84671533,0.446875,0.63095238,0.065625,0.2078125,0.2734375
731,Jackson Tetreault,WSN,20565,0.26696833,0.70138889,0.43835616,0.71186441,0.89108911,0.825,0.39452055,0.60416667,0.07671233,0.14520548,0.22191781
732,A.J. Puk,MIA,19343,0.25128205,0.6124031,0.39506173,0.71428571,0.83544304,0.7890625,0.39814815,0.57142857,0.08333333,0.17283951,0.25617284
733,Cole Sands,MIN,21461,0.32160804,0.74829932,0.50289017,0.59375,0.88181818,0.77586207,0.42485549,0.54216867,0.11271676,0.12138728,0.23410405
734,Taylor Clarke,2 Tms,17611,0.32007952,0.71428571,0.47188264,0.65838509,0.89333333,0.79533679,0.38508557,0.64778325,0.09657702,0.15036675,0.24694377
735,Jackson Stephens,2 Tms,14420,0.28921569,0.7027027,0.48586118,0.66101695,0.88461538,0.81481481,0.47557841,0.5483871,0.08974359,0.14871795,0.23846154
736,Ky Bush,CHW,29823,0.27,0.63779528,0.41284404,0.62962963,0.90123457,0.79259259,0.3883792,0.48275862,0.08536585,0.16768293,0.25304878
737,Mark Leiter Jr.,2 Tms,15551,0.26598837,0.65108514,0.44522145,0.64480874,0.87948718,0.80453752,0.46542347,0.6,0.08702409,0.17482517,0.26184926
738,Karl Kauffmann,COL,27488,0.27631579,0.71428571,0.44032922,0.64285714,0.89230769,0.79439252,0.3744856,0.46875,0.09016393,0.14344262,0.23360656
739,Pedro Payano,TEX,18313,0.32057416,0.57983193,0.41463415,0.67164179,0.85507246,0.76470588,0.36280488,0.54320988,0.09756098,0.15243902,0.25
740,Adam Mazur,2 Tms,31900,0.26910299,0.70488323,0.46039143,0.7037037,0.88554217,0.82591093,0.4389562,0.65319865,0.08007449,0.16666667,0.24674115
741,James Marvel,PIT,19675,0.30143541,0.74590164,0.4652568,0.68253968,0.87912088,0.7987013,0.36858006,0.52380952,0.09365559,0.13595166,0.22960725
742,Deck McGuire,2 Tms,11596,0.28506787,0.64788732,0.42699725,0.58730159,0.82608696,0.72903226,0.39118457,0.61627907,0.11570248,0.184573,0.30027548
743,Packy Naughton,2 Tms,23292,0.35125448,0.68387097,0.47004608,0.71428571,0.83018868,0.7745098,0.35714286,0.62931034,0.10599078,0.14285714,0.24884793
744,Mike Vasil,CHW,30105,0.32231405,0.61111111,0.43005181,0.64102564,0.86363636,0.75903614,0.37305699,0.69230769,0.10362694,0.20207254,0.30569948
745,Brock Stewart,LAD,16727,0.25454545,0.71727749,0.46958637,0.66071429,0.90510949,0.83419689,0.46472019,0.60550459,0.07785888,0.15328467,0.23114355
746,Gregory Soto,DET,19677,0.27004219,0.68181818,0.46827133,0.765625,0.86,0.8317757,0.48140044,0.5877193,0.07877462,0.1619256,0.24070022
747,Chandler Shepherd,BAL,16166,0.25961538,0.7037037,0.48584906,0.59259259,0.86842105,0.7961165,0.50943396,0.67924528,0.0990566,0.16509434,0.26415094
748,Conner Menez,SFG,19199,0.26573427,0.67164179,0.46209386,0.55263158,0.86666667,0.7734375,0.48375451,0.61290323,0.10469314,0.15884477,0.26353791
749,Alan Rangel,PHI,19524,0.28776978,0.68468468,0.464,0.65,0.84210526,0.77586207,0.444,0.63157895,0.104,0.168,0.272
750,Jackson Kowar,KCR,21549,0.24645892,0.69067797,0.42444822,0.59770115,0.85276074,0.764,0.40067912,0.52816901,0.10016978,0.15619694,0.25636672
751,Louis Varland,2 Tms,27691,0.31417625,0.74008811,0.51229508,0.6097561,0.88690476,0.796,0.46516393,0.66535433,0.1045082,0.15983607,0.26434426
752,Lewis Thorpe,MIN,15906,0.30111524,0.640625,0.44251627,0.66666667,0.91056911,0.81372549,0.4164859,0.61788618,0.0824295,0.17787419,0.26030369
753,Kohl Drake,ARI,32070,0.25764192,0.70588235,0.43717277,0.69491525,0.87962963,0.81437126,0.40052356,0.64210526,0.08115183,0.15445026,0.23560209
754,Walker Lockett,2 Tms,13804,0.25958702,0.64312268,0.42927632,0.68181818,0.86127168,0.80076628,0.44243421,0.64117647,0.08552632,0.19243421,0.27796053
755,Seth Frankoff,ARI,11346,0.27586207,0.73469388,0.46090535,0.625,0.95833333,0.83928571,0.40329218,0.51470588,0.07407407,0.12345679,0.19753086
756,Humberto Mejía,2 Tms,20739,0.32681564,0.72014925,0.49520767,0.72649573,0.85492228,0.80645161,0.42811502,0.5974026,0.09584665,0.14376997,0.23961661
757,Ethan Pecko,HOU,33515,0.308,0.66197183,0.43622449,0.7012987,0.89361702,0.80701754,0.3622449,0.50549451,0.08418367,0.1377551,0.22193878
758,Ken Waldichuk,OAK,27681,0.29943503,0.71552555,0.47533632,0.63679245,0.85849057,0.77787307,0.42274766,0.56280587,0.10541311,0.14122914,0.24664225
759,John Lamb,LAA,8493,0.32743363,0.66292135,0.47524752,0.7027027,0.89830508,0.82291667,0.44059406,0.64,0.08415842,0.17326733,0.25742574
760,Erik Swanson,SEA,16587,0.31304348,0.73101266,0.5128593,0.81481481,0.83549784,0.82890855,0.47806354,0.63313609,0.08774584,0.15431165,0.24205749
761,Nick Neidert,MIA,18699,0.27142857,0.69811321,0.45528455,0.82105263,0.83783784,0.83214286,0.43089431,0.60869565,0.07642276,0.15609756,0.23252033
762,Zach Neal,OAK,11294,0.30612245,0.68055556,0.46470588,0.7,0.87755102,0.81012658,0.42352941,0.51162791,0.08823529,0.16470588,0.25294118
763,Trey Gibson,BAL,33794,0.28358209,0.609319,0.41703377,0.64035088,0.9,0.79577465,0.40969163,0.58285714,0.08516887,0.1938326,0.27900147
764,Christian Bergman,SEA,10925,0.27446301,0.69287469,0.48062954,0.71304348,0.90425532,0.8488665,0.49273608,0.61403509,0.07263923,0.1598063,0.23244552
765,Miguel Yajure,PIT,21111,0.32432432,0.6547619,0.44396552,0.6875,0.92727273,0.81553398,0.36206897,0.53731343,0.08189655,0.15948276,0.24137931
766,Colten Brewer,BOS,12997,0.34285714,0.712,0.49666667,0.78333333,0.8988764,0.85234899,0.41666667,0.63380282,0.07333333,0.14333333,0.21666667
767,Brandon Finnegan,CIN,16208,0.25944584,0.70416667,0.42700157,0.69902913,0.84023669,0.78676471,0.37676609,0.52469136,0.09105181,0.15384615,0.24489796
768,Jeff Brigham,MIA,16631,0.22346369,0.73722628,0.44620253,0.75,0.88118812,0.84397163,0.4335443,0.57142857,0.06962025,0.14240506,0.21202532
769,Drew Hutchison,2 Tms,10732,0.3106383,0.69144981,0.46569122,0.71780822,0.89426523,0.82448537,0.40716448,0.58522727,0.08173562,0.15287588,0.2346115
770,Glenn Sparkman,KCR,15200,0.28140294,0.71887967,0.4739726,0.69565217,0.90909091,0.83815029,0.44018265,0.62607204,0.07671233,0.15753425,0.23424658
771,Matt Brash,SEA,25756,0.25531915,0.60897436,0.39641944,0.58333333,0.82105263,0.72903226,0.39897698,0.63157895,0.10741688,0.19693095,0.30434783
772,Jon Duplantier,ARI,19546,0.26415094,0.65502183,0.44534413,0.72857143,0.84666667,0.80909091,0.46356275,0.5511811,0.08502024,0.17004049,0.25506073
773,Hisashi Iwakuma,SEA,13048,0.27862595,0.66985646,0.4522293,0.67123288,0.89285714,0.81690141,0.44373673,0.6171875,0.08280255,0.17834395,0.2611465
774,Ubaldo Jiménez,BAL,3374,0.24960876,0.6374502,0.4202454,0.6645768,0.8859375,0.81230448,0.43996494,0.53217391,0.07877462,0.17724289,0.25601751
775,Stephen Gonsalves,MIN,15492,0.20625,0.66929134,0.41114983,0.75757576,0.89411765,0.8559322,0.44250871,0.47222222,0.05923345,0.16027875,0.2195122
776,Taylor Widener,ARI,19266,0.27649007,0.6803653,0.4462572,0.63473054,0.86577181,0.7827957,0.42034549,0.54578755,0.09692898,0.16602687,0.26295585
777,Reiss Knehr,SDP,21541,0.29918033,0.76433121,0.48129676,0.75342466,0.875,0.82901554,0.3915212,0.56,0.08208955,0.12437811,0.20646766
778,Wes Benjamin,TEX,19243,0.30769231,0.71264368,0.4921466,0.6875,0.88709677,0.81914894,0.45549738,0.67307692,0.08900524,0.16753927,0.2565445
779,Jake Bloss,HOU,33168,0.36111111,0.73404255,0.50840336,0.63461538,0.88405797,0.7768595,0.39495798,0.6,0.11297071,0.13807531,0.25104603
780,Mike Paredes,MIN,30187,0.34673367,0.72297297,0.50720461,0.72463768,0.8411215,0.79545455,0.42651297,0.625,0.10344828,0.12931034,0.23275862
781,Jarlín García,MIA,18282,0.25675676,0.61160714,0.40961538,0.71052632,0.86861314,0.81220657,0.43076923,0.5037037,0.07692308,0.19807692,0.275
782,Carson Palmquist,2 Tms,31612,0.29896907,0.65680473,0.44592953,0.70344828,0.9009009,0.82288828,0.41069259,0.55445545,0.0788835,0.16140777,0.24029126
783,Sam Aldegheri,LAA,26443,0.27476636,0.67507003,0.43497758,0.70068027,0.89211618,0.81958763,0.40022422,0.60944206,0.07847534,0.1603139,0.23878924
784,Andrew Moore,SEA,17553,0.26327945,0.73148148,0.49710983,0.78947368,0.87658228,0.85348837,0.49942197,0.64502165,0.07283237,0.16647399,0.23930636
785,Mason Barnett,ATH,31741,0.28066914,0.67582418,0.44013304,0.62251656,0.89430894,0.79093199,0.40354767,0.56140351,0.09181416,0.15044248,0.24225664
786,Zach Logue,OAK,20231,0.30382294,0.72674419,0.47681332,0.70860927,0.876,0.81296758,0.40903686,0.51627907,0.08917955,0.14863258,0.23781213
787,Victor Mederos,LAA,31533,0.27906977,0.63207547,0.43829787,0.63888889,0.85074627,0.77669903,0.45106383,0.55555556,0.09787234,0.16595745,0.26382979
788,Ljay Newsome,SEA,19942,0.30952381,0.70588235,0.51526718,0.74358974,0.86458333,0.82962963,0.51908397,0.77464789,0.08778626,0.19083969,0.27862595
789,Nick Kingham,PIT,11694,0.32933479,0.67464115,0.46955959,0.6589404,0.87706856,0.7862069,0.40608808,0.6075,0.1003886,0.15803109,0.25841969
790,Ronald Bolaños,2 Tms,20041,0.21359223,0.6962963,0.40469208,0.65909091,0.85106383,0.78985507,0.39589443,0.46067416,0.08504399,0.14662757,0.23167155
791,Logan Allen,2 Tms,18555,0.26666667,0.70804598,0.44200913,0.71590909,0.86038961,0.80785124,0.39726027,0.56842105,0.08493151,0.16164384,0.24657534
792,Lisalverto Bonilla,CIN,11266,0.29326923,0.72857143,0.4683908,0.6557377,0.83333333,0.76687117,0.40229885,0.63541667,0.10857143,0.13142857,0.24
793,Darren McCaughan,2 Tms,20038,0.26637555,0.64220183,0.44966443,0.81967213,0.9,0.87562189,0.48769575,0.64705882,0.05592841,0.20805369,0.2639821
794,Tucker Davidson,3 Tms,19871,0.28854314,0.67311412,0.45098039,0.57843137,0.90517241,0.78442029,0.42238562,0.5304878,0.09722222,0.14869281,0.24591503
795,Bryan Hoeing,MIA,26304,0.28306878,0.66917293,0.44254658,0.69158879,0.91011236,0.82807018,0.41304348,0.62285714,0.07608696,0.18478261,0.26086957
796,Tim Melville,2 Tms,9149,0.34079602,0.7295082,0.4876161,0.67153285,0.86516854,0.78095238,0.37770898,0.65217391,0.10681115,0.1377709,0.24458204
797,Mat Latos,TOR,3815,0.24666667,0.74107143,0.45801527,0.59459459,0.8313253,0.75833333,0.42748092,0.57142857,0.11068702,0.13358779,0.24427481
798,Troy Scribner,2 Tms,15570,0.22596154,0.65882353,0.42063492,0.55319149,0.85714286,0.7672956,0.44973545,0.56043956,0.0978836,0.17724868,0.27513228
799,Luke Farrell,4 Tms,15101,0.2815534,0.64900662,0.43697479,0.70689655,0.93877551,0.8525641,0.42296919,0.50537634,0.06442577,0.17086835,0.23529412
800,Gunnar Hoglund,ATH,31318,0.27906977,0.67073171,0.45521024,0.61904762,0.88484848,0.79518072,0.44972578,0.58273381,0.09306569,0.17518248,0.26824818
801,Héctor Santiago,3 Tms,4026,0.26334842,0.68353068,0.45526057,0.74570447,0.86771654,0.82937365,0.4567355,0.57226563,0.07767945,0.16076696,0.23844641
802,Chase De Jong,4 Tms,15036,0.27647059,0.68413174,0.45586298,0.6212766,0.90371991,0.80780347,0.4400527,0.57828283,0.08761528,0.16600791,0.25362319
803,JR Ritchie,ATL,31760,0.2859745,0.64688427,0.42325056,0.63694268,0.89908257,0.78933333,0.38036117,0.54910714,0.08916479,0.16027088,0.24943567
804,Burch Smith,2 Tms,12784,0.30452675,0.68367347,0.4738041,0.62162162,0.86567164,0.77884615,0.44646925,0.57407407,0.1047836,0.16628702,0.27107062
805,Mason Englert,2 Tms,22288,0.36,0.71428571,0.50239234,0.65555556,0.85,0.76666667,0.40191388,0.71296296,0.11722488,0.1722488,0.28947368
806,Julian Aguiar,CIN,30031,0.29109589,0.74369748,0.49433962,0.74117647,0.88135593,0.83587786,0.4490566,0.58571429,0.08097928,0.14124294,0.22222222
807,Jordan Holloway,MIA,20631,0.19254658,0.63551402,0.36940299,0.41935484,0.85294118,0.71717172,0.39925373,0.50769231,0.10447761,0.17537313,0.27985075
808,Adrián Martinez,OAK,21023,0.30718954,0.70495495,0.47443182,0.64893617,0.84984026,0.7744511,0.42045455,0.58888889,0.10690634,0.16083254,0.26773888
809,McCade Brown,COL,30004,0.27874564,0.65420561,0.43912176,0.6125,0.87142857,0.77727273,0.42714571,0.63492063,0.09760956,0.15936255,0.25697211
810,Daniel Gossett,OAK,16164,0.30341113,0.66705471,0.4617334,0.67455621,0.89528796,0.81339188,0.4353776,0.55426357,0.08611955,0.1621074,0.24822695
811,Jacob Nix,SDP,17775,0.26023392,0.6433121,0.44359756,0.76404494,0.89108911,0.85223368,0.47865854,0.58421053,0.06554878,0.19817073,0.26371951
812,David Holmberg,CHW,7725,0.22295082,0.6123348,0.38909774,0.72058824,0.89208633,0.83574879,0.42669173,0.58646617,0.06390977,0.19360902,0.2575188
813,Shintaro Fujinami,OAK,31839,0.22613065,0.74358974,0.45352113,0.6,0.80172414,0.74534161,0.43943662,0.58510638,0.11516854,0.12640449,0.24157303
814,Dillon Gee,2 Tms,7396,0.23030303,0.688,0.42758621,0.68421053,0.87209302,0.81451613,0.43103448,0.54545455,0.07931034,0.1862069,0.26551724
815,Nate Pearson,2 Tms,20160,0.23966942,0.65671642,0.38829787,0.62068966,0.86363636,0.76712329,0.35638298,0.5106383,0.09042553,0.18351064,0.27393617
816,Hunter Gaddis,CLE,25636,0.27688172,0.70662461,0.47460087,0.7184466,0.88392857,0.83180428,0.46008708,0.63276836,0.07971014,0.16376812,0.24347826
817,Rookie Davis,2 Tms,14962,0.22641509,0.69868996,0.42413163,0.75,0.81875,0.79741379,0.41864717,0.61538462,0.08592322,0.14625229,0.2321755
818,Hector Noesí,MIA,3292,0.30593607,0.80434783,0.49859944,0.58208955,0.89189189,0.7752809,0.38655462,0.66666667,0.11204482,0.11484594,0.22689076
819,Ryan Weber,2 Tms,10160,0.29464286,0.61133603,0.42881647,0.7979798,0.91390728,0.868,0.42367067,0.67088608,0.05660377,0.20068611,0.25728988
820,Manny Banuelos,CHW,5365,0.27906977,0.6770428,0.4378882,0.60185185,0.90804598,0.79078014,0.39906832,0.60843373,0.09161491,0.16925466,0.26086957
821,Carson Whisenhunt,SFG,31676,0.3100159,0.67341772,0.45019531,0.58974359,0.86842105,0.7505423,0.38574219,0.64661654,0.11219512,0.15804878,0.2702439
822,Steven Wright,BOS,8185,0.26941748,0.68307692,0.45183175,0.74774775,0.88288288,0.83783784,0.44097693,0.60930233,0.07327001,0.192673,0.26594301
823,Didier Fuentes,ATL,30661,0.29126214,0.70186335,0.47138965,0.63333333,0.81415929,0.75144509,0.4386921,0.51724138,0.11716621,0.16076294,0.27792916
824,Thomas Eshelman,BAL,18361,0.2866242,0.62387387,0.45027322,0.72592593,0.92779783,0.86165049,0.4852459,0.60483871,0.06229508,0.19344262,0.2557377
825,Jonathan Heasley,KCR,22224,0.27431421,0.71886121,0.45747801,0.74545455,0.88778878,0.83760684,0.41202346,0.56679389,0.0742913,0.14760508,0.22189638
826,Jhony Brito,NYY,25386,0.33333333,0.66843501,0.46976242,0.7431694,0.86904762,0.81609195,0.40712743,0.60775862,0.08629989,0.17259978,0.25889968
827,Bruce Zimmermann,2 Tms,20370,0.32381729,0.6746114,0.4783204,0.67506297,0.87557604,0.79961832,0.44043816,0.62646566,0.09580292,0.16788321,0.26368613
828,Travis Wood,2 Tms,9884,0.27903226,0.70231729,0.48010161,0.79768786,0.91878173,0.88183422,0.47502117,0.62251656,0.05673158,0.15580017,0.21253175
829,Chase Petty,CIN,30170,0.26368159,0.7593985,0.46107784,0.64150943,0.81188119,0.75324675,0.39820359,0.63333333,0.11377246,0.14071856,0.25449102
830,T.J. Zeuch,2 Tms,19269,0.31509847,0.69,0.46367239,0.77083333,0.87922705,0.83475783,0.39630119,0.63020833,0.07661823,0.14663144,0.22324967
831,Spencer Howard,4 Tms,23252,0.27826087,0.69830508,0.46093366,0.734375,0.85113269,0.81130064,0.43488943,0.62759924,0.08697789,0.17542998,0.26240786
832,Justin Dunn,2 Tms,19268,0.26490066,0.64777328,0.42607584,0.675,0.865625,0.797,0.42096293,0.56335616,0.0864934,0.17554325,0.26203664
833,Nick Tepesch,2 Tms,11716,0.31147541,0.63247863,0.43666667,0.75438596,0.93243243,0.85496183,0.39,0.5625,0.06333333,0.16333333,0.22666667
834,Joe Palumbo,TEX,17035,0.23188406,0.77419355,0.45021645,0.625,0.81944444,0.75961538,0.4025974,0.49152542,0.10822511,0.14718615,0.25541126
835,Dylan Dodd,ATL,29928,0.32116788,0.73469388,0.53521127,0.73863636,0.88425926,0.84210526,0.51760563,0.67073171,0.08450704,0.16197183,0.24647887
836,Robert Dugger,3 Tms,19191,0.28856624,0.67714286,0.43951165,0.72955975,0.84810127,0.80050505,0.38845727,0.58130081,0.08768036,0.16537181,0.25305216
837,Nick Nastrini,CHW,29833,0.25592417,0.65145228,0.39969834,0.57407407,0.84076433,0.73207547,0.36349925,0.525,0.10692771,0.14006024,0.24698795
838,J.C. Mejía,CLE,20617,0.28278689,0.71343284,0.45808019,0.68115942,0.91213389,0.82758621,0.40704739,0.55445545,0.07897934,0.16160389,0.24058323
839,Drew Rucinski,OAK,12499,0.27488152,0.60431655,0.40571429,0.63793103,0.96428571,0.83098592,0.39714286,0.6,0.06857143,0.16857143,0.23714286
840,Lyon Richardson,CIN,24581,0.25675676,0.69784173,0.4265928,0.84210526,0.83505155,0.83766234,0.38504155,0.67045455,0.06925208,0.15235457,0.22160665
841,Cory Abbott,2 Tms,20277,0.3247012,0.74193548,0.48399015,0.61349693,0.87391304,0.76590331,0.3817734,0.53465347,0.11316113,0.12546125,0.23862239
842,Matt Swarmer,CHC,19705,0.30716724,0.71523179,0.44594595,0.51111111,0.84259259,0.69191919,0.34009009,0.55140187,0.13738739,0.1463964,0.28378378
843,Bronson Arroyo,CIN,978,0.28428094,0.69518717,0.48317515,0.69411765,0.90512821,0.84107143,0.48403796,0.60248447,0.07679034,0.1691113,0.24590164
844,Connor Seabold,2 Tms,19695,0.27411168,0.74018127,0.48689655,0.68055556,0.86122449,0.80594901,0.45655172,0.62992126,0.09441764,0.15782219,0.25223983
845,David Hess,2 Tms,16130,0.28510379,0.72525732,0.47673216,0.69807281,0.88427948,0.82140275,0.43536711,0.6121372,0.08514305,0.14581179,0.23095484
846,Tom Koehler,2 Tms,6570,0.23538961,0.63465553,0.41004566,0.62068966,0.87171053,0.79064588,0.43744292,0.54063604,0.08584475,0.17534247,0.26118721
847,Caden Dana,LAA,31508,0.2606383,0.67399267,0.43451464,0.57142857,0.84782609,0.75177305,0.42064715,0.57926829,0.10785824,0.16024653,0.26810478
848,Wil Crowe,2 Tms,19800,0.28199863,0.68536854,0.43670886,0.61893204,0.86998395,0.77004831,0.3835443,0.53054101,0.10042194,0.14852321,0.24894515
849,Chris Smith,OAK,4544,0.25889328,0.68092105,0.41728395,0.67175573,0.86956522,0.79289941,0.37530864,0.55288462,0.08641975,0.1617284,0.24814815
850,Ryan Carpenter,DET,12699,0.29549249,0.72616633,0.48992674,0.72316384,0.90223464,0.84299065,0.4514652,0.61333333,0.07692308,0.16117216,0.23809524
851,Ryan Castellani,COL,16377,0.24279835,0.69677419,0.41959799,0.57627119,0.89351852,0.78143713,0.38944724,0.60606061,0.09170854,0.15326633,0.24497487
852,Kohei Arihara,TEX,27505,0.29329173,0.67326733,0.44019139,0.66489362,0.91911765,0.81521739,0.38660287,0.54014599,0.08133971,0.1645933,0.24593301
853,Ross Detwiler,2 Tms,2859,0.28663446,0.67975207,0.45882353,0.75842697,0.89361702,0.84615385,0.43800905,0.57288136,0.07058824,0.16742081,0.23800905
854,Mike Pelfrey,CHW,5203,0.24364592,0.64248021,0.4028436,0.73381295,0.89322382,0.83529412,0.39915745,0.58424508,0.06635071,0.1864139,0.25276461
855,Bradley Blalock,COL,26419,0.27570093,0.73302469,0.47273936,0.69915254,0.90736842,0.83825598,0.43085106,0.58271605,0.07631055,0.14134041,0.21765096
856,Matt Koch,2 Tms,13420,0.29646697,0.66852886,0.46464646,0.77202073,0.91922006,0.86775362,0.4520202,0.60790274,0.06144781,0.16498316,0.22643098
857,Elvin Rodríguez,2 Tms,20962,0.27564103,0.67117117,0.44007491,0.74418605,0.91275168,0.85106383,0.41573034,0.55921053,0.06554307,0.16479401,0.23033708
858,Jered Weaver,SDP,4235,0.28767123,0.6557377,0.45522388,0.71428571,0.875,0.81967213,0.45522388,0.63350785,0.08196721,0.17436662,0.25633383
859,Amir Garrett,CIN,14375,0.25477707,0.68683274,0.45882353,0.6375,0.88082902,0.80952381,0.47226891,0.56535948,0.08739496,0.15630252,0.24369748
860,Adam Oller,2 Tms,20132,0.28621291,0.72993631,0.46659762,0.68292683,0.88481675,0.81132075,0.40652512,0.60159363,0.08799172,0.14130435,0.22929607
861,Chris Tillman,BAL,5279,0.24494557,0.73393461,0.44454671,0.7015873,0.92165899,0.84989648,0.40819144,0.47810219,0.06672803,0.12563277,0.19236079
862,Corbin Martin,2 Tms,19884,0.21779859,0.68092105,0.41039672,0.62365591,0.87922705,0.8,0.41586867,0.53888889,0.08207934,0.16005472,0.24213406
863,Roddery Muñoz,MIA,25311,0.29334917,0.69964029,0.45493562,0.6194332,0.88431877,0.78144654,0.39771102,0.58774373,0.09935668,0.15153681,0.2508935
