rank,Name,Team,playerid,W,L,SV,G,GS,IP,K/9,BB/9,HR/9,BABIP,LOB%,GB%,HR/FB,vFA (pi),ERA,xERA,FIP,xFIP,WAR
1,Zack Wheeler,2 Tms,10310,108.0,64.0,0.0,261.0,261.0,1599.0,9.776735413014027,2.31894933227506,0.9118198830790284,0.28585342098855615,0.7577859,0.447343453,0.112421929,96.1598376312519,3.2195121797605197,3.1721321661352935,3.2076333459218507,3.3921586919548883,41.74446576833725
2,Jacob deGrom,2 Tms,10954,77.0,53.0,0.0,202.0,202.0,1219.0,11.480722064872564,2.0008203727205562,0.9450369288126612,0.27477638640429336,0.79203013,0.422730422,0.119069767,97.32693764277026,2.6726825642983076,2.760120638667089,2.691538872281569,2.8202432178032817,39.22203508019447
3,Chris Sale,2 Tms,10603,84.0,47.0,0.0,191.0,191.0,1131.0,12.143236299536019,2.037135316304863,0.8753315812247457,0.30461777260380285,0.77664504,0.421804511,0.110887096,94.857783660274,2.9045093377002926,2.914277451661619,2.626837918742709,2.8266025000989567,36.22623512148857
4,Gerrit Cole,3 Tms,13125,116.0,59.0,0.0,245.0,245.0,1501.2,11.051720329482338,2.2594894599863564,1.2166481707618844,0.27914197008185154,0.78875587,0.403017241,0.135423615,96.97448886786961,3.19445061584278,3.3212829224328577,3.296407515170523,3.2213827929106214,36.03249669075012
5,Aaron Nola,PHI,16149,104.0,89.0,0.0,284.0,284.0,1701.1,9.860501773749062,2.4333856308608204,1.227272752955892,0.2913710231174182,0.74251568,0.45310784,0.146742567,92.8180397389391,3.851097259275385,3.496913706266601,3.647210350407625,3.4128481147808163,35.58682632446289
6,Max Scherzer,5 Tms,3137,99.0,57.0,0.0,226.0,226.0,1344.1,11.173568327695143,2.2360526192032224,1.191668761132256,0.2748965956092905,0.79222091,0.338719512,0.115135834,94.21655698050752,3.166625415817737,3.0815428343660995,3.289835433170445,3.5045560699455587,35.205090715084225
7,Kevin Gausman,6 Tms,14107,98.0,93.0,0.0,282.0,282.0,1610.1,9.46201617561145,2.509418347814259,1.0954253812284962,0.30726897500573264,0.73193152,0.40768718,0.114821323,94.45923814824444,3.856344454324808,4.148803899054144,3.5330727646394684,3.6855494056414138,33.43640740215778
8,Sonny Gray,6 Tms,12768,103.0,76.0,0.0,263.0,263.0,1461.2,9.519270380233362,2.863169939720901,0.9420752704888126,0.29033098775084704,0.73733895,0.472081218,0.122204472,92.7851148088451,3.5589510218466254,3.7863292811939306,3.4689697350129456,3.522452429176496,31.391487419605255
9,Justin Verlander,4 Tms,8700,93.0,53.0,0.0,204.0,204.0,1232.1,9.910467972548982,2.2420881853887527,1.1319989209617483,0.26595744680851063,0.78847885,0.33807609,0.104306864,94.74683578463369,3.067351914864092,3.290090454632469,3.452542046979733,3.833337864263701,29.396598970517516
10,Logan Webb,SFG,17995,77.0,62.0,0.0,204.0,204.0,1216.1,8.33159775896894,2.130994808688326,0.6437380151245984,0.3116279069767442,0.71126658,0.561478933,0.105710814,92.89292875851943,3.507262289299536,3.8731500860255026,3.066464492819971,3.21256023958947,27.483152210712433
11,Max Fried,2 Tms,13743,97.0,44.0,0.0,203.0,203.0,1167.1,8.69674498255642,2.4286122956607024,0.6938892273316292,0.28991463800189693,0.75442834,0.534520462,0.103448275,94.01837929835865,3.00685331843706,3.3207671613380105,3.157033582911862,3.3746676666671513,27.46939492225647
12,Luis Castillo,3 Tms,15689,87.0,94.0,0.0,266.0,266.0,1525.1,9.387456207623833,2.885270952563202,1.1682692200562659,0.2853579446245947,0.74511755,0.463855421,0.137214137,96.21350893931844,3.7054195464410857,3.7815987273200697,3.8391823605426003,3.6994811177833453,26.611472353339195
13,Dylan Cease,3 Tms,18525,76.0,64.0,0.0,217.0,217.0,1184.1,11.170841734256705,3.860399728573065,1.0030959924638674,0.2921506511791623,0.73458283,0.383780115,0.109908409,96.76000394824338,3.67041942697006,3.5646170492569795,3.5108592303215973,3.7055297932373157,26.548049867153168
14,Blake Snell,4 Tms,13543,79.0,55.0,0.0,211.0,211.0,1107.2,11.326512408824156,3.9488414854293685,0.8612699536121668,0.28167908983915263,0.78135651,0.426824608,0.110878661,95.53647246467698,3.0713211553339534,3.461534738152757,3.250333257273165,3.455112976693928,26.417744159698486
15,Clayton Kershaw,LAD,2036,97.0,36.0,0.0,188.0,188.0,1093.1,9.326524580064843,1.942682966368317,1.0701219729994966,0.2709950599858857,0.7997936,0.47746818,0.137420718,90.9340462335044,2.807012252252526,3.310660956158442,3.3422041919539747,3.278655212172046,25.474667251110077
16,Tarik Skubal,2 Tms,22267,65.0,42.0,0.0,159.0,159.0,907.2,10.450973484152039,1.9335292499142764,1.0014689961094458,0.28141831238779175,0.76145885,0.430929626,0.117990654,96.04150489909516,3.034153592173172,3.2320161517981276,3.017682048680975,3.0695324313531414,24.370355288498104
17,Charlie Morton,5 Tms,4676,101.0,62.0,0.0,248.0,248.0,1358.1,10.263312857014371,3.4056441630118703,1.007116561824522,0.30076067875950846,0.74445552,0.459229898,0.133099824,95.01864796078232,3.8628220759453704,3.9045103016560474,3.756749583978422,3.7090507330270372,23.03999768383801
18,Shane Bieber,2 Tms,19427,71.0,35.0,0.0,152.0,152.0,932.1,10.000715065480765,2.094744371823674,1.0618519857170696,0.2997920997920998,0.77412281,0.461446264,0.134803921,92.7052531452922,3.2627815561124502,3.9411591426387367,3.2415274323787506,3.198550715816801,22.096125543117523
19,Framber Valdez,2 Tms,17295,87.0,61.0,0.0,197.0,197.0,1200.2,8.522765351620865,3.208217740100027,0.7495835841355203,0.28593272171253825,0.7381295,0.610027018,0.145985401,93.753474530446,3.4630761587061034,3.8332253345210177,3.585238865246751,3.410514025689856,22.021826138719916
20,Sandy Alcantara,MIA,18684,65.0,78.0,0.0,202.0,202.0,1278.0,7.556338208608092,2.6901409093087523,0.9507042480541402,0.2737799834574028,0.71834061,0.485353399,0.110837438,97.30735586640287,3.690140933187922,3.898610207064274,3.877233377355719,4.08735733461828,21.43027065694332
21,José Berríos,2 Tms,14168,104.0,75.0,0.0,259.0,259.0,1510.0,8.511258407157117,2.598675536078783,1.227814588147315,0.28695442488545936,0.74483686,0.415195167,0.12684729,93.79763520020148,3.9218543640822006,4.363136165775755,4.107338395672759,4.13912914693429,21.405517756938934
22,Corbin Burnes,3 Tms,19361,55.0,35.0,0.0,152.0,152.0,896.1,10.27184859131567,2.5403496516157036,0.984008955961814,0.27062556663644605,0.76467803,0.468271334,0.128777923,95.13284564491929,3.062476852738299,3.1420509109951222,3.2725580009535142,3.2142754202918584,21.31640985608101
23,Patrick Corbin,4 Tms,9323,81.0,111.0,0.0,280.0,280.0,1557.0,8.306358625712859,2.8323700254692423,1.3121387669010571,0.320704845814978,0.71451221,0.457684928,0.150132275,91.89389478223256,4.658959674547366,4.94409961400578,4.235773794987111,3.963228257855052,20.509418919682503
24,Yu Darvish,4 Tms,13074,69.0,63.0,0.0,197.0,197.0,1132.1,10.038563923063156,2.4957316483308243,1.3193995338309452,0.27584985835694054,0.75188662,0.401489505,0.143226919,94.59545731446649,3.8548721319759545,3.613310685815602,3.8397639211264356,3.666054923908395,20.35725612938404
25,Carlos Rodón,3 Tms,16137,82.0,58.0,0.0,191.0,191.0,1060.0,10.120754880881389,3.311320808342065,1.1207547351311604,0.2655475009538344,0.74824917,0.377386196,0.110552763,94.64036838659611,3.600000058300091,3.5904755362455307,3.7729186353087254,3.9565322305208905,20.255605719983578
26,Eduardo Rodriguez,3 Tms,13164,95.0,59.0,0.0,226.0,226.0,1257.1,8.804347834990965,3.135206790021173,1.1166489937061712,0.30613409415121257,0.74596501,0.408208541,0.11361981,92.65053452626366,3.987009548040624,4.034685258167814,3.9287556685670184,4.133398946527585,20.05807000398636
27,Lance Lynn,6 Tms,2520,81.0,60.0,0.0,212.0,212.0,1207.2,9.24096054940738,3.0703836664160002,1.2818106568532817,0.28781834918686716,0.73342314,0.406424992,0.132307692,93.49692687627592,4.0019321088965825,3.9281653954087306,4.140833297925071,4.149233022738569,19.79986009001732
28,Zack Greinke,3 Tms,1943,70.0,54.0,0.0,192.0,192.0,1122.1,7.585981414088372,1.6920106536708737,1.1707751442461969,0.28380478706869755,0.7458971,0.442775608,0.12931798,89.65258014802153,3.6085535267862237,4.049895246991646,3.7985027037175785,3.8552590933446296,19.362025260925293
29,Nathan Eovaldi,3 Tms,9132,73.0,47.0,0.0,192.0,192.0,1079.0,8.866543346233021,2.1102873627440775,1.2094532316122182,0.28806021211084504,0.75023127,0.47223135,0.141325536,96.18737711351363,3.686747092224831,3.8314984524705418,3.7661488478416225,3.5705325168781243,19.35615462064743
30,Michael Wacha,6 Tms,14078,86.0,63.0,0.0,237.0,237.0,1296.2,7.704370149727671,2.720822611435358,1.145244211446005,0.2846715328467153,0.75635593,0.400524934,0.113324175,93.72373744419643,3.7897172087849627,4.427369484975326,4.093658449753592,4.2667370102332765,19.29035707935691
31,Cristopher Sánchez,PHI,20778,47.0,26.0,0.0,117.0,117.0,695.2,8.965500923962615,1.9664590771173411,0.7762338462305294,0.3086933888599688,0.76390773,0.574055158,0.127388535,,3.0402492310695735,3.402669142721293,3.001626426327129,2.9230354416341955,18.937374697299674
32,Jesús Luzardo,3 Tms,19959,54.0,45.0,0.0,150.0,150.0,842.2,10.28520616956721,2.947784945794964,1.0146361226468172,0.3036133270764899,0.72052402,0.423374261,0.115995115,96.39485013619363,3.8662976462962932,3.651700200188284,3.4315500925000335,3.5196983487938356,18.7610724568367
33,Brandon Woodruff,MIL,16162,53.0,30.0,0.0,136.0,136.0,763.2,10.418158122358697,2.298123115226183,1.0253164667932202,0.26939655172413796,0.77289801,0.406982803,0.116621983,95.70573161265915,3.134875634103409,3.171359238751962,3.2242945263933356,3.392516384017593,18.586326394230127
34,Pablo López,2 Tms,17085,59.0,53.0,0.0,172.0,172.0,965.0,9.270466431183491,2.3409326702485473,1.0725388728230396,0.2974438419829589,0.73489279,0.4560419,0.127212389,94.2735136833362,3.8145078172575935,3.6203116165434768,3.6129169947823665,3.6039345758508707,18.43354070186615
35,Ranger Suarez,2 Tms,17277,50.0,37.0,0.0,147.0,147.0,814.1,8.388457182146496,2.8182563655432893,0.773639002306001,0.30521739130434783,0.75341028,0.495291095,0.0990099,92.47785528815803,3.404011610146404,3.6380762914518936,3.432056552000133,3.6637344645854775,18.361530750989914
36,Luis Severino,3 Tms,15890,66.0,49.0,0.0,175.0,175.0,993.1,9.114765217349229,2.7815436597676073,1.123489947267698,0.28977910894795955,0.72683558,0.444082519,0.12691914,96.97305128657598,3.8597315930325755,3.8768419412542623,3.832251711096035,3.7830515746142575,18.255272686481476
37,Kyle Hendricks,2 Tms,12049,74.0,74.0,0.0,226.0,226.0,1280.1,6.909919319301484,2.1158552544351443,1.209060145391511,0.2869768650896803,0.72336125,0.438068756,0.125,87.21569403732776,4.0981515393212264,4.149788946278993,4.206099450013042,4.280156249533264,18.079293340444565
38,Freddy Peralta,3 Tms,18679,71.0,51.0,0.0,193.0,193.0,1010.2,10.490105844452934,3.37500009766355,1.1754617754395478,0.26525630593978844,0.75082348,0.371529135,0.11712511,93.74658853402612,3.722295622225235,3.4263495307890954,3.8136798088944173,3.898097764770861,18.069107435643673
39,Chris Bassitt,4 Tms,12304,88.0,59.0,0.0,213.0,213.0,1209.2,8.362634299365205,2.8495453173103855,1.0564893865746077,0.2941349837901562,0.76156131,0.435502283,0.112787926,93.08563550058797,3.690272786908489,4.033491752873126,4.010950643931379,4.204426828967188,17.802712440490723
40,Marcus Stroman,4 Tms,13431,66.0,71.0,0.0,205.0,205.0,1129.2,7.393331432760864,2.8920035669096915,0.9082325251451924,0.29936689779921616,0.72279291,0.548406139,0.13302217,92.83670637760257,3.760401332180095,4.280974309865687,3.8960066518754357,3.8663138502928596,17.697386547923088
41,Zac Gallen,2 Tms,19291,69.0,61.0,0.0,196.0,196.0,1108.2,9.10823820744479,2.898075793277888,1.1040288736296715,0.2831407205982325,0.73579449,0.43797054,0.124087591,93.55064948514617,3.82351176087923,4.104351398042314,3.812659747893923,3.8201547622990275,17.585253357887268
42,Logan Gilbert,SEA,22250,59.0,47.0,0.0,177.0,177.0,1017.1,9.563237556180855,2.025884736693262,1.2385321534369287,0.27203647416413373,0.74701412,0.392400438,0.124888492,95.98110035896167,3.618283219683599,3.590997719768848,3.590253103592251,3.5330118792059886,17.500207901000977
43,Corey Kluber,5 Tms,2429,57.0,33.0,0.0,126.0,126.0,741.0,9.485830057181026,1.9190283598394393,1.080971671048798,0.29309462915601026,0.74544451,0.409519087,0.1188251,92.15952696149515,3.4615384971787355,3.5621667829646917,3.368544212090951,3.485737544880087,17.414738732390106
44,Tyler Glasnow,3 Tms,14374,47.0,34.0,0.0,137.0,137.0,743.2,11.509188832530912,3.1344688828869676,1.1376064671481658,0.26954976303317535,0.72843823,0.457368718,0.147566718,96.52173472184927,3.642761134165935,3.320345869456519,3.3452092055099487,3.130471667010691,17.34974254667759
45,Jack Flaherty,4 Tms,17479,66.0,64.0,0.0,203.0,203.0,1070.0,10.295327157860125,3.2971962793146807,1.2280373897447536,0.28694998119593834,0.75199031,0.394234234,0.139446036,93.56624702141926,3.8775701141940506,4.036602026197793,3.9252686138657396,3.782331056307873,17.30428988672793
46,Joe Musgrove,3 Tms,12970,59.0,58.0,0.0,170.0,170.0,955.2,9.0408093405537,2.2696198448681684,1.1489361870286994,0.29579637485537985,0.7396622,0.441132637,0.130202774,93.03098967782414,3.814091440546092,3.7860659057862134,3.803801201740274,3.817071464216361,16.93397083878517
47,Germán Márquez,2 Tms,15038,71.0,73.0,0.0,207.0,207.0,1169.2,8.363921199631452,2.82388139858762,1.3465374516425979,0.3052978150254415,0.69645495,0.463935372,0.158227848,95.3168442829252,4.678255831992569,4.437134987922526,4.283179816508477,3.9349105682042347,16.833099208772182
48,Jose Quintana,8 Tms,11423,69.0,67.0,0.0,216.0,216.0,1155.1,7.821119687070314,3.1159839390718385,1.0516445794367455,0.2939412117576485,0.7195301,0.441288433,0.11402027,91.44594274450232,4.105308839727147,4.539971998479718,4.075986145008218,4.251297437008619,16.73919028043747
49,Shohei Ohtani,2 Tms,19755,47.0,22.0,0.0,114.0,114.0,614.1,11.207270949206135,3.047205695993302,0.879001643074991,0.2704802259887006,0.79731993,0.443686006,0.11299435,96.9052999978537,2.8274552852245542,3.091125550428613,3.1002201934481666,3.213639902766658,16.618321016430855
50,Jon Gray,2 Tms,14916,64.0,58.0,0.0,185.0,185.0,1000.2,8.77814768946251,2.9050632210004004,1.1962025027648708,0.30594594594594593,0.70946531,0.452646239,0.139852786,95.48193828164477,4.407061852291629,4.239750385562132,4.036549220309473,3.919711174341725,16.606043875217438
51,Walker Buehler,4 Tms,19374,64.0,34.0,0.0,177.0,177.0,973.1,8.848972718342987,2.727739761662676,1.1373287819813869,0.27660391855551286,0.75064369,0.452283698,0.131691648,95.68502481276157,3.596917855209427,3.7268363241846716,3.8789432285480876,3.8496176842851275,16.527836620807648
52,Kyle Freeland,COL,16256,69.0,101.0,0.0,256.0,256.0,1385.1,6.769490254515459,2.722088691594988,1.3448027664920346,0.3133843655764324,0.71371107,0.444244604,0.132947976,91.52928447420635,4.742541157194132,4.897136039313158,4.622759897731212,4.5246899619517915,16.41874908655882
53,George Kirby,SEA,25436,54.0,45.0,0.0,142.0,142.0,812.1,8.519901731642813,1.5510874413914093,1.0414444249342318,0.31112072695802684,0.73228161,0.43503772,0.105381165,96.09294554109896,3.7447682513592593,3.733082908808564,3.3897696696400437,3.5792736688657345,16.280012607574463
54,Lucas Giolito,5 Tms,15474,73.0,66.0,0.0,205.0,205.0,1158.0,9.334197167931112,3.4740933672482988,1.391191751090482,0.27675891963988,0.7301027,0.381253958,0.138867339,93.38275138299062,4.259067483785387,4.197789896632167,4.37541498684257,4.2489228258291405,16.121610336005688
55,Trevor Bauer,3 Tms,12703,53.0,37.0,0.0,120.0,120.0,740.2,10.984698394413503,3.0742574046312128,1.1665166436545313,0.2879640044994376,0.77586207,0.405624661,0.134642356,94.31051848884739,3.3537353505067777,3.576204132313634,3.6062699596511205,3.6849842563382404,16.07907885313034
56,Jameson Taillon,4 Tms,11674,79.0,62.0,0.0,223.0,223.0,1215.0,7.859259456663016,2.281481538786248,1.3629629971969792,0.2818965517241379,0.73732349,0.39994472,0.129213483,93.89719051310522,4.051851953623628,4.157826696138423,4.220347230567802,4.1418986430385605,15.95170222967863
57,Nick Pivetta,3 Tms,15454,66.0,72.0,0.0,217.0,217.0,1151.2,9.73719243167069,3.110274950084217,1.4379160573253669,0.2933511526896091,0.73131182,0.38701464,0.140458015,94.33980714447797,4.454413873236191,4.190299621987932,4.189978155035711,3.96587011660486,15.935833968222141
58,Zach Eflin,3 Tms,13774,65.0,62.0,0.0,178.0,178.0,998.0,7.953907648417211,1.8216432482769576,1.3527053823838793,0.3026675786593707,0.71969697,0.441498176,0.138632162,93.89493480989887,4.247494900685381,3.783772227280144,4.064768009383409,3.944680377382296,15.765277903527021
59,Matthew Boyd,3 Tms,15440,61.0,71.0,0.0,191.0,191.0,1045.1,8.618303770614853,2.7206633281861072,1.3517219700165153,0.2899757197363857,0.71641008,0.364639037,0.12076923,92.2152976246252,4.373724590881464,4.072671317565179,4.265608005611859,4.438110289170199,15.562455903738737
60,Carlos Carrasco,4 Tms,6632,65.0,57.0,0.0,177.0,177.0,959.2,9.321987103589333,2.522751037088059,1.3035776734395546,0.3187403993855607,0.72960977,0.445464561,0.151581243,93.54408361634944,4.379645852491166,4.295835267516571,3.938163851803101,3.655807739451662,15.201707538217306
61,Paul Skenes,PIT,33677,31.0,24.0,0.0,87.0,87.0,495.0,10.65454578298074,2.2363637053014185,0.7454545684338061,0.2824620573355818,0.78346965,0.444444444,0.091314031,97.86753603125982,2.6181818988894654,2.816838871467798,2.723283123168431,3.026953132641129,15.026870727539062
62,Jordan Montgomery,4 Tms,16511,46.0,41.0,0.0,161.0,161.0,857.0,8.191365245768715,2.59393232782676,1.071178532138986,0.29914529914529914,0.72560467,0.435177865,0.113712374,92.49803060081294,3.990665119733477,4.124102719370976,3.829586979056627,4.022392028159559,14.964504472911358
63,Merrill Kelly,2 Tms,11156,75.0,67.0,0.0,201.0,201.0,1170.1,7.874679664025972,2.8453432379781347,1.2150384637852576,0.2794746487477092,0.74267782,0.428613569,0.127728375,92.08495965496013,3.929649715153586,4.598090459918987,4.1718174873658596,4.160062847324555,14.825883150100708
64,Kyle Gibson,5 Tms,10123,80.0,72.0,0.0,230.0,230.0,1296.0,7.8055555785307345,3.2013888983119827,1.2083333368899891,0.30491715660074825,0.70760086,0.49122807,0.15357458,92.75761948680626,4.576388902359212,4.711253344560211,4.369126913606472,4.088449538212984,14.82158137857914
65,Miles Mikolas,2 Tms,9803,70.0,75.0,0.0,214.0,214.0,1211.0,6.413707720010493,1.6870355184732118,1.2708505447529481,0.28903743315508024,0.70426924,0.440537745,0.12704309,93.57167400177026,4.340214725939893,4.612750837583457,4.253223585410618,4.223537867135459,14.686656087636948
66,Robbie Ray,5 Tms,11486,86.0,58.0,0.0,230.0,230.0,1266.1,10.70334321338189,3.9657805531654016,1.4143195879568367,0.27848101265822783,0.79281809,0.36743744,0.146647015,93.76860264951483,3.7312451441072323,4.079194135436168,4.230132521378462,3.9698155553612695,14.443649392575026
67,Sean Manaea,4 Tms,15873,72.0,59.0,0.0,204.0,204.0,1116.2,8.519104453359848,2.4985074555738436,1.289552235134887,0.28580666020045264,0.71524288,0.41375,0.130399348,91.5475472146184,4.158805958310011,4.310221410066593,4.130047915834698,4.06417830952909,14.285674333572388
68,Tyler Mahle,5 Tms,16358,46.0,56.0,0.0,168.0,168.0,880.2,9.034065441339077,3.137396029967304,1.2570023181953693,0.2923336141533277,0.74710307,0.411310008,0.130434782,93.23699659190687,4.036714761684316,3.9891816301299605,4.117356324359241,4.087043202499243,13.998672559857368
69,Mike Clevinger,3 Tms,12808,56.0,37.0,0.0,132.0,132.0,741.1,9.178057380788394,3.1079136104256992,1.0683453035838342,0.2774869109947644,0.79096045,0.370576339,0.10589651,94.05128553381302,3.3385790736994814,3.882430699755323,3.8333457141280625,4.180692402188486,13.959460068610497
70,Stephen Strasburg,WSN,10131,44.0,21.0,0.0,91.0,91.0,545.2,10.539400656243469,2.6059863907456466,1.0061086698448383,0.28390461997019373,0.75516987,0.469225199,0.1367713,94.92808839991663,3.364691289317164,3.3454211921112385,3.3085939297202214,3.3380920300515724,13.932532908860594
71,Trevor Rogers,2 Tms,22286,34.0,48.0,0.0,131.0,131.0,685.2,8.84686469371036,3.071463409982529,0.8794361045676471,0.29989495798319327,0.71677886,0.427398665,0.091780821,93.787805280504,3.885269954507814,3.969054398414857,3.5728956193815833,3.9728537364124348,13.82747108861804
72,James Paxton,4 Tms,11828,55.0,26.0,0.0,127.0,127.0,665.0,10.177443521449927,3.04511275575297,1.204511267831175,0.29876252209781967,0.74178935,0.402612152,0.127507163,95.192616347082,3.9112781618338146,3.605766568576373,3.725882511784491,3.808762533733818,13.693672727793455
73,Joe Ryan,MIN,21390,52.0,46.0,0.0,140.0,140.0,775.0,10.056774267800417,2.0438709828324173,1.405161300697287,0.27619532044760936,0.74411435,0.333333333,0.119565217,92.94727971215252,3.7858064795645916,3.4188637353157594,3.7978618224468366,3.7912569842382946,13.560990035533905
74,Brady Singer,2 Tms,25377,56.0,71.0,0.0,187.0,187.0,1006.1,8.299437193267813,2.9960252798973253,1.1805233938699908,0.30998613037447986,0.72299791,0.461178045,0.136082474,91.65054251449945,4.471679522234814,4.624620725461764,4.22641116727054,4.05046491401186,13.413700185716152
75,Drew Rasmussen,TBR,25385,44.0,19.0,0.0,111.0,111.0,561.2,8.124035645092862,1.8908011955048476,0.7851632083028605,0.25298804780876494,0.78118692,0.471391417,0.093333333,95.98628427933673,2.6919881427526646,3.291242450179804,3.173920916294723,3.4751508525614976,13.18290776014328
76,Mitch Keller,PIT,17594,47.0,73.0,0.0,185.0,185.0,987.2,8.383395310094867,3.0799865378392015,1.0752615723817331,0.3172099544339292,0.70034898,0.423481506,0.115799803,94.58355886559393,4.610867420552178,4.553109759272833,4.079034488073585,4.173833250609932,13.138331323862076
77,Yoshinobu Yamamoto,LAD,33825,33.0,19.0,0.0,76.0,76.0,448.2,9.78900467959637,2.467310605717938,0.8224368685726459,0.24521422060164083,0.78634247,0.499555555,0.110512129,95.6030914014987,2.6077266564498527,2.9544253871923614,3.0334002188335694,3.102792155933716,12.423664808273315
78,Hyun Jin Ryu,2 Tms,14444,50.0,32.0,0.0,128.0,128.0,702.2,8.133301295668737,1.985294017052999,1.1783680617346832,0.2896586345381526,0.7822649,0.473349633,0.14511041,90.17432572567236,3.2917455637588433,3.893426361107734,3.7962480665940124,3.7076995272689826,12.223820112645626
79,Seth Lugo,3 Tms,12447,49.0,41.0,0.0,147.0,147.0,818.1,7.973523526900577,2.5405295651228044,1.1877800564210514,0.30174245643858905,0.7288975,0.424229979,0.120805369,92.53476137907609,4.10224038004678,4.500457909127933,4.065496893979446,4.080464876320363,12.125525139272213
80,Alex Cobb,5 Tms,6562,43.0,51.0,0.0,147.0,147.0,807.0,7.42750943411995,2.486988894607731,1.0817844070715243,0.3056822895064289,0.71201862,0.535858178,0.150387596,92.67095653073034,4.092936880363396,4.508644252947721,4.0029473416446315,3.793510638628988,12.104330718517303
81,Julio Urías,LAD,14765,52.0,21.0,0.0,107.0,107.0,580.2,8.772675268609904,2.1854191040176616,1.1624569702221605,0.26377187297472454,0.7755102,0.383838383,0.109329446,93.58351392701098,3.208381237813163,3.3449027798059303,3.740044655101172,4.04471348238897,11.704036764800549
82,Hunter Brown,HOU,25880,41.0,34.0,0.0,111.0,111.0,617.0,10.006483229638278,3.2674230953920906,1.0356564275573144,0.2962962962962963,0.76115873,0.507797878,0.144016227,96.1503965555415,3.5299838798432406,3.503515125372809,3.6490551113019296,3.395738635558805,11.67698085308075
83,Martín Pérez,7 Tms,6902,69.0,71.0,0.0,224.0,224.0,1203.1,6.656509786732245,3.3955679136813925,1.1592797943185371,0.3047722342733189,0.72990354,0.458630716,0.126118795,93.01714053156206,4.367867096013069,4.910151393009017,4.586782836383136,4.619225976586618,11.606170110404491
84,Frankie Montas,5 Tms,14309,45.0,45.0,0.0,134.0,134.0,728.1,9.045309035027831,3.0027460321198944,1.1368421191565032,0.3012948207171315,0.71343355,0.435328185,0.127600554,96.1886923357347,4.077803253496153,4.233054446367761,3.906948396434774,3.9126474449668165,11.60412310808897
85,Noah Syndergaard,5 Tms,11762,36.0,31.0,0.0,108.0,108.0,605.2,8.053935269147804,2.110071601880052,1.0401761417718567,0.3073005093378608,0.70656934,0.45479603,0.116279069,96.6621600387688,4.175564226255596,3.8668473553447704,3.7359059762813183,3.934391472648871,11.559861924499273
86,Tyler Anderson,6 Tms,12880,55.0,65.0,0.0,204.0,204.0,1117.0,7.388540771958433,3.045658028135537,1.36168308665319,0.2794478527607362,0.72566513,0.354055654,0.116071428,90.64388984653024,4.423455707530185,4.271270884146583,4.597397041252269,4.757800663536187,11.490188218653202
87,Adam Wainwright,STL,2233,66.0,52.0,0.0,157.0,157.0,898.0,7.165924458814025,2.86636978352561,1.0723831008295115,0.3028169014084507,0.73295558,0.456083513,0.122006841,89.14236568905221,4.249443315436569,4.70204536662055,4.200777208799287,4.340258591077741,11.397524923086166
88,Kenta Maeda,3 Tms,18498,46.0,40.0,0.0,140.0,140.0,715.1,9.612301615395893,2.6672878828061903,1.3588070346371157,0.28533190578158457,0.70046974,0.385604113,0.14117647,91.56847442739308,4.416122862570626,3.6579155246571875,3.9964827058822827,3.9053168004494494,11.282168924808502
89,MacKenzie Gore,3 Tms,22201,34.0,52.0,0.0,135.0,135.0,698.1,9.756086416258928,3.7245825287963408,1.1212411072847117,0.31737493275954815,0.72919055,0.38557343,0.115537848,95.42221831584114,4.26587133920965,4.450951596338297,3.9673878328086642,4.011049894153343,11.198535859584808
90,Bryan Woo,SEA,30279,40.0,25.0,0.0,100.0,100.0,568.2,8.97362278970877,1.8833529311734454,1.1236811606160892,0.2584717607973422,0.73365231,0.396805111,0.109399075,95.58598665340489,3.4501759579479923,3.221728038491294,3.520832228262703,3.6566099839097226,10.889427185058594
91,Yusei Kikuchi,4 Tms,20633,47.0,64.0,0.0,200.0,200.0,1032.1,9.049402892946759,3.2780110671945875,1.464643242789071,0.3069586718474037,0.73085847,0.432078009,0.155699721,94.76338518014559,4.481110873771324,4.635609177573065,4.457467701572819,4.083252603222515,10.777322217822075
92,Hunter Greene,CIN,22182,27.0,31.0,0.0,96.0,96.0,523.1,11.178344179908912,3.2331210858813466,1.2726114912511683,0.27723577235772356,0.75965825,0.323780015,0.1197411,98.61898542558069,3.8178344737535053,3.49231359950569,3.8176292721424145,3.7987255343079718,10.703056573867798
93,Spencer Strider,ATL,27498,41.0,25.0,0.0,85.0,85.0,467.1,12.228959162907584,3.2353781722338177,1.1554922043692206,0.30718336483931946,0.73265306,0.36061151,0.127388535,96.92152378956914,3.947931698261504,3.3639219874767563,3.339814900689244,3.252598149916228,10.641748778522015
94,Garrett Crochet,2 Tms,27463,27.0,20.0,0.0,70.0,70.0,381.1,11.824300857014434,2.1241259024576826,1.1092657490612343,0.3054626532887402,0.77547592,0.460385438,0.143730886,96.87952913851352,3.2569930504351134,3.028059825913328,2.9210594628863986,2.6282676059995813,10.613359928131104
95,Shane McClanahan,TBR,21483,43.0,23.0,0.0,98.0,98.0,522.2,9.677296106714056,2.669005153986973,0.9987245092338349,0.27518796992481204,0.77545383,0.461538461,0.126361655,96.6362104279351,3.0994898562429363,3.774532131914822,3.3868339421853997,3.341606167242626,10.423717617988586
96,Andrew Heaney,5 Tms,15423,47.0,62.0,0.0,184.0,184.0,959.2,9.472039191058744,2.747829191069517,1.6130601394674298,0.2927875243664717,0.73344914,0.36565507,0.153161175,91.90711127021564,4.510941436533917,4.476593988202172,4.508905366280917,4.132278710319056,10.310364007949829
97,Justin Steele,CHC,17312,30.0,22.0,0.0,91.0,91.0,493.1,9.04864898683035,2.7000001009090564,0.8939189523279985,0.29793510324483774,0.73401163,0.478985507,0.112128146,92.54613799639745,3.338513638286198,3.4889452880256195,3.4732975947938844,3.5790887632896635,10.213213693350554
98,Marco Gonzales,3 Tms,15467,62.0,48.0,0.0,156.0,156.0,882.1,6.609747166054439,2.305251326432567,1.2750283885135878,0.2917131178000743,0.72626263,0.404080171,0.116931711,89.132700107393,4.161692660108351,4.577645260376961,4.412191337376732,4.669751872634208,10.14567768573761
99,Lance McCullers Jr.,HOU,14120,41.0,27.0,0.0,112.0,112.0,600.1,9.924486795846386,3.972793052717964,0.8845086419258863,0.294194390084801,0.71311699,0.550063371,0.138823529,93.55081201042357,4.077734755997306,3.8744131781797346,3.756372019746867,3.6676304182807673,10.12233217060566
100,Bailey Ober,MIN,21224,38.0,36.0,0.0,138.0,138.0,740.2,8.408641152803064,2.053555426045835,1.4824482957253957,0.2751842751842752,0.74089875,0.326941066,0.115311909,91.08230150893226,4.119262067630403,4.002823633386666,4.212399219887719,4.313462053271665,10.025063037872314
101,David Peterson,2 Tms,20302,41.0,38.0,0.0,137.0,137.0,707.1,8.830348933980398,3.855325255037551,0.8906692008337577,0.3172343670564311,0.71336898,0.515181682,0.130841121,92.86434297610909,4.351555238359216,4.687574200908373,3.9176244298281895,3.8359340512296676,10.00457027554512
102,Trevor Williams,5 Tms,16977,50.0,62.0,0.0,178.0,178.0,912.1,7.181585492576496,2.8607964187461317,1.321885241765454,0.30025445292620867,0.72510033,0.412221829,0.125821596,91.02689896040181,4.5082205633344214,4.583512480331405,4.561056749135887,4.657859439302896,9.993393147364259
103,Patrick Sandoval,2 Tms,19447,19.0,52.0,0.0,113.0,113.0,577.0,8.812825481047403,4.039861592196951,0.8734835875020435,0.31475811390079605,0.69906445,0.461538461,0.105461393,93.21863302381182,4.133449119429312,4.335134712546814,3.9198360416124163,4.142565498258417,9.895087867975235
104,Reid Detmers,LAA,27468,22.0,36.0,0.0,106.0,106.0,564.2,9.913813771815098,3.203660077387194,1.1794569439136933,0.30218281036834926,0.70608318,0.369836065,0.11419753,93.95195438598458,4.446871450701628,3.9877822477304226,3.8827118087105497,3.9587377810752735,9.643782034516335
105,Mike Minor,4 Tms,10021,39.0,48.0,0.0,118.0,118.0,677.2,8.220855839448996,2.749139190251926,1.514018684486568,0.2842049656629688,0.72449821,0.371356783,0.134911242,91.81208320983995,4.568617784766486,4.181557982191681,4.575148630151556,4.586075033062631,9.620210498571396
106,Tanner Bibee,CLE,30134,40.0,38.0,0.0,119.0,119.0,680.0,8.36470607005189,2.607352999683896,1.204411791732155,0.2785829307568438,0.75077618,0.384218669,0.111246943,94.56475395817044,3.8117647914160515,3.8408319981532957,4.035319072688693,4.155992282754491,9.50020718574524
107,Rich Hill,8 Tms,4806,51.0,47.0,0.0,156.0,156.0,789.1,9.076013506203074,3.1127533758711547,1.2770270259984224,0.2838678793681187,0.75126553,0.386976744,0.128735632,88.91406200251528,3.9451013481736976,4.223847872656104,4.223476748463737,4.248048784496824,9.496145740151405
108,Cole Ragans,2 Tms,21846,20.0,21.0,0.0,74.0,74.0,395.0,10.982278799195461,3.4860760503670236,0.9341772422552155,0.29417989417989415,0.73182247,0.398357289,0.103535353,95.31357468283265,3.622784915087299,3.3969822778342196,3.3050077300060297,3.49197585677049,9.486357435584068
109,Reynaldo López,2 Tms,16400,33.0,44.0,0.0,130.0,130.0,683.0,8.051244936711697,3.2547585914366435,1.3572475097893697,0.2872727272727273,0.73931952,0.354662698,0.116515837,95.36734015337899,4.190336971971064,4.769335185835896,4.528993239079004,4.823773851756089,9.372918494045734
110,Dylan Bundy,3 Tms,12917,44.0,59.0,0.0,148.0,148.0,794.1,8.384389398251022,2.7079311705162086,1.620226599932292,0.289237668161435,0.69864928,0.365302642,0.141865079,91.1394138385878,4.849349543853294,4.286837527500425,4.666506441106212,4.522796031329052,9.31216949224472
111,Aaron Civale,5 Tms,19479,47.0,50.0,0.0,150.0,150.0,797.2,7.954450658091725,2.5386544653484227,1.3765148656555892,0.2883002207505519,0.73618207,0.382402707,0.127481713,91.72612406280479,4.26493950178535,4.192497383412713,4.357006457554661,4.32180858925501,9.200856083072722
112,Alex Wood,4 Tms,13781,45.0,37.0,0.0,134.0,134.0,691.2,8.705060128939671,2.6154216530894976,1.119036130177596,0.3034697048161574,0.71375372,0.479859013,0.143333333,89.91988550383469,4.202891512178645,4.080780143866764,3.946114939914798,3.7801250091195677,9.119867000728846
113,Michael King,2 Tms,19853,30.0,31.0,0.0,96.0,96.0,507.2,9.183191133509855,3.2974392873220713,1.0105055880503122,0.2804511278195489,0.76923077,0.414170927,0.107142857,94.05916589424434,3.2974392873220713,4.085153016494796,3.827238555533853,3.993329345556509,9.065047912299633
114,Jake Odorizzi,4 Tms,6397,44.0,39.0,0.0,139.0,139.0,687.1,8.55043650899288,3.352085369528602,1.30940834747211,0.2782793414763675,0.72010512,0.319301848,0.110497237,91.97315932765152,4.203200795385474,4.504670504908359,4.367131112828855,4.766391073333745,9.003296434879303
115,Taijuan Walker,5 Tms,11836,55.0,51.0,0.0,172.0,172.0,905.1,7.475699615922835,3.2805596718810315,1.3122238687524126,0.2826503255457679,0.73015572,0.444403534,0.13253012,93.69213785425737,4.274668663360131,4.656226035614471,4.623022629104404,4.543181390058935,8.977572921663523
116,Masahiro Tanaka,NYY,15764,39.0,29.0,0.0,98.0,98.0,561.1,8.722090340313859,1.9720902791518466,1.5552256672986107,0.29301423027166884,0.72946686,0.476923076,0.179629629,91.86360275205762,4.280878898646692,4.175301207941272,4.241037232859034,3.7555932529140383,8.966965675354004
117,Dallas Keuchel,7 Tms,9434,52.0,45.0,0.0,141.0,141.0,785.1,6.543718025997233,3.059847132996955,1.0314091459540298,0.29901558654634947,0.7166157,0.56657337,0.156794425,89.47658380750794,4.274617904898368,4.520916580387431,4.307306388154794,4.082124548005351,8.748655550181866
118,Wade Miley,5 Tms,8779,50.0,40.0,0.0,148.0,148.0,753.0,6.98007950446952,3.597609470625558,1.087649374840285,0.28825622775800713,0.74898785,0.496069868,0.136227544,90.87399198850567,3.9442230076625715,4.539519977045059,4.509657922843363,4.5060071106199295,8.675117656588554
119,Kyle Bradish,BAL,24586,26.0,29.0,0.0,96.0,96.0,512.2,9.146294273820445,3.2477244542356667,0.9830949699307964,0.2961595273264402,0.74795082,0.464668094,0.119148936,,3.6690508699202935,4.014771508876888,3.758405412900008,3.755728143899555,8.626110136508942
120,Danny Duffy,KCR,3542,32.0,35.0,0.0,98.0,98.0,548.0,8.326642161877997,3.301094821572934,1.1989050844518616,0.2970873786407767,0.73828607,0.35982478,0.107352941,93.06442286074986,4.187956116920886,4.724776543945253,4.256971273887503,4.765647294610715,8.406002938747406
121,Chris Archer,3 Tms,6345,22.0,37.0,0.0,114.0,114.0,589.0,10.039049040937524,3.3463496803125077,1.3140916552825372,0.3087378640776699,0.71512655,0.416149068,0.146757679,94.67117047487672,4.431239302696928,4.430786085619491,4.0366432837734045,3.8665687062429424,8.375708758831024
122,Andrew Abbott,CIN,29911,34.0,34.0,0.0,107.0,107.0,579.2,7.980448673688307,3.338125417982463,1.3352501671929853,0.2773365913255956,0.78520137,0.338252656,0.106435643,92.6737603770093,3.7573318658221213,4.096946368286784,4.452678426806653,4.678346389056627,8.250201106071472
123,Antonio Senzatela,COL,15488,41.0,58.0,0.0,145.0,145.0,759.0,5.691699840744298,2.8577076283736997,1.1857708001550622,0.3278622898318655,0.68281102,0.495900039,0.139275766,94.3329826765856,5.288537768691577,5.323917732468322,4.696376699263705,4.614933013995851,8.191742986440659
124,Dean Kremer,2 Tms,19350,45.0,43.0,0.0,139.0,139.0,741.1,7.854766544080147,2.986510927115481,1.335431715376841,0.2831984769157544,0.71498771,0.385597082,0.120481927,93.57665805661729,4.346223219135537,4.542767567982181,4.412029137843261,4.426268435166051,8.145080089569092
125,Cal Quantrill,6 Tms,19312,49.0,49.0,0.0,164.0,164.0,852.0,6.654929836321114,2.735915599376458,1.235915541031064,0.2870478413068845,0.7252062,0.415037593,0.117706237,94.13261139602506,4.352112845340157,4.6956920210998305,4.533408385350463,4.628575160309445,8.125269815325737
126,Adrian Houser,5 Tms,12718,36.0,49.0,0.0,141.0,141.0,710.1,7.006569999154662,3.446269511338279,0.9629282458151073,0.3003748828491096,0.6890921,0.496106275,0.117829457,94.30553190787597,4.409197757153386,4.521183702041729,4.301809822711,4.395522017522859,8.07950521633029
127,Nick Martinez,4 Tms,12730,37.0,32.0,0.0,109.0,109.0,606.0,6.371287409458298,2.1089109840164997,1.2920792648551793,0.27332601536772777,0.74252652,0.389417989,0.115384615,92.72368588115795,4.024752652594869,4.2939005790512,4.375735350870834,4.458707483835873,7.945627600885928
128,J.A. Happ,4 Tms,7410,51.0,35.0,0.0,125.0,125.0,681.0,8.365639000825112,2.748898755405408,1.546255549915542,0.287061288632792,0.74257426,0.404690618,0.146984924,92.07895747409053,4.400881180528851,4.3341961018729265,4.54657225093042,4.416368226556434,7.932729814201593
129,Rick Porcello,2 Tms,2717,43.0,43.0,0.0,110.0,110.0,628.0,8.140127190750823,2.2356687354879017,1.4474521941299878,0.31280128548473485,0.67708333,0.401127049,0.133597883,91.67908397338181,4.872611346576196,4.709461009854874,4.347694300682075,4.4533754531098815,7.883683562278748
130,Steven Matz,4 Tms,13361,46.0,54.0,0.0,155.0,155.0,776.1,8.486045902278871,2.8518678851920796,1.4607128192447236,0.30685920577617326,0.72278537,0.441074523,0.158690176,88.5926025390625,4.625590594274958,4.4004934194825704,4.476679434826004,4.138827270207866,7.845105975866318
131,Michael Soroka,5 Tms,18383,29.0,25.0,0.0,89.0,89.0,477.2,7.856943422938135,2.675505913806272,0.9986043199417775,0.2803877703206562,0.73474002,0.455935906,0.119638826,93.24264418128887,3.8248429612864308,4.352198313703268,3.969921146562337,4.081130004922827,7.830136358737946
132,Ross Stripling,4 Tms,13273,29.0,36.0,0.0,115.0,115.0,554.0,7.976534625574709,1.8032491719731012,1.4133574591140523,0.29539800995024873,0.72782546,0.421996413,0.144039735,91.62286820511918,4.110108473055807,4.093265548764667,4.082870463217961,3.8583920903564466,7.772120736539364
133,Jon Lester,3 Tms,4930,54.0,33.0,0.0,135.0,135.0,736.1,7.663648603949301,3.031235811450441,1.368945205171167,0.3080110497237569,0.73219884,0.430673205,0.146023468,90.78223796376852,4.253508316067554,4.854061571039846,4.546951092801761,4.451718655529578,7.7503507155925035
134,Jacob Misiorowski,MIL,31623,20.0,8.0,0.0,43.0,43.0,233.0,12.785408143969626,2.7038627494799816,0.8497854355508513,0.25477707006369427,0.77122153,0.415132924,0.113402061,100.09310682326623,2.549356306652554,2.3820376661235416,2.547865020156065,2.585473109473603,7.68004047870636
135,Brandon Pfaadt,ARI,27782,34.0,31.0,0.0,101.0,101.0,555.1,7.924970496085337,1.9933974867453916,1.280312206934032,0.305115712545676,0.6759831,0.407840842,0.122102009,93.62163470298835,4.764706187830448,4.269305049666637,4.033996445196888,3.986067092968743,7.580478668212891
136,Casey Mize,2 Tms,20492,29.0,34.0,0.0,112.0,112.0,564.0,7.500000177545755,2.4734043138714723,1.2606383277151374,0.28934624697336564,0.73030109,0.417492711,0.119515885,94.45237347977103,4.117021374057031,4.393055317602975,4.244316890735796,4.291963688220957,7.564070850610733
137,Cam Schlittler,NYY,32095,18.0,9.0,0.0,47.0,47.0,266.2,10.901250415849702,2.70000010299683,0.810000030899049,0.25996810207336524,0.82651391,0.412772585,0.097959183,97.95446319951338,2.2275000849723847,3.1789055002494973,2.8770752251548157,3.1011972129186423,7.549635529518127
138,Nestor Cortes,4 Tms,17874,29.0,24.0,0.0,94.0,94.0,502.0,8.892430570823388,2.438247091999961,1.4163347078529187,0.26978146194423513,0.77829196,0.302725968,0.113018597,91.56226002918228,3.7470120752058227,3.5563539431724416,4.1193779293079515,4.255904648859902,7.522406987845898
139,Gavin Williams,CLE,30122,32.0,28.0,0.0,94.0,94.0,506.2,10.249342311042833,3.712500074537178,1.154605286339314,0.2753623188405797,0.77449168,0.426153846,0.132382892,96.64068772301516,3.570394808526186,4.07253452723057,3.8671938961592742,3.6970313802436103,7.501351833343506
140,Brad Keller,3 Tms,15734,37.0,53.0,0.0,117.0,117.0,647.0,6.746522629903676,3.950541086376585,0.8902627800285262,0.2993336750384418,0.71708554,0.509745127,0.111888111,94.01261203557719,4.326120696701119,4.90830934259465,4.395501964200639,4.650679740068724,7.470644257962704
141,Chris Paddack,5 Tms,20099,31.0,43.0,0.0,119.0,119.0,603.0,8.029850720869446,2.044776112935156,1.4776119356246749,0.2939169982944855,0.6821066,0.395616438,0.135245901,94.02113708566873,4.776119387877737,4.4889894760213505,4.2773140412569495,4.1975605983058575,7.467033697292209
142,Tanner Houck,BOS,19879,19.0,29.0,0.0,80.0,80.0,420.2,8.386688152058216,2.9310619306938155,0.8557845053120628,0.2960135708227311,0.68577075,0.527663088,0.124223602,94.44763398466276,4.129160238130703,4.259698404602268,3.791084649659244,3.7811154235025124,7.313362956047058
143,Zach Davies,4 Tms,13183,46.0,49.0,0.0,166.0,166.0,851.0,6.620446414782614,3.2996474143964467,1.1950646084192258,0.2901353965183752,0.71291314,0.443600455,0.128555176,89.3457118942077,4.462984643831091,5.16839693227879,4.615110121486502,4.702304127088921,7.2966111190617085
144,Gio Gonzalez,3 Tms,7448,27.0,23.0,0.0,85.0,85.0,470.1,8.189935905464376,3.903614310081151,0.9567682132551841,0.2849503437738732,0.77385159,0.452972159,0.114942528,90.21358189957866,3.5974484818394923,4.305302448118092,4.090231177826102,4.345032529921063,7.2888147085905075
145,Anthony DeSclafani,3 Tms,13050,34.0,38.0,0.0,117.0,117.0,607.0,8.258649223658347,2.4168039918425683,1.4827018354862382,0.28779918272037364,0.72283465,0.426165075,0.154320987,94.30658592281485,4.329489359619815,4.338657397791063,4.398027374095053,4.155569355955603,7.27044188324362
146,José Soriano,2 Tms,22100,28.0,25.0,0.0,82.0,82.0,450.1,8.25388603366845,3.857142868033925,0.6994818672600381,0.2895377128953771,0.70430108,0.594098883,0.12635379,97.75962846734551,3.8371576718264953,4.158661678542407,3.7353977809474586,3.6591411069132294,7.217761754989624
147,Cristian Javier,HOU,17606,35.0,26.0,0.0,102.0,102.0,517.2,9.405666359614244,3.633612327466501,1.3039278687080744,0.25038520801232667,0.75143403,0.265051395,0.101078167,93.0987782915321,3.929169311040331,3.7528096049296025,4.2884730360572085,4.716569934241604,7.2017662432044744
148,Madison Bumgarner,2 Tms,5524,34.0,57.0,0.0,141.0,141.0,811.2,7.639835986278736,2.4616017256224665,1.4082135997930325,0.28389290267743306,0.72494911,0.371674171,0.126368159,90.94133414264962,4.313347167869997,4.852367736102559,4.492842498606183,4.625124887220874,7.191828012466431
149,Taj Bradley,2 Tms,22543,31.0,33.0,0.0,104.0,104.0,561.2,9.838575912666514,3.4931751611747557,1.3780415773441697,0.2832529290144728,0.70886911,0.395806028,0.138933764,96.59187843726697,4.486646996004273,4.1071706333406475,4.184581036305689,3.8967577474775514,6.887293606996536
150,Jakob Junis,5 Tms,13619,29.0,40.0,0.0,117.0,117.0,624.1,8.058195547937213,2.292044887517025,1.470368418407148,0.29844961240310075,0.72042395,0.420358649,0.146341463,91.54653549194336,4.526428268429848,4.729416744209102,4.466282924857552,4.293925399922541,6.784822374582291
151,John Means,BAL,16269,21.0,26.0,0.0,73.0,73.0,390.0,7.315384686938405,1.7538461710010056,1.6153846311851368,0.23813868613138686,0.78018576,0.32322357,0.123674911,92.42543301719103,3.64615388181788,3.938535617956927,4.59283000477096,4.9338471540183955,6.711497366428375
152,David Price,2 Tms,3184,28.0,17.0,0.0,74.0,74.0,390.2,9.261092391319208,2.649317475128629,1.19795224962338,0.2923809523809524,0.74188931,0.421004566,0.126829268,92.7339193918448,3.847269724752009,4.097812393924177,3.869382111347194,3.998766962004172,6.630472898483276
153,Dustin May,4 Tms,19716,23.0,28.0,0.0,87.0,87.0,437.1,8.334603828169156,3.128048844152375,1.028963435576439,0.2823920265780731,0.70693069,0.449193548,0.117370892,96.87619337258171,4.198170817151872,4.382042779429856,4.048643127267586,4.120595908884175,6.608358412981033
154,Shane Baz,2 Tms,22264,23.0,32.0,0.0,85.0,85.0,465.2,8.639227351243152,3.2083036695891796,1.1209735713022435,0.28963893249607536,0.72207597,0.415975885,0.113502935,96.28252963362068,4.193987327113566,3.9490984381591394,4.022224950606913,4.076313023117269,6.606128938496113
155,Spencer Turnbull,3 Tms,16207,14.0,30.0,0.0,68.0,68.0,338.2,8.477361981919303,3.534448726003973,0.7706692710835731,0.30105263157894735,0.68442811,0.496380558,0.096666666,93.77378567544923,4.358267601989862,4.643779901225698,3.8551544114043512,4.379081303591988,6.546645682305098
156,Cole Hamels,3 Tms,4972,27.0,26.0,0.0,84.0,84.0,483.2,8.150241613375284,3.256375073837157,1.1909028841461604,0.2849663425579656,0.74550582,0.463715529,0.141906873,92.0708751743564,3.944865803734156,4.66242025869166,4.399467396470166,4.352944750677544,6.497068017721176
157,Nick Lodolo,CIN,26378,27.0,28.0,0.0,95.0,95.0,512.1,9.415745401721631,2.7931035799883195,1.3702017562206852,0.3010355029585799,0.77290705,0.435552407,0.15,94.09457295036393,4.251138782120587,4.192286073010402,4.376908986681547,3.9461970625196585,6.454912293702364
158,Tanner Roark,4 Tms,8753,34.0,39.0,0.0,103.0,103.0,571.1,8.018086258498915,2.9457409240457704,1.4177362736049164,0.30722525804493017,0.72383721,0.41214244,0.143769968,92.0059280429705,4.64702445237167,4.747010474171596,4.588450100184966,4.528706190673883,6.4242364056408405
159,Brayan Bello,BOS,23920,40.0,41.0,0.0,107.0,107.0,582.0,7.654639426117973,3.3092784589681745,1.0824742622793093,0.30974477958236657,0.72303595,0.519349411,0.13592233,95.67992492115826,4.407216639280045,4.543732807635763,4.296237070551305,4.10982649037255,6.381639748811722
160,Mike Leake,3 Tms,10130,32.0,34.0,0.0,94.0,94.0,568.2,5.950762122862161,1.5509965107459889,1.329425580639419,0.3030803080308031,0.70737039,0.496292372,0.151351351,88.8122312067386,4.194021177017215,5.120439148696901,4.424855201945177,4.282946780316358,6.0987880527973175
161,Luke Weaver,5 Tms,16918,24.0,38.0,0.0,98.0,98.0,484.1,8.863730568231139,2.843083389809988,1.4865795502274446,0.31850789096126253,0.69844021,0.394230769,0.144404332,93.81306687999586,5.091534959528998,4.622312026058946,4.393350457592682,4.251950666383323,6.0231951382011175
162,Tony Gonsolin,LAD,19388,34.0,12.0,0.0,78.0,78.0,389.1,8.43750011022777,3.1900685348258415,1.1558219329079136,0.2286282306163022,0.7768595,0.389261744,0.111358574,93.41668203779513,3.2825342894584746,4.0632034389781495,4.14892302578119,4.392988282773658,6.008002281188965
163,Luis Garcia,HOU,23735,29.0,17.0,0.0,65.0,65.0,346.1,9.329162947543239,2.832531368474131,1.195380210548716,0.27181208053691275,0.75900768,0.371244635,0.116751269,93.60620656266588,3.612127157962424,3.741967761013534,3.7910302549563335,3.9003311901880036,5.97496385872364
164,Kris Bubic,KCR,21455,20.0,36.0,0.0,89.0,89.0,464.1,8.373295551123423,3.798995203750442,1.1241924582526819,0.31100846805234794,0.73088582,0.446919079,0.129753914,91.7341641840138,4.283560918514529,4.802807169964938,4.281753712154566,4.209103227572497,5.875938803888857
165,Aníbal Sánchez,3 Tms,3284,29.0,32.0,0.0,96.0,96.0,506.1,7.8209350219519385,2.9861751901998312,1.3864384811642072,0.2808219178082192,0.74407918,0.397350993,0.131756756,90.44562568832599,4.2659645574283305,4.131428824443576,4.546816322107304,4.6405078230507035,5.8594576716423035
166,Andre Pallante,STL,26108,29.0,33.0,0.0,89.0,89.0,485.1,6.397665053068009,3.1524726348451053,0.834478050400175,0.29062710721510454,0.69179229,0.588778877,0.127840909,94.80368906763213,4.209478165351994,3.9468746448264076,4.0477451580533526,3.9434058789239357,5.838805556297302
167,Shota Imanaga,CHC,33829,35.0,21.0,0.0,85.0,85.0,491.1,8.462686917585765,1.6668928777062872,1.6852103818569057,0.2501912777352716,0.81336053,0.347262247,0.138345864,91.49628778739711,3.4436907803162855,3.711774344559884,4.308346448811427,3.932575542133443,5.816827297210693
168,Parker Messick,CLE,31986,15.0,10.0,0.0,38.0,38.0,223.0,9.242152782565157,2.1793722718712596,0.8475336612832677,0.2857142857142857,0.82261029,0.451666666,0.096774193,93.94988623903508,2.5829597296251965,3.0768123587002765,3.0526285085486577,3.301487551955712,5.8077422976493835
169,Ryan Yarbrough,4 Tms,16502,17.0,25.0,0.0,77.0,77.0,407.0,6.921376245736548,1.7469288287961255,1.2162162732124926,0.2878168438266558,0.66287016,0.388756927,0.115062761,87.55696858528802,4.621621838207472,4.160785620620893,4.2031552692623375,4.490346761801304,5.786612413823605
170,Dinelson Lamet,2 Tms,17186,14.0,20.0,0.0,60.0,60.0,300.2,11.55432308981022,3.681817979395485,1.2871396188130557,0.28917378917378916,0.72130141,0.372789115,0.142857142,95.72266438403356,4.13082017200469,3.837892373640894,3.873616488630481,3.85917320057203,5.657562285661697
171,Michael Lorenzen,7 Tms,14843,36.0,44.0,0.0,123.0,123.0,649.1,7.09650950428628,3.354209570385312,1.289014421677,0.29109947643979056,0.71646729,0.434455047,0.126702997,94.37184804893401,4.587782511560075,4.69840656770542,4.6778988507387105,4.571079887398753,5.6193896140903234
172,Eric Lauer,4 Tms,19316,48.0,44.0,0.0,145.0,145.0,738.0,8.18292685041693,3.207317081459989,1.5365853698249377,0.29121140142517815,0.74711289,0.340347666,0.133192389,91.98901738598187,4.365853669820061,4.550969409598877,4.720960020924615,4.6292947073533846,5.5848532766103745
173,Dane Dunning,2 Tms,19409,25.0,31.0,0.0,102.0,102.0,520.2,8.383482878260944,3.4225352781353955,1.158130624419553,0.3023415977961432,0.74120212,0.494687915,0.144396551,91.3054720007855,4.269526331815367,4.552857080204535,4.3130606630712,4.084003560032441,5.571040630340576
174,Chase Burns,CIN,35333,15.0,6.0,0.0,37.0,37.0,188.2,11.544170000331393,3.2915195455490336,1.0017668182105754,0.30357142857142855,0.75910931,0.36637931,0.106060606,97.84077517263246,3.2915195455490336,3.2310660036009344,3.0968210403648726,3.2378576170985194,5.553750157356262
175,Bryce Miller,SEA,29837,27.0,30.0,0.0,94.0,94.0,509.2,8.334859676343708,2.489862742297591,1.3243950756902079,0.26404084609773887,0.73155738,0.365411436,0.12,95.2915355820996,4.008502429089029,4.245619482032423,4.147669306234732,4.140738000032821,5.551865018904209
176,Alek Manoah,TOR,26410,29.0,20.0,0.0,75.0,75.0,420.0,8.828571829503915,3.3857144394699477,1.0285714752820094,0.25703905540417804,0.76642336,0.377192982,0.101694915,93.54650185563683,3.3428572946665307,3.900153745126808,4.1271979168689406,4.427795246741807,5.526230823248625
177,Jeffrey Springs,3 Tms,17677,27.0,31.0,0.0,96.0,96.0,480.0,8.137500388026256,2.8500001358985965,1.5187500724196468,0.2717795979151154,0.74051655,0.351773049,0.13022508,91.19919671252765,4.125000196695337,4.072130725711672,4.527809626763999,4.301698583928978,5.500619783997536
178,Michael Pineda,3 Tms,5372,31.0,24.0,0.0,80.0,80.0,422.0,7.84834112580908,1.7914691700216379,1.5568720168045187,0.29707792207792205,0.74280409,0.409937888,0.149284253,92.10892385251135,4.180094730050488,4.638180988125562,4.350386076238461,4.203800591149609,5.490987151861191
179,Austin Gomber,2 Tms,16561,34.0,46.0,0.0,124.0,124.0,637.1,6.891213464740279,2.711297100881421,1.553347297379981,0.3035897435897436,0.6998672,0.402366863,0.138539042,91.06155243982019,5.1119247422868455,5.034228891642044,4.853540589191425,4.59879248898943,5.4855779111385345
180,Mike Foltynewicz,2 Tms,10811,33.0,42.0,0.0,105.0,105.0,585.1,8.302961215878273,3.090546674799135,1.4760819939339154,0.27530864197530863,0.73631215,0.391097922,0.145015105,95.54389406476031,4.351366711284355,4.424058179710926,4.628306062095216,4.515121465244024,5.479548871517181
181,Iván Nova,3 Tms,1994,32.0,36.0,0.0,98.0,98.0,554.0,5.978339350180505,2.063176895306859,1.4458483754512634,0.3026166097838453,0.72272303,0.462007764,0.156414762,93.07290761567637,4.5,5.26546588604986,4.73459358395165,4.510262467963893,5.399964675307274
182,Jake Arrieta,3 Tms,4153,41.0,47.0,0.0,118.0,118.0,619.2,7.639591256435524,3.2388381182226653,1.3797740862383552,0.30458817025981205,0.69491525,0.484350132,0.170863309,92.39988415366724,4.61861220446102,4.689222730909731,4.700162645011988,4.315499001800802,5.338049754500389
183,Carlos Martinez,STL,11682,22.0,29.0,0.0,71.0,71.0,407.2,8.587898944810247,3.6647589327467895,1.0155356078695923,0.2906057945566286,0.69012977,0.506448839,0.131428571,95.47432984518349,4.415372208128662,4.069178571182245,4.163304948575691,4.201960169997693,5.33512070775032
184,Clarke Schmidt,NYY,19899,18.0,21.0,0.0,67.0,67.0,342.1,8.780915637865384,2.970788823589187,1.104186996378282,0.29543039319872477,0.73329985,0.413934426,0.107692307,94.20627369600184,3.917234820484857,3.8332119897298833,4.042938423041631,4.261760391561419,5.297632098197937
185,Eury Pérez,MIA,27768,19.0,23.0,0.0,67.0,67.0,335.2,9.974181037127954,3.4856009000715966,1.2601787869489618,0.2624544349939247,0.72764465,0.328306264,0.111374407,97.88473086063915,3.9145979339265624,3.7733338999449484,4.049548471334058,4.191875984935105,5.286157846450806
186,Braxton Garrett,MIA,21844,16.0,20.0,0.0,65.0,65.0,324.2,8.92607843951835,2.4671459040904753,1.0811088793205454,0.3179317931793179,0.73446328,0.484008528,0.140287769,90.9333939735292,4.102669593318993,4.613864214012773,3.844433218006375,3.6544294287636063,5.280369367450476
187,Griffin Canning,3 Tms,19867,30.0,43.0,0.0,121.0,121.0,617.1,8.514039157481484,3.5134990358784894,1.487041085724506,0.29318448883666276,0.72102052,0.411633109,0.144886363,93.89471637315987,4.78185760899645,4.539752851768135,4.7174142242492945,4.483920363901821,5.209723278880119
188,Brett Anderson,4 Tms,8223,29.0,31.0,0.0,95.0,95.0,454.2,5.245601510438989,2.395161444389123,1.0293255794068958,0.29838709677419356,0.70118662,0.549834983,0.142857142,91.15216769884579,4.394428435160209,5.258841334906315,4.384742857525849,4.384391900711879,5.185599789023399
189,Reese Olson,DET,24968,13.0,19.0,0.0,53.0,53.0,272.2,8.614914746829259,2.9376529213325826,0.8581907410634511,0.28263795423956933,0.71332887,0.462745098,0.102362204,94.54707190905995,3.696821653811789,4.161524892946819,3.6027846926337297,3.823967756136782,5.160812258720398
190,Tyler Skaggs,LAA,10190,17.0,23.0,0.0,55.0,55.0,290.0,8.782759313866922,2.9793105799689914,1.1172414674883717,0.315527950310559,0.72289157,0.41566265,0.122866894,91.78605793739804,4.251724473497415,4.388012086919359,3.9639870290430053,4.151209409854474,5.143511474132538
191,Zack Godley,3 Tms,14862,24.0,30.0,0.0,74.0,74.0,397.1,9.105704158886882,3.9412749344435754,1.0192952416664418,0.3156934306569343,0.68190476,0.495949594,0.138888888,89.3584300074084,4.892617159998921,4.843316561599827,4.102850869503205,4.0735220467874,5.1296462416648865
192,Spencer Schwellenbach,ATL,31846,15.0,11.0,0.0,38.0,38.0,234.1,9.025604747823326,1.5746799772798146,1.036984375281829,0.2696629213483146,0.73229874,0.44117647,0.124423963,96.60219954077061,3.2261736119879125,3.4889132718852833,3.2711653730109167,3.185138633187061,5.1107707023620605
193,Johnny Cueto,4 Tms,6893,30.0,38.0,0.0,107.0,107.0,603.0,7.164179047825095,2.671641769918108,1.3432835714672053,0.2962962962962963,0.74,0.404255319,0.131771595,91.55556377377718,4.313432801711359,4.8962522252406036,4.544476591229175,4.510381344307611,4.99554992467165
194,Cole Irvin,3 Tms,19244,28.0,37.0,0.0,93.0,93.0,519.0,6.468208211340348,2.080924893728798,1.2138728546751323,0.2919254658385093,0.71088435,0.379289584,0.106707317,91.09509695711158,4.23121395058189,5.010281506291324,4.320289500145688,4.611653678364313,4.930698543787003
195,Michael Fulmer,2 Tms,13218,14.0,28.0,0.0,64.0,64.0,339.1,6.710215757991961,2.7583495605974857,1.113948861010523,0.2896281800391389,0.66465257,0.464183381,0.128440366,95.60688242481552,4.614930995615024,4.698901208632403,4.323619474088261,4.394611442719138,4.8630174323916435
196,Tylor Megill,NYM,21318,26.0,26.0,0.0,81.0,81.0,401.2,9.612448467514016,3.585062365506393,1.2771784677116524,0.3109475620975161,0.71688207,0.423758865,0.136363636,95.30055742667122,4.436514677314161,4.532142640947561,4.2373454757867535,4.07986353654974,4.858353614807129
197,Bryce Elder,ATL,27779,32.0,32.0,0.0,104.0,104.0,581.1,7.291858053359917,3.1427753393462066,1.223050501518967,0.28713450292397663,0.72139303,0.477891156,0.139575971,92.00524205309755,4.42775244853702,4.467990691211489,4.463656932481541,4.211435459880885,4.857935547828674
198,Davis Martin,CHW,21448,18.0,28.0,0.0,71.0,71.0,368.1,7.281448215172132,3.0542987479748875,1.0506787693033612,0.299722479185939,0.71459982,0.428315412,0.104878048,93.97600696734828,4.300452637148641,4.791121061122487,4.226068460328747,4.3981837263702,4.835817098617554
199,Jimmy Nelson,2 Tms,10547,12.0,8.0,0.0,33.0,33.0,189.0,10.238094721491642,2.8571427129744116,0.8571428138923234,0.34274193548387094,0.72594502,0.489151873,0.126760563,94.14173266938519,3.8571426625154555,3.619260272435183,3.2354020963772085,3.348083575812631,4.8239743039011955
200,Jeff Samardzija,SFG,3254,21.0,34.0,0.0,78.0,78.0,450.1,7.614359980780533,2.2183568447943283,1.4189489727963722,0.27321981424148606,0.69751993,0.371279761,0.129798903,92.82195054540094,4.4367136895886565,4.450478144491188,4.385417862361736,4.5945362087347315,4.721357025206089
201,Domingo Germán,2 Tms,17149,29.0,27.0,0.0,91.0,91.0,477.1,9.087988633140082,2.696228992819568,1.7346368345412604,0.2644497228820269,0.7111882,0.395848776,0.164874551,93.24538485846871,4.600558561174648,4.168665500685994,4.707692352001917,4.233476020401014,4.712081402540207
202,Ryne Nelson,ARI,26253,26.0,23.0,0.0,93.0,93.0,505.2,6.959130159063,2.4383652986998237,1.3526698007385882,0.2799732083054253,0.70553286,0.371081253,0.113095238,95.24955182420116,4.431773426104059,4.56368414494796,4.472226920776819,4.589692245203714,4.709178738296032
203,Noah Cameron,KCR,30184,18.0,15.0,0.0,53.0,53.0,303.2,7.735455802488888,2.785949599363814,1.0965971827283099,0.26235294117647057,0.76079948,0.40091638,0.109144542,92.4643851214575,3.5861691651385263,4.075859877683284,3.9858297496338624,4.101350445744998,4.708907842636108
204,Braxton Ashcraft,PIT,23793,15.0,8.0,0.0,36.0,36.0,198.2,9.422819093500019,2.038590669266831,1.0419463420697137,0.28957528957528955,0.74819401,0.468401486,0.12849162,97.23105623935868,3.3976511154447184,3.371297284465436,3.31295795153001,3.1707906662209147,4.696257472038269
205,Nolan McLean,NYM,33703,17.0,11.0,0.0,39.0,39.0,227.2,9.922401614652513,3.3997073261359207,0.8301610912657481,0.2732142857142857,0.76332795,0.485217391,0.112903225,96.01317317311357,2.9253295596983504,3.599863940865124,3.454676936160494,3.4916292718736583,4.673203706741333
206,Erick Fedde,4 Tms,17425,38.0,56.0,0.0,158.0,158.0,795.0,7.030188965979072,3.5094341054001807,1.4490566628749133,0.2916842549598987,0.72620519,0.443177189,0.148148148,93.61760589366651,4.845283216487991,5.119254197383132,4.931335702925106,4.5818875064963684,4.6218589739874005
207,Vince Velasquez,4 Tms,11189,26.0,43.0,0.0,113.0,113.0,521.1,9.443094824930728,3.6598466231907025,1.6227621819807831,0.302158273381295,0.70901508,0.358373535,0.154859967,93.99199901335385,5.161764812896321,4.707811485693062,4.810030916215273,4.512842524809498,4.60946461558342
208,Kodai Senga,NYM,31838,20.0,20.0,0.0,60.0,60.0,316.2,10.174737260882958,4.4621054468118,1.1084210982526126,0.2765685019206146,0.76547231,0.429629629,0.123809523,95.5830070362182,3.6663159403740266,4.072553563979083,4.12618842025175,4.1052643879541035,4.538111940026283
209,José Urquidy,2 Tms,18413,27.0,17.0,0.0,71.0,71.0,382.2,7.337979179418634,2.163763091367033,1.4111498421958912,0.2625341841385597,0.76422764,0.356893542,0.119521912,93.23841227634384,3.9747387221850934,4.317958223266935,4.391775953985538,4.518079029375372,4.496790874749422
210,Jhoulys Chacín,4 Tms,2608,31.0,30.0,0.0,92.0,92.0,479.1,7.754520604032967,3.548678920489663,1.1828929734965543,0.271513353115727,0.72883173,0.441219158,0.13125,90.75959471527015,4.205841683543304,4.498579411756422,4.526949899433449,4.600598501521441,4.4912223116261885
211,Joey Lucchesi,2 Tms,19320,22.0,25.0,0.0,77.0,77.0,387.1,8.829603953266885,3.136832983397446,1.2779689932359966,0.2904761904761905,0.75,0.450743494,0.142857142,90.53360852693257,4.089500778355188,4.318085598675394,4.202718916542046,4.153210605939328,4.449906434863806
212,Cade Cavalli,WSN,27473,16.0,7.0,0.0,43.0,43.0,222.2,9.943114354464377,2.627245662764978,1.010479101063453,0.3157894736842105,0.74242424,0.511513157,0.134408602,96.81186195181198,3.5164672717008165,3.7794200822359714,3.539570246265321,3.34502685087353,4.44302411749959
213,Andrew Cashner,3 Tms,8782,25.0,33.0,0.0,79.0,79.0,446.1,5.484689801582277,3.52875262969448,1.1695294429844563,0.28612099644128114,0.71077571,0.461061337,0.117886178,93.6630450298017,4.4563104637856,5.280750767011448,4.928888294723221,5.211105746902431,4.431797504425049
214,Chase Anderson,6 Tms,6895,33.0,31.0,0.0,123.0,123.0,596.1,7.681945310885202,3.2750140126956557,1.524315277798439,0.26597687157638467,0.75622502,0.36703682,0.137602179,92.95534259369457,4.3616546067697906,4.472825090659618,4.9569348646247064,4.934512772094154,4.421820521354675
215,Ryan Feltner,COL,21446,14.0,35.0,0.0,89.0,89.0,444.0,7.4189193013639345,3.587838022790755,1.3175676354881305,0.3048048048048048,0.64921466,0.430835734,0.123339658,94.60130629457112,5.45270298378934,4.681388227339639,4.702760896222529,4.608144540635607,4.354572921991348
216,CC Sabathia,NYY,404,28.0,20.0,0.0,78.0,78.0,408.0,8.051470889352196,3.088235409614541,1.4779412317441016,0.2874354561101549,0.77220077,0.451612903,0.163414634,90.91205647786458,4.0147060324989035,3.989636398109804,4.688083732719825,4.3552796896258235,4.348915666341782
217,Kutter Crawford,BOS,20531,16.0,29.0,0.0,69.0,69.0,354.2,8.85620335678673,2.664473789291137,1.497180510173115,0.27531645569620256,0.68638393,0.329659318,0.121649484,93.26670013684438,4.6945490573224795,3.9259160869222547,4.402082663885846,4.360452545217452,4.301619075238705
218,Jared Jones,PIT,27863,11.0,14.0,0.0,42.0,42.0,219.1,10.258358900501724,2.872340492140483,1.2310030680602069,0.28051001821493626,0.72146119,0.373913043,0.12,97.73754273186682,4.021276688996676,3.6587840242515757,3.686223003262104,3.6293913727050624,4.264825820922852
219,Will Warren,NYY,30182,19.0,17.0,0.0,67.0,67.0,333.1,9.369000303789148,3.4020001103096043,1.2690000411472333,0.3173076923076923,0.68247822,0.425334706,0.133522727,93.41286047429986,4.617000149705892,4.470092217907702,4.085092619783,3.8619246257440376,4.2143983989953995
220,Grayson Rodriguez,2 Tms,24492,25.0,16.0,0.0,63.0,63.0,337.1,9.177865958604547,3.2282609912533435,1.2539526164372492,0.3181818181818182,0.70941004,0.427835051,0.134670487,96.61433710456942,4.668972508011034,4.404804312581179,4.1498682500663095,3.9497171974401626,4.149112120270729
221,Triston McKenzie,CLE,18000,21.0,28.0,0.0,80.0,80.0,425.2,9.429914233854777,3.530932011331273,1.5223179929092916,0.2375,0.76163968,0.331822302,0.132596685,92.28711393956115,4.017228036843964,4.248393576512407,4.4994073915503945,4.332937436351501,4.135453179478645
222,Ryan Pepiot,2 Tms,26221,23.0,21.0,0.0,67.0,67.0,347.0,9.233429699332037,3.4236312368309805,1.3227666142301515,0.25028968713789107,0.76320371,0.359030837,0.122891566,94.89215788583033,3.682997239621206,3.7898402695858033,4.2980224929599995,4.217675083914045,4.127389147877693
223,Zach Plesac,2 Tms,19979,27.0,28.0,0.0,86.0,86.0,477.2,6.858339308389233,2.4494068958532975,1.431960954498851,0.27240649258997884,0.71371611,0.413676371,0.132867132,92.87914209351504,4.314724455003117,4.972580782317521,4.632379872885335,4.642983105318054,4.094526574015617
224,Sean Newcomb,5 Tms,16943,16.0,24.0,0.0,71.0,71.0,335.0,8.946269217015516,4.6477614851161695,0.9402985663529821,0.31094257854821233,0.73202614,0.43283582,0.106060606,93.4134086713399,4.298507731899347,4.2573825759039945,4.196852519223723,4.526419423549271,4.0856079906225204
225,Brad Peacock,2 Tms,5401,15.0,9.0,0.0,38.0,38.0,196.1,10.039048563457492,3.2546687123537987,1.0543293011850334,0.2891566265060241,0.75304022,0.411992263,0.112745098,92.61292812818692,3.80475356514599,3.6210476510066596,3.6801221862119,4.106760542181008,4.0244245529174805
226,Landen Roupp,SFG,30076,17.0,23.0,0.0,55.0,55.0,280.1,8.31510116444588,4.0772889879715315,0.7384066671129546,0.2952261306532663,0.70953437,0.475716064,0.086142322,92.82730580525227,3.916765799468715,3.9637198020057087,3.7784039444872253,4.161028394391133,4.02189102768898
227,Paul Blackburn,3 Tms,14739,22.0,30.0,0.0,88.0,88.0,436.2,6.987023158904378,2.8442749142442603,1.154198515925207,0.31334332833583206,0.70756424,0.472081218,0.127853881,91.66620867893035,4.7610688781914785,4.51424670042685,4.364330593698664,4.310125039878553,3.924989828839898
228,Payton Tolle,BOS,35466,9.0,7.0,0.0,29.0,29.0,159.0,10.358491249464766,2.6037737566960613,1.0754717690701123,0.2904040404040404,0.77164366,0.363636363,0.098445595,96.1847180931969,3.339622861849296,2.8519480432099424,3.3301041833518554,3.6099395554377063,3.9107521772384644
229,Ian Anderson,ATL,19951,22.0,13.0,0.0,52.0,52.0,272.1,8.658506772374029,3.998776028462815,0.9583843374001788,0.2826666666666667,0.74062692,0.49017038,0.125541125,94.26120291143077,3.9657282926903954,4.015513102728399,3.9861630358083677,4.00423879465505,3.7804527282714844
230,Jason Vargas,3 Tms,8044,32.0,29.0,0.0,81.0,81.0,420.1,7.301347959699083,3.2331482167582446,1.391752543637655,0.2872253864930838,0.73076923,0.394944707,0.125968992,85.14015546275192,4.560666027612624,4.624542775463196,4.757886666876571,4.990656503858119,3.7760904282331467
231,Edward Cabrera,2 Tms,21690,29.0,33.0,0.0,102.0,102.0,499.0,9.595190747522524,4.328657480085349,1.3166333168592936,0.2795869737887212,0.73011078,0.470364741,0.164414414,96.3965378135059,4.346693552919038,4.444449946332414,4.566308972073248,4.043476558442565,3.7718720212578773
232,Zack Littell,5 Tms,15823,26.0,30.0,0.0,93.0,93.0,489.1,6.878746826379004,1.894414232933255,1.6369210362238806,0.27588555858310626,0.76157595,0.375,0.135877862,92.43857524643315,4.175068260930572,4.746740650629584,4.747454615328287,4.44992165180302,3.7543522641062737
233,Janson Junk,3 Tms,23301,12.0,16.0,0.0,47.0,47.0,233.2,6.278174233535907,1.9258203170355543,1.1169757838806216,0.3008130081300813,0.66318927,0.420982735,0.097972972,93.65367501068664,4.544935948203908,4.384960064465508,4.081786661265429,4.423117378551331,3.7016074173152447
234,Homer Bailey,4 Tms,8362,21.0,32.0,0.0,71.0,71.0,368.2,7.274863974663237,3.1980106734257854,1.367088532151481,0.3193350831146107,0.67744576,0.436967632,0.148541114,93.26384671806768,5.443941833388933,5.241828359656714,4.730263943593037,4.628187568791718,3.688099417835474
235,Mike Fiers,3 Tms,7754,41.0,26.0,0.0,104.0,104.0,574.0,7.055748882741087,2.681184575441613,1.6463414059729202,0.2742616033755274,0.78606159,0.401149425,0.149786019,89.82190958304287,4.186411003759711,4.929651536117164,5.05657551147768,4.903451140882977,3.6371254958212376
236,Matthew Liberatore,STL,22294,19.0,35.0,0.0,84.0,84.0,408.0,7.852941543585718,3.1102942630493997,1.3235294736380425,0.3212221304706854,0.68714012,0.377494014,0.121703853,94.03179263796385,5.007353175263927,5.1951686528368315,4.448019801647098,4.392055133799069,3.634999026544392
237,Jordan Zimmermann,DET,4505,16.0,34.0,0.0,79.0,79.0,407.1,6.628477863689629,2.1211129163806812,1.6792143921347062,0.3210445468509985,0.65784196,0.362233651,0.140480591,91.562353515625,5.744680815197679,5.460414516238855,4.944420044791455,4.893195833206669,3.5884671062231064
238,Daniel Norris,2 Tms,13475,8.0,27.0,0.0,59.0,59.0,279.1,8.02267259848816,3.189737298194088,1.3210023154137132,0.3195121951219512,0.71868009,0.398115429,0.128930817,91.69589630087677,4.8651548689626996,5.260151667771187,4.512027933571329,4.712636957336405,3.555198399350047
239,Emmet Sheehan,LAD,29839,14.0,11.0,0.0,45.0,45.0,220.0,10.350000538392528,2.863636512598723,1.5136364423736108,0.27389705882352944,0.71561338,0.347150259,0.137037037,94.94164545294944,4.459091141046583,3.5605578792189587,4.135483716475629,3.858170074273387,3.542619287967682
240,Joey Cantillo,CLE,23335,15.0,16.0,0.0,51.0,51.0,248.0,9.762096774193548,4.354838709677419,1.0161290322580645,0.30864197530864196,0.73295092,0.44077961,0.112903225,92.00517066003617,3.8830645161290325,3.992639368367429,3.9268618845170544,3.9767099421170933,3.4928218722343445
241,Clay Holmes,3 Tms,13649,19.0,18.0,0.0,52.0,52.0,273.0,7.021978120097878,3.890109944467369,0.7252747354091705,0.27386934673366836,0.73056692,0.56419753,0.10576923,93.92103436118678,3.7252747773289214,4.3001164341252665,4.07090394227761,4.1955149403361265,3.3955913707613945
242,Mitchell Parker,WSN,27636,15.0,26.0,0.0,59.0,59.0,309.1,6.808189767117168,2.909482806460328,1.251077606777941,0.29637305699481864,0.63500534,0.373493975,0.1075,92.79903356040397,5.091594911305574,5.175107738088798,4.472634818019514,4.641178072993592,3.3370927572250366
243,Chris Flexen,5 Tms,13896,29.0,45.0,0.0,111.0,111.0,578.2,6.423387273209086,3.266129121970722,1.3997696237017379,0.3074792243767313,0.71908602,0.375066595,0.116279069,92.16457253013164,4.992511657869532,5.044611913135589,4.928584100802513,5.066805899771969,3.3275496689602733
244,Graham Ashcraft,CIN,27552,17.0,20.0,0.0,60.0,60.0,328.0,6.557927286887328,2.9908538672415013,1.2347561837235557,0.3046033300685602,0.70422535,0.502360717,0.146579804,97.29268505586592,4.9115857085892545,4.644795683018899,4.731190871099565,4.413836368763442,3.3122237026691437
245,Joe Ross,3 Tms,12972,16.0,21.0,0.0,55.0,55.0,286.1,8.203725298364061,3.080325974098383,1.3830034985747843,0.3025516403402187,0.73227885,0.412735849,0.139682539,94.07737857831194,4.337601881893642,4.675756972246247,4.499466091195874,4.415212491494419,3.2984894141554832
246,Colin Rea,2 Tms,12317,32.0,26.0,0.0,97.0,97.0,511.1,7.4100393806208125,2.6577575925742107,1.5488918420300035,0.28061911170928666,0.7322778,0.402697495,0.141935483,93.51196057832232,4.611473438771147,4.816847600768911,4.774997574230074,4.420990541061989,3.2829464823007584
247,Ryan Weathers,3 Tms,23796,15.0,28.0,0.0,80.0,80.0,387.1,8.132530487580206,2.997418379708133,1.4638554877644372,0.3004566210045662,0.72698977,0.452797202,0.154411764,95.32237755719184,4.554217073044915,4.579701412854878,4.58800660834319,4.145576771486401,3.275828868150711
248,Trevor Cahill,6 Tms,6249,13.0,18.0,0.0,59.0,59.0,287.0,8.498257726765573,3.5435539598690395,1.2857142686250498,0.29411764705882354,0.67520373,0.503649635,0.166666666,91.78335970151026,4.954703766896533,4.489595042163989,4.448301654161189,4.138514376201073,3.2521675378084183
249,Jordan Lyles,6 Tms,7593,43.0,62.0,0.0,143.0,143.0,778.1,7.38886521707188,2.832976491678577,1.7691649111298866,0.29460400348128807,0.69055154,0.385856079,0.151785714,92.52929786522765,5.353747410804821,4.9468052668868365,5.134731930162039,4.794224501742507,3.2218976222211495
250,Logan Henderson,MIL,31475,14.0,3.0,0.0,23.0,23.0,123.2,10.40700862128824,1.9649596697537235,1.2371968291041961,0.22695035460992907,0.89201878,0.291525423,0.113333333,92.99216142936596,2.328841090078487,2.9154305582421873,3.2566833567470046,3.307068329081586,3.2006121277809143
251,Jake Irvin,WSN,21504,24.0,43.0,0.0,110.0,110.0,585.1,7.334282715062125,3.228929497197162,1.583713039101465,0.27964601769911507,0.70020902,0.423852183,0.148629148,93.59643193746304,5.01252864802988,4.985221455774679,5.03574417326124,4.5838818909032835,3.1982370913028717
252,Sean Burke,CHW,29878,13.0,16.0,0.0,51.0,51.0,257.0,9.17509727626459,3.922178988326848,1.2957198443579767,0.28966521106259097,0.75679172,0.355742296,0.117088607,94.62523837352362,3.992217898832685,4.593941982686448,4.407401860084979,4.4085194951829285,3.1800428330898285
253,Chad Patrick,MIL,30113,5.0,9.0,0.0,29.0,29.0,144.0,8.875000235107215,3.312500087751285,0.8125000215239001,0.3096446700507614,0.78250863,0.314214463,0.072222222,94.2541944159836,3.3750000894069694,3.9595756103546114,3.5160841127961024,4.2604753463595415,3.105123281478882
254,Chad Kuhl,4 Tms,14975,24.0,38.0,0.0,103.0,103.0,512.2,7.917425414125176,4.230819345463786,1.369310825502802,0.3017182130584192,0.70835803,0.39706862,0.139534883,94.294970754184,4.968140559196064,5.348996645209889,4.935480512340651,4.771287197010246,3.1035843901336193
255,Jason Hammel,KCR,4538,10.0,24.0,0.0,50.0,50.0,282.2,6.718160256472889,2.515330143418759,1.2735848827436755,0.3251072961373391,0.65873016,0.377338877,0.10178117,92.1378507901925,5.603773484072173,5.626945206368263,4.471150410819918,5.038510432345725,3.0921635031700134
256,Garrett Richards,4 Tms,9784,13.0,17.0,0.0,59.0,59.0,272.1,8.46022035773951,3.7343941422834557,1.2888616951243785,0.305591677503251,0.71092832,0.471321695,0.154761904,94.94523525512344,4.428396593504274,4.979653700937895,4.485052185864728,4.261201156249624,3.0439044572412968
257,Ben Brown,CHC,23590,8.0,9.0,0.0,31.0,31.0,157.0,9.458598955934342,2.7515924235445355,1.0891720009863788,0.2966507177033493,0.7176196,0.408352668,0.109826589,96.21111188616071,4.299363161788337,4.260621616244465,3.6543327827449477,3.762604585499637,2.979142427444458
258,JT Brubaker,2 Tms,17578,9.0,28.0,0.0,63.0,63.0,315.2,9.180570517601666,3.107708653473856,1.4540655167629968,0.3138357705286839,0.69401445,0.441460794,0.163461538,93.18113752451453,5.074973764388499,4.6115998111799845,4.432111064327102,3.962015884796509,2.9618618860840797
259,Michael McGreevy,STL,29869,16.0,13.0,0.0,49.0,49.0,274.0,5.912408759124087,2.2007299270072993,1.1167883211678833,0.2806603773584906,0.72105619,0.458810068,0.115646258,92.27946979846226,4.007299270072993,5.033288380212139,4.189909718506527,4.207110908817853,2.952762544155121
260,Keider Montero,DET,22630,17.0,16.0,0.0,53.0,53.0,281.0,6.213523469077736,2.5302492477172227,1.217081916623474,0.2611311672683514,0.74621733,0.388888888,0.104683195,94.41273758850303,3.8754450503010625,4.3997082672623264,4.45253919296598,4.651613585970487,2.933985114097595
261,Trevor Richards,3 Tms,19309,8.0,23.0,0.0,61.0,61.0,284.0,9.06338028169014,3.676056338028169,1.2992957746478873,0.2981770833333333,0.75605434,0.348101265,0.123123123,91.03618599164604,4.309859154929577,4.254042904115986,4.381537520870266,4.638719178689526,2.9080395698547363
262,Bailey Falter,3 Tms,20070,22.0,28.0,0.0,85.0,85.0,409.2,6.414971725654634,2.746135156530237,1.471928443900207,0.28687856560717195,0.70647419,0.363565285,0.126415094,91.79088319140492,4.74532155048425,4.972755956140402,4.827168928223839,4.688833126999394,2.9017677726224065
263,Peter Lambert,2 Tms,17969,13.0,25.0,0.0,63.0,63.0,314.0,7.452229684136945,3.26751609227543,1.3757962493791285,0.3069620253164557,0.68814056,0.406727828,0.128342245,93.26801706461477,5.445860153792383,4.586320469220823,4.810451730061469,4.792646301568279,2.8925169929862022
264,Brent Suter,4 Tms,13942,10.0,11.0,0.0,48.0,48.0,199.1,7.224080348203912,2.212374606637448,1.21906355875941,0.28401360544217685,0.73263559,0.417085427,0.135678391,86.42193973039535,3.928093689335877,4.061952008657101,4.128420302729312,4.055980510852851,2.8573528602719307
265,JP Sears,3 Tms,23429,32.0,45.0,0.0,108.0,108.0,569.2,7.472791364452762,2.6225863985183056,1.6588648906290486,0.28119293974437004,0.74679487,0.332753623,0.12455516,92.7316915572673,4.597425554029078,4.558101278635674,4.98707350624619,4.9003767691604025,2.8428657706826925
266,Mike Montgomery,2 Tms,4869,12.0,17.0,0.0,47.0,47.0,233.0,6.875536930954368,2.7038628380157625,1.081545135206305,0.3069306930693069,0.72808834,0.522884882,0.142131979,91.36890564405213,4.171674092938606,4.857298502239372,4.290463369238798,4.237390370572677,2.8372331336140633
267,Bubba Chandler,PIT,29868,10.0,9.0,0.0,33.0,33.0,165.1,8.3286290963129,4.1915322903012635,0.816532264344402,0.28633405639913234,0.66824645,0.407249466,0.079787234,98.36453877081809,4.463709711749398,4.061103737179448,3.970464026815105,4.5093143005401615,2.8361675143241882
268,Drew Smyly,5 Tms,11760,27.0,29.0,0.0,94.0,94.0,455.0,8.683516883928428,3.145055090078861,1.819780303693429,0.2972549019607843,0.74002325,0.374537379,0.16197183,91.83995003588367,4.826373848926051,4.705813515950257,5.034436505557438,4.547688061920458,2.8312520757317543
269,Marco Estrada,2 Tms,1118,17.0,25.0,0.0,66.0,66.0,353.1,7.386792160413081,3.285848926528577,1.7066037060264703,0.28393881453154873,0.70408666,0.268181818,0.113367174,89.29613114497053,5.374528089128138,4.33379668282658,5.140852402881331,5.590580626781593,2.813635975122452
270,Luis Gil,NYY,21052,21.0,11.0,0.0,51.0,51.0,261.1,9.091837177074062,4.890306360395897,1.1364796471342578,0.23867069486404835,0.7838559,0.352601156,0.102167182,96.15310866694944,3.6849491588898657,4.189164300364345,4.554420782096817,4.82569069677101,2.796332076191902
271,Dakota Hudson,2 Tms,19206,34.0,31.0,0.0,97.0,97.0,508.2,5.856487578428214,4.2110091953653015,0.9731323770802168,0.28543563068920674,0.72076023,0.545857052,0.134146341,92.15169296042217,4.334862406993693,5.191579760090452,4.860379565129077,4.812371473043646,2.793190891854465
272,Kyle Harrison,3 Tms,27758,19.0,14.0,0.0,61.0,61.0,298.2,9.582589734488245,2.983259068284076,1.4765625691507045,0.30759651307596514,0.74839837,0.375296912,0.141618497,93.79331917703809,4.279018057538776,4.402508351598995,4.31544885073259,3.9600061420097643,2.7843251302838326
273,Matt Manning,DET,20369,11.0,15.0,0.0,50.0,50.0,254.0,6.307086803619108,3.0118111140877764,1.0629921579133328,0.2700636942675159,0.67346939,0.404438964,0.090634441,93.59525097449789,4.429133991305553,4.9413962865423615,4.425558384711369,5.009915553746685,2.7632226943969727
274,Julio Teheran,5 Tms,6797,33.0,42.0,0.0,118.0,118.0,635.1,7.692025268302787,3.810598153173941,1.473242408662044,0.2594070695553022,0.73775056,0.391566265,0.139784946,90.51033236022072,4.448058810768094,4.813406644670087,5.043917595413728,5.015461579996635,2.7352699749171734
275,J.T. Ginn,OAK,27889,14.0,16.0,0.0,46.0,46.0,236.2,8.442253747920017,3.3845071331751417,1.3309859512486513,0.28858024691358025,0.74910394,0.483013293,0.154867256,93.6015636387156,4.259155043995684,4.242887910023556,4.506897782548188,4.0339930790167635,2.7142273783683777
276,José Ureña,8 Tms,11589,34.0,59.0,0.0,137.0,137.0,710.0,6.10985932727202,3.435211364503563,1.3183098963408508,0.2826984855438274,0.70815451,0.478068232,0.141882673,95.4917145147859,4.740845204148829,5.131650868092153,5.0276579366644025,4.880010053184984,2.7017585032153875
277,Jack Leiter,TEX,30146,13.0,19.0,0.0,50.0,50.0,255.0,8.82352980775406,3.9529413538738187,1.2705882923165845,0.288135593220339,0.68558673,0.377867746,0.113207547,97.17100340285593,4.905882573111257,4.7155594360969735,4.458675936807436,4.529457091934368,2.7005702815949917
278,Randy Vásquez,2 Tms,24719,21.0,20.0,0.0,73.0,73.0,360.1,5.494912137799655,3.0721554224970795,1.1239593009135656,0.2761989342806394,0.76659039,0.390034364,0.091463414,94.34469469769674,3.971322863227932,5.689344185301286,4.739954857680367,5.205504735576717,2.691781710833311
279,Kyle Leahy,STL,24763,10.0,5.0,0.0,31.0,31.0,143.0,8.37062937062937,2.5804195804195804,0.9440559440559441,0.3236009732360097,0.78612717,0.453900709,0.110294117,94.39309866626733,3.5874125874125875,4.810243520861834,3.564154992403684,3.635054385474512,2.6408018469810486
280,Logan Allen,CLE,27589,22.0,24.0,0.0,75.0,75.0,384.0,7.546875412343092,3.6562501997687034,1.3125000717118422,0.3123893805309734,0.73553055,0.438566552,0.126126126,91.38184152556482,4.593750250991447,4.805367616122407,4.705058362480347,4.620842570484406,2.6379338912665844
281,Foster Griffin,2 Tms,16432,15.0,6.0,0.0,31.0,31.0,172.2,8.235521538764687,2.345559931926651,1.198841742984733,0.2907216494845361,0.76552463,0.447316103,0.130681818,91.45059955405773,3.5965252289541985,4.346403582328684,3.951919709840535,3.7572431490215585,2.5977519154548645
282,Walbert Ureña,LAA,29357,9.0,10.0,0.0,27.0,27.0,146.2,8.59090968675854,3.9886366402807507,0.6136364061970385,0.25647668393782386,0.78698225,0.552162849,0.085470085,97.9478893502331,3.006818390365489,3.226669150017539,3.5856859460941055,3.9021946559267873,2.585240364074707
283,Clayton Richard,2 Tms,3551,16.0,31.0,0.0,69.0,69.0,401.1,6.301494677200161,3.0722589707345977,1.1661128940014531,0.32025620496397117,0.68004459,0.578700078,0.19402985,91.0762603938231,5.135381783198707,5.069928384165044,4.6377020954118,4.126644184907022,2.5611827075481415
284,Christian Scott,NYM,30107,4.0,8.0,0.0,32.0,32.0,157.1,9.896187000543861,3.3750001909369236,1.1440678613345505,0.28921568627450983,0.75555556,0.322274881,0.102040816,95.11188012677107,4.061440907737654,3.8475107416937484,3.9044841119495333,4.1322870810299115,2.5571430027484894
285,Johan Oviedo,2 Tms,22487,13.0,26.0,0.0,67.0,67.0,336.0,7.928571698616971,4.5535715836651525,1.0178571775251517,0.27395833333333336,0.71683787,0.443548387,0.106741573,95.61534859067469,4.392857292476971,4.81214799358671,4.700296732346126,4.987974961921521,2.552735099568963
286,Andrew Alvarez,WSN,29914,1.0,6.0,0.0,21.0,21.0,104.2,8.51273937059751,4.127388785744247,0.42993633184835905,0.2624113475177305,0.77235772,0.517605633,0.060975609,91.79018100472383,2.83757979019917,3.664007580415516,3.294856975458732,3.861637101215595,2.526929259300232
287,Slade Cecconi,2 Tms,27500,13.0,20.0,0.0,61.0,61.0,318.0,7.330188943041997,2.377358576121729,1.443396278359621,0.29894736842105263,0.69910515,0.401415571,0.1275,94.05956795820275,4.811320927865403,4.7374496899886225,4.476955033863987,4.317886005378257,2.5261473655700684
288,Simeon Woods Richardson,MIN,24494,12.0,16.0,0.0,61.0,61.0,290.1,7.687715808520018,3.657864779860331,1.3019518707977449,0.2840095465393795,0.70190641,0.348623853,0.104738154,93.0339597327687,4.711825818125172,4.262006661683777,4.6068011452015005,4.828153779067214,2.4894806630909443
289,Max Meyer,MIA,27474,15.0,12.0,0.0,45.0,45.0,238.2,9.087988959967594,3.0921788162545347,1.4706704126088639,0.2890262751159196,0.74981161,0.458823529,0.158536585,94.7678231656826,4.0726257579937775,4.337728909708443,4.409593492629335,3.848356766673411,2.471248719841242
290,Drew Pomeranz,4 Tms,11426,20.0,20.0,0.0,65.0,65.0,303.2,9.158068335104964,4.11964886271712,1.3929747953072276,0.3237753882915173,0.76520439,0.402761795,0.146417445,91.34414786596699,4.504939763546778,4.878501107579948,4.620806026682763,4.517343505920443,2.465510707348585
291,Matt Harvey,5 Tms,11713,21.0,38.0,0.0,90.0,90.0,434.1,6.941673356842321,3.066769124813921,1.6784344534454567,0.31254585473220836,0.66061254,0.426657263,0.164300202,93.98828170275722,6.071374010611343,5.375648856564184,5.2129207158573925,4.785515560062171,2.4198994413018227
292,Ben Lively,3 Tms,14932,22.0,27.0,0.0,70.0,70.0,373.2,6.816235724369152,2.818019716435303,1.517395231926702,0.2815622161671208,0.76758555,0.376297577,0.126252505,90.72350055967861,4.335414948362005,4.625794147775568,4.944772008730635,4.910308154540509,2.3358794450759888
293,Jake Bennett,BOS,31959,9.0,7.0,0.0,19.0,19.0,109.2,7.386018408361242,1.6413374240802758,0.9848024544481655,0.28164556962025317,0.71828358,0.418238993,0.099173553,92.87494982798165,3.7750760753846344,3.418470559274341,3.505111177156544,3.7463218585286757,2.2927792072296143
294,Brandon McCarthy,2 Tms,4662,12.0,7.0,0.0,31.0,31.0,165.1,7.131048606474126,2.5040323350977847,1.0887097109120802,0.31388329979879276,0.71573604,0.452569169,0.128205128,93.34525320870536,4.354838843648321,4.130451298037614,4.035984245354461,4.088711604521035,2.2834340780973434
295,Stephen Kolek,2 Tms,21487,9.0,10.0,0.0,29.0,29.0,166.2,5.994000091461183,2.322000035430909,0.9180000140075686,0.2693069306930693,0.69536424,0.495201535,0.107594936,94.19529200243628,3.8340000585021983,4.147768563975668,4.0520598551471485,4.176046837223952,2.25222909450531
296,Steven Brault,PIT,15291,6.0,12.0,0.0,45.0,45.0,210.0,7.328571362008854,4.071428534449364,1.028571419229313,0.28664495114006516,0.70911722,0.458064516,0.109589041,92.06198435554172,4.628571386531908,5.189930279768474,4.620732416101744,5.088010543771209,2.238322814926505
297,Javier Assad,CHC,21741,19.0,11.0,0.0,65.0,65.0,328.2,6.955375468824761,3.5324544703873784,1.2596349274249568,0.2723449001051525,0.81928346,0.441295546,0.126027397,92.52373046875,3.5050711023998797,4.889228902141568,4.7018385135423895,4.583498843988178,2.237730473279953
298,Cody Bradford,TEX,27597,7.0,11.0,0.0,29.0,29.0,146.2,7.118182311885647,1.9636364998305234,1.227272812394077,0.289237668161435,0.70967742,0.336244541,0.098039215,89.75781871519492,4.356818483998974,4.32924490243028,4.054268647918664,4.430109687074442,2.221504896879196
299,Jacob Lopez,2 Tms,25098,13.0,11.0,0.0,42.0,42.0,203.0,9.266009982809198,3.945812863492912,1.5517241598005833,0.28884826325411334,0.71836735,0.294938917,0.118243243,90.66086489570962,4.921182335367565,3.6548574412369708,4.792330792647429,4.772133780245142,2.221047706902027
300,Matt Strahm,3 Tms,13799,6.0,13.0,0.0,35.0,35.0,141.1,9.80660458970603,1.9740567680577072,1.591981264562667,0.30708661417322836,0.70748299,0.339195979,0.140449438,92.091229210602,4.839623044270508,4.38590995921566,4.182903727272817,4.234119925835829,2.194285899400711
301,Grant Holmes,ATL,16944,15.0,14.0,0.0,57.0,57.0,291.1,8.371854131553118,3.7688789817323998,1.3283753788073214,0.27854454203262236,0.80463183,0.443509615,0.140983606,94.36291334476206,3.7997714324023377,4.606248437401822,4.536475943784138,4.209414662866633,2.189339816570282
302,Cade Horton,CHC,31872,11.0,4.0,0.0,24.0,24.0,121.1,7.120879587293954,2.596154016200921,0.7417582903431202,0.2514792899408284,0.79338843,0.435158501,0.0729927,95.51335144042969,2.5219781871666087,3.8816102898862104,3.6107190172224963,4.278704997069925,2.188296902924776
303,Randy Dobnak,2 Tms,23798,12.0,14.0,0.0,34.0,34.0,165.0,5.56363681383373,2.672727488998557,0.8181818843873133,0.2981132075471698,0.72300469,0.550185873,0.113636363,92.79387318004261,4.145454880895721,4.701747784642664,4.206285884659074,4.396474338877857,2.183132329955697
304,Luis Perdomo,SDP,14682,9.0,17.0,0.0,41.0,41.0,210.2,6.62183607004898,3.7167725038339436,0.8971519836840554,0.33781763826606875,0.66223067,0.575,0.133757961,93.82810993559042,5.169304286941462,4.866826927382081,4.379194235335023,4.390917128590612,2.175460788421333
305,Jaime Barria,LAA,18356,16.0,23.0,0.0,62.0,62.0,295.1,7.069977913676306,2.9559821449422485,1.645598307493623,0.27686915887850466,0.80705009,0.3691796,0.138461538,91.8841947229897,4.113995768734057,4.800974799694723,5.086369915909321,5.0363134400571345,2.17480655759573
306,Troy Melton,DET,31807,10.0,6.0,0.0,24.0,24.0,135.0,7.533333652637636,2.733333449187107,1.0000000423855269,0.24664879356568364,0.79850746,0.425974025,0.1,96.51744508605073,2.8000001186794754,3.699802852177483,3.937992384633102,4.175736695108581,2.1474941968917847
307,Tyler Alexander,5 Tms,17735,6.0,24.0,0.0,62.0,62.0,268.0,6.917910718551386,2.350746360672801,1.4776119981371894,0.2920245398773006,0.71997346,0.357733175,0.121883656,90.24602417494535,4.567164357878585,5.102913971904481,4.660423264088211,4.736894968596157,2.143624155782163
308,Rhett Lowder,CIN,33876,8.0,14.0,0.0,31.0,31.0,151.0,7.152318151827104,3.75496702970923,1.0132450715088397,0.31210191082802546,0.67877629,0.400826446,0.090425531,93.75124972683567,5.245033311339877,5.299857135998623,4.354372171122634,4.769052775555754,2.0988464951515198
309,Sal Romano,CIN,13690,12.0,18.0,0.0,41.0,41.0,218.1,6.88396986656887,3.5450383744007357,1.2778626698421256,0.2973372781065089,0.68536932,0.470246734,0.14090909,95.14788987901476,5.070229302921983,4.621932289672489,4.753212308001663,4.61649036439826,2.092763304710388
310,Yonny Chirinos,3 Tms,16401,8.0,13.0,0.0,44.0,44.0,225.1,7.628698074180313,2.6360946224916266,1.4378697940863419,0.30606060606060603,0.71642911,0.445730824,0.158590308,93.46643333201028,4.79289931362114,4.928763076824046,4.63837672101702,4.346931958933611,2.081099882721901
311,Shane Smith,CHW,31687,7.0,10.0,0.0,32.0,32.0,154.2,9.07758658004574,3.8987070568145166,1.0474138361591239,0.27007299270072993,0.69096844,0.407058823,0.108433734,95.80416350110262,4.1896553446364955,4.034828725648936,4.180375612740319,4.31996661736517,2.0573917664587498
312,Ryne Stanek,TBR,15947,0.0,3.0,0.0,56.0,56.0,83.0,11.060241980517466,3.3614460921180536,0.9759037041633059,0.2553191489361702,0.81151832,0.338461538,0.092783505,97.63372756612091,2.7108436226758497,3.40430274339149,3.2966225411127037,4.0124180543977905,2.0494630336761475
313,Austin Voth,2 Tms,15047,9.0,11.0,0.0,39.0,39.0,178.2,8.110075002040347,2.871268789542235,1.4608209631004352,0.28,0.76253838,0.323193916,0.12033195,92.67098230680034,4.231343479325399,4.22365059270107,4.593876263323343,4.822505070438986,2.034862630069256
314,Aaron Sanchez,5 Tms,11490,14.0,28.0,0.0,72.0,72.0,346.2,7.243269323757768,4.38750005632639,1.168269245767382,0.31981132075471697,0.68665377,0.489516864,0.136363636,93.61067913063417,5.348076991735127,5.201507493509739,4.949225757744129,4.954746304437576,2.007955566048622
315,Gavin Stone,LAD,27792,11.0,5.0,0.0,29.0,29.0,155.2,7.111349283281563,2.601713152420084,1.2141328044627058,0.3044397463002114,0.72836802,0.440816326,0.12,94.78449385895404,4.5096361308614785,4.277528326389693,4.254432250001715,4.218639987795921,1.9696849957108498
316,Kyle Wright,ATL,19665,23.0,16.0,0.0,51.0,51.0,267.0,8.494382113492968,3.7415730738004735,1.2471910246001578,0.2940379403794038,0.73591763,0.527415143,0.17370892,94.81628842680276,4.4831461154546215,4.920713307884335,4.497148834168299,3.9917082133835864,1.9489200413227081
317,Hayden Wesneski,2 Tms,27581,11.0,12.0,0.0,38.0,38.0,195.0,7.661538611417694,2.400000046950121,1.430769258758726,0.25765765765765763,0.68181818,0.405217391,0.137168141,93.91579191455283,4.061538540992513,4.3050598487697105,4.4903225285005295,4.218399716282273,1.941698119044304
318,Bobby Miller,LAD,27483,13.0,8.0,0.0,36.0,36.0,183.1,8.738182060607413,3.09272735852959,1.5218182240383695,0.3013972055888224,0.67270992,0.460227272,0.175141242,98.54796669235995,5.44909106026642,4.428986403194081,4.64420891801088,3.9926369121480767,1.9392218962311745
319,Kwang Hyun Kim,STL,27458,9.0,7.0,0.0,28.0,28.0,134.2,6.549505074180095,3.0074257993684106,0.9356435820257278,0.25692695214105793,0.79779917,0.466830466,0.104477611,89.490612006237,3.0074257993684106,4.340129696750619,4.1636923392202965,4.608003272368479,1.9387142658233643
320,Anthony Kay,2 Tms,20387,10.0,11.0,0.0,37.0,37.0,176.1,8.115311967783475,3.3175803641882133,1.1228733540329336,0.3044315992292871,0.7172471,0.438794726,0.125,95.25677688444848,4.6446125098634985,4.778979983033715,4.4939595811907,4.4096127996522485,1.9286108314990997
321,José Suarez,3 Tms,19911,16.0,27.0,0.0,64.0,64.0,293.1,8.253409421851579,3.589772871214256,1.6261364288406457,0.30669800235017625,0.6838744,0.406040268,0.153623188,92.61206313053451,5.614772952412041,4.6836658543566605,5.0711004403722235,4.7214259820187126,1.9056621938943863
322,Clay Buchholz,3 Tms,3543,9.0,8.0,0.0,30.0,30.0,164.2,6.8319830406918385,2.240890437346923,1.2570848794872982,0.2935222672064777,0.74115044,0.425490196,0.121052631,90.22289674673507,4.099189824415103,4.815719996024716,4.296912964231675,4.546029979403475,1.8811710998415947
323,Ronel Blanco,HOU,19407,18.0,12.0,0.0,50.0,50.0,275.0,8.640000239701711,3.992727383498518,1.5054545872207528,0.22238372093023256,0.81350729,0.38429752,0.14330218,93.61562533463021,3.567272826240479,4.114650939686947,4.796215457368148,4.418186153977222,1.8733116686344147
324,James Kaprielian,OAK,18331,15.0,20.0,0.0,58.0,58.0,303.2,7.854006750607344,3.7936334493499624,1.2447859755679564,0.2738927738927739,0.73218263,0.355455568,0.101941747,93.42851076764941,4.386388675810894,4.621950683356318,4.6066089457308514,5.002811761967466,1.8717921674251556
325,Tyler Wells,BAL,20000,16.0,16.0,0.0,50.0,50.0,249.1,7.796791632722458,2.3823529988874177,1.732620362827213,0.23738872403560832,0.76597744,0.341701534,0.132231404,93.08358577806122,4.114973361714631,4.210495583579654,4.816244864823512,4.591106665476843,1.8679252862930298
326,Connor Prielipp,MIN,31857,5.0,7.0,0.0,22.0,22.0,116.2,9.102857341283686,3.3171429294508346,1.0028571647176943,0.3050314465408805,0.60369318,0.421538461,0.100775193,95.58411815068493,5.091428682412909,4.028895430983603,3.7804911217981463,3.9991976741621955,1.8674137592315674
327,Ervin Santana,3 Tms,3200,16.0,12.0,0.0,43.0,43.0,255.1,6.732375710893209,2.714099108579985,1.6566578974449258,0.25067385444743934,0.76711251,0.381258023,0.132768361,92.56059929113418,4.12402072342673,4.590872172362052,5.080204227573869,5.151740036719271,1.861032985150814
328,Zebby Matthews,MIN,31827,15.0,21.0,0.0,48.0,48.0,247.1,8.98787108202166,2.6927225104032506,1.7102426755263889,0.3176638176638177,0.67909923,0.385234899,0.156666666,95.48673201195987,5.385445020806501,4.700532165276637,4.562038343063371,3.9354976332654616,1.8441018462181091
329,Matt Waldron,2 Tms,25550,8.0,16.0,0.0,37.0,37.0,194.2,7.674658085687447,2.912671442158489,1.3869864010278519,0.2904929577464789,0.68281938,0.398648648,0.118110236,91.02628895343373,5.131849683803052,4.183219411637588,4.612720305678275,4.614162130223164,1.832546379417181
330,Danny Salazar,CLE,5867,5.0,7.0,0.0,20.0,20.0,101.1,12.43420927808568,4.0855259056567235,1.4210524889240779,0.3392070484581498,0.75250836,0.394190871,0.17977528,95.12105693767339,4.440789027887743,4.538821069774153,3.899996321592168,3.4221295087708485,1.822629138827324
331,Cade Povich,BAL,30055,7.0,18.0,0.0,43.0,43.0,214.2,8.343168245486448,3.563664828474111,1.4254659313896443,0.32305194805194803,0.69353667,0.385448916,0.122743682,92.21050463817998,5.198758102715173,4.873927009384515,4.603610473128658,4.511607963513799,1.8188184201717377
332,Collin McHugh,3 Tms,7531,8.0,6.0,0.0,28.0,28.0,118.0,8.999999636310656,2.822033784266901,1.2203389337370383,0.29283489096573206,0.71644042,0.362537764,0.118518518,90.28815657369206,4.118643901362504,4.161555383954259,4.086641593526277,4.429601508988063,1.7765927156433463
333,Robert Gasser,MIL,29812,6.0,7.0,0.0,26.0,26.0,131.2,7.450633379094734,2.529114082811974,1.1620253894000963,0.2708333333333333,0.74396783,0.358585858,0.103030303,92.7629017739165,3.759493906882664,4.112636143893962,4.319357049334483,4.533810095899669,1.7754198014736176
334,Alec Mills,CHC,13834,9.0,13.0,0.0,39.0,39.0,195.1,7.325938435405883,2.4419794784686277,1.474402703981058,0.2980599647266314,0.72332731,0.494932432,0.17679558,89.56977315208631,4.6075084499408065,4.875333626931451,4.679951916530909,4.239389470038079,1.773970291018486
335,Carmen Mlodzinski,PIT,27572,3.0,11.0,0.0,29.0,29.0,108.2,7.039877897848992,3.2300616237189494,0.8282209291587049,0.3531073446327684,0.68711656,0.41436464,0.084745762,95.4423134290701,5.134969760783971,5.669770882030876,3.910408473697518,4.369802744863554,1.7717675673775375
336,Brandon Williamson,CIN,25463,9.0,8.0,0.0,34.0,34.0,166.0,7.319277528928132,3.524096588002434,1.4638555057856264,0.2733050847457627,0.717322,0.369168356,0.126168224,92.84065554494815,4.608433999695491,5.045179126196191,4.964921273791844,4.924376079981341,1.766975075006485
337,Ian Seymour,TBR,27932,7.0,7.0,0.0,21.0,21.0,102.2,11.571428643086847,1.9285714405144743,1.840909102309271,0.2891566265060241,0.72234763,0.335877862,0.175,91.34665212323588,4.120129895644559,4.179519396103631,3.923048518465167,3.0353139973268655,1.7633041739463806
338,Kumar Rocker,TEX,31843,9.0,17.0,0.0,44.0,44.0,206.1,8.243942273520556,3.794830570350732,1.3085622656381835,0.30398671096345514,0.73033708,0.450636942,0.133928571,95.35374898925038,4.841680382861279,5.024489397676513,4.565372997818721,4.32258521767649,1.7528498321771622
339,Connelly Early,BOS,33666,8.0,7.0,0.0,21.0,21.0,111.0,9.891892231843011,3.0810811869674954,1.216216258013485,0.29225352112676056,0.84,0.431972789,0.128205128,94.14721252732512,3.2432433547026265,3.9455120964646637,3.957662288256773,3.7957780249724205,1.750505268573761
340,Garrett Whitlock,BOS,20191,6.0,4.0,0.0,23.0,23.0,109.0,8.422018643371114,1.8990826352699572,1.3211009636660571,0.3193548387096774,0.72742475,0.446153846,0.133333333,,4.2935781319146855,4.306895707891193,3.968936022111007,3.790017249871912,1.7444691956043243
341,Trey Yesavage,TOR,35456,6.0,5.0,0.0,22.0,22.0,109.2,9.027355832441517,4.349544173812731,0.9027355832441517,0.22939068100358423,0.7417103,0.361403508,0.083969465,94.4484710873086,3.610942332976607,3.4457050228505133,3.9023607270280536,4.402078977881173,1.740843415260315
342,Félix Peña,LAA,13403,3.0,7.0,0.0,24.0,24.0,118.2,8.115168191495394,2.9578650417600034,1.1376404006769245,0.27794561933534745,0.68421053,0.411078717,0.127118644,91.93569524775552,4.323033522572313,4.29740712504274,4.201464400362676,4.2972677802034625,1.7309611588716507
343,Jaime García,5 Tms,8137,7.0,17.0,0.0,41.0,41.0,218.2,7.6554875276881225,4.0335364393195485,1.234756052852923,0.30577223088923555,0.67832168,0.512084592,0.15,90.5506879485689,5.021341281601886,4.912402058383581,4.6401343022358095,4.440511341161128,1.7271179184317589
344,Quinn Priester,3 Tms,25977,13.0,11.0,0.0,39.0,39.0,207.1,7.336013311650642,3.255627209312415,1.2588425209341338,0.3042071197411003,0.75745983,0.553822152,0.162011173,92.60521776431075,4.167202827919891,4.203281803741004,4.581818505524117,4.1089380000896885,1.7185582667589188
345,Ryan Borucki,2 Tms,16350,4.0,7.0,0.0,21.0,21.0,108.0,6.583333333333333,3.25,0.75,0.3026706231454006,0.67663818,0.463343108,0.076923076,82.41249593098958,4.166666666666667,4.581274290617536,3.953987918213743,4.697430441748394,1.7159682363271713
346,DJ Herz,WSN,26389,4.0,10.0,0.0,20.0,20.0,92.2,10.68345353060533,3.690647583300023,1.1654676578842178,0.28991596638655465,0.69391635,0.356557377,0.109090909,93.50634546172753,4.370503717065817,3.4637692127161417,3.8000753514844376,3.911139938828435,1.7113369456492364
347,Kolby Allard,4 Tms,18694,9.0,21.0,0.0,44.0,44.0,207.1,7.032154675077081,2.7781351802773653,1.6061094010978518,0.2984375,0.64724919,0.389552238,0.139097744,91.60807861328125,5.7299038093220656,5.075845411862903,4.970164561428886,4.947669362969915,1.7050572484731674
348,Tobias Myers,2 Tms,22191,8.0,8.0,0.0,34.0,34.0,160.0,7.9312500945478694,2.98125003553927,1.293750015422702,0.2987012987012987,0.77742279,0.370526315,0.118556701,92.89920957245096,3.825000045597554,4.48590392439803,4.372513432313962,4.342467295651049,1.6931438222527504
349,Gage Jump,ATH,35418,6.0,11.0,0.0,20.0,20.0,98.2,9.851351605269757,4.195946054096378,1.0945946228077508,0.3445692883895131,0.67055394,0.384057971,0.113207547,96.33004940257354,5.472973114038754,4.609872568731473,4.006939006809601,4.0458037919050645,1.666483759880066
350,Chris Stratton,3 Tms,13761,14.0,15.0,0.0,42.0,42.0,218.1,7.007633108242769,3.7099234102461716,1.071755651848894,0.3074581430745814,0.72030921,0.42074074,0.122065727,91.27735184972427,4.534350834745321,5.508158215629781,4.433608467698056,4.553859148633483,1.6662683077156544
351,Daniel Mengden,2 Tms,16980,14.0,12.0,0.0,35.0,35.0,194.2,6.01027434556521,2.4503426178073546,1.3869863874381254,0.253781512605042,0.71134021,0.378640776,0.122448979,92.02803205354945,4.253424921476918,5.203718446647471,4.688691336881735,4.91955408170938,1.6516102035529912
352,Justus Sheffield,SEA,17285,10.0,12.0,0.0,33.0,33.0,167.0,7.814371435984799,3.934131826392347,1.1317365527977985,0.34375,0.6888361,0.485714285,0.134615384,92.78187580851765,5.389221679989516,5.559812843612668,4.609234663479251,4.697362679106724,1.6511507481336594
353,Doug Fister,2 Tms,9425,6.0,14.0,0.0,27.0,27.0,150.0,7.140000363159198,3.1800001617431723,1.2000000610351593,0.29555555555555557,0.6684492,0.512875536,0.158730158,88.95380133551521,4.620000234985364,4.640504119198539,4.5455348593594955,4.256370263452336,1.6468812823295593
354,Albert Suárez,BAL,6175,8.0,7.0,0.0,25.0,25.0,125.0,7.632000465820341,2.8800001757812606,1.1520000703125044,0.2978142076502732,0.7967033,0.328,0.098159509,94.83376071676109,3.744000228515639,4.229816511545371,4.1657275962370495,4.474337965860771,1.6427421122789383
355,Spencer Arrighetti,2 Tms,29921,15.0,25.0,0.0,54.0,54.0,274.2,9.567961585848701,4.4890778673331235,1.3762136527590598,0.2893258426966292,0.7167333,0.362183754,0.131661442,93.57035011639127,4.849514776389068,4.5987049973354175,4.7573581685396755,4.528012810322886,1.6093677505850792
356,Jeremy Hellickson,3 Tms,4371,15.0,17.0,0.0,57.0,57.0,292.1,5.880273532317768,2.6784492005845335,1.6624857107076414,0.25617977528089886,0.67976804,0.387201735,0.14673913,90.02593569832052,4.895096814861389,5.191700030158939,5.327562134340271,5.160525016692654,1.5737330988049507
357,Matt Moore,4 Tms,1890,8.0,24.0,0.0,58.0,58.0,293.2,7.6004545889765796,3.8921682774194584,1.4710557268986928,0.329004329004329,0.65913371,0.380651945,0.121212121,92.22297195860023,6.037457879146719,5.6045689563728835,5.028521117092786,5.266167856811084,1.568359687924385
358,David Festa,MIN,30056,5.0,9.0,0.0,23.0,23.0,108.2,9.93865053934321,3.064417249630823,1.3251534052457612,0.28214285714285714,0.65743945,0.343537414,0.124031007,94.46901807598039,4.803681094015884,4.429420993965695,4.045080581265884,3.943684199689015,1.5514042973518372
359,R.A. Dickey,ATL,1245,10.0,10.0,0.0,31.0,31.0,190.0,6.442105263157894,3.1736842105263157,1.231578947368421,0.2899305555555556,0.73202055,0.469491525,0.131979695,83.75692733990148,4.2631578947368425,4.36739576633601,4.72079758895071,4.786191488410298,1.5414997339248657
360,Dan Straily,2 Tms,9460,16.0,19.0,0.0,64.0,64.0,337.1,7.657114913138096,3.388340048670865,1.6808301028839723,0.27899686520376177,0.75170246,0.328313253,0.140311804,90.54032913773148,4.588932979302274,4.952165512503987,5.1355662476419095,5.058208056949612,1.529082778841257
361,Ryan Gusto,2 Tms,26440,7.0,12.0,0.0,35.0,35.0,160.1,8.027027186178163,3.143451205776064,1.4033264311500286,0.3292181069958848,0.72222222,0.388235294,0.120772946,94.28173264526495,5.220374323878106,4.90664787478535,4.593504661049634,4.535834309895879,1.5247045755386353
362,Trent Thornton,2 Tms,17948,5.0,9.0,0.0,36.0,36.0,152.1,8.743981965364508,3.8402623496533312,1.5361049398613325,0.32805429864253394,0.70525292,0.313978494,0.139037433,92.97537705037604,5.140043452612921,5.0414891335285255,4.886128733398507,5.090861113766263,1.522823341190815
363,Osvaldo Bido,2 Tms,23150,6.0,9.0,0.0,28.0,28.0,126.2,8.17105304171176,3.5526317572659822,1.207894797470434,0.29508196721311475,0.6638246,0.312335958,0.098265895,94.7654339334239,5.328947635898974,4.316969548716779,4.600305005358128,4.980483181700317,1.5114409103989601
364,Jake Faria,2 Tms,13699,8.0,8.0,0.0,29.0,29.0,148.0,7.9054066279756645,3.648649212911845,1.2162164043039483,0.2731707317073171,0.73988439,0.367681498,0.113636363,91.74791018443362,4.317568235279016,4.616370171236458,4.558383342471998,4.855049127921443,1.509622703306377
365,Joe Boyle,2 Tms,29608,6.0,11.0,0.0,25.0,25.0,112.1,10.175074471920095,5.448071370791862,0.8813056629222129,0.2906574394463668,0.60288336,0.384615384,0.088,98.01087725435323,5.36795267416257,4.223083606020248,4.119915160164309,4.566724301398618,1.50291046500206
366,Griffin Jax,2 Tms,20253,10.0,13.0,0.0,38.0,38.0,171.2,8.440777199207918,2.7786409413541593,1.5728156271815996,0.2703862660944206,0.68965517,0.391038696,0.144927536,93.93735578351485,4.351456568535759,4.7391676534337845,4.570302490146794,4.287018457782715,1.4987074136734009
367,Wei-Yin Chen,MIA,13071,8.0,13.0,0.0,31.0,31.0,160.1,7.35343058670363,3.1434512431710178,1.2349272741028998,0.27906976744186046,0.68432671,0.37006237,0.106280193,91.25821934278812,4.715176864756526,3.542455045369919,4.394888699329943,4.769618243059818,1.4399168193340302
368,Rafael Montero,NYM,12760,5.0,8.0,0.0,18.0,18.0,95.2,8.37282185449783,4.515679202425797,0.8466898504548368,0.35815602836879434,0.71808511,0.480427046,0.098901098,94.39501231527093,5.080139102729021,3.9390975028123987,4.182029883653052,4.651068603033429,1.4259021282196045
369,Keegan Akin,BAL,19362,3.0,13.0,0.0,30.0,30.0,108.1,9.387692996369362,4.236923387741924,1.5784616542567953,0.3300653594771242,0.6557377,0.345794392,0.137681159,92.10496984945762,6.064615829512951,5.156261110999103,4.8329548130913995,4.817860463493847,1.4150043036788702
370,Luis Ortiz,2 Tms,27646,12.0,20.0,0.0,50.0,50.0,264.1,7.762925804379149,4.017654582968156,1.2938209673965249,0.2628032345013477,0.74231524,0.446015424,0.134751773,96.4020280853621,4.153846263746738,5.0817501089353705,4.750922526607034,4.542847384422759,1.4120780527591705
371,Tommy Milone,7 Tms,7608,4.0,12.0,0.0,30.0,30.0,138.2,8.632212409187614,2.0120194337204214,1.9471155810197627,0.33962264150943394,0.65662651,0.33483146,0.164835164,87.20618047249897,5.8413467430592885,5.2476606839909685,4.816529859362344,4.406754279658514,1.406119428575039
372,John Gant,2 Tms,13684,10.0,18.0,0.0,42.0,42.0,195.0,7.246154767550072,5.261539130577759,0.8307693364070147,0.27060931899641577,0.72507553,0.467140319,0.103448275,92.44418765252169,4.06153897798985,4.876696459165586,4.6160148032115975,4.9384201159363865,1.3892888966947794
373,Tyler Chatwood,2 Tms,4338,15.0,23.0,0.0,55.0,55.0,273.2,7.79415392406117,5.919610575236332,1.052375213375348,0.29403973509933773,0.73213393,0.5390625,0.167539267,94.48981566668022,4.867235361860984,5.225023709080771,5.047443538165473,4.756262997172522,1.3704683184623718
374,Emerson Hancock,SEA,27470,14.0,17.0,0.0,56.0,56.0,292.2,7.103645079015463,2.583143665096532,1.4760820943408755,0.2779740871613663,0.75282309,0.413407821,0.135211267,94.80185564881684,4.3052394418275535,4.781383997290422,4.7265162617394845,4.44272749413484,1.3559834212064743
375,Brandon Young,BAL,27819,10.0,12.0,0.0,39.0,39.0,209.1,7.480892174161448,3.4394906547868724,1.461783528284421,0.2947882736156352,0.74383453,0.430359937,0.134920634,94.15148248577525,4.342356951668426,4.302209908068892,4.758761305469622,4.473832205059368,1.3430117666721344
376,Wade LeBlanc,3 Tms,5221,12.0,11.0,0.0,50.0,50.0,244.2,6.694823897306629,2.5749322681948574,1.6553136009824083,0.2912234042553192,0.71841155,0.358681875,0.138036809,86.82105935833411,4.855586562881731,5.005688231034351,5.007904920990649,4.953835905960001,1.3285023383796215
377,Justin Wrobleski,LAD,31204,12.0,9.0,0.0,30.0,30.0,169.2,7.21414565343597,2.3870334882692545,1.6974460361025812,0.26229508196721313,0.73849879,0.387159533,0.14678899,94.63436964081555,4.561886222025687,5.166937207531569,4.843022136609717,4.332647545627461,1.3013760298490524
378,Joey Wentz,2 Tms,19962,6.0,19.0,0.0,39.0,39.0,174.0,8.017241906609495,3.775862317306408,1.3965518159900412,0.32899628252788105,0.632806,0.37433155,0.11637931,93.19949204946997,5.948276253290916,5.127045898439532,4.697725982805606,4.79900310037215,1.2943896055221558
379,Caleb Smith,3 Tms,14875,16.0,26.0,0.0,64.0,64.0,307.2,9.975081339224086,4.4463705676306775,1.842903590531136,0.25523560209424084,0.73097663,0.273176761,0.148584905,91.87417764018545,5.0021668885845125,4.834584390598958,5.234321948798083,5.1306763980379095,1.2869003284722567
380,Hunter Dobbins,2 Tms,30240,6.0,4.0,0.0,19.0,19.0,93.0,7.548387096774194,3.2903225806451615,0.967741935483871,0.2899628252788104,0.71428571,0.471223021,0.108695652,95.08917096880492,4.064516129032258,3.81370141065646,4.06401395387547,4.176396155373384,1.2673802077770233
381,Josh Tomlin,2 Tms,9388,11.0,14.0,0.0,41.0,41.0,208.0,6.533653306934652,1.0384614527578255,1.9471152239209228,0.3216995447647951,0.69603524,0.36637931,0.159574468,87.61680913751776,5.538461081375069,6.107587714907509,4.99902829920923,4.576194716328845,1.2646861150860786
382,Ty Blach,3 Tms,14361,18.0,32.0,0.0,68.0,68.0,359.0,4.863509956020258,2.707521006444267,1.4038997811192497,0.32181069958847736,0.67268253,0.448666127,0.141414141,89.89345294775912,5.740947319219789,5.9336681217137475,5.121446067914019,4.965863721359917,1.2511731125414371
383,Shawn Armstrong,2 Tms,12857,0.0,3.0,0.0,18.0,18.0,35.2,10.598131030040474,2.0186916247696143,0.5046729061924036,0.29069767441860467,0.83850932,0.568181818,0.086956521,94.07242513020833,1.5140187185772105,2.5422464503110045,2.227871702148593,2.506255968570932,1.2435267940163612
384,Daniel Lynch IV,KCR,21537,13.0,27.0,0.0,65.0,65.0,305.0,7.318033336054067,3.629508469091332,1.4754099467850943,0.30760986066452306,0.69382716,0.403292181,0.130548302,93.77659468989047,5.4000004052334445,5.383956731667921,5.01283539232829,4.867070440241524,1.2426569312810898
385,Adrian Sampson,2 Tms,13339,8.0,16.0,0.0,43.0,43.0,224.0,6.709821714240386,2.209821522654019,1.7678572181232153,0.2971768202080238,0.78674121,0.400843881,0.152249134,92.21789797887146,4.379464472168874,5.478375938480705,5.1323477260087165,4.785428768965002,1.2363877445459366
386,Dereck Rodríguez,SFG,14509,10.0,14.0,0.0,35.0,35.0,190.1,6.525393696778964,2.9316986173934474,1.2767074624132755,0.2649122807017544,0.71360609,0.409948542,0.128571428,91.238569560081,3.9246933103815502,4.3662988576058295,4.6798549763884,4.814078224463638,1.2345319092273712
387,Francisco Liriano,2 Tms,3201,11.0,17.0,0.0,44.0,44.0,214.1,7.68429256182426,4.8289270197256275,1.2597200921023377,0.30097087378640774,0.66554054,0.463836477,0.142857142,91.82683648955955,5.12286170788284,5.34544565633949,4.978950457701427,4.833360143912431,1.220138132572174
388,Cooper Criswell,3 Tms,24975,5.0,4.0,0.0,21.0,21.0,96.2,6.982758666615708,2.5137931199816546,1.0241379377703037,0.3003533568904594,0.77661431,0.5221843,0.115789473,,3.5379310577519587,4.1304577018222925,4.1451539812674785,4.155564515797973,1.2197914384305477
389,Roansy Contreras,2 Tms,22810,7.0,11.0,0.0,33.0,33.0,152.1,7.444201654673011,4.017505654902895,1.1816193102655574,0.2958057395143488,0.69897959,0.361702127,0.098522167,95.25350790431357,4.785558206575508,5.175212438301497,4.598222918080318,4.953102722449022,1.19465783983469
390,Sixto Sánchez,MIA,19680,3.0,4.0,0.0,14.0,14.0,67.1,6.2821783364584585,2.9405941149380017,0.6683168443040913,0.3173076923076923,0.66666667,0.530805687,0.083333333,96.27099955673759,4.5445545412678205,3.917522924713901,3.9086477419818837,4.488468298672233,1.1943561285734177
391,Mitch White,2 Tms,19225,0.0,9.0,0.0,22.0,22.0,95.2,7.714286303864406,3.4808365029632076,1.0348432846647373,0.3141891891891892,0.65830721,0.438943894,0.101851851,93.8933899817397,5.456446410050433,4.194026478303324,4.125549370499565,4.346522765091242,1.1854920238256454
392,Miguel González,2 Tms,7024,8.0,16.0,0.0,30.0,30.0,168.1,5.6138609196693485,3.261385867617431,1.3900988943943149,0.29891304347826086,0.68592058,0.364273204,0.105691056,90.8383858011072,5.186138182932637,5.3647425233487995,5.1122995309868395,5.690300916216137,1.1742018014192581
393,Adalberto Mejía,MIN,13188,6.0,7.0,0.0,25.0,25.0,117.1,7.210226061577104,4.065340226208367,1.0738634559795686,0.3137254901960784,0.77524038,0.385245901,0.09929078,92.6690605312142,4.142044758778336,5.2950905327834,4.641054016352765,5.200416775804426,1.1691214740276337
394,Huascar Ynoa,ATL,20468,4.0,8.0,0.0,24.0,24.0,109.1,9.713415255474276,3.045731902140239,1.4817074118520082,0.2961672473867596,0.67880795,0.488372093,0.197802197,96.42470571157095,5.185975941482028,4.576234416489701,4.330584729065592,3.6582571831335664,1.1679068505764008
395,Brad Lord,WSN,31972,4.0,9.0,0.0,24.0,24.0,103.2,7.466238125282561,3.212218728319241,1.2154341134180913,0.2953020134228188,0.71312804,0.475728155,0.137254901,94.56285319669365,4.688103008898352,4.636667422978675,4.413552484328971,4.171611240589505,1.1600869596004486
396,Jesse Hahn,OAK,13287,3.0,6.0,0.0,13.0,13.0,63.2,7.350784753067676,3.675392376533838,0.5654449810052058,0.32682926829268294,0.59322034,0.460784313,0.068965517,74.79460144042969,5.513088564800756,4.837105743617266,3.707377870191151,4.511107104521255,1.1560132503509521
397,James Shields,CHW,7059,12.0,22.0,0.0,54.0,54.0,321.0,7.2056073053756355,3.6168223439434124,1.7102803331825438,0.2635574837310195,0.72024472,0.364476386,0.145238095,90.04102990033222,4.766355026902171,5.347757465442941,5.34632981004789,5.098332860621335,1.1478648036718369
398,Matt Wisler,4 Tms,12804,1.0,2.0,0.0,21.0,21.0,48.2,8.69178093546751,3.1438356575095248,0.7397260370610647,0.22950819672131148,0.83333333,0.216,0.059701492,92.45309196262184,2.40410962044846,4.36184354519472,3.4149917730893105,4.774871247927671,1.1451629139482975
399,Ariel Jurado,2 Tms,17030,8.0,13.0,0.0,27.0,27.0,138.0,5.478260415262934,2.804347593527454,1.5652172615036954,0.3254310344827586,0.59978769,0.467775467,0.164383561,92.80513189080057,6.521738589598731,6.383249625632995,5.262653833702564,5.008251486402741,1.1427076756954193
400,J.P. France,HOU,21212,10.0,9.0,0.0,28.0,28.0,158.1,6.764210580638769,3.1831579203005975,1.3642105372716846,0.2939958592132505,0.73667712,0.407114624,0.119402985,92.98533864012288,4.490526351852629,5.091859568539356,4.8261338377272285,4.915215492614832,1.1370119974017143
401,Ian Kennedy,KCR,6986,8.0,22.0,0.0,53.0,53.0,275.2,7.8029014797444844,3.330108581313546,1.7629986606954067,0.27564102564102566,0.70338421,0.331310679,0.142105263,92.12447414209879,5.02781099531653,5.3837070537662255,5.147004678287196,4.980296931356423,1.134941715747118
402,Matt Shoemaker,3 Tms,4776,13.0,13.0,0.0,43.0,43.0,216.2,7.726154004854284,3.198461604160107,1.661538495667588,0.26411960132890366,0.70175439,0.43670886,0.162601626,91.73740285705486,4.860000099827695,5.391506314623812,5.032865036655206,4.676316317971953,1.1316944994032383
403,Shane Drohan,MIL,27814,5.0,5.0,0.0,19.0,19.0,94.0,9.0,3.5425531914893615,1.2446808510638299,0.3333333333333333,0.70032573,0.381132075,0.122641509,94.60157156322506,5.074468085106383,4.2561287692672005,4.2330746934769,4.135571062596554,1.1288188695907593
404,Jordan Hicks,3 Tms,19618,5.0,17.0,0.0,39.0,39.0,172.0,8.267442135503973,4.186046650888088,0.8895349133137186,0.3154639175257732,0.68386568,0.533066132,0.122302158,96.56581141013467,5.023255981065705,4.6846983469838674,4.306225788594038,4.24580887461718,1.1253647189587355
405,Zach Thompson,2 Tms,16094,4.0,17.0,0.0,36.0,36.0,166.0,7.102409964982456,3.415662807586983,1.3554217490424534,0.28225806451612906,0.70050761,0.446601941,0.137362637,92.36110921081436,4.445783336859248,4.5156814412989315,4.724885283872455,4.509865527631966,1.1043947078287601
406,Asher Wojciechowski,3 Tms,10836,7.0,14.0,0.0,32.0,32.0,152.1,8.74398278648269,2.8949672739030525,2.1859956966206724,0.3023255813953488,0.71986607,0.297592997,0.161572052,91.81361068913967,5.789934547806105,5.024512582553724,5.669969344016309,5.39720650695884,1.100366897881031
407,Trevor McDonald,SFG,26448,4.0,7.0,0.0,16.0,16.0,83.1,7.560000461425809,2.5920001582031347,0.8640000527343782,0.2886178861788618,0.65510597,0.545816733,0.129032258,93.9395419034091,4.428000270263689,3.8797897599583355,3.965072955798104,3.842182364365058,1.0856738686561584
408,Jeff Hoffman,2 Tms,17432,11.0,16.0,0.0,44.0,44.0,210.1,7.83042823248138,4.193344080782379,1.7115690125642362,0.3006535947712418,0.70397112,0.3890625,0.15625,94.16939579560888,5.690966966776085,5.409280456168409,5.465583974115524,5.240554810425882,1.0793769806623459
409,Luiz Gohara,ATL,15166,1.0,4.0,0.0,6.0,6.0,33.1,9.990000952720733,3.240000308990508,0.540000051498418,0.3695652173913043,0.64159292,0.362637362,0.05,96.35471983213682,4.860000463485762,3.5743635195345123,2.7979746857008925,4.1372794280900695,1.0767327025532722
410,Spenser Watkins,2 Tms,17489,6.0,14.0,0.0,31.0,31.0,145.1,5.821101235747405,2.786697400091843,1.3004587867095265,0.3025210084033613,0.65916399,0.398373983,0.114130434,91.21298055843431,5.449541582401826,5.41933577725193,4.772530065348099,4.897039603409375,1.0733439773321152
411,Jerad Eickhoff,3 Tms,12664,7.0,16.0,0.0,40.0,40.0,206.0,8.169902657319769,3.5388348408711296,1.8349513989702153,0.3102310231023102,0.69381599,0.357030015,0.15730337,90.12699787396743,5.592232834956847,5.546335702438112,5.376234262177457,5.0908701114135475,1.0723714232444763
412,Gabriel Hughes,COL,31614,0.0,8.0,0.0,13.0,13.0,61.0,8.114754098360656,3.3934426229508197,1.0327868852459017,0.32065217391304346,0.55961071,0.403225806,0.101449275,,6.639344262295082,3.8946841426478374,4.061989935890573,4.275814781252478,1.0543155670166016
413,Joe Biagini,TOR,13194,2.0,15.0,0.0,22.0,22.0,106.2,7.003125292193157,3.2906251372955797,1.2656250528059922,0.32456140350877194,0.59589041,0.544159544,0.15625,93.50932953105804,6.075000253468763,4.663331739352653,4.583128333046316,4.338042729274738,1.0486035197973251
414,Andrew Painter,PHI,30091,3.0,10.0,0.0,23.0,23.0,116.2,8.100000176565992,3.3171429294508346,1.5428571764887602,0.30654761904761907,0.70629371,0.417613636,0.143884892,96.64475708007812,5.400000117710661,4.6086876843316675,4.757634000241028,4.325586893161482,1.0162980556488037
415,Ryan Bergert,2 Tms,29863,1.0,2.0,0.0,15.0,15.0,72.1,8.834102003676032,4.354839015896635,0.9953917750620882,0.26666666666666666,0.75178998,0.293532338,0.085106382,93.384335338841,3.8571431283655917,4.35927049408834,4.06140366444512,4.627166316080665,0.9853851497173309
416,Josiah Gray,2 Tms,24580,17.0,27.0,0.0,73.0,73.0,382.2,8.819686711546565,4.3040071152347235,1.8344948360016855,0.27680311890838205,0.78056288,0.346471127,0.154455445,94.24923072457037,4.797909571081331,4.642252251115688,5.456417585655851,4.918299287357014,0.9827233217656612
417,Mike Burrows,2 Tms,24728,5.0,13.0,0.0,36.0,36.0,180.1,8.284658274332445,3.194085117814919,1.6469501388733174,0.306640625,0.70435589,0.401473296,0.150684931,95.17179536187564,5.140480736483385,4.489415638776303,4.849847977718033,4.318822659829157,0.9452217221260071
418,Blaine Hardy,DET,6499,4.0,4.0,0.0,13.0,13.0,67.2,6.251232466859483,2.1280791376542925,1.1970445149305393,0.2780487804878049,0.68627451,0.43127962,0.104651162,87.58763092970914,4.256158275308585,3.8424726958718716,4.2983627813264,4.668395818800084,0.9369576573371887
419,Brandon Sproat,2 Tms,33850,3.0,8.0,0.0,23.0,23.0,109.0,9.082569284136499,4.04587177202444,1.3211009867834906,0.29285714285714287,0.70058997,0.444067796,0.156862745,96.68149245689655,5.119266323786026,4.68199620377953,4.643713565266876,4.15084449910534,0.9358193278312683
420,Andrew Suárez,SFG,18300,7.0,15.0,0.0,31.0,31.0,170.1,7.2387477699697165,2.7475538980906955,1.3737769490453478,0.3024193548387097,0.68859198,0.500974658,0.185714285,92.1967525605764,4.755381746695434,5.166047900079633,4.507999790178757,3.9029485726524884,0.9341729283332825
421,José Buttó,NYM,23313,2.0,6.0,0.0,15.0,15.0,79.0,8.430379746835444,4.784810126582278,0.9113924050632911,0.2548076923076923,0.77244259,0.401869158,0.091954022,94.14115355186856,3.759493670886076,4.345879501616612,4.395094289658945,4.812124077409884,0.9298721253871918
422,Yariel Rodríguez,TOR,33838,1.0,8.0,0.0,22.0,22.0,87.2,8.828897594521456,4.311787197324432,1.231939199235552,0.27705627705627706,0.70057582,0.373443983,0.118811881,95.06926618303571,4.61977199713332,4.039235619445729,4.52353673636308,4.486718988286139,0.9125931262969971
423,Mitch Spence,2 Tms,27707,6.0,15.0,0.0,33.0,33.0,169.0,7.029586116162639,2.55621313315005,1.5976332082187814,0.32136105860113423,0.72641509,0.458633093,0.151515151,,5.16568070657406,4.803203548372716,4.861691649068431,4.333811216794677,0.8865173757076263
424,Wilmer Font,3 Tms,5257,2.0,5.0,0.0,22.0,22.0,55.2,9.377246579980746,3.7185632989578816,1.2934133213766545,0.2553191489361702,0.79225352,0.364864864,0.115942028,94.75863505913729,3.7185632989578816,4.098118535151429,4.271641885749727,4.729557228347242,0.8843680918216705
425,Alex Meyer,LAA,12833,4.0,5.0,0.0,13.0,13.0,67.1,10.024753232502945,5.61386181020165,0.8019802586002356,0.2545454545454545,0.74766355,0.464705882,0.113207547,96.18995949074075,3.742574540134433,4.343262303380152,4.1378377880586,4.379571477291176,0.8765074014663696
426,Deivi García,NYY,20276,3.0,4.0,0.0,8.0,8.0,42.2,8.437498805578967,2.1093747013947417,1.4765622909763192,0.288,0.61946903,0.312977099,0.109375,92.07459267064145,5.2734367534868545,5.076244145675858,4.288804864667801,4.990786851236798,0.8465527072548866
427,Jacob Latz,TEX,21306,1.0,1.0,0.0,10.0,10.0,48.1,7.634483260745559,2.9793105407787546,1.117241452792033,0.2231404958677686,0.83743842,0.346456692,0.109090909,93.8637561449494,2.7931036319800824,4.227090700078635,4.045510552070531,4.223360423691983,0.8415158689022064
428,Robbie Erlin,2 Tms,10354,3.0,7.0,0.0,18.0,18.0,76.0,7.223684391816902,1.7763158340533365,1.539473722846225,0.3346774193548387,0.54371002,0.374517374,0.138297872,90.1423635132627,6.631579113799123,5.121967205752621,4.419044843730412,4.360684183287592,0.8403315022587776
429,Robert Stephenson,CIN,13594,5.0,6.0,0.0,14.0,14.0,68.2,8.650485036420125,6.291261844669182,0.7864077305836478,0.29473684210526313,0.72124756,0.37433155,0.08219178,93.23251256737147,4.063106608015514,5.434399051801785,4.512442254001161,5.2435010679308895,0.8402447998523712
430,Luis Medina,OAK,21649,4.0,13.0,0.0,26.0,26.0,123.2,7.787062334898822,4.730458427742275,1.0188679690521822,0.30684931506849317,0.67264574,0.437665782,0.107692307,96.08121980151557,5.312668695772094,5.032931462789898,4.7125382028505856,4.919432071177265,0.835176769644022
431,Daniel Ponce de Leon,STL,16110,2.0,8.0,0.0,22.0,22.0,92.2,9.80935208052499,4.856114891349005,1.3597121695777215,0.2606837606837607,0.73843416,0.35510204,0.125,93.16846189784053,4.661870295695045,4.421414516162629,4.821439997249151,5.11570621124952,0.8266512639820576
432,Jacob Waguespack,3 Tms,18318,4.0,5.0,0.0,15.0,15.0,70.2,7.00471751681003,3.566038008557833,1.1462265027507321,0.28502415458937197,0.7208238,0.398148148,0.109756097,92.4228877200356,4.0754720097803805,5.717593866102597,4.666616724183227,5.278552086036529,0.8228678666055202
433,Bartolo Colon,3 Tms,375,14.0,26.0,0.0,52.0,52.0,282.1,5.2278628576839274,1.912632752811193,1.8488783277174867,0.30801248699271594,0.63836105,0.418073485,0.155495978,89.9491041533801,6.088547596448965,5.594013539299896,5.347919434161663,4.9489707374423535,0.8226196765899658
434,Jack Perkins,ATH,31468,3.0,10.0,0.0,20.0,20.0,95.1,9.818182342005501,4.153846375463866,1.6993007899624906,0.3269230769230769,0.64387917,0.356363636,0.15,95.59976877259814,6.32517516263816,4.55898399959807,4.8860373759108615,4.339461698886257,0.8155741989612579
435,Brandon Walter,HOU,26056,1.0,3.0,0.0,9.0,9.0,53.2,8.720497307652884,0.6708074852040681,1.6770187130101701,0.2517482517482518,0.84615385,0.447368421,0.185185185,91.69186032046179,3.3540374260203403,3.2531603656048858,4.01091275722321,3.13986780288265,0.8083310127258301
436,David Sandlin,CHW,31743,3.0,2.0,0.0,6.0,6.0,31.2,8.526315960659549,2.2736842561758794,0.8526315960659548,0.27380952380952384,0.5033557,0.459770114,0.096774193,96.58408055160984,4.547368512351759,3.652659451152102,3.189513665143803,3.434064142630097,0.807354748249054
437,Matt Garza,MIL,3340,6.0,9.0,0.0,22.0,22.0,112.0,6.187500421490017,3.616071674896763,1.366071521627666,0.29014084507042254,0.66104079,0.405027932,0.125925925,92.34642449817518,5.062500344855469,4.690637948680272,4.987996961754204,5.158879565904558,0.8028377294540405
438,Austin Pruitt,2 Tms,15290,2.0,5.0,0.0,17.0,17.0,68.0,6.485294481462281,1.5882353832152525,1.4558824346139816,0.24120603015075376,0.76388889,0.461538461,0.13095238,91.56095904526379,3.8382355094368603,3.870389841335585,4.456139528861228,4.518853093849382,0.799098789691925
439,Scott Feldman,CIN,6283,7.0,7.0,0.0,21.0,21.0,111.1,7.517963384940015,2.8293410588483927,1.6976046353090357,0.2996845425867508,0.74451411,0.427692307,0.214285714,89.03643798828125,4.76946064205872,5.211112212226977,5.0438670667794625,4.157546943862904,0.7978572845458984
440,Jonathan Cannon,CHW,31730,8.0,18.0,0.0,38.0,38.0,197.2,6.738617547464228,3.2327151747970286,1.593591987576,0.2936241610738255,0.71784232,0.374203821,0.134099616,94.06857201360887,5.0994943602432,5.096754536404078,5.171974258965335,4.88387937993892,0.7833857890218496
441,Jorge López,2 Tms,14527,10.0,28.0,0.0,56.0,56.0,263.0,7.391635088200951,3.52471488002175,1.7452471736030024,0.3249370277078086,0.66006601,0.464285714,0.190298507,94.54266784838936,6.399239636544342,5.746500242480407,5.501202791813658,4.8611574805909425,0.7821382582187653
442,Josh Lindblom,MIL,7882,2.0,4.0,0.0,10.0,10.0,43.1,10.384616603512878,3.3230773131241214,1.2461539924215455,0.32727272727272727,0.66539924,0.269565217,0.127659574,90.32078598484848,5.400000633826697,4.162176555325491,3.9991117178335807,4.290555760094262,0.7809436917304993
443,Tyson Ross,4 Tms,7872,11.0,17.0,0.0,40.0,40.0,210.2,7.305379702740804,4.571202504054187,1.2389240431548731,0.28338762214983715,0.67043049,0.460691823,0.155913978,91.01132052529182,5.254746803725841,5.302801392821208,5.058048616258069,4.806586351596671,0.7698755115270615
444,Kendall Graveman,2 Tms,15514,7.0,11.0,0.0,28.0,28.0,148.1,6.492135137551497,3.033708008201634,1.3955056837727515,0.3150984682713348,0.69020021,0.51572327,0.158620689,93.83506317138672,5.21797777410681,5.459005019989651,4.8456528844285085,4.552551580607087,0.7681935476139188
445,Randall Delgado,ARI,5985,0.0,1.0,0.0,5.0,5.0,25.0,8.64,1.8,0.72,0.3382352941176471,0.80882353,0.455882352,0.117647058,93.70056203850211,2.52,3.154865538055771,2.877639694213867,3.047227977514267,0.7578798532485962
446,Quinn Mathews,STL,33851,2.0,3.0,0.0,8.0,8.0,44.1,7.917293460165998,3.6541354431535376,0.8120300984785639,0.3046875,0.78014184,0.387596899,0.081632653,93.53519492574257,3.6541354431535376,3.752134559367736,3.7940249614930153,4.287690377020955,0.7559666633605957
447,Andrew Triggs,2 Tms,13533,8.0,7.0,0.0,23.0,23.0,110.2,7.888553854307894,3.2530118986836674,1.3825300569405587,0.2848297213622291,0.67322239,0.486646884,0.147826086,89.16172498337765,4.554216658157134,4.8036775632713695,4.677975614472915,4.485428072605767,0.7520662099123001
448,Aaron Ashby,MIL,23550,3.0,10.0,0.0,27.0,27.0,112.2,9.905326254281663,4.15384649373102,1.4378699401376607,0.3006535947712418,0.63210227,0.569182389,0.206896551,95.87924262152778,4.872781463799851,3.858725386889358,4.48945487131887,3.573743073983201,0.7472633197903633
449,Alex Faedo,DET,19874,3.0,11.0,0.0,30.0,30.0,120.2,7.906077764631122,3.878453243026588,1.4171271464904842,0.28034682080924855,0.69252078,0.341597796,0.115853658,92.93988932291667,4.997237832361181,4.815998179305039,4.842957239528927,4.922429030217559,0.7400277331471443
450,Lake Bachar,2 Tms,19222,0.0,3.0,0.0,13.0,13.0,27.0,10.000001059638242,4.666667161164513,0.33333336865460805,0.2727272727272727,0.80357143,0.43076923,0.04,94.08248486039201,2.6666669492368644,3.309831731445432,3.1348034547904655,4.053264625993956,0.723589725792408
451,Zac Thornton,NYM,33891,5.0,6.0,0.0,15.0,15.0,84.1,6.723320563595772,1.920948732455935,1.494071236354616,0.26778242677824265,0.83123426,0.372,0.138613861,92.2378649098746,3.415019968810551,4.630205158272894,4.5058440999158345,4.153614292158297,0.7225590348243713
452,Chad Bettis,COL,10587,7.0,8.0,0.0,32.0,32.0,168.2,6.136363173747672,3.4150195053900085,1.4407113538364098,0.2944550669216061,0.67860509,0.499068901,0.161676646,90.35369556113903,5.4960470164870445,4.824217958245683,5.108563929880903,4.720551247275986,0.7203247174620628
453,JC Ramírez,LAA,8302,9.0,12.0,0.0,26.0,26.0,149.0,6.4026839900331955,3.261744674167854,1.3892616204789008,0.2863636363636364,0.74660633,0.5,0.163120567,94.88777897866925,4.348992898890472,5.2540133377940625,4.949710758817136,4.619470241752056,0.7072567343711853
454,Joan Adon,WSN,22925,3.0,16.0,0.0,26.0,26.0,120.2,8.204420256944372,4.997237792866118,1.1187845804924146,0.34324324324324323,0.65151515,0.448548812,0.121951219,94.88682767125954,6.563536205555498,5.736177755391643,4.879103854835259,4.850671253793922,0.7067354694008827
455,Brendan McKay,TBR,20186,2.0,4.0,0.0,11.0,11.0,46.2,10.221429963987891,2.8928575369777048,1.542857353054776,0.33076923076923076,0.62043796,0.352941176,0.137931034,93.73375866204691,5.400000735691716,4.704452760210654,4.135438172671277,4.37916551630409,0.6999369263648987
456,Wily Peralta,2 Tms,7738,8.0,7.0,0.0,27.0,27.0,134.1,6.163772295606087,3.8188589222776845,1.3399504990448017,0.2762836185819071,0.75449102,0.486997635,0.145985401,94.83911238409657,3.9528539721821647,5.147347076482511,5.115858252481389,4.98270063234855,0.6990099027752876
457,Jordan Yamamoto,2 Tms,17585,4.0,7.0,0.0,19.0,19.0,91.1,9.262773851586417,4.237226336363999,1.4781022103595345,0.26180257510729615,0.64423077,0.334677419,0.133928571,91.49161881121348,5.124087662579719,4.8703334806054555,4.896071367820861,5.169318792847962,0.6782295033335686
458,Hunter Wood,TBR,15091,0.0,2.0,0.0,10.0,10.0,17.0,12.176463757423088,4.235291741712379,0.0,0.4583333333333333,0.76666667,0.456521739,0.0,94.03727309283089,3.176468806284284,2.8206841210632447,1.8789212123143613,3.027045816154065,0.676114596426487
459,Nick Margevicius,2 Tms,20395,4.0,10.0,0.0,22.0,22.0,97.0,7.144329826666352,3.3402061527271254,1.4845360678787225,0.31125827814569534,0.61912226,0.411575562,0.144144144,89.10796342329546,5.84536076727247,5.336755425506553,4.996037688892185,5.075510184755574,0.671847864985466
460,Jesse Chavez,3 Tms,5448,6.0,13.0,0.0,36.0,36.0,153.2,7.145335989090728,2.8698480611921773,1.6984815056035336,0.2866666666666667,0.68445476,0.390396659,0.156756756,91.8518275867809,5.271149500148898,5.440539590133761,5.109656421650436,4.83401859609148,0.6685105077922344
461,Jonathan Loáisiga,NYY,19753,2.0,2.0,0.0,11.0,11.0,38.1,10.330435639293142,3.9913046788178055,1.1739131408287662,0.3333333333333333,0.7755102,0.490384615,0.192307692,96.26128627232143,4.226087306983558,4.853229346511492,3.9926359716678004,3.578179956976073,0.6629610043019056
462,Eddie Butler,CHC,13453,4.0,3.0,0.0,11.0,11.0,51.1,5.084414954691434,4.733765647471335,0.5259739608301484,0.2716049382716049,0.75208914,0.444444444,0.055555555,93.40003699512535,3.857142379421088,5.850050922040702,4.48231485482313,5.5937862784185555,0.6621165871620178
463,Mason Miller,OAK,31757,0.0,3.0,0.0,6.0,6.0,24.1,9.986301891708473,4.0684933632886375,0.36986303302623974,0.26666666666666666,0.6993007,0.2,0.032258064,98.75590779958678,3.6986303302623975,3.6955374150622595,3.1728485743801285,4.744926918412512,0.6613273620605469
464,Roki Sasaki,LAD,35323,6.0,6.0,0.0,31.0,31.0,153.2,8.258134831911978,4.0997832498853795,1.6399132999541517,0.2679425837320574,0.76621924,0.414414414,0.162790697,97.43362066645133,4.626898239156357,4.758811076952787,5.1601934533251494,4.488678595319042,0.6592080891132355
465,Buck Farmer,2 Tms,14814,5.0,5.0,0.0,14.0,14.0,54.1,9.441718385254518,3.6441720083438494,1.4907976397770293,0.32894736842105265,0.60773481,0.33125,0.123287671,92.2154408406035,6.46012310570046,3.683364286251152,4.650957593877797,4.876883029326944,0.6544415131211281
466,Fernando Romero,MIN,15885,3.0,3.0,0.0,11.0,11.0,55.2,7.275448437038724,3.0718560067496834,0.9700597916051632,0.3176470588235294,0.70876289,0.462427745,0.111111111,95.49318372483222,4.688622326091623,4.636507256662725,4.346060209959235,4.547028131089268,0.6507328152656555
467,Roenis Elías,SEA,12673,1.0,1.0,0.0,4.0,4.0,15.1,8.80434417544482,2.93478139181494,0.0,0.3333333333333333,0.65,0.272727272,0.0,94.68208821614583,4.108693948540917,3.2949200809399195,2.1821711118368334,4.33645078134777,0.627957820892334
468,Diego Castillo,TBR,17496,0.0,1.0,0.0,17.0,17.0,24.1,10.356161677697148,0.7397258341212248,1.4794516682424497,0.3076923076923077,0.73529412,0.507246376,0.166666666,99.19966598105641,3.6986291706061243,2.653838779136603,3.2587700882670094,2.834015694775498,0.6270140446722507
469,Edinson Volquez,2 Tms,3990,4.0,9.0,0.0,21.0,21.0,101.2,7.70163838100266,5.577048482795029,0.9737703700118305,0.2912280701754386,0.70539419,0.45614035,0.12087912,93.62227281673934,4.868851850059153,5.704727164231493,4.805437371110294,5.011752450580122,0.6261638104915619
470,Ricky Nolasco,LAA,3830,6.0,15.0,0.0,33.0,33.0,181.0,7.110496638134982,2.883977657425377,1.7403313449980724,0.3102189781021898,0.75576037,0.40139616,0.15625,91.15211693548387,4.922651518708833,5.9866332480127165,5.102390911481554,4.789974423838686,0.6138995885848999
471,Alec Marsh,KCR,27451,9.0,16.0,0.0,33.0,33.0,163.1,8.981633142521387,3.2510205853298273,1.7632654022127876,0.29705215419501135,0.70910973,0.356837606,0.161616161,94.33435639880952,5.234694162819213,5.490370933759805,5.114209315596181,4.440867248953935,0.612917423248291
472,Jonah Tong,NYM,32157,3.0,4.0,0.0,8.0,8.0,34.1,10.485437281541445,3.9320389805780422,1.0485437281541445,0.35106382978723405,0.50632911,0.412371134,0.108108108,94.83200764728096,6.291262368924867,3.9928392619538644,3.6992441421541224,3.8303852682480746,0.6085522770881653
473,Brady Basso,OAK,25582,1.0,4.0,0.0,12.0,12.0,37.0,6.81081133745642,2.91891914462418,0.97297304820806,0.36153846153846153,0.69686411,0.428571428,0.083333333,92.28088618259804,5.594595027196345,4.0228201408489905,3.9979165892377493,4.553184508640999,0.6068987809121609
474,Junior Guerra,2 Tms,5702,7.0,13.0,0.0,41.0,41.0,200.0,8.325000635147143,4.410000336456324,1.575000120162973,0.29484902309058614,0.73255814,0.393162393,0.153508771,92.70554549448337,4.680000357055691,4.895484976311779,5.174586340076811,4.835067432658905,0.6057339403778315
475,Odrisamer Despaigne,3 Tms,16017,2.0,8.0,0.0,16.0,16.0,75.2,5.590308135183555,4.04405269353704,0.9515418102440094,0.3333333333333333,0.61769616,0.36121673,0.087912087,92.73562194824218,6.06607904030556,6.171436172264709,4.7673557161303535,5.568716195739995,0.6049572182819247
476,Devin Smeltzer,2 Tms,19487,6.0,4.0,0.0,20.0,20.0,101.2,5.665574443666517,2.3901642184218117,1.5049182115989186,0.2532894736842105,0.77620968,0.361904761,0.118055555,89.13518109873424,3.98360703070302,4.630102192603993,4.9225406504856615,5.073085419307898,0.6013174057006836
477,Drew Anderson,3 Tms,15130,1.0,5.0,0.0,13.0,13.0,58.2,7.977273073078202,3.988636536539101,1.0738636829143733,0.27672955974842767,0.78347578,0.475609756,0.118644067,94.5642741291303,3.681818341420709,4.407834687772829,4.364301678030052,4.359345386842699,0.6001155488193035
478,Glenn Otto Jr.,TEX,21366,7.0,13.0,0.0,33.0,33.0,159.0,7.6415099839631555,3.9622644361290438,1.3018868861566857,0.2813186813186813,0.67713445,0.433121019,0.136904761,92.5210368455994,5.320755099944716,4.991712047325931,4.9070479405517045,4.624644911389007,0.5982980336993933
479,Matt Cain,SFG,4732,3.0,11.0,0.0,23.0,23.0,119.1,5.50558717883096,3.3184361077885236,1.2067040391958268,0.32592592592592595,0.67995311,0.418491484,0.114285714,89.93870142886513,5.053073164132525,5.6334711681449345,4.808477858947047,5.152328860859809,0.5811536908149719
480,Mick Abel,2 Tms,27756,4.0,4.0,0.0,11.0,11.0,51.0,9.0,3.176470588235294,1.411764705882353,0.2971014492753623,0.78595318,0.347222222,0.126984126,95.97033623210545,4.235294117647059,4.901575274432019,4.455016485850016,4.309013914039322,0.5726557374000549
481,Nate Karns,2 Tms,12638,2.0,3.0,0.0,10.0,10.0,48.2,9.986300326172259,2.5890408253039188,1.6643833876953764,0.2833333333333333,0.88362069,0.5078125,0.191489361,93.11558293721762,3.1438352878690443,4.189850607814405,4.333505580759348,3.655930895771659,0.5716660916805267
482,Michael Kopech,CHW,17282,12.0,22.0,0.0,60.0,60.0,274.1,8.956257947030386,4.953827655683474,1.6075334776721206,0.24639769452449567,0.7840697,0.355405405,0.139204545,95.2924736007619,4.264884736681136,4.843414432307342,5.3744905199363115,5.077181567723538,0.5642756819725037
483,Drey Jameson,ARI,26260,3.0,1.0,0.0,7.0,7.0,33.0,8.727273231695536,3.8181820388667966,0.8181818654714564,0.29213483146067415,0.87939698,0.554347826,0.130434782,96.1064891700973,2.4545455964143694,4.927424241710107,3.7559446048338048,3.653076036493239,0.5632596202194691
484,Carlos Hernández,KCR,22713,5.0,6.0,0.0,25.0,25.0,103.1,6.358064359651028,4.4419353745507175,1.132258036650183,0.3069620253164557,0.68119891,0.40061162,0.102362204,96.69510226049516,5.487096639150887,5.454438746991152,4.98033434854362,5.406222263360096,0.5505030900239944
485,Connor Overton,2 Tms,18376,1.0,2.0,0.0,10.0,10.0,42.1,5.952756352518964,3.6141734997436568,1.0629922058069579,0.30708661417322836,0.62962963,0.393939393,0.098039215,91.71230834308155,5.7401579113575725,5.232367671128914,4.5758812778149744,4.949640952466178,0.5504190381616354
486,Parker Bridwell,LAA,11502,10.0,3.0,0.0,21.0,21.0,119.0,5.445378233084832,2.2689075971186803,1.6638655712203654,0.25761772853185594,0.77834179,0.381578947,0.140127388,92.65500911996384,4.159663928050914,5.63914992500856,5.208098995152106,5.147290793692707,0.5380995571613312
487,Ryan Merritt,CLE,13688,2.0,0.0,0.0,4.0,4.0,19.2,3.20338931271354,1.8305081786934516,0.0,0.33783783783783783,0.79310345,0.54054054,0.0,86.55774596497253,1.8305081786934516,4.495807936416946,3.0559447953975645,4.412661244805134,0.534693717956543
488,John Lackey,CHC,1507,12.0,11.0,0.0,30.0,30.0,169.2,7.85068809348524,2.8113950605048497,1.9096268335504638,0.2662473794549266,0.76576577,0.413518886,0.182741116,91.5074654571281,4.561886324592774,5.1505937495563305,5.320704656908374,4.627727253261956,0.5279788970947266
489,Kade Anderson,SEA,37238,2.0,2.0,0.0,6.0,6.0,32.1,7.793814739495296,2.2268042112843704,1.1134021056421852,0.2967032967032967,0.71856287,0.382978723,0.111111111,93.43380646658416,4.175257896158195,3.996975540584678,3.7133335464932444,3.7839563015856,0.5274356007575989
490,Félix Hernández,SEA,4772,15.0,26.0,0.0,59.0,59.0,308.1,7.530811307723508,3.152432640442399,1.7513514669124437,0.2924944812362031,0.66487936,0.470031545,0.191082802,90.45361023899922,5.458378738543783,5.713613832707741,5.312640753169946,4.584917004280518,0.5153958052396774
491,Beau Brieske,DET,26079,3.0,9.0,0.0,29.0,29.0,101.2,6.7278692100830595,3.275410010172016,1.3278689230427092,0.25752508361204013,0.74311927,0.376205787,0.108695652,94.7842308832356,4.160655958867156,5.11002579395023,4.668657037862394,4.769817693023926,0.510004285722971
492,Shaun Anderson,2 Tms,19453,3.0,6.0,0.0,18.0,18.0,88.0,6.0340905821274315,3.1704543736601756,1.3295453825026544,0.3400673400673401,0.6394453,0.421404682,0.149425287,92.40318588063687,5.931817860396458,6.288647704300575,4.949765157740024,4.936262198209045,0.5084798261523247
493,River Ryan,2 Tms,29514,1.0,0.0,0.0,5.0,5.0,23.1,8.100000441414993,3.857143067340473,0.38571430673404733,0.26229508196721313,0.8984375,0.467741935,0.04347826,96.3300421663033,1.157142920202142,3.8123812527415546,3.2001179713460757,4.133029085384229,0.5072394013404846
494,Adbert Alzolay,CHC,17859,5.0,15.0,0.0,27.0,27.0,130.0,9.276922532482292,3.2538459628855803,1.9384614246977923,0.2626865671641791,0.70336391,0.436619718,0.229508196,94.11323138297873,5.192307387583372,4.866386104105591,5.159816912021206,4.045507845318236,0.4940319210290909
495,Sawyer Gipson-Long,DET,26048,1.0,2.0,0.0,7.0,7.0,33.0,10.090909382528519,3.545454647915425,1.3636364030443944,0.27380952380952384,0.64705882,0.337078651,0.128205128,93.27543103448276,4.90909105095982,4.063697905226218,4.1168963716033025,4.047045441632101,0.4925717990845442
496,Fernando Cruz,CIN,7048,0.0,1.0,0.0,7.0,7.0,12.1,18.24324653477864,1.4594597227822912,1.4594597227822912,0.23529411764705882,0.64516129,0.315789473,0.222222222,94.76183728204258,2.9189194455645824,1.6615524340483634,1.9571973281431512,0.9536454979967015,0.4920087456703186
497,Brian Johnson,BOS,14272,6.0,5.0,0.0,25.0,25.0,110.2,7.237951100331222,3.4156623170102396,1.6265058652429711,0.3159420289855073,0.78472222,0.376731301,0.125786163,88.3571420972903,4.391565836156023,5.17498104851771,5.077511913307045,5.246955295427465,0.4916847050189972
498,Tanner Banks,2 Tms,16990,0.0,5.0,0.0,7.0,7.0,17.0,10.588236482085787,2.6470591205214467,0.5294118241042893,0.38461538461538464,0.56390977,0.326923076,0.047619047,93.08475730202414,6.882353713355761,4.0902627530861375,2.859464215365846,4.095076210419782,0.4866567805875093
499,Spencer Miles,TOR,31621,0.0,2.0,0.0,8.0,8.0,22.0,7.7727272727272725,2.0454545454545454,0.8181818181818182,0.34285714285714286,0.60283688,0.52112676,0.095238095,96.3957763671875,5.7272727272727275,3.347747430985723,3.231140457500111,3.4886566807600587,0.47502708435058594
500,Josh Fleming,2 Tms,20418,8.0,9.0,0.0,25.0,25.0,115.0,6.339130960475337,3.052174166154792,1.4869566450497707,0.32345013477088946,0.6496063,0.554404145,0.186274509,91.25182022586945,5.713043952033329,4.7763802966232936,4.96169403010842,4.348364085960257,0.47393278032541275
501,Sam Long,2 Tms,25379,2.0,4.0,0.0,12.0,12.0,35.2,8.32710317482918,2.0186916787464675,1.2616822992165422,0.3018867924528302,0.66666667,0.4,0.1,93.20124528791521,4.542056277179552,3.4581230548118653,3.8814706335761677,4.373197343625035,0.4737068675458431
502,Max Kranick,PIT,22175,2.0,3.0,0.0,9.0,9.0,38.2,7.448276351946887,4.422414083968464,0.9310345439933608,0.34959349593495936,0.65217391,0.330645161,0.074074074,94.30638976490826,6.284483171955186,4.607863741068479,4.644172150456529,5.763367607751122,0.46447861194610596
503,Touki Toussaint,4 Tms,16929,9.0,14.0,0.0,39.0,39.0,179.2,9.317253718988114,5.359925526514668,1.352504572111178,0.2782608695652174,0.68515498,0.471698113,0.178807947,93.72635223625242,5.410018288444712,5.410649618541578,5.224457231647387,4.710774388983346,0.45885996520519257
504,Tyler Holton,DET,26231,0.0,3.0,0.0,19.0,19.0,30.0,9.000001144409325,1.5000001907348874,1.5000001907348874,0.2597402597402597,0.83333333,0.487804878,0.178571428,92.00262633366371,3.3000004196167527,3.1120955380390702,3.9186283513658595,3.1726663117529887,0.45859809033572674
505,Tomoyuki Sugano,2 Tms,35321,22.0,21.0,0.0,58.0,58.0,304.2,5.819475030192871,2.1269147318471404,1.8905908727530139,0.2806652806652807,0.73610263,0.389597644,0.153846153,92.64496133207071,4.992341523363427,6.114338365395733,5.370498257208274,4.721990119074589,0.45607566833496094
506,Scott Alexander,2 Tms,10591,0.0,3.0,0.0,13.0,13.0,12.1,6.567570847348527,0.7297300941498364,0.0,0.3409090909090909,0.4375,0.581395348,0.0,,5.1081106590488545,3.3836125839241604,1.978489567550553,2.7687976519829007,0.4504539258778095
507,Chad Green,NYY,15552,0.0,1.0,0.0,16.0,16.0,21.1,14.765625880099886,3.796875226311399,1.687500100582844,0.37209302325581395,0.78740157,0.319148936,0.210526315,96.63439869600184,4.21875025145711,3.7365222178810806,3.91184985028746,3.2163988560931016,0.45006441324949265
508,Michael Grove,LAD,23221,2.0,5.0,0.0,20.0,20.0,83.1,9.180000140075686,2.592000039550782,1.9440000296630864,0.3551020408163265,0.65862709,0.399239543,0.174757281,94.48776545994718,6.048000092285157,4.614872206048118,4.979365025397248,4.118484738829718,0.44794278126209974
509,Pedro Avila,SDP,18864,1.0,3.0,0.0,8.0,8.0,35.0,9.257144370565856,5.400000882830083,0.7714286975471547,0.32,0.68100358,0.545454545,0.111111111,93.84198670240225,4.114286386918159,4.7090278233043215,4.439073233131232,4.670492231400286,0.4368996284902096
510,Anthony Molina,2 Tms,26952,2.0,3.0,0.0,7.0,7.0,31.1,8.617021626290732,2.5851064878872196,2.0106383794678377,0.29545454545454547,0.57228916,0.347368421,0.162790697,96.03334632286659,6.319149192613204,4.953768446690218,5.051839742100957,4.227709061533954,0.4328492358326912
511,Jack Dreyer,LAD,30249,0.0,1.0,0.0,7.0,7.0,10.1,8.709677687296642,1.7419355374593284,0.0,0.3225806451612903,0.41666667,0.387096774,0.0,93.43782784598214,6.096774381107649,3.006641833699243,1.7724860510472245,3.112014026805361,0.42895691096782684
512,Davis Daniel,2 Tms,27582,1.0,5.0,0.0,8.0,8.0,39.1,8.23728840188781,2.9745763673483756,1.372881400314635,0.35,0.63432836,0.357142857,0.107142857,91.06161489803625,6.177966301415857,4.973245687022699,4.379646991896782,4.559112401763002,0.4247826263308525
513,Nabil Crismatt,2 Tms,17732,2.0,0.0,0.0,6.0,6.0,29.0,6.517241379310345,2.1724137931034484,0.9310344827586207,0.2808988764044944,0.72327044,0.426966292,0.096774193,89.17016955389492,2.793103448275862,3.9699855708159855,3.8569254233919343,4.158047797453815,0.4241781458258629
514,Josh Winder,MIN,24606,4.0,5.0,0.0,11.0,11.0,53.0,6.962264150943396,2.207547169811321,1.3584905660377358,0.2848101265822785,0.71428571,0.325301204,0.103896103,94.2747218919837,4.415094339622642,4.936063530830199,4.489789492229246,4.6782507017535995,0.41750621795654297
515,Jackson Kent,WSN,35462,1.0,4.0,0.0,7.0,7.0,32.1,7.51546421308475,6.402062107442565,0.5567010528210926,0.32323232323232326,0.60885609,0.49,0.064516129,93.10494171626983,6.402062107442565,5.343080256854126,4.362818108117852,5.004388183810126,0.4160420298576355
516,Brennan Bernardino,2 Tms,16835,0.0,2.0,0.0,14.0,14.0,17.1,12.461541518305225,4.153847172768408,0.519230896596051,0.35,0.78125,0.55,0.1,90.16635131835938,3.1153853795763062,2.9001384792041915,3.258612289899402,3.4145422642444796,0.4103950634598732
517,Hurston Waldrep,ATL,33527,5.0,3.0,0.0,13.0,13.0,66.1,8.140704024756506,4.613065614028686,1.2211056037134758,0.29775280898876405,0.6935123,0.52688172,0.173076923,95.63046347128379,5.4271360165043365,4.412877639207071,4.896990024580006,4.33371479929582,0.4070857763290405
518,Austin Bibens-Dirkx,TEX,9559,4.0,3.0,0.0,12.0,12.0,68.1,5.399999497576505,2.370731486740904,1.7121949626462087,0.2619047619047619,0.78296703,0.37556561,0.154761904,90.0259017944336,4.214633754206052,5.43236737453357,5.4419554422596494,5.084684209371705,0.4057801365852356
519,Tanner Gordon,COL,27669,7.0,19.0,0.0,35.0,35.0,165.0,6.981818504648775,2.1272728256351736,2.0727273685676053,0.36823104693140796,0.61754685,0.362393162,0.157024793,92.3475759266775,7.363636704121755,5.447586995844219,5.406911574582708,4.646272983527365,0.40437233448028564
520,Jake Woodford,3 Tms,18674,4.0,11.0,0.0,25.0,25.0,110.1,5.791540952363863,2.7734139771883286,1.4682779879232328,0.31891891891891894,0.63660477,0.425974025,0.138461538,92.49103704627585,5.873111951692931,5.732637663391143,5.114210425612777,4.923416976047963,0.4036669200286269
521,Jason Alexander,2 Tms,19666,7.0,6.0,0.0,26.0,26.0,136.1,6.601467423663076,2.9046456664117533,1.4523228332058766,0.2971014492753623,0.7400722,0.480278422,0.169230769,91.99721917873475,4.488997848090892,4.88321216174411,4.897318744224725,4.244055956231268,0.4026517756283283
522,DL Hall,2 Tms,22207,1.0,2.0,0.0,12.0,12.0,45.2,9.459854541408486,5.321168179542273,0.9854015147300506,0.344,0.70833333,0.37007874,0.104166666,93.72012758926607,5.1240878765962625,4.8974421595961575,4.510486950910213,4.680083976444928,0.3994247391819954
523,Luis Cessa,2 Tms,13345,3.0,14.0,0.0,26.0,26.0,108.2,6.211656805147089,3.5613499016176644,1.573619723970596,0.31805157593123207,0.66050198,0.425824175,0.155737704,94.05350762038934,6.128834714411795,5.913397757128427,5.379996460627123,4.906664100429262,0.3940074220299721
524,Kendry Rojas,MIN,29423,0.0,0.0,0.0,4.0,4.0,12.1,10.216216479539007,5.1081082397695035,0.0,0.18518518518518517,0.76923077,0.32,0.0,95.91933371803977,2.1891892456155015,2.131638336596644,2.770452488452697,4.359833378269713,0.39097607135772705
525,Zack Thompson,STL,25918,3.0,6.0,0.0,12.0,12.0,60.2,8.456044177590993,3.2637363492456464,1.7802198268612617,0.30409356725146197,0.71629213,0.405555555,0.171428571,93.14818972903113,5.340659480583785,5.238766667400897,5.107323274507497,4.389988004952597,0.3875977545976639
526,Heath Fillmyer,KCR,17466,4.0,3.0,0.0,16.0,16.0,83.0,6.180723459700937,3.469879837025087,1.4096386837914416,0.2980392156862745,0.6835206,0.445692883,0.152941176,92.55601515294562,5.421687245351699,5.187492291889505,5.132033381092284,4.8564469300407715,0.38385455310344696
527,Paolo Espino,3 Tms,8246,5.0,14.0,0.0,42.0,42.0,185.2,7.2710952521975845,2.181328575659275,2.0359066706153235,0.30851063829787234,0.7371484,0.387096774,0.176470588,88.69985029378203,5.283662549930244,5.488567505126412,5.260623237321429,4.403762290124127,0.3824775703251362
528,Dillon Peters,3 Tms,18790,7.0,11.0,0.0,34.0,34.0,149.0,7.006711179557936,4.107382415602928,1.5100670645599,0.29955947136563876,0.68811881,0.455696202,0.159235668,91.11239994896783,5.375838749833244,5.5045416249255945,5.333389443433091,5.08968601169546,0.3819780796766281
529,Mitch Bratt,ARI,30003,1.0,3.0,0.0,10.0,10.0,44.0,6.136363636363637,5.5227272727272725,1.0227272727272727,0.26717557251908397,0.73770492,0.28030303,0.072463768,90.86942377034023,4.704545454545454,4.119072056613092,5.117504093863747,6.004852174933662,0.367268443107605
530,Sam Gaviglio,3 Tms,12778,6.0,15.0,0.0,37.0,37.0,189.2,6.785589116133122,2.8945520005882543,1.708260197068478,0.3005181347150259,0.71491615,0.494195688,0.186528497,88.27506836255391,5.029877246923852,5.101532679965036,5.178728543484647,4.440166889101131,0.36607716977596283
531,Sam Hentges,CLE,18548,0.0,4.0,0.0,12.0,12.0,41.0,7.902439759644277,5.926829819733207,0.8780488621826974,0.37404580152671757,0.56451613,0.443609022,0.083333333,94.37945188492064,7.902439759644277,5.859805777712068,4.657839138943278,5.455141214985461,0.36604228615760803
532,Kyle Cody,TEX,19686,1.0,1.0,0.0,5.0,5.0,18.1,5.890910112365395,4.909091760304496,0.4909091760304496,0.24528301886792453,0.84070796,0.444444444,0.045454545,94.164794921875,1.9636367041217984,3.632424615716,4.2277831314024175,5.83263055204673,0.3646777272224426
533,Vladimir Gutierrez,CIN,19278,10.0,12.0,0.0,30.0,30.0,149.0,7.006711409395973,4.10738255033557,1.6308724832214765,0.29345372460496616,0.73022312,0.409586056,0.139896373,93.27699579831933,5.436241610738255,4.866321901704009,5.525630704828556,5.354290276185778,0.36423319578170776
534,Jackson Jobe,DET,30203,6.0,4.0,0.0,18.0,18.0,89.2,8.230483504808944,4.115241752404472,1.4052045008210392,0.27125506072874495,0.78413284,0.447876447,0.142857142,97.11159409933943,4.115241752404472,4.542139494641849,4.890066262646911,4.530242971447691,0.3606026768684387
535,Francis Martes,HOU,17303,2.0,0.0,0.0,4.0,4.0,17.2,10.698111282544534,5.0943387059735885,0.5094338705973588,0.3333333333333333,0.7421875,0.418604651,0.083333333,95.31353503929641,4.07547096477887,6.014031831860656,3.553866038011813,4.026262684386094,0.35006070137023926
536,Yoendrys Gómez,CHW,22872,2.0,2.0,0.0,9.0,9.0,45.0,9.0,2.8,1.8,0.25833333333333336,0.6981982,0.362204724,0.157894736,94.01220910904256,4.6,4.117274671930853,4.868469651540121,4.221339450279872,0.3494003415107727
537,Casey Legumina,2 Tms,25921,0.0,0.0,0.0,7.0,7.0,11.1,5.558824620857585,2.382353408938965,0.0,0.24242424242424243,0.83333333,0.575757575,0.0,93.15229772348873,1.5882356059593101,2.640502680091966,2.9218673310457564,4.258320982170361,0.34678540006279945
538,Alec Asher,BAL,13560,1.0,4.0,0.0,6.0,6.0,29.2,6.6741587337019705,2.7303376637871697,1.5168542576595387,0.2857142857142857,0.55555556,0.44680851,0.138888888,91.15873209635417,6.977529585233878,4.456294660277719,5.078988420582617,5.046528641591221,0.3452789783477783
539,Alex Young,2 Tms,18333,7.0,11.0,0.0,25.0,25.0,116.0,7.913793888257609,3.2586210128119566,1.7844829355875,0.2890855457227139,0.68991098,0.431372549,0.178294573,90.35489456741898,4.8879315192179345,5.45058790202815,5.213290955546541,4.802025782904597,0.3406816143542528
540,Derek Holland,5 Tms,4141,16.0,31.0,0.0,70.0,70.0,361.0,8.202215589780245,4.337949886388336,1.745152253144733,0.296551724137931,0.7062635,0.383819379,0.167064439,91.62757748365402,5.36011049180168,5.546776075523419,5.444179252377744,4.967328504745137,0.33908254466950893
541,Anthony Banda,4 Tms,14706,1.0,5.0,0.0,9.0,9.0,27.1,7.573170043603491,3.2926826276536914,0.9878047882961074,0.37209302325581395,0.57077626,0.317647058,0.085714285,94.05923432682665,7.573170043603491,5.149652145177409,4.328703084516843,5.113283395134457,0.33267220109701157
542,Yovani Gallardo,2 Tms,8173,12.0,18.0,0.0,40.0,40.0,206.2,6.096775168856679,4.180645830073151,1.6112905803406936,0.29750778816199375,0.67704562,0.434977578,0.157446808,92.1950858126577,6.0532267747934165,5.949076755741218,5.583076467786919,5.218018712168966,0.3325498551130295
543,Eli Morgan,CLE,20203,5.0,8.0,0.0,19.0,19.0,92.1,8.382671941911275,2.3393503093705883,2.0469315206992644,0.2734375,0.703125,0.290441176,0.15,90.6401020794253,5.361011125640931,5.293016623058793,5.1717727594954646,4.877997221636548,0.3258627690374851
544,Taylor Hearn,TEX,18325,8.0,10.0,0.0,25.0,25.0,110.1,7.42296126175484,3.83383713519206,1.4682780517756826,0.3293768545994065,0.64599483,0.380681818,0.128571428,94.48742532169118,6.362538224361292,5.721097017276235,4.997370277496569,4.9345792594012,0.3254299461841583
545,Ryan Walker,SFG,20423,0.0,1.0,0.0,14.0,14.0,21.1,14.343752137385627,5.062500754371398,1.2656251885928496,0.3953488372093023,0.93959732,0.434782608,0.214285714,,2.1093753143214156,2.7268965875339664,3.860264172438356,3.1105256798236183,0.32157464139163494
546,Jarred Cosart,SDP,10304,0.0,2.0,0.0,6.0,6.0,23.1,5.785712709232682,6.1714268898481945,0.0,0.3333333333333333,0.69767442,0.5,0.0,,4.242855986770634,4.889341900007756,4.1862108425219,5.863370610276382,0.316620796918869
547,Chris Rodriguez,LAA,22310,0.0,1.0,0.0,2.0,2.0,10.0,8.1,3.6,0.0,0.3333333333333333,0.66666667,0.433333333,0.0,94.43270263671874,3.6,4.0111632405457085,2.8700341224670414,4.4579600363969805,0.29466384649276733
548,John Brebbia,SFG,12777,0.0,2.0,0.0,21.0,21.0,22.2,7.941177027448277,2.3823531082344833,1.1911765541172417,0.2459016393442623,1.0,0.34375,0.103448275,94.4063125238186,1.5882354054896555,3.9539165272019425,4.068185875215637,4.348441730809658,0.2893233187496662
549,Elieser Hernández,2 Tms,16933,7.0,18.0,0.0,49.0,49.0,229.2,8.934688200893547,2.429608194979824,2.2336720502233867,0.26461038961038963,0.77656676,0.331818181,0.172727272,90.9484939198621,4.66328024520321,4.189114062469858,5.459799836899326,4.752049137416827,0.28483524173498154
550,Kai-Wei Teng,2 Tms,24282,4.0,9.0,0.0,17.0,17.0,68.2,10.22330134950291,4.849514742712919,1.1796116941734127,0.35294117647058826,0.62610229,0.384615384,0.126760563,93.00503192833084,6.291262368924867,5.155301374887574,4.769469128185857,4.636041398423346,0.28391288593411446
551,Aaron Wilkerson,MIL,16904,1.0,1.0,0.0,3.0,3.0,14.1,6.279071160043929,2.511628464017572,0.627907116004393,0.21951219512195122,0.63492063,0.428571428,0.058823529,89.27759202860169,3.7674426960263574,3.2004066204140624,3.5074508932715127,4.656978581525866,0.27856189012527466
552,Bowden Francis,TOR,20548,7.0,12.0,0.0,27.0,27.0,141.0,8.106383198038282,2.553191558437254,2.0425532467498035,0.22888283378746593,0.78733766,0.341708542,0.169312169,92.74313838528414,4.340425649343333,4.2887134734063626,5.4075721699447055,4.503351098421933,0.27478939294815063
553,Chi Chi González,4 Tms,14663,3.0,14.0,0.0,39.0,39.0,178.1,5.450467532615463,3.381308561900333,1.7158879269344975,0.30122591943957966,0.66979522,0.407407407,0.170854271,92.10715795916919,6.308411496082711,6.666098472817057,5.725417263684929,5.2687876407663,0.27395397424697876
554,AJ Smith-Shawver,ATL,29960,4.0,4.0,0.0,20.0,20.0,92.2,7.8669067716803465,4.467626067867851,1.4568345873482123,0.27169811320754716,0.73043478,0.374100719,0.12605042,95.51148817274306,4.7589929853374935,5.130454461557259,5.099662272909623,5.007291378244223,0.26966459304094315
555,Lucas Sims,2 Tms,13470,4.0,7.0,0.0,14.0,14.0,68.0,7.41176491377676,3.3088236222217677,1.5882353386664485,0.305,0.6612529,0.341584158,0.14117647,91.9775866386218,5.955882519999182,4.439915122533343,5.1420441107194765,5.145693013823584,0.26637836173176765
556,Brant Hurter,DET,30133,1.0,1.0,0.0,5.0,5.0,12.0,9.000001430511702,4.500000715255851,0.0,0.2777777777777778,0.61111111,0.4,0.0,92.0605977376302,2.2500003576279255,4.113252369568083,3.1481960953171693,4.806026071277619,0.2626233547925949
557,Hayden Birdsong,SFG,31635,8.0,10.0,0.0,26.0,26.0,114.1,10.311953467454755,5.510204142914755,1.3381924347078689,0.28222996515679444,0.68783069,0.38,0.13076923,95.68236484046744,5.274052536789836,4.707323228459082,4.816682072703923,4.617752810411213,0.25629284977912903
558,Adam Plutko,2 Tms,15846,12.0,12.0,0.0,37.0,37.0,189.2,6.548331282246096,2.325132121956947,2.135325418123727,0.26902654867256637,0.73544974,0.282178217,0.148026315,91.1171235753945,5.26713603137186,5.04777885032183,5.691784596438165,5.5694347524678935,0.2547659669071436
559,Sean Reid-Foley,TOR,17034,4.0,7.0,0.0,13.0,13.0,58.0,9.620691553449609,5.741380443187669,1.3965519996942979,0.3057324840764331,0.69905213,0.403614457,0.136363636,93.55464700458533,4.500000887903849,4.450076682770432,5.1314938243048385,5.191574579714853,0.2407236434519291
560,Liam Hendriks,OAK,3548,0.0,1.0,0.0,10.0,10.0,10.2,7.593747736886818,4.218748742714899,0.0,0.2903225806451613,0.73333333,0.4,0.0,96.29639913268008,3.374998994171919,3.838378254775326,3.170477429018661,5.091842113759954,0.23842928186058998
561,Jeff Locke,MIA,2929,0.0,5.0,0.0,7.0,7.0,32.0,7.312497384847146,4.218748491257968,1.1249995976687917,0.35514018691588783,0.52529183,0.468468468,0.108108108,91.13458729619565,8.156247083098739,5.48251868337396,4.563889191299857,4.995633820081368,0.2380199283361435
562,Tanner Anderson,OAK,18029,0.0,3.0,0.0,5.0,5.0,22.1,7.253729278299907,2.820894719338853,1.6119398396222016,0.34210526315789475,0.66878981,0.531645569,0.19047619,92.4600605867347,6.044774398583256,5.863399342379813,4.870725421986381,4.412814665225317,0.23766709864139557
563,Robert Gsellman,NYM,13696,8.0,8.0,0.0,27.0,27.0,127.0,5.9527560843146645,3.3307087614617763,1.4173228772177773,0.3062645011600928,0.63333333,0.488584474,0.15625,93.58957782108124,5.527559221149331,5.342484964920041,5.207561531654253,4.967026271283736,0.23713070899248123
564,Tatsuya Imai,HOU,37124,6.0,4.0,0.0,15.0,15.0,58.2,11.045455742473575,6.136364301374208,1.3806819678091968,0.29285714285714287,0.68796069,0.435374149,0.157894736,94.95598323170732,5.8295460863054975,5.065517632263451,4.884549742370619,4.355268308361916,0.23712848126888275
565,Tyler Gilbert,2 Tms,17964,2.0,4.0,0.0,19.0,19.0,75.0,5.5200004255295125,2.640000203514115,1.440000111007699,0.22869955156950672,0.6980057,0.366812227,0.121212121,89.63600221227426,4.200000323772455,5.209091963226362,4.955531312239678,5.008259189927772,0.23319847509264946
566,Jared Shuster,2 Tms,27472,4.0,5.0,0.0,17.0,17.0,64.0,5.484375326894243,3.937500234693303,1.265625075437133,0.2961165048543689,0.65217391,0.368421052,0.094736842,91.82143223468272,6.046875360421858,5.098718511678953,5.254003394354377,5.845665693350739,0.23297082260251045
567,Chris Mazza,BOS,14151,1.0,2.0,0.0,6.0,6.0,23.1,7.714286765273879,3.8571433826369397,1.157143014791082,0.375,0.71428571,0.32,0.107142857,92.3806400022645,5.014286397428021,6.9693558143867085,4.691419519696945,5.3339290872655285,0.2313297837972641
568,Aríel Miranda,SEA,17526,8.0,7.0,0.0,30.0,30.0,163.0,7.730061349693251,3.644171779141104,1.9325153374233128,0.240990990990991,0.75609756,0.317021276,0.144628099,92.10955528846154,4.803680981595092,4.806353283111965,5.538093432912066,5.384488276762465,0.22720370441675186
569,Tyler Phillips,2 Tms,20629,9.0,7.0,0.0,28.0,28.0,125.1,6.606383146285583,3.087766035763914,1.6515957865713957,0.27371273712737126,0.74207493,0.470437017,0.171641791,95.90779681797446,4.8111703347949355,5.189654411788509,5.156877312677115,4.38557704853307,0.22288573533296585
570,Aaron Brooks,2 Tms,12272,5.0,10.0,0.0,22.0,22.0,103.2,5.990353624272072,2.9517684525398615,1.8231511030393264,0.3176470588235294,0.63300142,0.441011235,0.157894736,91.99907237685079,6.424437220233816,6.013362316668065,5.692821566713006,5.473353318869673,0.21644432097673416
571,Robert Stock,2 Tms,6576,1.0,5.0,0.0,10.0,10.0,39.0,8.76923076923077,5.538461538461538,1.1538461538461537,0.3559322033898305,0.68115942,0.383333333,0.106382978,95.88082627118644,6.461538461538462,5.584078076659157,5.060861839392246,5.277142977752747,0.2152794450521469
572,Mike Baumann,BAL,20206,0.0,1.0,0.0,4.0,4.0,18.1,4.909091249576308,1.4727273748728926,0.9818182499152617,0.375,0.6870229,0.56060606,0.105263157,95.69929584703948,5.400000374533939,4.239445834444484,3.930612876592593,4.046632085105364,0.2136789858341217
573,Jayson Aquino,BAL,13150,1.0,1.0,0.0,2.0,2.0,11.1,7.147060828225985,2.382353609408662,1.5882357396057745,0.2571428571428571,0.71428571,0.432432432,0.125,88.96341552734376,3.9705893490144364,2.8501343864085715,4.657640114952654,4.874778480288221,0.21353082358837128
574,Richard Fitts,BOS,30160,1.0,5.0,0.0,14.0,14.0,61.2,6.275675740377846,2.918918949012952,1.459459474506476,0.26737967914438504,0.76470588,0.416666666,0.133333333,95.40320428527228,3.7945946337168373,5.128216244895419,4.9294244148970385,4.681940974817005,0.21188661456108093
575,Tejay Antone,CIN,16233,0.0,2.0,0.0,5.0,5.0,18.1,10.309092696639443,4.909091760304496,1.4727275280913488,0.2682926829268293,0.86538462,0.59090909,0.214285714,94.14217267717633,3.436364232213147,3.5936636795358403,4.834723714187691,4.179956906130113,0.20908599346876144
576,Blade Tidwell,2 Tms,31701,1.0,3.0,0.0,11.0,11.0,52.0,7.269231302498399,4.153846458570514,1.3846154861901714,0.27702702702702703,0.67846608,0.367741935,0.115942028,95.02754508674919,5.5384619447606855,4.70941334979957,5.21585331508123,5.223850094603064,0.20662593096494675
577,Casey Kelly,SFG,9174,0.0,2.0,0.0,3.0,3.0,15.1,5.282609790845496,0.5869566434272773,1.1739132868545545,0.3508771929824561,0.79207921,0.423728813,0.095238095,91.09697033110119,2.9347832171363866,4.287768351681533,3.87782302885293,4.444165563256116,0.20647691190242767
578,Konnor Pilkington,CLE,21453,1.0,2.0,0.0,11.0,11.0,51.0,7.764706463137343,4.94117684017831,1.0588236086096376,0.2980132450331126,0.70247934,0.391025641,0.098360655,92.1626826471843,4.411765035873491,4.852298560205841,4.681058569973782,4.922284737849515,0.20519529283046722
579,A.J. Griffin,TEX,11132,6.0,6.0,0.0,15.0,15.0,72.0,7.250000768237725,3.3750003576279064,2.2500002384186044,0.24878048780487805,0.73529412,0.27027027,0.136363636,87.58593162593985,5.500000582801033,4.708041480657847,6.088195560302296,6.099340442930407,0.20509225130081177
580,Matt Andriese,3 Tms,12022,5.0,7.0,0.0,23.0,23.0,98.0,8.265306112394885,3.2142857103757887,1.8367346916433078,0.30141843971631205,0.72033898,0.448160535,0.196078431,92.15241264447774,5.142857136601262,5.338257595286791,5.230022595351736,4.411499707408413,0.20446499437093735
581,Angel Zerpa,KCR,22717,1.0,4.0,0.0,8.0,8.0,28.2,6.593023402037142,2.8255814580159178,1.255813981340408,0.27058823529411763,0.74850299,0.48275862,0.153846153,94.4620655875894,3.4534884486861217,5.577764733234333,4.7917267835237025,4.424706104972546,0.20267831534147263
582,Jefry Rodriguez,2 Tms,17018,3.0,7.0,0.0,17.0,17.0,86.1,6.776060977648763,5.212354598191356,1.2509651035659255,0.2766798418972332,0.66835871,0.453846153,0.133333333,94.90552670487733,5.420848782119011,5.619022571157335,5.330832618376143,5.4164068194214945,0.2006482109427452
583,Matt Wilkinson,SFG,33760,0.0,3.0,0.0,5.0,5.0,19.2,6.406779868134963,1.8305085337528466,1.8305085337528466,0.25,0.57471264,0.269841269,0.111111111,90.258364230226,4.576271334382117,3.8574548940749818,4.925285354889321,5.0413939514319255,0.20053377747535706
584,Jackson Rutledge,WSN,26215,1.0,1.0,0.0,5.0,5.0,24.2,6.567567736846505,2.918918994154002,1.459459497077001,0.3026315789473684,0.63694268,0.275,0.102564102,95.76473594573606,6.2027028625772545,5.725114451682721,5.1031505697268615,5.586205109737379,0.1961430311203003
585,Charlie Barnes,MIN,19865,0.0,3.0,0.0,8.0,8.0,33.1,4.5900001750946124,3.780000144195562,0.810000030899049,0.31896551724137934,0.63197026,0.405172413,0.063829787,89.91538943225191,5.9400002265930265,5.789655759073119,4.940034189987186,6.257784838745621,0.19225971400737762
586,Noah Schultz,CHW,32056,3.0,8.0,0.0,14.0,14.0,60.1,8.204420581157585,4.6243097821070025,1.3425415496439685,0.29411764705882354,0.62796209,0.337142857,0.116883116,95.298234375,6.414365181632294,6.102684204428674,5.1003018520861065,5.085489287461165,0.1906333714723587
587,Valente Bellozo,MIA,23899,3.0,7.0,0.0,19.0,19.0,93.2,5.957295656720563,3.074733242178355,1.7295374487253246,0.256140350877193,0.83497053,0.295681063,0.114649681,89.63132492434823,3.6512457250867962,4.8606817136721885,5.4855163321531455,5.534355011908614,0.18810362368822098
588,Yilber Díaz,ARI,29271,1.0,1.0,0.0,4.0,4.0,20.0,6.3,3.6,0.9,0.2711864406779661,0.73275862,0.35,0.09090909,95.79669093586388,4.05,4.393790359727165,4.266479778289796,4.629689025133848,0.1871393769979477
589,Coleman Crow,MIL,27926,0.0,1.0,0.0,4.0,4.0,16.2,5.40000020599366,2.70000010299683,1.080000041198732,0.3103448275862069,0.56034483,0.366666666,0.076923076,91.33910228587963,5.9400002265930265,5.791251241451064,4.5347768760681175,5.3270605625904555,0.1827314794063568
590,Cody Reed,CIN,15232,1.0,3.0,0.0,8.0,8.0,33.1,9.449998197555885,4.589999124527145,1.6199996910095804,0.34375,0.66532258,0.64,0.352941176,92.74772013040413,6.209998815536725,4.77563140686995,5.110263690980508,3.620219147275673,0.18131574988365173
591,Erik Miller,2 Tms,26252,0.0,0.0,0.0,11.0,11.0,11.2,10.02857197508523,4.628571680808568,0.7714286134680947,0.3076923076923077,0.88235294,0.538461538,0.1,97.289208984375,0.7714286134680947,2.2612697725290403,3.588905262125587,3.7706267630759367,0.18128082156181335
592,Chris Ellis,BAL,16125,0.0,0.0,0.0,8.0,8.0,29.2,5.460674449871066,5.76404525264168,0.9101124083118444,0.22988505747126436,0.80882353,0.314606741,0.081081081,93.61659071180556,3.6404496332473775,6.429889100243034,5.48746300488105,6.325488951037464,0.17986997961997986
593,Mason Adams,COL,31663,0.0,2.0,0.0,6.0,6.0,29.0,9.620689655172415,3.7241379310344827,1.8620689655172413,0.33783783783783783,0.75842697,0.4,0.206896551,93.16977572278911,4.0344827586206895,5.0729662162868205,4.991328545274406,3.809547511513891,0.17907603085041046
594,Jordan Wicks,CHC,30094,6.0,7.0,0.0,19.0,19.0,83.2,7.529880964453862,3.3346615699724245,1.613545920954399,0.31800766283524906,0.66666667,0.426470588,0.159574468,92.5937551218313,5.916335043499463,4.781497790112126,5.07424063319762,4.4942887211227145,0.1781785562634468
595,Caleb Kilian,CHC,26213,0.0,3.0,0.0,5.0,5.0,19.2,7.779661268449598,7.3220341350113864,0.0,0.38095238095238093,0.48837209,0.475409836,0.0,94.42740384615385,9.152542668764234,5.508130443880337,4.319834855810235,5.926203578643852,0.17400653520599008
596,Peyton Battenfield,CLE,25777,0.0,5.0,0.0,6.0,6.0,32.2,6.887755638259237,2.2040818042429557,1.653061353182217,0.2631578947368421,0.65359477,0.425742574,0.146341463,91.13294387612108,4.683673834016281,5.691260800084819,4.846877218116983,4.53424725230767,0.17318785190582275
597,Artie Lewicki,DET,16731,0.0,3.0,0.0,4.0,4.0,18.1,4.90908920666462,3.9272713653316966,0.9818178413329242,0.3880597014925373,0.64327485,0.426470588,0.1,91.689453125,6.381815968664006,6.899019529321231,4.959669529572243,5.4126264981764285,0.17269933846546337
598,Chase Dollander,COL,33482,3.0,13.0,0.0,24.0,24.0,111.2,7.576119963743065,4.594030190780369,1.6119404178176733,0.29721362229102166,0.64900662,0.431085043,0.152671755,98.044261706581,6.125373587707159,5.158513773413847,5.467510403369634,4.94327041766542,0.1699955202639103
599,Cody Poteet,2 Tms,18769,5.0,4.0,0.0,13.0,13.0,59.1,7.5842700692653695,4.0955058374033,1.516854013853074,0.2229299363057325,0.76271186,0.406060606,0.153846153,93.6374725656411,4.0955058374033,4.917792531620242,5.082681442066147,4.715010543808686,0.16424293676391244
600,Andrew Kittredge,TBR,12828,0.0,1.0,0.0,15.0,15.0,25.2,10.519485091768983,2.4545465214127624,2.1038970183537966,0.34285714285714286,0.6993007,0.460526315,0.315789473,94.00555223034274,5.2597425458844915,4.924261044376952,4.707038241948297,2.982821503722953,0.1611335459165275
601,PJ Poulin,WSN,23394,0.0,0.0,0.0,11.0,11.0,15.0,6.6000008392335054,2.40000030517582,1.20000015258791,0.225,0.98484848,0.428571428,0.117647058,90.08297690862342,1.800000228881865,4.033151458752232,4.361443648868158,4.3370343362380686,0.1600107103586197
602,Reiver Sanmartin,CIN,19754,2.0,4.0,0.0,6.0,6.0,23.0,7.434783225248853,4.30434818303881,1.5652175211050217,0.425,0.50691244,0.44047619,0.166666666,89.63450985863095,10.565218267458896,6.11572005964296,5.185128407146318,4.604814691366954,0.15967947244644165
603,Humberto Castellanos,ARI,21183,5.0,3.0,0.0,16.0,16.0,75.1,5.853982399695445,2.3893805713042635,1.5530973713477711,0.3,0.68627451,0.364,0.13,90.06676277281746,5.615044342565019,4.800512428867848,5.07648200084131,4.9716227818612175,0.1540210209786892
604,Luis Morales,ATH,32227,4.0,5.0,0.0,11.0,11.0,54.0,8.000000423855274,4.166666887424622,2.0000001059638186,0.2482758620689655,0.82474227,0.343949044,0.164383561,97.1788758395011,4.333333562921607,5.23279414000364,5.740766648251524,4.92667387063568,0.1532876193523407
605,Eric Skoglund,KCR,16155,2.0,11.0,0.0,22.0,22.0,98.0,5.693878105112787,3.214286027079799,1.5612246417244737,0.30158730158730157,0.62211982,0.398176291,0.129770992,91.189826175191,6.5204087977904495,6.359459255294733,5.444290574390147,5.5167759020181295,0.15298953652381897
606,AJ Blubaugh,HOU,31764,0.0,1.0,0.0,3.0,3.0,11.0,12.272727272727273,4.909090909090909,1.6363636363636365,0.25,0.625,0.269230769,0.153846153,93.82820277931415,1.6363636363636365,3.7081077793105224,4.40786359093406,3.86628278114579,0.15210258960723877
607,Tyler Pill,NYM,12751,0.0,2.0,0.0,3.0,3.0,16.1,7.714287215697467,3.3061230924417715,1.102041030813924,0.3269230769230769,0.60344828,0.450980392,0.166666666,89.99008283943965,4.9591846386626575,4.4144100870699745,4.320905226739676,4.035946533788339,0.14879746735095978
608,Tyler Beede,2 Tms,16981,5.0,13.0,0.0,29.0,29.0,135.1,8.51231481105062,3.8571426487573124,1.6625614865333243,0.31565656565656564,0.69060773,0.443645083,0.176056338,94.30549505825701,5.719211513674636,5.195666365394225,5.172621874200584,4.76441591962713,0.14750263094902039
609,Jalen Beeks,3 Tms,17192,0.0,5.0,0.0,21.0,21.0,47.1,9.126759705243742,3.9929573710441373,1.7112674447332017,0.3333333333333333,0.71865443,0.390410958,0.157894736,93.86447462395056,5.894365642969917,4.29491465036488,5.094532943857924,4.657145677532959,0.1461147964000702
610,Joey Estes,OAK,26257,7.0,12.0,0.0,29.0,29.0,146.1,6.642369424533939,2.0911163003162403,1.9681094591211672,0.28444444444444444,0.67401961,0.246346555,0.120754716,92.6126478759561,5.842824956765965,4.828337149665836,5.519706495794173,5.438800718891067,0.1453502830117941
611,Austin Cox,2 Tms,24604,0.0,1.0,0.0,4.0,4.0,10.2,7.5937511527737955,5.062500768515863,0.8437501280859773,0.4,0.66326531,0.361111111,0.083333333,91.01133849557522,6.750001024687818,6.6427077003922825,4.470043546559439,5.111314367101812,0.141812764108181
612,Edwin Jackson,4 Tms,1841,13.0,18.0,0.0,43.0,43.0,218.1,7.048855618668709,3.54503849827783,1.937404760686721,0.2883156297420334,0.67124333,0.389610389,0.167857142,93.75222323803192,5.523664636851502,5.644907383929604,5.65554518014479,5.143412045534525,0.13755061104893684
613,José De León,3 Tms,15463,1.0,1.0,0.0,4.0,4.0,18.0,14.00000074174673,4.000000211927637,2.5000001324547734,0.3684210526315789,0.8,0.302325581,0.227272727,93.03516673456672,5.500000291400501,3.522829108158202,4.999887578740932,3.4277737828186634,0.13648658990859985
614,César Valdez,2 Tms,9013,1.0,1.0,0.0,4.0,4.0,15.1,6.456523077700051,3.521739860563664,1.1739132868545545,0.39622641509433965,0.45801527,0.472727272,0.2,88.78259037990196,9.391306294836436,6.791307548520346,4.592422600369434,4.0568613799699875,0.13407822139561176
615,Shelby Miller,3 Tms,10197,3.0,9.0,0.0,17.0,17.0,67.1,8.019803494709032,5.613862446296323,1.4702973073633228,0.3395348837209302,0.57726465,0.419642857,0.1375,94.65265160466711,8.019803494709032,6.270081042768098,5.486245960200437,5.573833564792798,0.13322418928146362
616,David Paulino,HOU,17418,2.0,0.0,0.0,6.0,6.0,29.0,10.551724137931034,2.1724137931034484,2.4827586206896552,0.35443037974683544,0.6918239,0.301204819,0.19047619,92.78875581095042,6.517241379310345,5.284417732621359,5.123156935593178,4.113152265137639,0.13249781727790833
617,Chris O'Grady,MIA,13818,2.0,1.0,0.0,6.0,6.0,26.1,8.886077022078915,5.12658289735322,1.3670887726275254,0.30985915492957744,0.71428571,0.293333333,0.117647058,87.68918391047298,5.4683550905101015,6.231491369653474,4.9804247243839015,5.3024278328132795,0.13147608935832977
618,Kohl Stewart,2 Tms,15502,2.0,3.0,0.0,9.0,9.0,41.0,5.268291947672967,4.170731125241099,1.0975608224318683,0.35,0.68571429,0.545454545,0.131578947,93.08574750346523,6.146340605618462,5.504984404861746,5.276640232900597,5.342861922777173,0.13001540303230286
619,Aaron Slegers,2 Tms,15231,1.0,2.0,0.0,6.0,6.0,26.0,5.538463569957869,2.0769238387342006,1.730769865611834,0.19736842105263158,0.55,0.425,0.161290322,90.88037109375,5.192309596835502,5.863302359997417,5.240547853363795,4.819975664084206,0.12881383765488863
620,Riley Smith,ARI,19826,1.0,4.0,0.0,6.0,6.0,25.0,2.88,2.16,1.08,0.35714285714285715,0.55276382,0.44,0.088235294,92.69877624511719,7.92,7.32283994626041,4.810034122467041,5.6495666146278385,0.12756626307964325
621,Keaton Winn,SFG,23499,4.0,11.0,0.0,17.0,17.0,80.2,8.033058104493263,2.6776860348310874,1.5619835203181345,0.28888888888888886,0.54704595,0.517094017,0.197183098,96.07884134992163,6.805785338529014,5.367795498283752,4.855449268867216,3.9686163957652503,0.12755551934242249
622,Ryan Johnson,LAA,35325,5.0,9.0,0.0,18.0,18.0,90.0,7.3,3.6,1.6,0.25691699604743085,0.73558648,0.34082397,0.123076923,,4.4,4.733328177397383,5.183665710025364,5.050595021413432,0.12660802900791168
623,Kenny Rosenberg,LAA,20009,2.0,2.0,0.0,5.0,5.0,24.0,5.625000223517427,3.375000134110456,1.5000000596046472,0.29333333333333333,0.85034014,0.417721518,0.121212121,90.5260832711552,3.7500001490116177,4.293407576657764,5.256677432572715,5.264483501479642,0.12276006862521172
624,George Klassen,LAA,33464,2.0,2.0,0.0,6.0,6.0,27.0,8.0,7.0,0.6666666666666666,0.2727272727272727,0.75829384,0.519480519,0.08,96.56500244140625,3.6666666666666665,5.602912039660691,4.7244064507661045,5.1576232458154365,0.12209829688072205
625,Tristan Beck,SFG,21584,0.0,1.0,0.0,5.0,5.0,19.0,5.684210811625571,1.8947369372085239,1.4210527029063929,0.3582089552238806,0.63432836,0.328571428,0.096774193,94.37790625,6.6315792802298335,5.851669974586151,4.638516510585792,5.207887653992542,0.11854341626167297
626,Mitch Farris,LAA,33628,1.0,3.0,0.0,5.0,5.0,24.1,8.876712792629753,4.0684933632886375,1.479452132104959,0.29850746268656714,0.55921053,0.214285714,0.117647058,90.47607905321782,6.657534594472315,5.616476039849566,4.7789720205456305,4.796196817460022,0.11800458282232285
627,Sean Nolin,WSN,11341,0.0,2.0,0.0,5.0,5.0,17.2,8.150943689560213,2.0377359223900533,2.0377359223900533,0.39285714285714285,0.79545455,0.310344827,0.210526315,90.71900950611888,5.6037737865726465,4.466148424940583,5.320977596100986,4.2751028644163656,0.11489289253950119
628,Jimmy Lambert,CHW,19541,1.0,3.0,0.0,6.0,6.0,19.1,6.517241807953526,3.7241381759734433,1.3965518159900412,0.2833333333333333,0.80645161,0.333333333,0.1,93.62703190293423,4.189655447970124,5.335030786236568,5.120085223221133,5.71164912099125,0.11148015316575766
629,Allan Winans,2 Tms,21238,1.0,5.0,0.0,9.0,9.0,44.1,7.917293630478475,2.4360903478395306,1.827067760879648,0.34306569343065696,0.58922559,0.458904109,0.166666666,90.03338972929936,7.308271043518592,4.743014072931245,5.190411542194219,4.515665812730993,0.10966917872428894
630,Luinder Avila,KCR,24452,5.0,3.0,0.0,12.0,12.0,51.2,7.838710063255559,5.748387379720744,1.2193548987286424,0.3103448275862069,0.66062176,0.466666666,0.129629629,95.94755932800751,6.270968050604448,5.262134833420216,5.146389825346572,4.9610711740431,0.10665751993656158
631,A.J. Alexy,TEX,22343,3.0,1.0,0.0,4.0,4.0,19.1,6.517241807953526,6.051724535956845,0.9310345439933608,0.14583333333333334,0.83333333,0.229166666,0.08,93.41262548575129,2.7931036319800824,6.36889612245909,5.083827351786727,6.0205025770849,0.10603184998035431
632,Landon Knack,LAD,27487,5.0,7.0,0.0,19.0,19.0,88.1,8.864151453797046,3.362264344543707,2.0377359663901258,0.24242424242424243,0.82352941,0.290836653,0.166666666,93.31542560146444,4.1773587310997575,5.11859045504481,5.385432251458752,4.51055791219922,0.10506066679954529
633,Tommy Henry,ARI,26285,9.0,11.0,0.0,32.0,32.0,166.2,6.804000103820802,3.726000056854249,1.5120000230712893,0.2917505030181087,0.7424812,0.391554702,0.129629629,90.89085041876453,4.968000075805665,4.730929313998522,5.2918209200749295,5.157102755959508,0.10433806478977203
634,Daniel Castano,MIA,19805,1.0,6.0,0.0,17.0,17.0,72.1,4.728110806869947,3.1105992150460176,1.3686636546202477,0.2975206611570248,0.73221757,0.441767068,0.144736842,90.62705409163135,4.4792628696662655,5.623172052873783,5.239272312507002,5.047130517021014,0.10341349057853222
635,Dylan Covey,2 Tms,14825,5.0,27.0,0.0,46.0,46.0,218.0,6.357797666239101,4.128440043012404,1.6926604176350855,0.30979827089337175,0.58687003,0.494475138,0.188940092,93.48731936856208,6.935779272260838,6.120210008809458,5.62155340086939,4.947258750252549,0.09435591101646423
636,Keegan Thompson,CHC,19795,6.0,6.0,0.0,23.0,23.0,94.2,7.605634313612542,3.802817156806271,1.5211268627225085,0.30985915492957744,0.71539658,0.372483221,0.132231404,93.34074501129518,4.943662303848153,5.3718448464638735,5.118848575497813,4.867826377860661,0.09376095235347748
637,Craig Stammen,SDP,7274,0.0,1.0,0.0,5.0,5.0,11.0,6.545454545454546,4.909090909090909,0.8181818181818182,0.45,0.63559322,0.609756097,0.166666666,,8.181818181818182,4.901818255787048,4.517960544065996,4.195251623066989,0.0908786803483963
638,Kyle Muller,2 Tms,20167,4.0,10.0,0.0,24.0,24.0,108.0,7.833333610016632,4.916666840329588,1.4166667167051357,0.3292307692307692,0.65773447,0.413690476,0.144067796,93.52230555189674,6.666666902141815,6.39097098023792,5.2940150845733225,5.076627166238549,0.09087135083973408
639,Darius Vines,ATL,25928,1.0,1.0,0.0,4.0,4.0,21.2,6.646154041177428,2.4923077654415353,1.661538510294357,0.23809523809523808,0.78431373,0.402985074,0.121212121,90.55521240234376,3.7384616481623034,4.7110808602111485,5.107836464848348,5.134688820043609,0.09044734761118889
640,Elmer Rodríguez,NYY,31811,0.0,3.0,0.0,6.0,6.0,26.2,7.087500675916736,5.40000051498418,0.6750000643730225,0.2962962962962963,0.70135747,0.481481481,0.068965517,95.66469504616477,5.40000051498418,5.546638354991481,4.85727698922159,5.522090178408556,0.08993495255708694
641,Cesar Perdomo,SFG,30334,0.0,1.0,0.0,4.0,4.0,20.2,4.3548392455610765,2.6129035473366455,1.3064517736683228,0.3,0.81395349,0.422535211,0.115384615,92.89515269886364,3.9193553210049688,4.473114892706034,4.885099622089362,4.895005797743133,0.0887494906783104
642,Josh James,HOU,16794,2.0,0.0,0.0,6.0,6.0,22.1,11.686568827638887,6.850747243788312,1.6119405279501913,0.2391304347826087,0.80985915,0.44,0.181818181,96.56659032428075,4.432836451863026,5.016251907079638,5.454738066702671,4.830400186772648,0.08072994649410248
643,Zac Lowther,BAL,20243,1.0,3.0,0.0,6.0,6.0,23.2,8.366197407848665,4.183098703924332,1.9014085017837874,0.35714285714285715,0.63888889,0.453333333,0.2,90.31790453767124,7.225352306778392,6.814094955129331,5.705245458178758,4.8225293710029025,0.07619165629148483
644,Tim Adleman,CIN,10968,5.0,9.0,0.0,20.0,20.0,105.1,7.94620291534631,3.7594938524219104,2.0506330104119512,0.2920962199312715,0.72347267,0.355048859,0.177777777,90.36229152628033,5.46835469443187,5.14328801997418,5.7494119712623055,5.067185834152754,0.07435644418001175
645,Colton Gordon,HOU,31312,4.0,4.0,0.0,15.0,15.0,73.2,8.063348485880619,1.5882353078249702,2.321266988359572,0.3406113537117904,0.75231481,0.308943089,0.18095238,90.98722845201748,5.619909550765279,4.63690897334127,5.345797177146638,4.188059187598907,0.07244069874286652
646,Jesse Scholtens,2 Tms,19205,0.0,8.0,0.0,13.0,13.0,64.0,6.750000402331376,3.093750184401881,1.8281251089647477,0.33170731707317075,0.70615034,0.422018348,0.15116279,93.0068954839939,5.9062503520399545,5.094859980822317,5.541664615176844,5.09090777933393,0.07066328823566437
647,Hogan Harris,OAK,21520,3.0,8.0,0.0,15.0,15.0,75.2,7.017621381234371,4.0440529993554,1.5462555585770648,0.30973451327433627,0.72144289,0.360169491,0.12745098,92.75268519356005,4.757709411006353,5.80889171288326,5.263265982280386,5.1539265701931445,0.0705406442284584
648,Miguel Díaz,2 Tms,18815,0.0,0.0,0.0,8.0,8.0,15.2,8.617025560361299,6.319152077598286,1.1489367413815066,0.2727272727272727,0.85585586,0.488888888,0.166666666,95.70683271806318,3.4468102241445195,5.935813721314337,5.031311309342741,4.716367205084579,0.061218343675136566
649,Mike Mayers,2 Tms,15451,0.0,2.0,0.0,7.0,7.0,28.0,7.392857646455605,2.8928573399174105,1.9285715599449402,0.3333333333333333,0.66473988,0.471910112,0.2,93.922607421875,5.785714679834821,5.3837796043026485,5.2763514505465565,4.179096965415941,0.05521756783127785
650,Connor Phillips,CIN,27649,1.0,1.0,0.0,5.0,5.0,20.2,11.322580993485635,5.661290496742818,2.1774194218241605,0.2549019607843137,0.64,0.339285714,0.178571428,96.39522011151452,6.9677421498373135,4.532908494459405,5.916330763948823,5.011194402745587,0.050626885145902634
651,Andrew Albers,2 Tms,7853,5.0,3.0,0.0,9.0,9.0,43.2,6.3893134887524115,2.6793895275413337,2.0610688673394875,0.3006993006993007,0.72222222,0.335526315,0.178571428,88.28057861328125,4.740458394880822,5.970583560311382,5.748926877551513,5.047752301957548,0.04349249601364136
652,Tony Santillan,CIN,19926,1.0,2.0,0.0,5.0,5.0,17.2,10.188679611950267,5.6037737865726465,1.52830194179254,0.30612244897959184,0.86330935,0.326530612,0.136363636,94.79108998967313,3.566037864182593,5.703080897683255,5.490587733666532,5.465886585490073,0.03574418183416128
653,Caleb Ferguson,2 Tms,19349,0.0,4.0,0.0,15.0,15.0,25.1,8.526312847217719,4.973682494210336,1.421052141202953,0.29577464788732394,0.68681319,0.418918918,0.16,93.92560542395356,5.684208564811812,5.2877926260014965,5.360554199979741,5.0154783686396955,0.03295166417956352
654,Cody Morris,CLE,25388,1.0,2.0,0.0,5.0,5.0,20.2,8.709677687296642,4.7903227280131535,1.3064516530944963,0.2909090909090909,0.89147287,0.362068965,0.136363636,94.70326360887097,2.1774194218241605,4.521770216758741,4.660818146071501,4.3495984697431895,0.03064602240920067
655,Matt Peacock,ARI,20339,1.0,5.0,0.0,8.0,8.0,34.0,6.352941176470588,3.176470588235294,1.588235294117647,0.34513274336283184,0.74074074,0.584745762,0.206896551,93.18545532226562,5.294117647058823,5.213847216563478,5.111210593055277,4.321990053969271,0.027506744489073753
656,Andre Jackson,PIT,21298,1.0,3.0,0.0,7.0,7.0,27.0,8.333333922021225,5.666667066974433,1.333333427523396,0.22388059701492538,0.67901235,0.323943661,0.137931034,94.43898292824075,5.333333710093584,6.9748978125284795,5.440225699049303,5.290122016762392,0.02547546662390232
657,Hector Velázquez,BOS,19341,3.0,6.0,0.0,19.0,19.0,66.2,6.750000450611145,4.050000270366687,1.6200001081466746,0.3096446700507614,0.69506726,0.408653846,0.153846153,91.30247630442943,5.265000351476693,6.2007147834487135,5.502512178569688,5.279251437407266,0.023134563118219376
658,Adam Conley,MIA,14457,7.0,7.0,0.0,20.0,20.0,100.2,6.34768179848365,3.7549666976945537,1.6092714418690945,0.2974683544303797,0.64801178,0.398753894,0.135338345,90.001250574977,6.168873860498195,5.617528758798913,5.531811759687408,5.557453193125296,0.021447546780109406
659,Hyeon-Jong Yang,TEX,27513,0.0,3.0,0.0,4.0,4.0,15.0,8.400000534057652,5.400000343322776,1.8000001144409252,0.34146341463414637,0.59633028,0.441860465,0.214285714,89.54059952445652,6.600000419616726,5.4372052012601335,5.70336761686538,4.750105541074843,0.02044389769434929
660,Chase Silseth,LAA,30074,4.0,5.0,0.0,17.0,17.0,73.2,10.01809989335763,3.6651584975698652,2.0769231486229236,0.2857142857142857,0.74812968,0.421568627,0.253731343,95.13376993627593,5.253393846516807,5.085055430913348,5.3075750111936,3.72636629014903,0.015432566404342651
661,Andrew Sears,DET,33664,0.0,0.0,0.0,3.0,3.0,10.2,7.593751131557097,5.062500754371398,0.8437501257285663,0.3142857142857143,0.51020408,0.285714285,0.05,94.03658924932066,4.218750628642831,3.551214992260384,5.157277128472971,6.765791378135169,0.01427005510777235
662,Mike Bolsinger,TOR,11137,0.0,2.0,0.0,5.0,5.0,25.2,7.363635451622077,6.662336837181879,1.0519479216602967,0.3116883116883117,0.69196429,0.55,0.12,,5.6103889155215825,5.652217610768163,5.612184844754561,5.825307836836885,0.007770576514303684
663,Jake Thompson,PHI,14371,3.0,2.0,0.0,8.0,8.0,41.1,6.967742792897722,3.9193553210049688,1.7419356982244305,0.29508196721311475,0.80645161,0.480620155,0.170212765,91.45595238095238,3.266129434170807,5.492995434178284,5.794736792914742,5.301282604410084,0.0022492718417197466
664,Max Castillo,2 Tms,21956,0.0,2.0,0.0,6.0,6.0,26.0,7.269231035864575,3.1153847296562462,1.73076929425347,0.31645569620253167,0.55882353,0.419753086,0.161290322,92.70380108173077,6.92307717701388,4.841221001327477,5.266277234511971,4.531333035350838,0.0009183883666992188
665,Jose Cabrera,ARI,30412,0.0,3.0,0.0,5.0,5.0,22.0,6.545454545454546,3.272727272727273,1.6363636363636365,0.27941176470588236,0.73943662,0.43076923,0.137931034,93.42800690406976,5.318181818181818,5.377376461363073,5.503867730227384,5.127883640270342,0.0008058981038630009
666,Adrian Morejon,SDP,20039,0.0,1.0,0.0,9.0,9.0,21.0,8.999997547695283,3.8571418061551213,2.142856558975067,0.26785714285714285,0.81818182,0.45,0.263157894,96.2467282473386,4.285713117950134,4.392790564570384,5.581010389027233,4.2084052696515375,-0.005280531942844391
667,Cody Ponce,2 Tms,17920,1.0,2.0,0.0,6.0,6.0,22.2,6.749999337336662,3.9705878454921537,1.9852939227460769,0.29850746268656714,0.75,0.375,0.15625,93.17481291695927,5.558822983689015,5.641568176079169,5.866357270617305,5.593030657597444,-0.0094061940908432
668,Denyi Reyes,2 Tms,20526,0.0,2.0,0.0,4.0,4.0,14.2,5.522727871236787,3.6818185808245247,1.8409092904122624,0.3333333333333333,0.61403509,0.333333333,0.130434782,91.35005115327381,7.977273591786471,5.467394999197198,6.083024696331466,5.9459244251714845,-0.010886944830417633
669,Chris Rowley,TOR,18820,1.0,1.0,0.0,3.0,3.0,13.2,4.609758242052703,5.926832025496332,1.3170737834436292,0.2608695652173913,0.79207921,0.404255319,0.1,88.4979248046875,4.609758242052703,4.11638723422005,6.011299558341731,6.71199202914463,-0.0152619369328022
670,Shawn Dubin,HOU,24977,0.0,0.0,0.0,3.0,3.0,10.0,6.300000600814877,5.40000051498418,0.9000000858306967,0.2413793103448276,0.82191781,0.3,0.083333333,94.92474670410157,3.6000003433227867,8.282765560497351,5.501904233496138,6.086986050624253,-0.016334164887666702
671,Daulton Jefferies,2 Tms,19345,2.0,9.0,0.0,11.0,11.0,48.1,6.1448277478666045,2.420689718856541,1.6758621130545284,0.32926829268292684,0.5351682,0.45614035,0.138461538,93.25548037574404,7.07586225511912,4.075713111587359,5.110101877348561,4.755849698927401,-0.017295151948928833
672,Huascar Brazobán,NYM,6107,0.0,1.0,0.0,9.0,9.0,11.0,7.363637002046499,8.181818891162775,0.8181818891162776,0.11538461538461539,0.80882353,0.518518518,0.09090909,96.81516207181491,3.2727275564651106,3.8772216665744392,5.654907769301237,5.996357017621578,-0.017394617199897766
673,Zach Agnos,COL,31552,0.0,1.0,0.0,3.0,3.0,10.2,5.062500301748532,4.21875025145711,1.687500100582844,0.13333333333333333,1.0,0.34375,0.111111111,94.70319930366848,1.687500100582844,4.6964908522613165,5.8135269831866125,5.920564598543958,-0.01831228844821453
674,Corey Oswalt,NYM,13677,2.0,4.0,0.0,14.0,14.0,63.2,6.643978725853829,2.54450249075253,1.8376962433212718,0.2751322751322751,0.75581395,0.418367346,0.171052631,91.06799663760798,4.806282482532557,4.883612409421957,5.3778035639039015,4.722922383098525,-0.018469521077349782
675,Chris Volstad,CHW,9901,0.0,3.0,0.0,3.0,3.0,15.1,4.695653147418218,2.9347832171363866,1.760869930281832,0.1956521739130435,0.57971014,0.632653061,0.214285714,91.84035619099934,5.869566434272773,4.398228248897855,5.832342301640454,4.879811020390769,-0.023580849170684814
676,Noah Davis,COL,25862,0.0,4.0,0.0,6.0,6.0,25.0,7.92,5.04,1.8,0.36486486486486486,0.6744186,0.474358974,0.172413793,,7.2,5.262160497339014,6.2550403594970705,5.5729283940792085,-0.02422996051609516
677,Justin Nicolino,MIA,11754,2.0,2.0,0.0,8.0,8.0,32.2,5.234694896366138,3.5816333501452524,1.3775512885174048,0.35294117647058826,0.68518519,0.462809917,0.166666666,90.80117315995066,5.234694896366138,6.537820626846651,5.269885003273888,4.913686637084717,-0.024914950132369995
678,Jared Koenig,2 Tms,27517,1.0,3.0,0.0,11.0,11.0,31.1,6.031915505583287,4.021277003722191,1.1489362867777688,0.27,0.70754717,0.470588235,0.121212121,88.83492209694602,5.1702132904999605,5.658474836674604,5.069589473311364,4.973166474369608,-0.02799198031425476
679,Carlos Rodriguez,MIL,30161,0.0,3.0,0.0,3.0,3.0,12.1,6.567568244683368,2.189189414894456,2.189189414894456,0.38095238095238093,0.61797753,0.272727272,0.166666666,93.20314771075581,7.2972980496481865,6.29570040388634,5.598912461505858,4.643465172079875,-0.03291839733719826
680,Jimmy Yacabonis,3 Tms,15157,0.0,4.0,0.0,13.0,13.0,38.1,6.339130980188817,4.695652577917643,1.6434784022711748,0.28205128205128205,0.73800738,0.409836065,0.129629629,93.50786933083432,5.165217835709407,5.239251108943263,6.014451309492161,6.056261381188811,-0.03477313183248043
681,Kyle Tyler,MIA,22092,0.0,2.0,0.0,7.0,7.0,29.2,7.280899500548931,5.4606746254116985,1.2134832500914885,0.36363636363636365,0.74898785,0.478260869,0.148148148,,5.4606746254116985,6.65764602159575,5.2226597298337065,4.845948247023489,-0.03964272513985634
682,Yefry Ramírez,BAL,15655,1.0,9.0,0.0,13.0,13.0,56.2,8.894117185533277,5.717646762128535,1.905882254042845,0.31446540880503143,0.64553991,0.317365269,0.15,92.69844041379407,7.147058452660669,4.90048168222938,6.05770071043294,5.666238879605293,-0.04095084220170975
683,Braden Shipley,ARI,15158,0.0,1.0,0.0,3.0,3.0,12.1,5.108109424722368,8.027029095992294,0.7297299178174812,0.3333333333333333,0.625,0.466666666,0.052631578,92.29556129092262,7.297299178174812,5.7874540893659026,5.752234957564912,7.438504555480509,-0.04155050218105316
684,Luis Patiño,3 Tms,22815,4.0,6.0,0.0,23.0,23.0,92.1,7.797834273960299,4.483754707527171,1.6570397832165633,0.291970802919708,0.69805195,0.331034482,0.120567375,95.78156692071668,5.653429848621216,4.836895281893036,5.445289755065815,5.632873571761101,-0.04518499970436096
685,Josh Rogers,2 Tms,18510,4.0,6.0,0.0,12.0,12.0,61.1,5.135870390415099,3.5217396962846395,1.7608698481423197,0.26288659793814434,0.78947368,0.338235294,0.125,90.28865183287223,4.695652928379519,5.812580903066079,5.828972485231056,5.910310499067167,-0.04526066826656461
686,Yohander Méndez,TEX,14391,1.0,2.0,0.0,5.0,5.0,21.0,5.571428571428571,5.142857142857143,1.7142857142857142,0.2878787878787879,0.57823129,0.357142857,0.129032258,92.26396322513813,7.285714285714286,4.420834973946073,6.112812528156099,6.074720530140968,-0.05089410021901131
687,Logan Evans,SEA,33699,6.0,5.0,0.0,15.0,15.0,78.1,6.663830219923318,3.4468087344430955,1.4936171182586746,0.2875536480686695,0.73068894,0.395918367,0.135416666,92.94194647606383,4.365957730294587,5.383606315776952,5.113859850942639,4.845863759757667,-0.05203402787446976
688,Xzavion Curry,3 Tms,25595,1.0,6.0,0.0,17.0,17.0,68.2,5.373786532156364,3.276699104973393,1.7038835345861643,0.2863636363636364,0.67216981,0.301724137,0.111111111,92.30176720252403,5.6359224605542355,5.640405908146534,5.646882977540388,5.864166877501761,-0.052602216601371765
689,Connor Gillispie,MIA,26171,0.0,3.0,0.0,6.0,6.0,26.0,7.961538461538462,3.8076923076923075,2.076923076923077,0.3170731707317073,0.50561798,0.372093023,0.153846153,91.47325067934783,8.653846153846153,5.37420128336747,5.750520933591403,5.063129905783214,-0.053942758589982986
690,Josh Winckowski,BOS,22387,6.0,7.0,0.0,21.0,21.0,90.2,5.062500354998277,3.0772060981362075,1.3897059798034486,0.28668941979522183,0.7319224,0.526490066,0.162790697,93.80125110554245,4.86397092931207,5.007389444022468,5.167758704249856,4.570511954048053,-0.055019862949848175
691,Bryan Hudson,CHW,19924,0.0,0.0,0.0,9.0,9.0,10.0,7.200001373291277,0.9000001716614097,2.700000514984229,0.25925925925925924,0.58823529,0.517241379,0.25,91.0635500672043,5.400001029968458,3.069065074419966,5.694777317047214,3.6042258846901065,-0.05704034864902496
692,Jharel Cotton,OAK,13654,9.0,10.0,0.0,24.0,24.0,129.0,7.325581395348837,3.697674418604651,1.9534883720930232,0.27925531914893614,0.65649867,0.369620253,0.153005464,93.25301972517731,5.5813953488372094,4.424312526836233,5.677019539175108,5.378737002056699,-0.05910688638687134
693,Phil Hughes,MIN,7450,4.0,3.0,0.0,11.0,11.0,54.0,5.83333250917046,2.49999964678734,1.999999717429872,0.32044198895027626,0.68376068,0.303664921,0.137931034,89.94009048932072,5.999999152289616,7.346116319632811,5.69503828332709,5.643739283172348,-0.059517353773117065
694,Mason Black,SFG,30171,1.0,5.0,0.0,8.0,8.0,33.2,7.752475833135611,3.475247787267688,1.6039605172004712,0.3523809523809524,0.72580645,0.318181818,0.115384615,92.48008978544776,5.881188563068394,5.225830869839747,5.097172993438511,5.115720632172357,-0.06355157494544983
695,Braydon Fisher,TOR,24609,0.0,0.0,0.0,11.0,11.0,12.2,8.526316859385448,7.8157904544366605,1.4210528098975745,0.1724137931034483,0.78947368,0.451612903,0.166666666,94.51648853443287,4.263158429692724,5.176237351286712,5.862183430236856,5.246084815473757,-0.06489621102809906
696,Jack Kochanowicz,LAA,27688,7.0,22.0,0.0,47.0,47.0,240.1,5.39251077312115,3.8945911139208307,1.3106797018002796,0.3035019455252918,0.65988372,0.545568039,0.152838427,96.00121174383601,5.879334662361254,5.6034777673208565,5.375627865822245,4.936184250078484,-0.06631657481193542
697,Scott Kazmir,SFG,4897,0.0,1.0,0.0,4.0,4.0,10.1,6.9677421498373135,4.354838843648321,1.7419355374593284,0.30303030303030304,0.70422535,0.5,0.181818181,92.33805057920259,5.225806612377985,5.964562837491663,5.589389035604997,4.95145192492909,-0.06877917051315308
698,Drew VerHagen,DET,13424,2.0,4.0,0.0,7.0,7.0,32.0,7.874997594394524,3.093749054940706,2.5312492267696687,0.3786407766990291,0.63291139,0.455357142,0.23076923,93.81476113962573,7.874997594394524,5.842391483621755,6.223852594769635,4.849749567565391,-0.06959627196192741
699,Carson Spiers,CIN,27685,4.0,9.0,0.0,14.0,14.0,68.0,8.338235644939465,3.0441177751366295,2.3823530414112755,0.31155778894472363,0.6641604,0.387850467,0.195652173,92.07300963582871,6.617647337253542,5.050648115354075,5.862470849332918,4.490032153172832,-0.06964966654777527
700,Bryan Garcia,DET,19457,2.0,0.0,0.0,4.0,4.0,20.1,7.524590634492382,4.426229784995519,1.3278689354986557,0.21568627450980393,0.83333333,0.407407407,0.136363636,93.08489833733974,3.540983827996415,5.062570306267077,5.276365563216573,4.960043914930964,-0.07089158147573471
701,Casey Lawrence,TOR,11121,0.0,2.0,0.0,2.0,2.0,11.1,3.9705893490144364,4.764707218817324,1.5882357396057745,0.35555555555555557,0.61320755,0.574468085,0.181818181,91.09226989746094,7.941178698028873,4.545720018267463,6.157640535691441,5.590011196065371,-0.07494352012872696
702,Nick Tropeano,LAA,12385,5.0,7.0,0.0,15.0,15.0,81.0,7.444445145637149,3.7777781336069114,1.8888890668034557,0.2590909090909091,0.72247706,0.362869198,0.171717171,90.50708335078754,5.222222714103672,5.084672703572446,5.6081835285471175,4.940106953918528,-0.07528086751699448
703,A.J. Cole,WSN,11467,3.0,6.0,0.0,10.0,10.0,53.1,8.437498994171738,4.893749416619609,1.8562497787177827,0.31333333333333335,0.77747989,0.4,0.166666666,93.25378543297613,5.2312493763864785,5.388330075967737,5.764360513481996,5.241456340506179,-0.07546029984951019
704,Henderson Alvarez,PHI,5669,0.0,1.0,0.0,3.0,3.0,14.2,3.6818173838057553,6.749998536977218,1.227272461268585,0.25,0.81081081,0.46,0.117647058,91.3011577560241,4.2954536144400475,9.553468674922923,6.362184454192951,6.651255328982389,-0.07670852541923523
705,Drew Rom,STL,24602,1.0,4.0,0.0,8.0,8.0,33.2,8.554456091735847,5.079208304468159,1.8712872700672165,0.39285714285714285,0.59800664,0.394957983,0.134615384,90.78757628367003,8.019802586002356,6.030951309985349,5.750090052920026,5.600811562596403,-0.07721859961748123
706,Brett Kennedy,2 Tms,17877,2.0,2.0,0.0,8.0,8.0,36.2,5.6454540560068605,3.68181786261317,1.472727145045268,0.3089430894308943,0.70895522,0.398373983,0.127659574,91.72580934920401,5.890908580181072,5.21875284704277,5.531688311207795,5.522196297004897,-0.08108881115913391
707,Bryse Wilson,4 Tms,19990,9.0,19.0,0.0,57.0,57.0,261.1,6.302296409007202,3.306122706364434,1.6186225749909207,0.30666666666666664,0.70393975,0.391559202,0.144171779,93.55117007322417,5.441326954224797,5.905335286768352,5.3611801812637925,5.043097667560531,-0.08164103329181671
708,Thomas Pannone,2 Tms,17281,4.0,7.0,0.0,14.0,14.0,63.1,6.394738125999476,3.552632292221931,1.9894740836442815,0.26903553299492383,0.55702918,0.320574162,0.13592233,88.52925560909247,7.24736987613274,5.474659711442177,5.957136720339363,5.973637080837738,-0.0865095955086872
709,Erasmo Ramírez,3 Tms,10314,6.0,10.0,0.0,33.0,33.0,158.2,7.430672343344972,2.3256302753980447,2.0987395168226257,0.2835820895522388,0.67191283,0.399602385,0.183168316,91.55953540390344,5.558823585097765,5.514529951986146,5.429529094909853,4.591760317672696,-0.0883794017136097
710,Gabriel Ynoa,BAL,12938,1.0,12.0,0.0,17.0,17.0,84.1,4.588933498236841,2.1343876735985305,2.3478264409583836,0.2664233576642336,0.70294785,0.440273037,0.188034188,93.30383332001279,5.656127335036106,6.678552231984839,6.4259380750586175,5.731990523161123,-0.08900520205497742
711,Enyel De Los Santos,PHI,18403,1.0,1.0,0.0,3.0,3.0,14.2,6.136366296406788,4.295456407484751,1.8409098889220363,0.36363636363636365,0.65789474,0.369565217,0.2,93.68381510416667,7.363639555688145,6.932505707162591,6.10686318936418,5.20597635497333,-0.0892684543505311
712,Kyle Hart,2 Tms,19646,2.0,3.0,0.0,13.0,13.0,43.1,7.684615948355451,3.738461812713463,2.076923229285257,0.3106060606060606,0.61818182,0.330935251,0.136986301,90.29388472285584,6.853846656641348,5.131253342791423,5.677215689890295,5.38260111482596,-0.09598629176616669
713,Jhonathan Díaz,2 Tms,20298,1.0,1.0,0.0,7.0,7.0,24.1,6.657535116317843,6.657535116317843,1.1095891860529739,0.32894736842105265,0.84474886,0.487179487,0.136363636,90.87811030173788,4.068493682194237,6.59263676556266,5.73729001445657,5.592915108787056,-0.0979459136724472
714,Sean Sullivan,COL,33502,0.0,3.0,0.0,5.0,5.0,22.1,6.447761561138185,4.432836073282502,2.014925487855683,0.3670886075949367,0.63414634,0.192771084,0.1,87.62021346830986,8.865672146565004,4.820756403291866,6.452985967562613,6.918375856716542,-0.10328327864408493
715,Garrett Hill,DET,25097,3.0,3.0,0.0,8.0,8.0,42.2,4.429687764029966,3.796875226311399,1.265625075437133,0.23357664233576642,0.7312253,0.38028169,0.09375,91.5467867564006,4.21875025145711,5.630270473243086,5.4327436399646185,5.825172769292699,-0.10343653708696365
716,Vance Worley,MIA,6435,2.0,5.0,0.0,12.0,12.0,52.1,5.331210320617537,3.7834395823737363,1.3757962117722677,0.3485714285714286,0.61320755,0.475138121,0.156862745,89.96638217037672,7.394904638275939,6.997965222413565,5.507958222658158,5.254183463260171,-0.10654819756746292
717,Bryan Mitchell,2 Tms,11479,2.0,4.0,0.0,12.0,12.0,61.2,4.8162161169059114,5.2540539457155395,1.167567543492342,0.2914572864321608,0.78431373,0.514705882,0.150943396,94.51093947285354,4.3783782880962825,5.7189168138278665,5.57642137339845,5.319743911738012,-0.11552754789590836
718,Dietrich Enns,3 Tms,13932,1.0,1.0,0.0,4.0,4.0,14.0,6.42857328969659,3.214286644848295,2.571429315878636,0.2727272727272727,0.64935065,0.479166666,0.235294117,92.3791983468192,5.785715960726931,4.550445481659171,6.496030705531259,4.738523287603346,-0.11606812663376331
719,Brandon Bielak,HOU,19866,6.0,9.0,0.0,21.0,21.0,98.0,7.163265584956017,4.224489960358676,1.7448980271046708,0.3079584775086505,0.75528701,0.468852459,0.177570093,93.07410467859687,4.500000175164677,5.660110416028928,5.7258551712653505,5.097657781999253,-0.11920970678329468
720,Jacob Turner,2 Tms,10185,0.0,2.0,0.0,3.0,3.0,12.1,5.83783934253985,3.648649589087406,2.189189753452444,0.3333333333333333,0.53191489,0.5,0.23076923,94.95634841918945,8.027029095992294,5.372048795646828,6.482191244215978,5.174361135630077,-0.12131659407168627
721,Raúl Alcántara,OAK,12790,1.0,2.0,0.0,4.0,4.0,15.0,6.0,4.2,1.8,0.2222222222222222,0.53571429,0.553191489,0.25,95.41612514602804,7.2,5.226173429694439,6.024306360880534,4.847351400057475,-0.12213947623968124
722,Dario Agrazal,PIT,15821,4.0,5.0,0.0,14.0,14.0,71.1,5.04672933180831,2.2710281993137396,1.8925234994281162,0.28879310344827586,0.75280899,0.399176954,0.15625,90.94523631427305,5.04672933180831,5.5462244648644194,6.003729300790935,5.947146558450509,-0.12289433181285858
723,Drew Thorpe,CHW,31967,3.0,3.0,0.0,9.0,9.0,44.1,5.0751881154910246,4.2631580170124606,1.6240601969571278,0.2,0.61135371,0.361702127,0.119402985,91.06859509698276,5.4812031647303066,4.693308365485678,5.873246773218341,5.812447445539124,-0.12388073652982712
724,Easton Lucas,TOR,26058,2.0,3.0,0.0,5.0,5.0,19.2,9.15254355641298,5.033898956027138,2.288135889103245,0.2962962962962963,0.56,0.288135593,0.178571428,93.84415409482759,8.23728920077168,6.4180435063012915,6.084289241939858,4.974223038102712,-0.12489211559295654
725,Rony García,DET,20430,3.0,3.0,0.0,10.0,10.0,42.0,7.714285714285714,2.5714285714285716,2.142857142857143,0.25,0.63414634,0.296,0.172413793,92.7787279337205,5.571428571428571,7.603945120643717,5.645643896148318,4.6693775049277715,-0.12719134986400604
726,Thomas Hatch,3 Tms,19264,1.0,1.0,0.0,7.0,7.0,25.0,7.200001441955855,3.96000079307572,2.1600004325867563,0.32,0.73033708,0.4375,0.1875,94.36567123292939,6.4800012977602695,6.16862735532988,6.372433233109731,5.380633580983488,-0.12808580324053764
727,Brock Burke,2 Tms,17968,0.0,3.0,0.0,8.0,8.0,28.2,5.023255925361632,3.4534884486861217,2.197674467345714,0.2872340425531915,0.56451613,0.5,0.212121212,92.47658522304518,8.162790878712652,5.451178322144583,6.628204800676642,5.679174524466161,-0.13125840947031975
728,Carson Fulmer,2 Tms,18311,5.0,9.0,0.0,24.0,24.0,95.2,8.090591904346219,5.268292402830096,1.5993030508591362,0.26394052044609667,0.67862715,0.38245614,0.138211382,93.15379740671328,5.644599003032246,5.834618852673685,5.688077722266154,5.476751965912037,-0.13213340565562248
729,Chad Bell,DET,10297,0.0,2.0,0.0,4.0,4.0,15.1,8.80434965140916,5.282609790845496,2.347826573709109,0.45098039215686275,0.66878981,0.454545454,0.210526315,92.73603661380596,9.391306294836436,7.6963872131840985,6.5489447451270255,5.361813173822419,-0.13363896310329437
730,Alex Wells,BAL,19845,1.0,3.0,0.0,8.0,8.0,37.0,5.837837837837838,2.918918918918919,2.4324324324324325,0.29411764705882354,0.67391304,0.302325581,0.166666666,88.6085151336478,7.054054054054054,6.714147857113902,6.602466554899474,5.950080814232697,-0.13545772433280945
731,Jackson Tetreault,WSN,20565,2.0,2.0,0.0,4.0,4.0,21.0,3.857142857142857,4.285714285714286,1.7142857142857142,0.2602739726027397,0.65693431,0.402597402,0.133333333,94.4809223193128,5.142857142857143,7.461295164105151,6.160050049282256,5.7986730073179515,-0.13861481845378876
732,A.J. Puk,MIA,19343,0.0,4.0,0.0,4.0,4.0,13.2,7.902439392017243,11.195122472024428,0.658536616001437,0.391304347826087,0.56179775,0.319148936,0.055555555,93.97000794491525,9.219512624020117,6.816372803542738,6.312821388074438,7.353027630026066,-0.1394210159778595
733,Cole Sands,MIN,21461,0.0,3.0,0.0,6.0,6.0,17.1,8.307692917141027,3.6346156512491996,2.076923229285257,0.3148148148148148,0.6557377,0.465517241,0.166666666,91.95230180789262,7.269231302498399,4.514120176665153,5.830519273140855,4.901504887297438,-0.1420864462852478
734,Taylor Clarke,2 Tms,17611,5.0,4.0,0.0,23.0,23.0,92.0,7.532607914820141,3.5217387653704555,1.9565215363169197,0.2835820895522388,0.69724771,0.396491228,0.173913043,93.73709756396553,5.38043422487153,5.819310943647093,5.696670065612543,5.32070079870816,-0.14476612024009228
735,Jackson Stephens,2 Tms,14420,1.0,1.0,0.0,5.0,5.0,21.2,7.4769219799156215,3.7384609899578107,2.4923073266385405,0.26666666666666666,0.66371681,0.338461538,0.23076923,93.86644838934075,6.646152871036108,6.375234968441712,6.33599494738135,4.829240695599262,-0.1452066944912076
736,Ky Bush,CHW,29823,0.0,3.0,0.0,4.0,4.0,17.2,5.6037737865726465,8.150943689560213,1.0188679611950267,0.3157894736842105,0.76023392,0.368421052,0.076923076,91.81214913922156,5.6037737865726465,5.610451153829777,6.279687437496821,7.033209269997471,-0.1477491855621338
737,Mark Leiter Jr.,2 Tms,15551,3.0,7.0,0.0,15.0,15.0,75.0,7.920000704956117,2.6400002349853726,2.2800002029419124,0.2962962962962963,0.66744731,0.446351931,0.231707317,91.12039808793502,5.760000512695358,5.684477629817031,5.8423333832371025,4.4261824478583085,-0.1492621898651123
738,Karl Kauffmann,COL,27488,0.0,3.0,0.0,3.0,3.0,12.2,4.973684460172375,4.973684460172375,2.131579054359589,0.41304347826086957,0.50387597,0.395833333,0.157894736,90.09700801454741,11.368421623251143,9.2984366088705,7.123461606297807,6.524541838740122,-0.14963755011558533
739,Pedro Payano,TEX,18313,0.0,2.0,0.0,4.0,4.0,16.0,5.625003352763267,7.312504358592247,1.68750100582898,0.37037037037037035,0.6402439,0.5,0.214285714,93.40924351511438,7.312504358592247,9.216075427127413,7.0265117481364445,6.329566479433778,-0.15051589906215668
740,Adam Mazur,2 Tms,31900,1.0,7.0,0.0,14.0,14.0,63.2,5.795811749835259,4.664921652306428,1.4136126219110388,0.3,0.63157895,0.381818181,0.109890109,94.62811436694126,6.219895536408571,5.413181109481025,5.60197248600636,5.739909684852789,-0.15754280984401703
741,James Marvel,PIT,19675,0.0,3.0,0.0,4.0,4.0,17.1,4.67307778011428,3.1153851867428535,2.076923457828569,0.3333333333333333,0.62043796,0.523076923,0.235294117,90.38973928052326,8.307693831314277,6.121364640997083,6.560163935542924,5.511115665833527,-0.16050902009010315
742,Deck McGuire,2 Tms,11596,1.0,3.0,0.0,6.0,6.0,17.2,10.188681261953208,4.584906567878943,2.547170315488302,0.32653061224489793,0.61538462,0.296296296,0.178571428,92.65404276945154,7.641510946464906,6.9478581537697774,6.611998199377112,5.672798381129029,-0.16811856627464294
743,Packy Naughton,2 Tms,23292,0.0,6.0,0.0,8.0,8.0,24.1,5.917808760351172,4.068493522741431,1.8493152376097413,0.3493975903614458,0.58974359,0.494252873,0.227272727,90.9347217866104,8.50685009300481,5.906339395105504,5.989080060098347,4.796314453432288,-0.169208676321432
744,Mike Vasil,CHW,30105,0.0,0.0,0.0,3.0,3.0,11.0,9.000000780279054,4.909091334697666,2.454545667348833,0.36666666666666664,0.78651685,0.424242424,0.3,94.7863967483108,6.545455112930221,4.184440013408128,6.862409368625386,4.718535832569774,-0.17061389982700348
745,Brock Stewart,LAD,16727,0.0,0.0,0.0,7.0,7.0,22.2,6.7499990533381276,5.955881517651289,1.588235071373677,0.2876712328767123,0.61046512,0.416666666,0.148148148,92.37604756993572,5.161763981964451,4.710649548318483,5.9352630772838335,5.715126658101368,-0.173800777643919
746,Gregory Soto,DET,19677,0.0,3.0,0.0,7.0,7.0,23.1,6.1714268898481945,4.628570167386146,2.314285083693073,0.3125,0.60693642,0.4,0.166666666,94.89581853693181,8.485711973541267,8.588796016450418,6.728294232427118,6.454497667758617,-0.17696057260036469
747,Chandler Shepherd,BAL,16166,0.0,0.0,0.0,3.0,3.0,12.0,9.0,2.25,3.75,0.3225806451612903,0.61538462,0.333333333,0.294117647,92.3079613095238,8.25,6.728011448434739,7.880676142374675,5.282051141808431,-0.1794232875108719
748,Conner Menez,SFG,19199,0.0,1.0,0.0,4.0,4.0,14.2,9.204543459514388,5.522726075708633,2.45454492253717,0.23529411764705882,0.71428571,0.388888888,0.266666666,91.35238900154259,6.136362306342925,5.798235273209037,6.548921204716134,5.0378820933135815,-0.18183806352317333
749,Alan Rangel,PHI,19524,0.0,2.0,0.0,3.0,3.0,11.1,10.323529701331916,7.941176693332243,2.3823530079996726,0.3333333333333333,0.80808081,0.3125,0.214285714,92.73983101222827,6.352941354665794,5.411182716265231,7.1536004643951765,5.575092003161492,-0.18191900849342346
750,Jackson Kowar,KCR,21549,0.0,6.0,0.0,8.0,8.0,27.1,9.219512624020117,6.585366160014369,1.9756098480043107,0.39080459770114945,0.47528517,0.344086021,0.162162162,95.65010903949387,11.853659088025864,7.378319150580927,6.27979036469605,5.814475660748786,-0.1840616762638092
751,Louis Varland,2 Tms,27691,4.0,10.0,0.0,23.0,23.0,116.1,8.200573155537834,2.553008623893854,2.088825237731335,0.3056379821958457,0.76036866,0.410468319,0.194244604,94.94520535756307,5.183381145481461,5.332437426641789,5.371277258851644,4.235379774490127,-0.1848069503903389
752,Lewis Thorpe,MIN,15906,0.0,3.0,0.0,7.0,7.0,27.0,6.999999258253388,5.666666066205123,1.9999997880723965,0.3291139240506329,0.68965517,0.458823529,0.23076923,89.7821001711145,5.99999936421719,6.3686518080544765,6.409539728802846,5.302243546532922,-0.1858909260481596
753,Kohl Drake,ARI,32070,0.0,1.0,0.0,5.0,5.0,20.2,7.403226034202146,3.0483871905538247,2.1774194218241605,0.3064516129032258,0.71428571,0.261538461,0.135135135,91.42004616477273,6.532258265472482,7.905719909610641,6.191551109953059,5.745970925124626,-0.18909160792827606
754,Walker Lockett,2 Tms,13804,1.0,4.0,0.0,8.0,8.0,36.1,6.93578042334639,3.96330309905508,1.98165154952754,0.3448275862068966,0.58394161,0.434426229,0.205128205,92.34964554398148,8.422019085492046,6.307822574352412,5.998448609381784,5.127770506871822,-0.1910846158862114
755,Seth Frankoff,ARI,11346,0.0,2.0,0.0,3.0,3.0,13.2,7.243902776015807,5.926829544012932,1.9756098480043107,0.32558139534883723,0.58823529,0.511627906,0.2,91.22166982323232,9.219512624020117,5.662129816221592,6.82857087803058,5.911407315765855,-0.19169089198112488
756,Humberto Mejía,2 Tms,20739,0.0,5.0,0.0,8.0,8.0,32.1,8.628866318726935,4.175257896158195,2.2268042112843704,0.37373737373737376,0.68273092,0.29245283,0.177777777,92.5140884506119,6.680412633853112,7.032970030662785,5.960153364009237,5.28032887409573,-0.19639752805233002
757,Ethan Pecko,HOU,33515,1.0,0.0,0.0,5.0,5.0,20.0,5.850000557899528,5.40000051498418,1.8000001716613934,0.26229508196721313,0.69343066,0.323076923,0.129032258,93.32657679115853,5.850000557899528,6.564237473501899,6.344777131080657,6.081982020931144,-0.20035739243030548
758,Ken Waldichuk,OAK,27681,4.0,7.0,0.0,29.0,29.0,137.2,8.433414666749131,4.053269064639117,1.7651333023428413,0.2961038961038961,0.72488584,0.354523227,0.15340909,93.4649128362196,5.230024599534344,5.047823677144093,5.463681268154874,4.9737417717504036,-0.2008526623249054
759,John Lamb,LAA,8493,0.0,1.0,0.0,3.0,3.0,10.0,9.9,3.6,3.6,0.3548387096774194,0.67164179,0.342857142,0.266666666,89.329638671875,7.2,6.250307995214282,7.360431575775147,4.63785422295332,-0.2021273672580719
760,Erik Swanson,SEA,16587,1.0,5.0,0.0,11.0,11.0,40.0,6.524999066591397,1.3499998068809786,2.9249995815754537,0.23140495867768596,0.48611111,0.34090909,0.213114754,92.94635674797594,6.524999066591397,5.910607074947975,6.428799634947203,5.172549303545425,-0.20242934674024582
761,Nick Neidert,MIA,18699,1.0,3.0,0.0,8.0,8.0,36.2,5.400000374533939,5.6454549370127545,1.227272812394077,0.2616822429906542,0.75471698,0.366972477,0.104166666,91.70594333957982,4.909091249576308,6.215064075540994,5.943997525663439,6.434509170788422,-0.2057403977960348
762,Zach Neal,OAK,11294,1.0,0.0,0.0,2.0,2.0,10.0,7.2,4.5,2.7,0.19230769230769232,0.71428571,0.310344827,0.333333333,88.80448857060185,4.5,6.707233536763268,7.35504035949707,4.943056938052178,-0.20701634883880615
763,Trey Gibson,BAL,33794,2.0,3.0,0.0,8.0,8.0,37.2,8.362832423038478,6.21238979997144,1.6725664846076955,0.29245283018867924,0.70652174,0.539823008,0.259259259,95.31855334974315,6.21238979997144,6.345084968046678,5.80274160573941,4.467677845077352,-0.21107804775238037
764,Christian Bergman,SEA,10925,4.0,5.0,0.0,10.0,10.0,54.0,5.499999805733016,2.499999911696826,2.166666590137249,0.28313253012048195,0.74394464,0.367231638,0.178082191,88.927611757287,5.333333144953228,7.351511632759072,5.954521842007509,5.194243939456119,-0.21172404033131897
765,Miguel Yajure,PIT,21111,0.0,2.0,0.0,4.0,4.0,15.1,5.282608805171486,4.695652271263543,2.3478261356317716,0.2608695652173913,0.70652174,0.44,0.235294117,91.51854705810547,6.456521872987372,7.398587710847662,6.937615995149651,5.428367176565565,-0.21706348657608032
766,Colten Brewer,BOS,12997,0.0,3.0,0.0,4.0,4.0,14.1,7.534880378687491,5.651160284015618,2.5116267928958305,0.34782608695652173,0.76923077,0.5,0.307692307,93.82339477539062,6.906973680463533,9.263456388968093,7.028626915595654,5.149627439121036,-0.21712364256381989
767,Brandon Finnegan,CIN,16208,1.0,4.0,0.0,9.0,9.0,33.2,8.019803494709032,7.4851499283950975,1.6039606989418065,0.30612244897959184,0.68345324,0.432692307,0.166666666,92.2977567506068,6.1485160126102585,5.312258132211003,6.189057064741057,5.668532406216958,-0.2182622253894806
768,Jeff Brigham,MIA,16631,0.0,4.0,0.0,4.0,4.0,16.1,6.612246184883543,7.163266700290505,1.102041030813924,0.2916666666666667,0.70921986,0.163265306,0.068965517,93.09107836787565,6.061225669476581,6.527054542073239,6.037983156233725,7.378606142387014,-0.21953220665454865
769,Drew Hutchison,2 Tms,10732,4.0,8.0,0.0,25.0,25.0,117.0,5.153846447911427,3.6153848216692097,1.5384616262422168,0.3069053708439898,0.69753086,0.403940886,0.129032258,91.82664046748992,5.230769529223537,5.7642116399653345,5.4831117417574085,5.29367195076615,-0.22277185320854187
770,Glenn Sparkman,KCR,15200,4.0,11.0,0.0,26.0,26.0,131.1,5.482233714853421,2.6725889359910426,1.9873097216343651,0.29767441860465116,0.66708229,0.375545851,0.158469945,93.38130088601532,6.098985007774431,5.652690100658357,5.86606658832171,5.733853356355645,-0.22498640418052673
771,Matt Brash,SEA,25756,1.0,3.0,0.0,5.0,5.0,20.0,8.55,7.65,1.35,0.38181818181818183,0.66137566,0.568965517,0.25,96.25371442522321,7.65,7.877957047776338,5.862431001663208,4.8006526440382,-0.22704137861728668
772,Jon Duplantier,ARI,19546,0.0,4.0,0.0,7.0,7.0,26.0,8.307692612416657,4.153846306208329,2.423077011954858,0.34146341463414637,0.53571429,0.425287356,0.225806451,91.4819610252809,9.692308047819433,6.356325678180075,6.461252689039471,5.203280566362103,-0.22943748533725739
773,Hisashi Iwakuma,SEA,13048,0.0,2.0,0.0,6.0,6.0,31.0,4.645161290322581,3.4838709677419355,2.032258064516129,0.21978021978021978,0.80128205,0.408163265,0.166666666,85.53755779655613,4.354838709677419,6.587891633455279,6.4157042103429,5.890215970239332,-0.23781977593898773
774,Ubaldo Jiménez,BAL,3374,6.0,11.0,0.0,25.0,25.0,125.0,8.49600051855472,3.888000237304702,2.304000140625009,0.3333333333333333,0.66587396,0.423857868,0.220689655,91.30173594916045,7.200000439453151,6.181548060144014,6.013639868530284,4.74905509815272,-0.24960573017597198
775,Stephen Gonsalves,MIN,15492,0.0,2.0,0.0,4.0,4.0,12.1,4.378379506904888,9.486488931627257,1.4594598356349624,0.44,0.53977273,0.307692307,0.125,89.9823974609375,11.6756786850797,12.469519444071258,7.700973286639474,7.735500990395782,-0.2498207688331604
776,Taylor Widener,ARI,19266,2.0,1.0,0.0,13.0,13.0,61.0,9.442623541323774,4.721311770661887,1.9180329068313915,0.25316455696202533,0.82417582,0.341317365,0.164556962,92.66657897144948,4.278688792162335,5.487890967774282,5.711017887927431,5.225519628066579,-0.2527179419994354
777,Reiss Knehr,SDP,21541,0.0,3.0,0.0,7.0,7.0,21.0,4.714286142466059,5.142857609962973,1.7142858699876575,0.2857142857142857,0.62874251,0.229729729,0.114285714,93.45044555664063,7.71428641494446,10.085141330549916,6.739501164179129,7.082818981504295,-0.2600474553182721
778,Wes Benjamin,TEX,19243,0.0,1.0,0.0,3.0,3.0,10.0,8.10000077247627,5.40000051498418,3.6000003433227867,0.36363636363636365,0.6097561,0.361111111,0.307692307,90.58313301282051,10.80000102996836,10.034478410525526,8.380727215833005,5.539965542667525,-0.26741247810423374
779,Jake Bloss,HOU,33168,0.0,1.0,0.0,3.0,3.0,11.2,8.485714748149041,2.314285840404284,3.857143067340473,0.3055555555555556,0.83333333,0.25,0.238095238,93.59375,6.942857521212852,5.407130572354644,7.623622878327675,4.7738092827959475,-0.2694929540157318
780,Mike Paredes,MIN,30187,0.0,2.0,0.0,5.0,5.0,22.0,4.5,2.8636363636363638,2.0454545454545454,0.2535211267605634,0.84,0.4,0.166666666,92.71536254882812,4.5,6.140860345303625,6.276595002954656,5.3782415556636725,-0.2700231671333313
781,Jarlín García,MIA,18282,1.0,1.0,0.0,7.0,7.0,34.0,5.823529411764706,3.4411764705882355,1.8529411764705883,0.17204301075268819,0.83969466,0.393939393,0.179487179,92.0813465751845,3.4411764705882355,6.966655764615458,5.689843340481029,4.907872423617279,-0.27003729343414307
782,Carson Palmquist,2 Tms,31612,0.0,6.0,0.0,13.0,13.0,41.1,7.620968503895041,5.225806974099457,1.9596776152872961,0.3333333333333333,0.5994152,0.295454545,0.14516129,90.336845703125,8.491936332911617,6.297827446275526,6.3666567726409315,5.840427343152845,-0.2740560621023178
783,Sam Aldegheri,LAA,26443,3.0,7.0,0.0,11.0,11.0,48.0,6.000000238418589,5.437500216066846,1.5000000596046472,0.2848101265822785,0.65104167,0.333333333,0.105263157,92.21464029947917,6.000000238418589,6.071273027496629,6.14287750540287,6.374383923104768,-0.27670279145240784
784,Andrew Moore,SEA,17553,1.0,5.0,0.0,10.0,10.0,56.0,4.017856458620265,1.1249998084136745,2.4107138751721595,0.24043715846994534,0.69565217,0.269035532,0.147058823,91.06167278165672,5.464284783723562,5.972765907840692,6.180193807324196,5.979348089882709,-0.2768489792943001
785,Mason Barnett,ATH,31741,1.0,4.0,0.0,11.0,11.0,47.2,8.496503949812453,5.286713568772193,2.265734386616654,0.32857142857142857,0.60941828,0.342105263,0.176470588,94.6377945566565,8.11888155204301,4.872705531962063,6.449351029130334,5.350451538297412,-0.27858924865722656
786,Zach Logue,OAK,20231,2.0,8.0,0.0,10.0,10.0,49.1,6.75000017398113,2.918918994154002,2.0067568084808762,0.28187919463087246,0.64748201,0.278481012,0.13253012,90.21880634014423,6.2027028625772545,5.6954405765752245,5.605674309169752,5.197647147204359,-0.2794775366783142
787,Victor Mederos,LAA,31533,0.0,2.0,0.0,3.0,3.0,13.0,6.923076923076923,5.538461538461538,2.769230769230769,0.3076923076923077,0.68627451,0.255813953,0.173913043,,8.307692307692308,5.937729458405178,7.9043670874375564,6.63205972130482,-0.2844323515892029
788,Ljay Newsome,SEA,19942,0.0,2.0,0.0,5.0,5.0,14.2,5.522729666766109,1.8409098889220363,3.6818197778440727,0.34615384615384615,0.6122449,0.315789473,0.24,91.59859471963652,9.81818607425086,6.8910967510475585,8.097596188535203,5.999199272610364,-0.2849162183701992
789,Nick Kingham,PIT,11694,5.0,8.0,0.0,19.0,19.0,86.2,8.411538893485233,3.219230934543731,2.1807693427554304,0.30916030534351147,0.67219153,0.379061371,0.19090909,92.24354862387663,6.126923391550972,5.262958874567767,5.697040020679684,4.736807351428876,-0.2865765541791916
790,Ronald Bolaños,2 Tms,20041,0.0,4.0,0.0,5.0,5.0,18.1,7.363633809996931,6.872724889330469,1.9636356826658483,0.3148148148148148,0.60509554,0.45614035,0.266666666,94.7026980377907,7.854542730663393,7.89177804194211,7.0276719353563,5.805548261342442,-0.29085563123226166
791,Logan Allen,2 Tms,18555,3.0,9.0,0.0,15.0,15.0,63.2,6.07853482052621,3.534031872398959,1.8376965736474586,0.315,0.5875576,0.464454976,0.203125,92.71783434576403,7.068063744797918,6.836959203089108,5.853545308894698,5.011541912843165,-0.2946147620677948
792,Lisalverto Bonilla,CIN,11266,0.0,3.0,0.0,4.0,4.0,20.2,4.354840049386809,5.6612920642028515,2.1774200246934043,0.26865671641791045,0.63333333,0.469696969,0.227272727,91.91052911931818,7.838712088896256,6.41374122476606,7.367318408621115,6.115724728941158,-0.3017861843109131
793,Darren McCaughan,2 Tms,20038,0.0,0.0,0.0,6.0,6.0,25.1,6.394737163078768,2.131579054359589,2.4868422300861877,0.3373493975903614,0.63535912,0.367816091,0.162790697,89.26654580198688,7.460526690258563,5.923252762982383,6.64072537543877,5.694746034423019,-0.30764420703053474
794,Tucker Davidson,3 Tms,19871,2.0,8.0,0.0,17.0,17.0,72.0,6.374999989445011,5.749999990479814,1.3749999977234337,0.25688073394495414,0.6626506,0.435555555,0.134146341,92.8965447455266,5.499999990893735,5.303211021840882,5.701685431041247,5.509265813612566,-0.3105250159278512
795,Bryan Hoeing,MIA,26304,0.0,5.0,0.0,10.0,10.0,37.2,6.21238979997144,3.5840710384450616,2.150442623067037,0.33064516129032256,0.59925094,0.436090225,0.18,93.62991333007812,7.884956284579136,6.985333565497532,6.229575297653397,5.285555514683207,-0.31749480962753296
796,Tim Melville,2 Tms,9149,2.0,4.0,0.0,8.0,8.0,36.2,6.872726721566615,4.172726938094017,2.4545452577023625,0.2692307692307692,0.79069767,0.436363636,0.256410256,90.48794954839136,5.6454540927154335,6.061108510717889,6.781611941993473,5.334734712041653,-0.31807856261730194
797,Mat Latos,TOR,3815,0.0,1.0,0.0,3.0,3.0,15.0,6.0,4.8,3.0,0.30434782608695654,0.80952381,0.44,0.238095238,91.90356964760639,6.6,6.794204025262348,7.957639694213867,6.114635179440181,-0.32079535722732544
798,Troy Scribner,2 Tms,15570,1.0,2.0,0.0,5.0,5.0,20.1,8.409833337376677,5.7540964939945685,2.6557368433821082,0.17647058823529413,0.78703704,0.321428571,0.193548387,87.9395183903156,4.426228072303514,5.174151699122241,7.338469661302893,6.201844433296147,-0.3271281011402607
799,Luke Farrell,4 Tms,15101,0.0,3.0,0.0,7.0,7.0,18.0,6.999998794661836,3.499999397330918,2.999999483426501,0.38461538461538464,0.52287582,0.242857142,0.176470588,90.92041196917543,11.499998019801588,7.411436949086322,7.260725853003725,6.107739539121878,-0.3297035526484251
800,Gunnar Hoglund,ATH,31318,1.0,3.0,0.0,6.0,6.0,32.1,6.402062107442565,3.0618557905160095,2.783505264105463,0.29473684210526313,0.74285714,0.409523809,0.232558139,93.507939453125,6.402062107442565,7.715348297559144,6.7536931615438895,4.783428873838053,-0.3304479718208313
801,Héctor Santiago,3 Tms,4026,6.0,10.0,0.0,24.0,24.0,114.0,6.6315791692760255,4.65789489270578,1.894736905507436,0.2743362831858407,0.73450135,0.333333333,0.13483146,91.16041771736543,5.605263345459498,6.585326370400424,6.137057095900571,6.145349894980584,-0.33046992868185043
802,Chase De Jong,4 Tms,15036,2.0,8.0,0.0,19.0,19.0,87.2,7.18631199554072,3.695817597706656,2.05323199872592,0.31716417910447764,0.68695652,0.292253521,0.151515151,91.62634693681787,6.365019196050352,6.150539884090766,5.836146359066026,5.515635335309037,-0.33570634946227074
803,JR Ritchie,ATL,31760,1.0,4.0,0.0,10.0,10.0,49.1,8.939189419596632,5.655405551173379,1.8243243713462514,0.27906976744186046,0.70588235,0.446043165,0.2,94.78720511642157,5.655405551173379,5.007749112280907,5.932614732119532,4.825730384657121,-0.33747079968452454
804,Burch Smith,2 Tms,12784,1.0,5.0,0.0,7.0,7.0,22.2,7.941177706121559,3.573529967754702,2.7794121971425456,0.352112676056338,0.49689441,0.389610389,0.259259259,92.61057266878443,10.323531017958027,5.452284510283958,6.732996033289108,4.679313361842382,-0.33764873445034027
805,Mason Englert,2 Tms,22288,0.0,4.0,0.0,6.0,6.0,22.2,9.529412833877208,2.382353208469302,3.573529812703953,0.34782608695652173,0.71969697,0.35064935,0.3,92.41563937030261,7.544118493486123,7.286777812346346,6.958193809660868,3.8053455702735803,-0.3396357409656048
806,Julian Aguiar,CIN,30031,2.0,1.0,0.0,7.0,7.0,31.2,5.400000433670882,3.4105265896868726,2.273684393124582,0.22916666666666666,0.69832402,0.372549019,0.166666666,94.37644675925925,6.2526320810926,4.8049030307994425,6.861216917117241,5.868892737381621,-0.34300726652145386
807,Jordan Holloway,MIA,20631,0.0,2.0,0.0,4.0,4.0,12.0,9.000000715255794,12.000000953674393,2.2500001788139485,0.3235294117647059,0.54263566,0.378378378,0.2,94.83191061580882,10.500000834465093,7.772556465145388,8.420034539699587,7.375487114922444,-0.34892940521240234
808,Adrián Martinez,OAK,21023,4.0,7.0,0.0,13.0,13.0,60.0,8.400000400543233,3.0000001430511545,2.100000100135808,0.32954545454545453,0.69371728,0.405263157,0.205882352,,6.150000293254866,5.419976611896853,5.484643700161536,4.134828371949816,-0.3549622520804405
809,McCade Brown,COL,30004,0.0,5.0,0.0,7.0,7.0,25.2,8.064935864033474,5.961039551676916,2.1038963123565586,0.32,0.71100917,0.345679012,0.162162162,94.31919642857143,7.363637093247956,6.506708669606391,6.953318514705727,6.136864718772557,-0.3562440872192383
810,Daniel Gossett,OAK,16164,4.0,14.0,0.0,23.0,23.0,115.2,6.536022659564228,3.0345819490833916,2.0230546327222614,0.31420765027322406,0.69156293,0.428940568,0.198473282,92.08493253988287,5.913544311034302,6.4625541662405,5.665431494536006,4.72266648010903,-0.3632785230875015
811,Jacob Nix,SDP,17775,2.0,5.0,0.0,9.0,9.0,42.1,4.464567867849007,2.7637801086684326,1.700787759180574,0.3055555555555556,0.62283737,0.397260273,0.140350877,93.0301094890511,7.015749506619867,8.266106006885014,5.829723475600214,5.59685871623133,-0.3673214018344879
812,David Holmberg,CHW,7725,1.0,3.0,0.0,7.0,7.0,28.2,5.651164044039536,5.33721048603734,2.1976749060153753,0.25842696629213485,0.66326531,0.442105263,0.184210526,88.17199337121212,5.33721048603734,7.224394622496328,7.064617304907868,6.2481510550224755,-0.3676842749118805
813,Shintaro Fujinami,OAK,31839,0.0,6.0,0.0,7.0,7.0,17.2,7.1320764983665175,6.113208427171301,2.0377361423904334,0.36065573770491804,0.36723164,0.415384615,0.137931034,97.93517645474138,14.264152996733035,7.588571036143533,7.160701299078735,6.931297541407954,-0.36832523345947266
814,Dillon Gee,2 Tms,7396,1.0,2.0,0.0,4.0,4.0,16.0,7.312500108964743,4.500000067055226,3.937500058673323,0.32653061224489793,0.80188679,0.327272727,0.25,91.27731099942835,7.875000117346646,7.133071380122332,8.720139777101577,6.14555076193677,-0.3755733519792557
815,Nate Pearson,2 Tms,20160,0.0,1.0,0.0,6.0,6.0,19.2,6.4067808001661914,8.237289600213675,2.288136000059354,0.22807017543859648,0.62068966,0.370967741,0.178571428,96.17939712062027,6.864408000178062,5.18696230530424,7.814733443467748,7.2049894555448555,-0.37572951428592205
816,Hunter Gaddis,CLE,25636,1.0,3.0,0.0,9.0,9.0,38.2,5.818965756439577,3.2586208236061633,2.560344932833414,0.2764227642276423,0.6302521,0.2481203,0.144736842,93.70248296929066,7.681034798500241,5.330865782598081,7.0297180514171025,6.482712553079542,-0.3883146643638611
817,Rookie Davis,2 Tms,14962,1.0,4.0,0.0,7.0,7.0,25.0,7.2,6.48,2.52,0.36904761904761907,0.65677966,0.406976744,0.225806451,92.93324171202013,8.64,5.837367090153051,7.4844040679931645,6.07537182867527,-0.3917299062013626
818,Hector Noesí,MIA,3292,0.0,3.0,0.0,4.0,4.0,18.1,7.363637640456744,5.890910112365395,2.9454550561826975,0.2641509433962264,0.40650407,0.350877192,0.222222222,92.95982724144345,11.290911048700341,6.243586026112409,7.959464844002354,6.634476913132223,-0.39334866404533386
819,Ryan Weber,2 Tms,10160,1.0,3.0,0.0,9.0,9.0,34.0,3.7058823269543764,3.1764705659608943,2.3823529244706707,0.2833333333333333,0.70484581,0.440944881,0.1875,88.02843221028645,6.882352892915271,7.642564143861418,7.136482905894352,6.422483134183646,-0.4190213680267334
820,Manny Banuelos,CHW,5365,2.0,4.0,0.0,8.0,8.0,34.2,8.307691088795135,5.451922277021808,2.855768811773328,0.3564356435643564,0.70895522,0.302752293,0.229166666,92.2457705215669,8.048075742270287,7.352660074830928,7.396701169719448,6.025986438149385,-0.41972729563713074
821,Carson Whisenhunt,SFG,31676,5.0,5.0,0.0,13.0,13.0,58.0,6.517241807953526,5.120689991963484,1.7068966639878282,0.2937853107344633,0.70574163,0.376344086,0.141025641,92.64614054859413,5.896552111957952,6.201350681275626,5.990323934802392,5.569569992009347,-0.422492116689682
822,Steven Wright,BOS,8185,2.0,4.0,0.0,9.0,9.0,48.0,5.625,2.8125,2.25,0.3161290322580645,0.7073955,0.466666666,0.218181818,85.1567138671875,6.1875,6.442075059253644,6.284035634994508,5.013955218841633,-0.4244750142097473
823,Didier Fuentes,ATL,30661,0.0,3.0,0.0,5.0,5.0,16.0,10.687500637024678,3.937500234693303,3.937500234693303,0.4423076923076923,0.51369863,0.305084745,0.291666666,96.0696056547619,13.500000804662752,7.005850438018755,8.127569210078294,4.748444833840938,-0.4253119081258774
824,Thomas Eshelman,BAL,18361,1.0,6.0,0.0,14.0,14.0,54.0,5.0000001766063615,3.000000105963817,2.8333334334102713,0.3005464480874317,0.63444109,0.282828282,0.184782608,85.73842941810345,7.000000247248906,7.134576461711561,7.17225397583951,6.269758441364465,-0.4303637105040252
825,Jonathan Heasley,KCR,22224,5.0,11.0,0.0,24.0,24.0,118.2,5.764044974702369,3.7921348517778743,1.6685393347822646,0.27445652173913043,0.7057257,0.383033419,0.12716763,93.34629951469046,5.233146095453466,5.489141756665492,5.715056120117177,5.508593494978163,-0.43444277346134186
826,Jhony Brito,NYY,25386,3.0,6.0,0.0,13.0,13.0,52.2,6.493671199637845,3.5886077682209145,2.221519094612947,0.27848101265822783,0.67961165,0.423529411,0.180555555,96.05393880208334,6.322785115436849,6.40928626158262,6.330989875114997,5.382407416989148,-0.44250059127807617
827,Bruce Zimmermann,2 Tms,20370,5.0,11.0,0.0,28.0,28.0,134.1,6.63275459356775,2.344913240150215,2.344913240150215,0.3222748815165877,0.72392638,0.396017699,0.201149425,91.27735028115048,5.96277938209626,6.69675782857947,5.969150066012911,4.659867287217608,-0.45349834859371185
828,Travis Wood,2 Tms,9884,3.0,5.0,0.0,14.0,14.0,65.1,6.061224961668128,3.7193880446599876,2.2040818042429557,0.31775700934579443,0.625,0.345291479,0.163265306,88.69192480205525,7.025510751024421,6.544413453047537,6.280088916891388,5.764624855831023,-0.46081793308258057
829,Chase Petty,CIN,30170,0.0,2.0,0.0,5.0,5.0,17.2,5.094340080975594,6.113208097170713,3.0566040485853563,0.3114754098360656,0.50675676,0.283582089,0.214285714,96.53710123697917,11.207548178146306,9.90103715655461,8.597527352340144,6.585689366541102,-0.46867476403713226
830,T.J. Zeuch,2 Tms,19269,0.0,5.0,0.0,10.0,10.0,40.0,4.725000450611158,4.050000386238135,2.2500002145767417,0.32142857142857145,0.69354839,0.506666666,0.208333333,91.11761474609375,7.2000006866455735,7.931645228310229,6.94700524806266,5.784487684956355,-0.4699321910738945
831,Spencer Howard,4 Tms,23252,3.0,12.0,0.0,32.0,32.0,112.0,7.714285517225465,4.419642744243756,1.9285713793063664,0.32664756446991405,0.62652068,0.397297297,0.162162162,94.06705314629413,7.07142839079001,5.083522778476512,5.83544765810071,5.264256612734041,-0.4739621840417385
832,Justin Dunn,2 Tms,19268,6.0,7.0,0.0,32.0,32.0,133.2,7.608478947750842,5.790523800943118,1.8179551468077233,0.2148997134670487,0.81658291,0.326203208,0.145945945,92.53463393942464,4.443890358863324,6.1099324641528,6.233505973334577,6.034572810597291,-0.49082593619823456
833,Nick Tepesch,2 Tms,11716,1.0,2.0,0.0,4.0,4.0,15.2,5.1702116775320714,5.1702116775320714,3.446807785021381,0.3018867924528302,0.7421875,0.368421052,0.23076923,89.34043817934783,5.1702116775320714,13.018234793956395,9.285297978696322,7.258636518532326,-0.49438857287168503
834,Joe Palumbo,TEX,17035,0.0,3.0,0.0,4.0,4.0,10.2,11.812496479601718,5.0624984912578785,5.906248239800859,0.43333333333333335,0.6043956,0.333333333,0.466666666,93.84893219662409,14.343745725230656,10.485334478305164,11.370257044956812,5.63632952529712,-0.49787458777427673
835,Dylan Dodd,ATL,29928,2.0,2.0,0.0,7.0,7.0,34.1,3.9320389805780422,3.1456311844624336,2.3592233883468254,0.3464566929133858,0.6928839,0.355555555,0.14516129,92.46487887814749,7.601942029117549,8.433216447804169,6.924943408036576,6.5028407344883075,-0.515327513217926
836,Robert Dugger,3 Tms,19191,0.0,7.0,0.0,13.0,13.0,53.0,6.113208674671766,5.0943405622264715,1.8679248728163727,0.27607361963190186,0.60052219,0.366279069,0.146666666,90.48854187600482,6.792454082968629,6.382609081325527,6.572877988898994,6.511273550819997,-0.5319126360118389
837,Nick Nastrini,CHW,29833,0.0,7.0,0.0,8.0,8.0,32.1,6.680412633853112,8.907216845137482,1.948453684873824,0.25,0.57195572,0.310679611,0.125,93.88139880952382,7.793814739495296,6.534875951789309,7.5582325283228595,7.362535739650174,-0.5543036460876465
838,J.C. Mejía,CLE,20617,0.0,7.0,0.0,11.0,11.0,42.1,7.653543536975997,4.677165494818665,2.3385827474093324,0.33076923076923076,0.51886792,0.478571428,0.244444444,92.87802574282787,9.779527852802662,6.774284709899899,6.618853123696966,5.116403370611138,-0.564706563949585
839,Drew Rucinski,OAK,12499,0.0,4.0,0.0,4.0,4.0,18.0,3.0000003178914727,7.000000741746769,2.5000002649095605,0.3188405797101449,0.57142857,0.445945945,0.185185185,89.54986328125,9.000000953674418,7.464909410208467,8.69948538085567,7.5684017808158055,-0.56717848777771
840,Lyon Richardson,CIN,24581,0.0,3.0,0.0,5.0,5.0,17.2,7.1320764983665175,8.660378605159343,3.5660382491832587,0.22448979591836735,0.61068702,0.464285714,0.304347826,96.31480224609375,10.188680711952168,8.412207206686292,9.868611299920847,6.853675117442348,-0.584168329834938
841,Cory Abbott,2 Tms,20277,0.0,5.0,0.0,10.0,10.0,44.0,8.181818181818182,5.113636363636363,2.4545454545454546,0.26666666666666666,0.76923077,0.297709923,0.164383561,91.36316430362655,5.7272727272727275,5.639730806826412,6.891704083572735,5.847497618740255,-0.6176100596785545
842,Matt Swarmer,CHC,19705,1.0,3.0,0.0,5.0,5.0,24.2,8.756756982462006,3.6486487426925027,4.0135136169617525,0.1935483870967742,0.73863636,0.301369863,0.282051282,90.63111772486772,5.837837988308004,5.085854589482376,8.17999869984724,4.723285371062998,-0.6972814202308655
843,Bronson Arroyo,CIN,978,3.0,6.0,0.0,14.0,14.0,71.0,5.704225352112676,2.408450704225352,2.915492957746479,0.30472103004291845,0.6763285,0.304,0.190082644,84.74990915697674,7.352112676056338,6.089353143179929,6.9886256097068244,5.808844795277421,-0.699105441570282
844,Connor Seabold,2 Tms,19695,1.0,11.0,0.0,19.0,19.0,80.1,6.721992126844232,3.4730292655361867,2.464730446509552,0.3371647509578544,0.5887372,0.310714285,0.158273381,92.48798847075113,8.40249015855529,5.772309170956623,6.704797547750166,5.939878633011327,-0.7168151810765266
845,David Hess,2 Tms,16130,4.0,21.0,0.0,34.0,34.0,169.0,6.816567739607783,3.248520563406834,2.5562129023529185,0.2729044834307992,0.65858799,0.338738738,0.186770428,92.33224520758793,6.124260078553868,5.761268953202792,6.58430740176663,5.612046611725905,-0.7265572994947433
846,Tom Koehler,2 Tms,6570,1.0,6.0,0.0,13.0,13.0,60.2,7.565933431609987,4.747252349245482,2.22527453870882,0.3146067415730337,0.66292135,0.377659574,0.2,92.88616150875569,7.417581795696066,5.950529219542073,6.619177865538698,5.6039659576234175,-0.7313171476125717
847,Caden Dana,LAA,31508,1.0,6.0,0.0,8.0,8.0,36.2,8.590909463314986,4.909091121894278,2.9454546731365667,0.2631578947368421,0.66350711,0.471698113,0.315789473,94.7672274800755,7.118182126746703,5.46270590241804,7.289424200405605,4.622140234347809,-0.7313195616006851
848,Wil Crowe,2 Tms,19800,4.0,10.0,0.0,29.0,29.0,126.1,8.548813396291948,4.5593671446890385,2.2084434607087533,0.31054131054131057,0.73389021,0.416886543,0.208053691,93.74660249901048,5.841689154132831,5.715313885404397,6.1467863847730655,5.051405121491293,-0.7999304533004761
849,Chris Smith,OAK,4544,0.0,4.0,0.0,9.0,9.0,46.2,5.207143566559869,3.4714290443732456,2.8928575369777048,0.23809523809523808,0.625,0.354037267,0.2,85.68240293013857,6.942858088746491,7.785319496319471,7.4004974151145015,6.08072164437014,-0.8108623027801514
850,Ryan Carpenter,DET,12699,2.0,8.0,0.0,14.0,14.0,62.1,5.631016157650385,2.310160474933491,2.887700593666864,0.3393665158371041,0.57471264,0.351464435,0.227272727,90.09817184768356,8.663101781000591,7.256580588924961,7.077739166965978,5.574093530391725,-0.8261555433273315
851,Ryan Castellani,COL,16377,1.0,4.0,0.0,10.0,10.0,44.2,5.037312751677909,6.044775302013492,2.619402630872513,0.21774193548387097,0.76124567,0.372262773,0.220338983,92.320166015625,6.044775302013492,8.604357567429672,8.27191227081654,7.020709660866322,-0.8307801634073257
852,Kohei Arihara,TEX,27505,3.0,7.0,0.0,14.0,14.0,58.2,5.676136609690259,3.5284092438615122,2.3011364633879428,0.3229166666666667,0.65116279,0.433497536,0.211267605,91.61379653297811,7.67045487795981,7.715815048054946,6.748951501907754,5.468392058746319,-0.8880681097507477
853,Ross Detwiler,2 Tms,2859,3.0,6.0,0.0,17.0,17.0,64.2,6.541237177713504,3.479381477507183,3.061855700206321,0.2893401015228426,0.7253886,0.441860465,0.25,91.76436421408582,6.958762955014366,6.956900301453921,7.52322893539109,5.758831573252063,-0.9027815759181976
854,Mike Pelfrey,CHW,5203,3.0,12.0,0.0,21.0,21.0,100.1,5.74086276878688,4.933553941926225,1.9734215767704901,0.2750809061488673,0.68017366,0.493939393,0.194690265,,6.009965711073765,6.001940747073465,6.5862105144615875,5.7390855330415995,-0.9262993931770325
855,Bradley Blalock,COL,26419,3.0,9.0,0.0,18.0,18.0,85.1,4.746094032889249,4.429687764029966,2.0039063694421273,0.3254237288135593,0.5952381,0.386581469,0.158333333,94.13901071050776,8.332031746627793,7.066576343776133,6.603064523771792,5.86162255036028,-0.933416560292244
856,Matt Koch,2 Tms,13420,5.0,5.0,0.0,15.0,15.0,78.0,4.730769693498826,2.5384617867554677,2.192307906743358,0.26556016597510373,0.8056872,0.435797665,0.218390804,91.28278169177827,4.615385066828123,8.358435337823396,6.353952513574545,5.029471788335417,-0.9911836981773376
857,Elvin Rodríguez,2 Tms,20962,0.0,5.0,0.0,7.0,7.0,32.1,6.402062107442565,3.618556843337102,3.896907369747648,0.32,0.60386473,0.274336283,0.229508196,93.23966811727662,10.020618950779667,7.41296328458684,8.716689402954195,5.928136141094429,-1.0135848224163055
858,Jered Weaver,SDP,4235,0.0,5.0,0.0,9.0,9.0,42.1,4.889763485780041,2.5511809491026303,3.401574598803507,0.25735294117647056,0.58295964,0.406666666,0.285714285,84.18996680816474,7.440944434882671,6.889541454620943,8.118269317468982,5.557950244719706,-1.0234023332595825
859,Amir Garrett,CIN,14375,3.0,8.0,0.0,14.0,14.0,67.1,8.153464114732781,4.811880461153772,3.074256961292688,0.2554347826086957,0.65963061,0.42364532,0.2875,92.23577123124147,7.4851473840169795,5.930711162856445,7.479421219509385,5.152260738184554,-1.1073110103607178
860,Adam Oller,2 Tms,20132,4.0,12.0,0.0,23.0,23.0,110.2,6.506024189828738,4.472891630507257,2.0331325593214804,0.2958579881656805,0.67785235,0.325,0.139664804,93.6255109400531,6.5873494922015965,5.676882751431607,6.226474599985943,5.70701478686064,-1.1956946873106062
861,Chris Tillman,BAL,5279,2.0,12.0,0.0,26.0,26.0,112.0,5.70535850312061,5.223215531025911,2.330357698457714,0.34564643799472294,0.6104034,0.398514851,0.198630136,90.43850673718399,8.67857349770459,8.197042886284532,7.104733940249622,6.0188517065409295,-1.301244080066681
862,Corbin Martin,2 Tms,19884,1.0,5.0,0.0,10.0,10.0,36.2,8.345455341339187,6.6272733592987665,3.9272731018066764,0.28431372549019607,0.81027668,0.353448275,0.32,94.47443475786424,7.363637065887518,8.886813621613786,9.289744662172685,6.083324925711548,-1.3226210474967957
863,Roddery Muñoz,MIA,25311,2.0,7.0,0.0,17.0,17.0,78.2,7.779661268449598,4.347457767663011,2.9745763673483756,0.26576576576576577,0.69868996,0.334677419,0.230088495,95.51640836720867,6.635593434854069,6.863297614806584,7.374107032957797,5.249407174902879,-1.649440884590149
