rank,Name,Team,playerid,IP,Events,EV,EV90,maxEV,LA,Barrels,Barrel%,HardHit,HardHit%,ERA,xERA
1,Zack Wheeler,2 Tms,10310,1593.1,4258.0,86.41139103254368,103.4,118.6,11.5056206649127,258.0,0.06059183,1394.0,0.32738375,3.214016731271757,3.1801376617719708
2,Jacob deGrom,2 Tms,10954,1214.2,2907.0,87.8660570414068,103.8,114.9,13.450105411103303,195.0,0.06707946,998.0,0.34330925,2.659989049505215,2.7585301538788376
3,Chris Sale,2 Tms,10603,1125.1,2677.0,87.01152734042836,103.8,116.7,12.26898375519456,177.0,0.06611879,872.0,0.32573777,2.91113746871843,2.9249938932512918
4,Gerrit Cole,3 Tms,13125,1490.0,3719.0,88.78357544112122,104.5,115.2,14.315573770491802,293.0,0.07878462,1443.0,0.38800753,3.19530202978404,3.3242878047086304
5,Aaron Nola,PHI,16149,1695.1,4587.0,88.22629025143361,104.0,120.5,11.493274531422271,320.0,0.06976237,1675.0,0.36516242,3.843492019372638,3.4920679020743486
6,Max Scherzer,5 Tms,3137,1339.1,3309.0,87.57648780405924,103.6,113.3,19.426642111724984,258.0,0.07796917,1128.0,0.34088849,3.1515680190534963,3.076290678761142
7,Kevin Gausman,6 Tms,14107,1604.2,4543.0,88.98675877027826,104.9,119.4,13.370246085011185,376.0,0.08276469,1800.0,0.39621396,3.858745341420799,4.145930777847935
8,Sonny Gray,6 Tms,12768,1455.2,3972.0,88.49450285367968,104.6,115.8,9.52415210688592,275.0,0.06923464,1496.0,0.37663646,3.5736203873938077,3.7847403502000985
9,Justin Verlander,4 Tms,8700,1232.1,3257.0,88.32787525177002,103.9,118.8,18.684161199625116,236.0,0.07245932,1153.0,0.35400675,3.067351914864092,3.2900940209006846
10,Logan Webb,SFG,17995,1216.1,3527.0,89.33728434713032,105.3,120.4,3.556896551724138,230.0,0.06521123,1469.0,0.41650128,3.507262289299536,3.8734265603212426
11,Max Fried,2 Tms,13743,1160.2,3232.0,86.83155253079596,103.8,122.2,5.9476175449668665,155.0,0.04795792,1116.0,0.34529703,2.993107494791147,3.321632750282789
12,Dylan Cease,3 Tms,18525,1181.2,2965.0,88.40821644327481,104.2,116.8,15.234492160872529,224.0,0.07554806,1098.0,0.3703204,3.671086115678884,3.5486651286355237
13,Luis Castillo,3 Tms,15689,1525.1,4207.0,88.79186497427361,104.8,115.2,11.014285714285714,318.0,0.07558831,1656.0,0.39362966,3.7054195464410857,3.7816681346190917
14,Blake Snell,4 Tms,13543,1107.2,2655.0,87.55446855071682,103.7,117.9,12.463957055214724,180.0,0.06779661,892.0,0.33596987,3.0713211553339534,3.4615683500050345
15,Clayton Kershaw,LAD,2036,1093.1,2964.0,87.99267237384421,104.5,115.9,10.784019539427774,181.0,0.06106613,1030.0,0.34750337,2.807012252252526,3.310660956158442
16,Tarik Skubal,2 Tms,22267,902.2,2309.0,88.13949869219574,104.8,115.7,12.318840579710145,185.0,0.08012126,869.0,0.3763534,3.0110783713910814,3.216189530286513
17,Charlie Morton,5 Tms,4676,1358.1,3570.0,88.26579653252399,104.3,115.8,9.426099290780142,249.0,0.0697479,1291.0,0.36162465,3.8628220759453704,3.9045103016560474
18,Shane Bieber,2 Tms,19427,932.1,2515.0,90.38237168780255,104.7,116.3,10.663574021782978,207.0,0.08230616,1091.0,0.43379722,3.2627815561124502,3.9412256374360055
19,Framber Valdez,2 Tms,17295,1195.1,3357.0,90.43407137461162,105.5,119.6,0.4798667877686951,210.0,0.06255585,1470.0,0.43789097,3.463469166032573,3.835823112087016
20,Corbin Burnes,3 Tms,19361,893.2,2293.0,87.08514686742508,104.2,117.5,9.83215859030837,139.0,0.06061928,770.0,0.33580462,3.0313316854224817,3.1117707772737737
21,José Berríos,2 Tms,14168,1510.0,4353.0,88.41020332977416,104.5,118.1,13.663000234027615,345.0,0.07925569,1624.0,0.37307604,3.9218543640822006,4.363136165775755
22,Sandy Alcantara,MIA,18684,1272.0,3740.0,88.41137966506366,104.6,117.9,8.671811535337124,238.0,0.06363636,1443.0,0.38582888,3.6792453712906115,3.9128673588903804
23,Patrick Corbin,4 Tms,9323,1557.0,4767.0,89.68367180821222,105.5,116.3,10.38405642231246,399.0,0.08370044,1962.0,0.41157961,4.658959674547366,4.9441554214104055
24,Yu Darvish,4 Tms,13074,1132.1,2990.0,88.08380901805414,103.9,115.5,14.738038683406854,229.0,0.07658863,1065.0,0.35618729,3.8548721319759545,3.613310685815602
25,Eduardo Rodriguez,3 Tms,13164,1246.0,3621.0,87.31455144220601,104.2,117.2,13.774457287848886,262.0,0.0723557,1220.0,0.3369235,3.9582664405300254,4.032503680949381
26,Carlos Rodón,3 Tms,16137,1052.0,2736.0,89.33534350278728,104.8,115.5,16.8219837157661,214.0,0.07821637,1064.0,0.38888889,3.6273764850456693,3.594560732555668
27,Lance Lynn,6 Tms,2520,1207.2,3431.0,87.96107314176602,104.1,117.6,14.105482717520859,236.0,0.06878461,1217.0,0.35470708,4.0019321088965825,3.9281653954087306
28,Nathan Eovaldi,3 Tms,9132,1079.0,3068.0,88.98863914070218,104.7,118.4,10.073355263157895,242.0,0.07887875,1239.0,0.40384615,3.686747092224831,3.831600561893317
29,Zack Greinke,3 Tms,1943,1122.1,3363.0,88.11279017689212,103.8,117.1,11.065021071643589,233.0,0.06928338,1181.0,0.35117455,3.6085535267862237,4.049895246991646
30,Michael Wacha,6 Tms,14078,1291.0,3847.0,87.9746221667025,104.3,118.6,14.389843956625231,293.0,0.07616324,1359.0,0.35326228,3.7924089852827265,4.418149823246958
31,Cristopher Sánchez,PHI,20778,689.1,1962.0,88.59119926278882,105.5,120.0,3.0376676986584106,127.0,0.06472987,758.0,0.38634047,3.042069747662366,3.407889448195316
32,Jesús Luzardo,3 Tms,19959,842.2,2226.0,88.76061181573768,104.3,115.5,12.905522592423551,170.0,0.07637017,838.0,0.37646002,3.8662976462962932,3.6518820108760535
33,Brandon Woodruff,MIL,16162,763.2,1943.0,87.19869373285658,104.2,118.4,14.734725848563968,118.0,0.06073083,666.0,0.34276891,3.134875634103409,3.171395134300036
34,Pablo López,2 Tms,17085,965.0,2697.0,87.46632907595973,104.0,117.3,11.338202247191012,198.0,0.07341491,945.0,0.35038932,3.8145078172575935,3.6203116165434768
35,Luis Severino,3 Tms,15890,993.1,2795.0,88.17583607518395,104.1,114.7,11.82389251997095,194.0,0.06940966,1055.0,0.37745975,3.8597315930325755,3.8769170561051243
36,Ranger Suarez,2 Tms,17277,803.2,2343.0,87.20321734884511,104.0,115.8,8.84144222415291,136.0,0.05804524,795.0,0.33930858,3.4267940349688173,3.6309106260021795
37,Kyle Hendricks,2 Tms,12049,1280.1,4019.0,86.13846943502914,103.5,119.0,12.380481622306718,271.0,0.06742971,1307.0,0.32520527,4.0981515393212264,4.149788946278993
38,Freddy Peralta,3 Tms,18679,1005.0,2575.0,87.73598188309514,103.6,117.9,17.671647660243806,191.0,0.07417476,927.0,0.36,3.7343284716046377,3.4309913105321104
39,Marcus Stroman,4 Tms,13431,1129.2,3431.0,89.11470815493402,105.0,118.3,5.096056922620813,201.0,0.0585835,1370.0,0.3993005,3.760401332180095,4.280974309865687
40,Chris Bassitt,4 Tms,12304,1204.2,3516.0,87.43128003942252,104.1,117.2,12.515831894070237,242.0,0.06882821,1225.0,0.34840728,3.6906474664319835,4.03062646949446
41,Zac Gallen,2 Tms,19291,1108.2,3078.0,89.60964902721939,104.6,114.0,12.082704299310798,263.0,0.08544509,1273.0,0.41358025,3.82351176087923,4.104442929167279
42,Logan Gilbert,SEA,22250,1013.1,2753.0,90.26384302512886,105.0,118.0,14.95360824742268,231.0,0.08390846,1178.0,0.42789684,3.597039600067526,3.576057464476904
43,Corey Kluber,5 Tms,2429,741.0,2044.0,87.11445136101355,104.1,116.7,13.977420973406923,137.0,0.06702544,692.0,0.33855186,3.4615384971787355,3.5621667829646917
44,Jack Flaherty,4 Tms,17479,1070.0,2805.0,88.18471497532597,104.6,117.5,14.73161897863093,220.0,0.07843137,1038.0,0.37005348,3.8775701141940506,4.036705223206111
45,Joe Musgrove,3 Tms,12970,955.2,2715.0,87.88777036246026,103.5,115.8,11.667289719626169,178.0,0.06556169,975.0,0.35911602,3.814091440546092,3.7860659057862134
46,Jose Quintana,8 Tms,11423,1151.1,3454.0,88.40136203494683,104.0,116.4,11.844536570920935,230.0,0.06658946,1280.0,0.37058483,4.09612056673795,4.517777166639777
47,Tyler Glasnow,3 Tms,14374,731.1,1760.0,89.58381269172467,104.8,117.6,10.94269340974212,161.0,0.09147727,720.0,0.40909091,3.642661858757085,3.3395851940988135
48,Germán Márquez,2 Tms,15038,1169.2,3516.0,89.99126148223877,104.9,116.3,9.33130787037037,256.0,0.07281001,1491.0,0.42406143,4.678255831992569,4.437181804525202
49,Shohei Ohtani,2 Tms,19755,614.1,1476.0,87.24432285376677,103.8,113.9,12.876965140123035,96.0,0.06504065,514.0,0.34823848,2.8274552852245542,3.0912350647298825
50,Jon Gray,2 Tms,14916,1000.2,2908.0,89.07188797530594,104.6,116.8,10.93361285814116,185.0,0.06361761,1141.0,0.39236589,4.407061852291629,4.239750385562132
51,Walker Buehler,4 Tms,19374,966.2,2710.0,88.53744391762113,104.3,114.4,11.323407463249152,183.0,0.06752768,997.0,0.36789668,3.59379316963078,3.733762417329738
52,Kyle Freeland,COL,16256,1382.1,4502.0,89.07377730839931,104.7,116.3,11.709502262443438,364.0,0.08085295,1766.0,0.3922701,4.720279972118029,4.881139282010826
53,George Kirby,SEA,25436,807.1,2390.0,89.46160643498943,104.5,115.6,12.61402027027027,187.0,0.07824268,948.0,0.39665272,3.723369210262767,3.7314762335997678
54,Lucas Giolito,5 Tms,15474,1158.0,3178.0,88.63699232382217,104.9,117.4,16.125674389082832,253.0,0.07960982,1198.0,0.37696665,4.259067483785387,4.19782399874474
55,Trevor Bauer,3 Tms,12703,740.2,1874.0,88.89291614555165,104.5,115.7,14.44889129259059,142.0,0.07577375,692.0,0.36926361,3.3537353505067777,3.576204132313634
56,Jameson Taillon,4 Tms,11674,1215.0,3664.0,88.39043299145521,104.3,117.4,15.077882483370288,284.0,0.07751092,1344.0,0.36681223,4.051851953623628,4.157900775810864
57,Zach Eflin,3 Tms,13774,998.0,3074.0,87.83290253750468,104.3,116.5,11.695016611295681,232.0,0.0754717,1085.0,0.35296031,4.247494900685381,3.783776779783272
58,Nick Pivetta,3 Tms,15454,1142.0,3151.0,89.76360543415359,104.3,117.5,15.38196457326892,293.0,0.09298635,1276.0,0.40495081,4.4842381486759875,4.19521434057549
59,Matthew Boyd,3 Tms,15440,1033.1,3005.0,88.03808957768553,104.2,115.5,18.024737377160285,238.0,0.07920133,1052.0,0.35008319,4.407096877233248,4.06695043444121
60,Carlos Carrasco,4 Tms,6632,959.2,2743.0,89.25533353365384,105.3,116.7,10.534373838721665,227.0,0.08275611,1087.0,0.39628144,4.379645852491166,4.295835267516571
61,Jordan Montgomery,4 Tms,16511,857.0,2559.0,87.81935053075901,104.1,114.9,11.856180665610143,174.0,0.06799531,924.0,0.36107855,3.990665119733477,4.124102719370976
62,Paul Skenes,PIT,33677,482.2,1198.0,87.74877496301775,104.3,115.8,12.541385135135135,72.0,0.06010017,460.0,0.38397329,2.573204474121525,2.80735240008442
63,Kyle Gibson,5 Tms,10123,1296.0,3916.0,88.62723536922643,104.6,115.4,8.443152454780362,278.0,0.07099081,1539.0,0.39300306,4.576388902359212,4.711253344560211
64,Merrill Kelly,2 Tms,11156,1165.0,3414.0,89.55795873740145,105.0,116.9,13.035395597858418,306.0,0.08963093,1382.0,0.40480375,3.9321889184555037,4.601718976239861
65,Miles Mikolas,2 Tms,9803,1211.0,3911.0,88.67066713300365,104.4,115.5,11.859187922956794,320.0,0.08182051,1503.0,0.38430069,4.340214725939893,4.612796470725847
66,Robbie Ray,5 Tms,11486,1263.0,3187.0,89.89616529123971,105.2,116.0,16.508149568552252,283.0,0.08879824,1310.0,0.41104487,3.733966833246743,4.075867058403966
67,Sean Manaea,4 Tms,15873,1110.2,3240.0,89.75986162241468,104.9,116.2,13.991821327461466,263.0,0.08117284,1328.0,0.40987654,4.1650660144894465,4.313632442573056
68,Mike Clevinger,3 Tms,12808,741.1,1998.0,87.54556912579113,103.5,114.4,16.671059300557527,142.0,0.07107107,695.0,0.34784785,3.3385790736994814,3.882430699755323
69,Stephen Strasburg,WSN,10131,545.2,1403.0,88.24491465972476,104.3,113.5,9.991953182150695,91.0,0.06486101,490.0,0.3492516,3.364691289317164,3.3454211921112385
70,Tyler Mahle,5 Tms,16358,869.2,2466.0,88.8057305725706,104.1,117.4,13.65670402656704,178.0,0.07218167,907.0,0.36780211,4.02568049033176,4.017666454460831
71,James Paxton,4 Tms,11828,665.0,1786.0,89.26177435170804,104.4,118.1,15.125711035267349,132.0,0.07390817,697.0,0.39025756,3.9112781618338146,3.605766568576373
72,Joe Ryan,MIN,21390,770.0,2071.0,89.29258150889153,104.8,116.8,20.232195121951218,197.0,0.09512313,815.0,0.3935297,3.787013015155146,3.410195748086336
73,Brady Singer,2 Tms,25377,1003.1,3001.0,89.80284512260917,105.2,116.5,10.32396750169262,238.0,0.0793069,1267.0,0.4221926,4.440199493111121,4.58140446697529
74,Trevor Rogers,2 Tms,22286,677.2,1955.0,88.82594889238453,104.8,116.9,13.25363070539419,137.0,0.07007673,782.0,0.4,3.9178555331572333,4.00497820707405
75,Mitch Keller,PIT,17594,987.2,2971.0,89.02595038245629,104.6,115.7,11.265935572309802,224.0,0.07539549,1187.0,0.39952878,4.610867420552178,4.553208977193919
76,Drew Rasmussen,TBR,25385,555.0,1545.0,89.32598236164083,104.3,115.9,10.659672131147541,91.0,0.05889968,604.0,0.39093851,2.7081081453355416,3.3143276587811936
77,Yoshinobu Yamamoto,LAD,33825,442.2,1118.0,88.11731322246146,105.0,117.6,8.522212148685403,74.0,0.06618962,431.0,0.38550984,2.6024096983578624,2.955848087093285
78,Hyun Jin Ryu,2 Tms,14444,702.2,2084.0,87.85117724178116,104.3,115.3,9.868007850834152,138.0,0.06621881,719.0,0.3450096,3.2917455637588433,3.893426361107734
79,Alex Cobb,5 Tms,6562,807.0,2508.0,89.32179153109867,105.0,118.1,4.8935054457442515,166.0,0.0661882,1019.0,0.40629984,4.092936880363396,4.508644252947721
80,Seth Lugo,3 Tms,12447,815.0,2447.0,89.38119251469294,104.8,115.6,12.028973509933774,205.0,0.08377605,1011.0,0.41315897,4.0748466543760244,4.490490305321094
81,Julio Urías,LAD,14765,580.2,1618.0,86.60848218700554,103.5,114.2,16.922784810126583,101.0,0.06242274,498.0,0.30778739,3.208381237813163,3.3449027798059303
82,Martín Pérez,7 Tms,6902,1199.0,3826.0,87.95247560412786,104.3,117.4,10.418196328810854,256.0,0.06691061,1374.0,0.3591218,4.376146830759821,4.922262174614737
83,Frankie Montas,5 Tms,14309,728.1,2100.0,88.56147605455483,104.9,115.8,12.168283220174589,166.0,0.07904762,817.0,0.38904762,4.077803253496153,4.233054446367761
84,Noah Syndergaard,5 Tms,11762,605.2,1837.0,86.98647761397541,103.7,117.9,10.3841059602649,109.0,0.05933587,602.0,0.32770822,4.175564226255596,3.8668473553447704
85,Tyler Anderson,6 Tms,12880,1117.0,3429.0,86.87854338146391,103.6,116.5,17.613507884558167,263.0,0.07669875,1101.0,0.32108486,4.423455707530185,4.271270884146583
86,Hunter Brown,HOU,25880,612.0,1601.0,87.60778356481481,104.1,114.3,8.507846829880728,111.0,0.06933167,575.0,0.35915053,3.5588236181427106,3.5184574025599833
87,Adam Wainwright,STL,2233,898.0,2805.0,87.97299405909709,104.0,115.3,10.542649727767696,190.0,0.06773619,1009.0,0.3597148,4.249443315436569,4.70204536662055
88,Kenta Maeda,3 Tms,18498,715.1,1976.0,87.44525579963712,103.0,114.1,15.153965785381027,125.0,0.06325911,645.0,0.326417,4.416122862570626,3.6579155246571875
89,MacKenzie Gore,3 Tms,22201,693.1,1928.0,89.39800461200105,105.2,115.7,14.82992125984252,180.0,0.093361,806.0,0.41804979,4.283654066126739,4.44798391747695
90,Hunter Greene,CIN,22182,523.1,1304.0,89.275019773686,104.2,115.3,19.962761830876648,103.0,0.07898773,525.0,0.40260736,3.8178344737535053,3.492357562377985
91,Yusei Kikuchi,4 Tms,20633,1027.0,2980.0,90.54338680129516,105.6,119.2,12.009543285616905,284.0,0.09530201,1280.0,0.4295302,4.4868550338967434,4.626303832228686
92,Spencer Strider,ATL,27498,467.1,1118.0,89.14437676677824,104.2,114.2,15.954095409540955,97.0,0.08676208,425.0,0.38014311,3.947931698261504,3.364011692572214
93,Garrett Crochet,2 Tms,27463,381.1,944.0,88.06168111712863,104.9,115.5,11.026852846401718,78.0,0.08262712,364.0,0.38559322,3.2569930504351134,3.028135183722218
94,Bryan Woo,SEA,30279,558.0,1540.0,88.81509006930774,104.3,120.4,15.14032786885246,109.0,0.07077922,602.0,0.39090909,3.403225946045986,3.2021161638862083
95,Shane McClanahan,TBR,21483,522.2,1388.0,89.47654526654412,105.2,117.3,9.495958853783982,122.0,0.08789625,556.0,0.40057637,3.0994898562429363,3.774743996833516
96,Andrew Heaney,5 Tms,15423,959.2,2737.0,89.55003825295229,104.7,115.8,16.08286674132139,255.0,0.0931677,1102.0,0.40263062,4.510941436533917,4.476593988202172
97,Justin Steele,CHC,17312,493.1,1405.0,87.65914319042544,103.6,114.1,9.936231884057971,70.0,0.04982206,499.0,0.35516014,3.338513638286198,3.4889452880256195
98,Marco Gonzales,3 Tms,15467,882.1,2816.0,88.05179096794474,104.1,121.1,14.836107091172215,203.0,0.07208807,1010.0,0.35866477,4.161692660108351,4.577645260376961
99,Lance McCullers Jr.,HOU,14120,600.1,1592.0,89.19441525222081,105.4,117.3,5.63261421319797,112.0,0.07035176,608.0,0.38190955,4.077734755997306,3.8744975182903096
100,Bailey Ober,MIN,21224,740.2,2157.0,88.73045047942001,104.5,116.6,20.8311506080449,211.0,0.09782105,803.0,0.37227631,4.119262067630403,4.002974023653701
101,Trevor Williams,5 Tms,16977,912.1,2885.0,88.02184005062136,104.0,117.1,14.253805309734513,218.0,0.07556326,1027.0,0.3559792,4.5082205633344214,4.58351284234286
102,David Peterson,2 Tms,20302,701.1,2023.0,89.77306454145729,105.3,117.3,6.781909547738693,144.0,0.07118141,870.0,0.43005437,4.375950673482914,4.707700855573185
103,Patrick Sandoval,2 Tms,19447,570.0,1669.0,87.37246648208563,103.4,114.4,10.14399023794997,102.0,0.06111444,595.0,0.3565009,4.1052634051632175,4.354370559443446
104,Mike Minor,4 Tms,10021,677.2,2007.0,87.78170023017219,104.3,114.3,17.500251382604326,177.0,0.08819133,688.0,0.3428002,4.568617784766486,4.181557982191681
105,Reid Detmers,LAA,27468,559.2,1524.0,89.66017145822978,104.2,114.8,16.473161033797215,122.0,0.08005249,594.0,0.38976378,4.422275304452044,3.999888207752113
106,Rich Hill,8 Tms,4806,789.1,2201.0,88.09109529793123,103.8,114.3,15.598414179104477,183.0,0.08314403,754.0,0.34257156,3.9451013481736976,4.223847872656104
107,Cole Ragans,2 Tms,21846,395.0,986.0,88.162125499871,103.9,117.2,15.289690721649485,75.0,0.07606491,353.0,0.35801217,3.622784915087299,3.397095193904729
108,Tanner Bibee,CLE,30134,675.1,1931.0,88.72163518203247,104.5,116.7,16.41937172774869,144.0,0.07457276,728.0,0.37700673,3.758144239574986,3.839418930390611
109,Reynaldo López,2 Tms,16400,683.0,2028.0,88.73856801209345,104.5,115.6,17.174950298210735,157.0,0.07741617,766.0,0.37771203,4.190336971971064,4.769439524426109
110,Dylan Bundy,3 Tms,12917,794.1,2373.0,88.68030697685285,104.4,116.8,16.845792396411788,185.0,0.07796039,854.0,0.35988201,4.849349543853294,4.286837527500425
111,Aaron Civale,5 Tms,19479,797.2,2387.0,88.66072004932468,104.2,119.5,15.640677966101695,179.0,0.07498953,920.0,0.38542103,4.26493950178535,4.192584095283212
112,Alex Wood,4 Tms,13781,691.2,2017.0,88.48665948514085,104.2,116.5,9.013636363636364,123.0,0.06098166,734.0,0.36390679,4.202891512178645,4.080780143866764
113,Jake Odorizzi,4 Tms,6397,687.1,1983.0,88.76606344114313,104.2,115.7,19.32176165803109,162.0,0.0816944,722.0,0.36409481,4.203200795385474,4.504670504908359
114,Taijuan Walker,5 Tms,11836,905.1,2743.0,89.2715883921836,104.5,116.7,11.795933456561922,221.0,0.08056872,1081.0,0.39409406,4.274668663360131,4.656257762881763
115,Masahiro Tanaka,NYY,15764,561.1,1643.0,88.66934051607804,104.5,117.5,10.355995055624227,122.0,0.07425441,613.0,0.37309799,4.280878898646692,4.175301207941272
116,Michael King,2 Tms,19853,503.2,1374.0,87.04633684250092,104.2,117.2,14.212278106508876,112.0,0.08151383,462.0,0.33624454,3.234281954949681,4.089721312776257
117,Dallas Keuchel,7 Tms,9434,785.1,2528.0,87.55333061891804,104.9,116.4,3.767255216693419,162.0,0.06408228,905.0,0.35799051,4.274617904898368,4.520916580387431
118,Wade Miley,5 Tms,8779,753.0,2339.0,86.98022105235927,104.0,115.3,8.443021201413428,134.0,0.05728944,764.0,0.32663531,3.9442230076625715,4.539519977045059
119,Kyle Bradish,BAL,24586,512.2,1410.0,89.13244900563083,104.5,114.7,8.897491039426523,108.0,0.07659574,559.0,0.3964539,3.6690508699202935,4.01520821798126
120,Danny Duffy,KCR,3542,548.0,1618.0,88.431785731779,104.2,115.1,16.910971786833855,111.0,0.06860321,582.0,0.35970334,4.187956116920886,4.724776543945253
121,Chris Archer,3 Tms,6345,589.0,1631.0,89.58870259831461,104.8,116.0,12.68789013732834,126.0,0.07725322,659.0,0.4040466,4.431239302696928,4.430786085619491
122,Andrew Abbott,CIN,29911,572.2,1702.0,89.09124372546799,104.2,115.7,19.534420289855074,145.0,0.08519389,623.0,0.36603995,3.7718277736362333,4.110192482570582
123,Antonio Senzatela,COL,15488,759.0,2598.0,89.71271729282158,105.3,114.7,8.113333333333333,167.0,0.06428022,1082.0,0.41647421,5.288537768691577,5.323917732468322
124,Cal Quantrill,6 Tms,19312,850.2,2684.0,88.42406323620915,104.3,116.1,13.502269288956127,220.0,0.08196721,1017.0,0.37891207,4.358934313031182,4.705761042424236
125,Adrian Houser,5 Tms,12718,710.1,2210.0,88.93948630480946,104.7,113.8,7.794306703397613,141.0,0.0638009,905.0,0.40950226,4.409197757153386,4.5212999922282515
126,Dean Kremer,2 Tms,19350,735.1,2201.0,88.81678219729714,104.7,119.4,14.975103734439834,200.0,0.09086779,838.0,0.38073603,4.381686510853309,4.555966073361649
127,J.A. Happ,4 Tms,7410,681.0,2026.0,88.50769781125062,104.9,118.4,13.733133433283358,164.0,0.08094768,733.0,0.36179664,4.400881180528851,4.3341961018729265
128,Rick Porcello,2 Tms,2717,628.0,1968.0,88.38141633646688,104.5,116.4,14.411190965092402,162.0,0.08231707,716.0,0.36382114,4.872611346576196,4.709461009854874
129,Steven Matz,4 Tms,13361,776.1,2342.0,88.80364135689274,104.4,115.8,10.861725184221934,184.0,0.07856533,888.0,0.37916311,4.625590594274958,4.400556852856209
130,Nick Martinez,4 Tms,12730,600.0,1893.0,87.35644792502676,103.6,113.3,15.587479935794542,143.0,0.07554147,644.0,0.34020074,4.0350001795768815,4.329897262119402
131,Ross Stripling,4 Tms,13273,554.0,1695.0,89.09480080840953,104.1,119.0,12.96614268440145,137.0,0.08082596,623.0,0.36755162,4.110108473055807,4.093265548764667
132,Casey Mize,2 Tms,20492,561.0,1720.0,89.69770903483742,105.0,117.0,12.887323943661972,159.0,0.09244186,713.0,0.41453488,4.058823626009166,4.376944441877372
133,Jon Lester,3 Tms,4930,736.1,2284.0,88.08376425536673,104.3,116.0,11.69186046511628,166.0,0.07267951,789.0,0.34544658,4.253508316067554,4.854061571039846
134,Michael Soroka,5 Tms,18383,470.2,1380.0,88.29535607019592,104.6,115.4,11.093588798820928,94.0,0.06811594,505.0,0.36594203,3.862606206206315,4.386293528194183
135,Nestor Cortes,4 Tms,17874,502.0,1406.0,89.35229684837921,104.7,117.4,21.95767575322812,107.0,0.07610242,562.0,0.3997155,3.7470120752058227,3.5563539431724416
136,Jacob Misiorowski,MIL,31623,230.0,487.0,87.81312459309896,102.7,111.7,13.887966804979254,25.0,0.0513347,168.0,0.3449692,2.5826087813206144,2.3996877831185737
137,Brad Keller,3 Tms,15734,647.0,2015.0,89.08929464732365,104.6,114.1,7.851425712856428,139.0,0.06898263,785.0,0.38957816,4.326120696701119,4.90830934259465
138,Chris Paddack,5 Tms,20099,603.0,1858.0,89.79961490473818,105.1,115.5,14.126443100604728,164.0,0.08826695,767.0,0.41280947,4.776119387877737,4.4888209919778035
139,Brandon Pfaadt,ARI,27782,551.0,1707.0,89.74164182479326,105.4,115.5,14.036009445100355,159.0,0.09314587,702.0,0.4112478,4.78584418521302,4.277342629939549
140,Tanner Houck,BOS,19879,420.2,1219.0,89.64991568255898,104.9,113.8,5.8468543046357615,81.0,0.06644791,514.0,0.4216571,4.129160238130703,4.259698404602268
141,Zach Davies,4 Tms,13183,851.0,2698.0,88.09604276660008,104.2,113.8,11.067732115677321,187.0,0.0693106,979.0,0.36286138,4.462984643831091,5.16839693227879
142,Gio Gonzalez,3 Tms,7448,470.1,1359.0,86.9888115219511,103.6,117.3,10.996194824961949,77.0,0.05665931,422.0,0.31052244,3.5974484818394923,4.305302448118092
143,Anthony DeSclafani,3 Tms,13050,607.0,1813.0,89.23342707042316,105.2,115.7,11.764305949008499,142.0,0.07832322,708.0,0.39051296,4.329489359619815,4.338657397791063
144,Cam Schlittler,NYY,32095,257.2,628.0,88.72923976423667,103.2,115.1,13.531400966183575,49.0,0.07802548,247.0,0.3933121,2.235446401320065,3.2089366074169066
145,José Soriano,2 Tms,22100,445.1,1256.0,89.83875262312904,105.7,116.9,0.6844229217110573,88.0,0.07006369,540.0,0.42993631,3.7791916275572395,4.164449166406064
146,Cristian Javier,HOU,17606,515.2,1368.0,88.8411398229782,103.8,114.1,24.185239852398524,113.0,0.08260234,486.0,0.35526316,3.9444084937382695,3.743390990182551
147,Madison Bumgarner,2 Tms,5524,811.2,2480.0,89.47488787764156,105.0,113.6,16.641215106732346,226.0,0.09112903,978.0,0.39435484,4.313347167869997,4.852367736102559
148,Gavin Williams,CLE,30122,499.2,1294.0,89.95382690429688,104.9,116.0,11.6765625,113.0,0.08732612,565.0,0.4366306,3.620413682779358,4.081910854455478
149,Dustin May,4 Tms,19716,433.0,1240.0,89.21715750102125,105.0,117.8,10.68218954248366,93.0,0.075,511.0,0.41209677,4.1362587333883365,4.319888906123069
150,Jakob Junis,5 Tms,13619,624.1,1908.0,89.32392698321284,104.9,114.7,13.463208046585494,156.0,0.08176101,734.0,0.38469602,4.526428268429848,4.729418561867732
151,Taj Bradley,2 Tms,22543,555.2,1522.0,90.50046743401852,105.7,116.4,14.274849899933288,138.0,0.09067017,654.0,0.42969777,4.518896334505361,4.116255573709828
152,John Means,BAL,16269,390.0,1166.0,87.86206648084853,104.3,117.0,20.390625,94.0,0.0806175,413.0,0.3542024,3.64615388181788,3.938535617956927
153,David Price,2 Tms,3184,390.2,1102.0,87.99605976705585,104.6,121.1,12.961538461538462,79.0,0.07168784,391.0,0.35480944,3.847269724752009,4.097812393924177
154,Spencer Turnbull,3 Tms,16207,338.2,979.0,89.42399324182394,104.9,116.2,8.936918304033092,68.0,0.06945863,392.0,0.40040858,4.358267601989862,4.643779901225698
155,Shane Baz,2 Tms,22264,459.0,1310.0,89.87597806144474,104.7,116.9,13.718558282208589,105.0,0.08015267,543.0,0.41450382,4.196078553428524,3.925774168708117
156,Cole Hamels,3 Tms,4972,483.2,1401.0,88.88962093181638,104.7,118.3,10.957184325108853,97.0,0.06923626,526.0,0.37544611,3.944865803734156,4.66242025869166
157,Nick Lodolo,CIN,26378,505.1,1405.0,89.31092418323864,104.9,115.9,11.985337243401759,127.0,0.09039146,558.0,0.39715302,4.256596509574481,4.158954916421366
158,Tanner Roark,4 Tms,8753,571.1,1737.0,88.12858712229585,104.2,115.1,13.823181549379065,126.0,0.07253886,611.0,0.3517559,4.64702445237167,4.747010474171596
159,Brayan Bello,BOS,23920,574.0,1776.0,89.04554780558706,105.4,116.7,6.993197278911564,133.0,0.07488739,734.0,0.41328829,4.452961820441649,4.5891833981516195
160,Mike Leake,3 Tms,10130,568.2,1902.0,89.40706842001806,105.4,116.3,8.831815747188003,132.0,0.06940063,749.0,0.393796,4.194021177017215,5.120439148696901
161,Luke Weaver,5 Tms,16918,484.1,1474.0,88.98692444645776,104.3,115.1,14.273039889958735,117.0,0.07937585,574.0,0.38941655,5.091534959528998,4.622312026058946
162,Tony Gonsolin,LAD,19388,389.1,1056.0,89.28769249549279,103.5,116.6,15.46923076923077,79.0,0.07481061,401.0,0.37973485,3.2825342894584746,4.0632034389781495
163,Luis Garcia,HOU,23735,346.1,940.0,88.01442269283167,104.2,116.1,17.032292787944026,70.0,0.07446809,341.0,0.36276596,3.612127157962424,3.741967761013534
164,Kris Bubic,KCR,21455,464.1,1357.0,88.87447829473587,105.2,114.4,10.778438661710037,107.0,0.07885041,558.0,0.41120118,4.283560918514529,4.802956493118993
165,Aníbal Sánchez,3 Tms,3284,506.1,1538.0,87.10578150955149,103.8,114.2,14.762790697674419,101.0,0.0656697,484.0,0.31469441,4.2659645574283305,4.131428824443576
166,Ryan Yarbrough,4 Tms,16502,407.0,1278.0,85.08890636220409,102.9,117.4,15.850237717908083,86.0,0.06729264,371.0,0.29029734,4.621621838207472,4.160788143445291
167,Andre Pallante,STL,26108,479.1,1507.0,88.16919839721845,104.8,119.4,2.348679756262695,73.0,0.04844061,566.0,0.37558062,4.2433937485635695,3.941924281679287
168,Dinelson Lamet,2 Tms,17186,300.2,745.0,88.38998459774861,104.4,114.2,15.678720445062586,63.0,0.08456376,281.0,0.37718121,4.13082017200469,3.837892373640894
169,Michael Lorenzen,7 Tms,14843,649.1,2003.0,89.49239957182624,104.9,117.2,13.093608454957222,162.0,0.08087868,802.0,0.4003994,4.587782511560075,4.698641554866315
170,Jeffrey Springs,3 Tms,17677,475.2,1411.0,87.89008506687208,104.1,115.3,17.348169418521177,111.0,0.07866761,521.0,0.36924167,4.105816551698851,4.040567723303571
171,Shota Imanaga,CHC,33829,486.1,1388.0,89.15749806677584,104.5,114.7,19.014545454545456,137.0,0.09870317,549.0,0.39553314,3.4605895895939867,3.7093970164282375
172,Chase Burns,CIN,35333,185.2,460.0,89.52488482693386,104.1,113.1,18.07158836689038,36.0,0.07826087,180.0,0.39130435,3.2477559460431396,3.1979524659077914
173,Eric Lauer,4 Tms,19316,738.0,2231.0,89.46939517235899,104.2,116.0,17.99538106235566,174.0,0.07799193,849.0,0.38054684,4.365853669820061,4.551097135199166
174,Parker Messick,CLE,31986,218.0,595.0,87.54324919871794,104.1,113.0,13.54017094017094,31.0,0.05210084,196.0,0.32941176,2.60091752221755,3.0881633536707356
175,Dane Dunning,2 Tms,19409,520.2,1519.0,88.79023080616695,104.9,118.5,8.384717607973421,131.0,0.08624095,616.0,0.40552995,4.269526331815367,4.552857080204535
176,Eury Pérez,MIA,27768,331.0,852.0,89.41460761208432,105.2,114.5,21.29691211401425,85.0,0.09976526,355.0,0.41666667,3.833837034742328,3.7121887875161086
177,Alek Manoah,TOR,26410,420.0,1149.0,87.86242472152107,103.5,117.9,16.59122807017544,76.0,0.06614447,399.0,0.34725849,3.3428572946665307,3.900153745126808
178,Austin Gomber,2 Tms,16561,637.1,2060.0,89.24500959192811,104.8,115.9,13.799012345679012,194.0,0.09417476,810.0,0.39320388,5.1119247422868455,5.034228891642044
179,Michael Pineda,3 Tms,5372,422.0,1305.0,89.60424535979264,105.3,115.0,13.83805031446541,103.0,0.0789272,511.0,0.39157088,4.180094730050488,4.638180988125562
180,Mike Foltynewicz,2 Tms,10811,585.1,1716.0,89.03149417689069,104.7,116.5,14.793226381461675,127.0,0.07400932,641.0,0.37354312,4.351366711284355,4.424058179710926
181,Iván Nova,3 Tms,1994,554.0,1847.0,89.3763066526881,104.9,118.9,10.122964626614262,135.0,0.0730915,696.0,0.37682729,4.5,5.26546588604986
182,Bryce Miller,SEA,29837,504.1,1432.0,90.2978812389576,105.1,117.0,16.870671378091874,137.0,0.09567039,591.0,0.4127095,4.050892430434139,4.265209465825597
183,Jake Arrieta,3 Tms,4153,619.2,1904.0,88.6542525920462,104.5,114.3,8.622872340425532,127.0,0.06670168,689.0,0.36186975,4.61861220446102,4.689222730909731
184,Carlos Martinez,STL,11682,407.2,1185.0,87.46039824201898,103.8,113.7,8.568593615185504,65.0,0.05485232,419.0,0.3535865,4.415372208128662,4.069178571182245
185,Clarke Schmidt,NYY,19899,342.1,983.0,89.01288521363563,104.8,116.7,15.262886597938145,67.0,0.0681587,383.0,0.3896236,3.917234820484857,3.8332119897298833
186,Braxton Garrett,MIA,21844,324.2,948.0,90.14925003868609,105.7,116.7,8.724064171122995,73.0,0.07700422,408.0,0.43037975,4.102669593318993,4.613914729220057
187,Griffin Canning,3 Tms,19867,617.1,1804.0,90.16112120649406,104.9,114.7,14.041312959818901,160.0,0.0886918,735.0,0.40742794,4.78185760899645,4.539603370089378
188,Brett Anderson,4 Tms,8223,454.2,1540.0,89.61895617046216,104.9,117.0,4.3871399866041525,113.0,0.07337662,641.0,0.41623377,4.394428435160209,5.258841334906315
189,Reese Olson,DET,24968,272.2,769.0,90.89593073326772,105.6,113.8,10.76509186351706,61.0,0.0793238,341.0,0.44343303,3.696821653811789,4.161524892946819
190,Tyler Skaggs,LAA,10190,290.0,841.0,88.69576830788996,104.3,114.7,14.380145278450364,56.0,0.0665874,314.0,0.37336504,4.251724473497415,4.388012086919359
191,Zack Godley,3 Tms,14862,397.1,1141.0,89.10442740312006,104.6,115.1,7.642276422764228,81.0,0.07099036,446.0,0.39088519,4.892617159998921,4.843316561599827
192,Spencer Schwellenbach,ATL,31846,234.1,650.0,88.1621699370155,104.7,117.3,10.088372093023256,40.0,0.06153846,264.0,0.40615385,3.2261736119879125,3.4889132718852833
193,Johnny Cueto,4 Tms,6893,603.0,1872.0,87.96990136932908,104.4,115.2,13.773026315789474,143.0,0.07638889,664.0,0.35470085,4.313432801711359,4.8962522252406036
194,Cole Irvin,3 Tms,19244,519.0,1680.0,89.31850506470388,104.1,116.6,15.611814345991561,162.0,0.09642857,656.0,0.39047619,4.23121395058189,5.010281506291324
195,Michael Fulmer,2 Tms,13218,339.1,1064.0,87.76340249361154,104.6,117.3,10.957732949087417,63.0,0.05921053,364.0,0.34210526,4.614930995615024,4.698901208632403
196,Bryce Elder,ATL,27779,581.1,1789.0,89.80754240818207,104.7,117.6,9.633011911514464,124.0,0.06931247,737.0,0.41196199,4.42775244853702,4.468054316976663
197,Tylor Megill,NYM,21318,401.2,1144.0,89.66530040839652,105.1,114.7,12.653880463871543,104.0,0.09090909,477.0,0.41695804,4.436514677314161,4.532142640947561
198,Jimmy Nelson,2 Tms,10547,189.0,514.0,85.97791081114399,104.0,116.1,6.420118343195266,21.0,0.04085603,165.0,0.32101167,3.8571426625154555,3.619260272435183
199,Noah Cameron,KCR,30184,297.2,869.0,88.2640899122807,104.4,117.9,14.191812865497075,61.0,0.07019563,324.0,0.37284235,3.5375141186521426,4.025075395143697
200,Jeff Samardzija,SFG,3254,450.1,1363.0,88.3037276868941,104.0,118.4,15.814317673378076,104.0,0.07630227,479.0,0.35143067,4.4367136895886565,4.450478144491188
201,Davis Martin,CHW,21448,364.0,1115.0,89.94517286401411,105.1,117.2,12.666060054595086,89.0,0.07982063,477.0,0.42780269,4.351648625278386,4.799634811221924
202,Braxton Ashcraft,PIT,23793,198.2,541.0,89.23158860251168,104.9,113.1,10.829906542056074,31.0,0.05730129,221.0,0.40850277,3.3976511154447184,3.3718715318255423
203,Ryne Nelson,ARI,26253,505.2,1569.0,90.74660891485276,105.3,115.0,15.506078055022392,148.0,0.0943276,677.0,0.43148502,4.431773426104059,4.563847006101355
204,Domingo Germán,2 Tms,17149,477.1,1355.0,88.8844344334924,104.5,118.3,15.608598962194218,109.0,0.0804428,535.0,0.39483395,4.600558561174648,4.168665500685994
205,Erick Fedde,4 Tms,17425,795.0,2497.0,89.45547034438775,105.2,121.3,11.746835443037975,210.0,0.08410092,1033.0,0.41369644,4.845283216487991,5.106534054112859
206,Vince Velasquez,4 Tms,11189,521.1,1484.0,89.85220618938578,105.1,117.4,17.314266023432115,130.0,0.08760108,587.0,0.39555256,5.161764812896321,4.707811485693062
207,Kodai Senga,NYM,31838,316.2,820.0,88.94796741640818,104.9,115.4,13.897657213316892,66.0,0.0804878,331.0,0.40365854,3.6663159403740266,4.073128215457136
208,José Urquidy,2 Tms,18413,382.2,1157.0,88.68512779896653,104.1,119.1,17.482064741907262,102.0,0.08815903,435.0,0.37597234,3.9747387221850934,4.317988047378615
209,Jhoulys Chacín,4 Tms,2608,479.1,1411.0,87.94839921754173,104.0,112.8,12.587035688273852,91.0,0.06449327,497.0,0.35223246,4.205841683543304,4.498579411756422
210,Joey Lucchesi,2 Tms,19320,387.1,1105.0,88.97798554356773,104.6,115.4,11.037629350893697,92.0,0.08325792,422.0,0.38190045,4.089500778355188,4.318085598675394
211,Andrew Cashner,3 Tms,8782,446.1,1463.0,88.64872286354239,104.6,120.6,11.257064093728463,93.0,0.06356801,531.0,0.36295284,4.4563104637856,5.280750767011448
212,Chase Anderson,6 Tms,6895,596.1,1744.0,86.84066412472909,103.9,117.2,16.68483412322275,131.0,0.07511468,546.0,0.31307339,4.3616546067697906,4.472825090659618
213,Nolan McLean,NYM,33703,220.2,562.0,88.28101159866637,104.7,112.8,8.64737793851718,38.0,0.06761566,209.0,0.37188612,2.936556026611145,3.681555368818543
214,Ryan Feltner,COL,21446,444.0,1397.0,88.236270176882,104.6,114.7,13.164502164502165,107.0,0.0765927,523.0,0.37437366,5.45270298378934,4.681554977361177
215,CC Sabathia,NYY,404,408.0,1229.0,85.4847426280058,102.9,118.5,11.487966804979253,68.0,0.05532954,350.0,0.28478438,4.0147060324989035,3.989636398109804
216,Kutter Crawford,BOS,20531,354.2,1007.0,88.5220214110595,104.6,116.7,19.3023023023023,92.0,0.09136048,370.0,0.367428,4.6945490573224795,3.9259160869222547
217,Grayson Rodriguez,2 Tms,24492,325.2,932.0,89.78378004162191,104.4,114.6,12.730397422126746,74.0,0.07939914,399.0,0.42811159,4.642784177775362,4.377328474564025
218,Cade Cavalli,WSN,27473,217.2,601.0,88.75397688967323,104.2,111.5,7.1875,40.0,0.06655574,243.0,0.40432612,3.597243706974818,3.8184527813142286
219,Will Warren,NYY,30182,329.0,969.0,91.13878498837133,105.8,116.9,12.356694560669457,90.0,0.09287926,438.0,0.45201238,4.568389137205266,4.4536491139015055
220,Triston McKenzie,CLE,18000,425.2,1112.0,90.10335700005672,104.3,120.1,20.042649727767696,119.0,0.10701439,458.0,0.4118705,4.017228036843964,4.248393576512407
221,Ryan Pepiot,2 Tms,26221,347.0,914.0,89.48807968577539,105.0,115.7,18.339955849889623,86.0,0.0940919,359.0,0.39277899,3.682997239621206,3.7898402695858033
222,Zach Plesac,2 Tms,19979,477.2,1493.0,89.85487973593115,104.9,115.6,13.68089430894309,143.0,0.09578031,609.0,0.40790355,4.314724455003117,4.972580782317521
223,Sean Newcomb,5 Tms,16943,335.0,958.0,88.5292740520249,103.7,116.7,12.316577540106952,49.0,0.05114823,336.0,0.35073069,4.298507731899347,4.2574122692872445
224,Landen Roupp,SFG,30076,280.1,819.0,87.51173764727685,103.9,115.4,10.406991260923846,52.0,0.06349206,275.0,0.33577534,3.916765799468715,3.9643543004805504
225,Brad Peacock,2 Tms,5401,196.1,521.0,87.83669836544296,103.5,115.5,13.549514563106795,35.0,0.0671785,180.0,0.34548944,3.80475356514599,3.6210476510066596
226,Paul Blackburn,3 Tms,14739,436.2,1390.0,87.77456421075865,104.5,117.7,9.901162790697674,89.0,0.06402878,521.0,0.37482014,4.7610688781914785,4.514260266347604
227,Jared Jones,PIT,27863,212.1,566.0,89.48181609291444,104.8,115.1,15.591800356506239,50.0,0.08833922,238.0,0.4204947,4.1538462533479805,3.7395717402100006
228,Edward Cabrera,2 Tms,21690,499.0,1332.0,89.34695322920636,105.4,116.7,9.858993902439025,120.0,0.09009009,561.0,0.42117117,4.346693552919038,4.4446264921241525
229,Ian Anderson,ATL,19951,272.1,779.0,88.53442928198916,104.3,117.3,7.551905387647832,56.0,0.07188703,302.0,0.38767651,3.9657282926903954,4.015513102728399
230,Jason Vargas,3 Tms,8044,420.1,1294.0,87.23998441226152,103.9,116.9,15.41335453100159,88.0,0.06800618,420.0,0.32457496,4.560666027612624,4.624542775463196
231,Zack Littell,5 Tms,15823,489.1,1557.0,89.98681057638127,104.8,115.2,16.473684210526315,154.0,0.09890816,633.0,0.40655106,4.175068260930572,4.746914117098751
232,Payton Tolle,BOS,35466,153.1,395.0,87.6375020345052,103.7,112.6,17.9296875,26.0,0.06582278,138.0,0.34936709,3.3456521808492665,2.8145060154351533
233,Homer Bailey,4 Tms,8362,368.2,1199.0,89.45046906166888,104.8,114.7,11.759148936170213,76.0,0.06338616,482.0,0.40200167,5.443941833388933,5.241828359656714
234,Mike Fiers,3 Tms,7754,574.0,1764.0,88.25931418447112,104.1,116.4,15.83439860546194,148.0,0.08390023,632.0,0.35827664,4.186411003759711,4.929651536117164
235,Jordan Zimmermann,DET,4505,407.1,1378.0,89.51913054678877,104.4,115.6,15.710816777041943,121.0,0.08780842,514.0,0.37300435,5.744680815197679,5.460414516238855
236,Emmet Sheehan,LAD,29839,220.0,581.0,89.03419824050086,104.6,121.2,19.552677029360968,60.0,0.10327022,233.0,0.4010327,4.459091141046583,3.5600734245437042
237,Daniel Norris,2 Tms,13475,279.1,861.0,90.28292361417844,105.6,114.9,13.36749116607774,71.0,0.08246225,358.0,0.41579559,4.8651548689626996,5.260151667771187
238,Matthew Liberatore,STL,22294,402.1,1255.0,90.48658114705437,105.8,114.5,15.452708164915117,122.0,0.09721116,531.0,0.42310757,5.055509831333514,5.199673341605217
239,Joey Cantillo,CLE,23335,248.0,676.0,88.74189130536787,104.3,113.4,11.415292353823089,51.0,0.07544379,274.0,0.40532544,3.8830645161290325,3.9933650205542586
240,Janson Junk,3 Tms,23301,228.2,756.0,90.23978301017515,105.4,116.1,14.385752688172044,60.0,0.07936508,308.0,0.40740741,4.644315017304331,4.470161206679092
241,Clay Holmes,3 Tms,13649,267.2,804.0,89.7457149323048,105.4,114.0,4.667506297229219,48.0,0.05970149,332.0,0.41293532,3.597758440160297,4.329633754622039
242,Mitchell Parker,WSN,27636,309.1,1008.0,91.06427771821393,105.5,115.4,15.007056451612904,90.0,0.08928571,453.0,0.44940476,5.091594911305574,5.175107738088798
243,Chris Flexen,5 Tms,13896,578.2,1895.0,89.1537874236051,104.5,115.1,15.123799359658484,152.0,0.08021108,741.0,0.39102902,4.992511657869532,5.044611913135589
244,Graham Ashcraft,CIN,27552,328.0,1066.0,88.43506923874408,104.6,115.9,6.821969696969697,68.0,0.06378987,415.0,0.38930582,4.9115857085892545,4.644795683018899
245,Ryan Weathers,3 Tms,23796,387.1,1158.0,89.60877300061678,105.8,114.6,11.007894736842106,98.0,0.08462867,464.0,0.40069085,4.554217073044915,4.580037382122696
246,Joe Ross,3 Tms,12972,286.1,867.0,87.6271329039081,103.7,115.0,13.039099526066352,70.0,0.08073818,321.0,0.37024221,4.337601881893642,4.675756972246247
247,Colin Rea,2 Tms,12317,511.1,1574.0,90.05822722525707,105.3,115.7,14.005141388174808,152.0,0.09656925,650.0,0.41296061,4.611473438771147,4.817089823477402
248,Trevor Cahill,6 Tms,6249,287.0,840.0,88.23746764985266,104.5,115.1,7.637717121588089,58.0,0.06904762,305.0,0.36309524,4.954703766896533,4.489595042163989
249,Jordan Lyles,6 Tms,7593,778.1,2451.0,89.26572452488041,104.2,118.8,15.620474406991262,227.0,0.09261526,962.0,0.39249286,5.353747410804821,4.9468052668868365
250,Chad Kuhl,4 Tms,14975,512.2,1533.0,89.74492650356726,104.9,117.2,13.622162883845126,132.0,0.08610568,628.0,0.40965427,4.968140559196064,5.348996645209889
251,Chad Patrick,MIL,30113,144.0,407.0,89.56060045199501,104.5,117.7,19.174563591022444,32.0,0.07862408,170.0,0.41769042,3.3750000894069694,3.9598026945599485
252,Logan Henderson,MIL,31475,118.2,283.0,88.72365381384408,104.3,122.9,22.54121863799283,25.0,0.08833922,105.0,0.37102473,2.3511237214722644,2.9371573809634985
253,Jason Hammel,KCR,4538,282.2,972.0,88.83088235294117,104.0,114.5,15.882352941176471,76.0,0.0781893,354.0,0.36419753,5.603773484072173,5.626945206368263
254,Jake Irvin,WSN,21504,580.0,1786.0,89.76470367293552,105.1,115.6,13.374011299435029,188.0,0.10526316,765.0,0.42833147,5.027586405297105,5.020347765922408
255,Sean Burke,CHW,29878,251.0,707.0,89.6395676427608,105.1,114.0,17.44683908045977,70.0,0.0990099,292.0,0.41301273,4.051792828685259,4.591513115030578
256,Garrett Richards,4 Tms,9784,272.1,808.0,90.4390510110294,106.0,119.9,10.289111389236545,68.0,0.08415842,347.0,0.42945545,4.428396593504274,4.979653700937895
257,Michael McGreevy,STL,29869,270.0,865.0,89.89309385062938,105.3,116.0,9.134502923976608,77.0,0.08901734,352.0,0.40693642,4.0,5.012258929622621
258,Ben Brown,CHC,23590,157.0,437.0,91.6198144303613,105.7,113.3,14.090697674418605,47.0,0.10755149,211.0,0.48283753,4.299363161788337,4.260860021105117
259,Peter Lambert,2 Tms,17969,306.0,972.0,88.9668405445051,104.6,114.7,14.083682008368202,68.0,0.06995885,375.0,0.38580247,5.41176499260798,4.613928228206135
260,JT Brubaker,2 Tms,17578,315.2,940.0,88.93491379968052,105.3,116.9,11.425806451612903,76.0,0.08085106,369.0,0.39255319,5.074973764388499,4.611601550224253
261,Keider Montero,DET,22630,281.0,869.0,89.03448617429892,104.5,112.4,16.146778042959426,60.0,0.06904488,331.0,0.38089758,3.8754450503010625,4.400152350804713
262,Bailey Falter,3 Tms,20070,409.2,1294.0,89.92188088809742,105.0,118.2,16.670062695924766,117.0,0.09041731,541.0,0.41808346,4.74532155048425,4.972777715554039
263,Trevor Richards,3 Tms,19309,284.0,809.0,88.66502018724255,103.3,113.3,16.736040609137056,55.0,0.06798517,294.0,0.36341162,4.309859154929577,4.254042904115986
264,Brent Suter,4 Tms,13942,199.1,615.0,85.06755816099238,103.5,115.3,11.993311036789297,38.0,0.06178862,161.0,0.26178862,3.928093689335877,4.062013102670545
265,Bubba Chandler,PIT,29868,161.1,463.0,88.87833676661653,103.5,114.8,15.091903719912473,31.0,0.06695464,180.0,0.3887689,4.407024828122863,4.063904568691873
266,Mike Montgomery,2 Tms,4869,233.0,735.0,88.339640016516,104.6,114.1,6.6912378303198885,37.0,0.05034014,288.0,0.39183673,4.171674092938606,4.857298502239372
267,Drew Smyly,5 Tms,11760,455.0,1367.0,88.00791606376026,104.1,118.1,16.958177744585512,123.0,0.08997805,499.0,0.36503292,4.826373848926051,4.705813515950257
268,JP Sears,3 Tms,23429,569.2,1748.0,89.2922903928895,105.0,118.0,20.14840579710145,178.0,0.10183066,703.0,0.40217391,4.597425554029078,4.55815375942328
269,Luis Gil,NYY,21052,261.1,695.0,89.94393127088603,105.3,115.7,19.471098265895954,61.0,0.08776978,276.0,0.3971223,3.6849491588898657,4.189276339972475
270,Marco Estrada,2 Tms,1118,353.1,1113.0,87.23582721967337,103.5,113.6,23.504621072088725,90.0,0.08086253,346.0,0.31087152,5.374528089128138,4.33379668282658
271,Dakota Hudson,2 Tms,19206,508.2,1593.0,89.3804801293048,106.0,116.9,5.202154626108999,106.0,0.06654112,644.0,0.40426868,4.334862406993693,5.191579760090452
272,Kyle Harrison,3 Tms,27758,298.2,852.0,89.86923978900683,104.7,115.0,14.98456057007126,77.0,0.09037559,348.0,0.4084507,4.279018057538776,4.359195762555506
273,Matt Manning,DET,20369,254.0,815.0,90.35215855232737,104.9,119.5,15.016029593094945,69.0,0.08466258,331.0,0.40613497,4.429133991305553,4.9413962865423615
274,Julio Teheran,5 Tms,6797,635.1,1858.0,88.50955580617621,104.2,113.7,14.867655134541462,140.0,0.07534984,656.0,0.35306781,4.448058810768094,4.813406644670087
275,Jack Leiter,TEX,30146,255.0,744.0,89.77918668179899,105.2,113.0,16.098515519568153,79.0,0.1061828,316.0,0.42473118,4.905882573111257,4.715961328971207
276,Kyle Leahy,STL,24763,138.0,407.0,91.09257235385404,105.2,113.5,9.900990099009901,40.0,0.0982801,191.0,0.46928747,3.260869565217391,4.7181066177389805
277,J.T. Ginn,OAK,27889,236.2,683.0,88.27418223757418,105.4,113.7,9.301186943620179,53.0,0.07759883,275.0,0.40263543,4.259155043995684,4.243529696896943
278,José Ureña,8 Tms,11589,710.0,2283.0,88.95426649305556,105.1,118.8,10.162522202486679,188.0,0.08234779,879.0,0.38501971,4.740845204148829,5.131650868092153
279,Walbert Ureña,LAA,29357,142.2,380.0,87.14521172706117,103.6,114.6,5.291777188328912,20.0,0.05263158,136.0,0.35789474,2.7757011324945706,3.337044292991082
280,Randy Vásquez,2 Tms,24719,360.1,1171.0,89.54209705890248,105.0,119.2,16.225085910652922,117.0,0.0999146,481.0,0.41076003,3.971322863227932,5.689929774191151
281,Logan Allen,CLE,27589,384.0,1186.0,89.33805352429074,105.3,117.5,12.882252559726963,108.0,0.09106239,481.0,0.40556492,4.593750250991447,4.805399427893314
282,Clayton Richard,2 Tms,3551,401.1,1301.0,89.20714393028847,105.3,116.4,2.339874411302983,74.0,0.05687932,497.0,0.38201384,5.135381783198707,5.069928384165044
283,Johan Oviedo,2 Tms,22487,336.0,998.0,88.42328557660502,105.0,114.8,11.725806451612904,75.0,0.0751503,394.0,0.39478958,4.392857292476971,4.81214799358671
284,Slade Cecconi,2 Tms,27500,318.0,1001.0,90.09311083143363,105.0,114.5,14.24417426545086,103.0,0.1028971,431.0,0.43056943,4.811320927865403,4.737816226159735
285,Max Meyer,MIA,27474,238.2,686.0,90.56794092514936,105.5,114.0,11.486764705882353,71.0,0.10349854,311.0,0.45335277,4.0726257579937775,4.3382398999815255
286,Simeon Woods Richardson,MIN,24494,290.1,880.0,89.51834750394208,104.2,115.3,18.762614678899084,83.0,0.09431818,352.0,0.4,4.711825818125172,4.262213283089723
287,Drew Pomeranz,4 Tms,11426,303.2,884.0,88.83198032843279,105.0,114.4,13.954808806488991,72.0,0.08144796,316.0,0.35746606,4.504939763546778,4.878501107579948
288,Matt Harvey,5 Tms,11713,434.1,1444.0,89.42168818086748,105.3,115.0,12.534001431639227,112.0,0.07756233,565.0,0.39127424,6.071374010611343,5.375648856564184
289,Jacob Lopez,2 Tms,25098,200.1,565.0,85.4427026147241,103.1,110.9,21.691891891891892,37.0,0.06548673,183.0,0.32389381,4.537437611193408,3.5736393423008153
290,Randy Dobnak,2 Tms,23798,160.0,520.0,89.5177184578002,105.9,118.3,5.100393700787402,30.0,0.05769231,230.0,0.44230769,3.8250003191828994,4.64145799420328
291,Christian Scott,NYM,30107,152.2,415.0,87.45121951219512,104.3,112.8,19.558536585365854,33.0,0.07951807,143.0,0.34457831,4.0087337913985355,3.8451795299361313
292,Foster Griffin,2 Tms,16432,166.2,487.0,88.04237751174321,104.5,119.0,12.085594989561587,41.0,0.08418891,182.0,0.37371663,3.672000140075689,4.329725801999072
293,Ben Lively,3 Tms,14932,373.2,1164.0,89.06556859144622,104.2,118.0,15.93235039028621,85.0,0.07302405,439.0,0.37714777,4.335414948362005,4.625794147775568
294,Jake Bennett,BOS,31959,109.2,328.0,88.60125540487421,104.8,115.8,12.79245283018868,27.0,0.08231707,126.0,0.38414634,3.7750760753846344,3.41908654562832
295,Brandon McCarthy,2 Tms,4662,165.1,517.0,87.05909168107708,103.9,115.7,10.41501976284585,24.0,0.04642166,151.0,0.29206963,4.354838843648321,4.130451298037614
296,Javier Assad,CHC,21741,328.2,997.0,89.02070907360407,104.8,114.7,12.96243654822335,77.0,0.0772317,407.0,0.40822467,3.5050711023998797,4.8894086322836
297,Stephen Kolek,2 Tms,21487,166.2,522.0,90.23863963895631,106.4,112.8,8.385658914728682,33.0,0.06321839,231.0,0.44252874,3.8340000585021983,4.148040099008805
298,Andrew Alvarez,WSN,29914,98.2,273.0,88.69516365590148,105.0,113.0,8.018518518518519,11.0,0.04029304,108.0,0.3956044,3.0101353291005912,3.755108327178712
299,Steven Brault,PIT,15291,210.0,638.0,88.9034026159846,105.5,112.2,10.492706645056726,47.0,0.07366771,236.0,0.36990596,4.628571386531908,5.189930279768474
300,Cody Bradford,TEX,27597,142.1,449.0,89.63574660633485,105.7,116.1,18.834841628959275,46.0,0.10244989,169.0,0.37639198,4.362997930924155,4.315974714755767
301,Matt Strahm,3 Tms,13799,141.1,406.0,90.05175689237201,104.7,112.6,18.28391959798995,39.0,0.09605911,168.0,0.4137931,4.839623044270508,4.38590995921566
302,Cade Horton,CHC,31872,121.1,348.0,89.40231862828351,104.5,116.0,13.431884057971015,34.0,0.09770115,141.0,0.40517241,2.5219781871666087,3.881657009386067
303,Luis Perdomo,SDP,14682,210.2,690.0,88.83742807602741,104.9,112.8,2.9289940828402368,36.0,0.05217391,271.0,0.39275362,5.169304286941462,4.866826927382081
304,Jaime Barria,LAA,18356,295.1,910.0,89.1426373351848,104.3,115.1,17.93687707641196,75.0,0.08241758,332.0,0.36483516,4.113995768734057,4.800974799694723
305,Tyler Alexander,5 Tms,17735,268.0,859.0,89.50945604833869,106.1,117.7,17.944444444444443,82.0,0.09545984,345.0,0.4016298,4.567164357878585,5.120398857169889
306,Troy Melton,DET,31807,131.1,377.0,89.29251180230615,104.6,111.9,14.48663101604278,27.0,0.07161804,151.0,0.4005305,2.6040609767367022,3.6105413299636275
307,Grant Holmes,ATL,16944,285.1,820.0,90.47102463201294,105.1,115.4,11.448828606658447,77.0,0.09390244,343.0,0.41829268,3.8165890571800345,4.568000627768342
308,Sal Romano,CIN,13690,218.1,707.0,88.32020462390989,104.1,112.9,9.523255813953488,47.0,0.06647808,244.0,0.34512023,5.070229302921983,4.621932289672489
309,Yonny Chirinos,3 Tms,16401,225.1,696.0,89.12742971301252,105.2,114.0,10.846153846153847,56.0,0.08045977,262.0,0.37643678,4.79289931362114,4.928763076824046
310,Rhett Lowder,CIN,33876,148.0,476.0,90.17317848041846,105.0,113.6,13.88412017167382,41.0,0.08613445,190.0,0.39915966,5.047297492438297,5.191962521214867
311,Shane Smith,CHW,31687,154.2,429.0,89.80165656934982,105.4,116.3,13.308056872037914,27.0,0.06293706,191.0,0.44522145,4.1896553446364955,4.0349542055837295
312,Ryne Stanek,TBR,15947,83.0,197.0,90.51795122195513,104.5,112.3,20.143589743589743,18.0,0.09137056,80.0,0.40609137,2.7108436226758497,3.40430274339149
313,Austin Voth,2 Tms,15047,178.2,529.0,88.49770850261659,103.8,114.3,19.099047619047617,38.0,0.07183365,192.0,0.36294896,4.231343479325399,4.22365059270107
314,Aaron Sanchez,5 Tms,11490,346.2,1105.0,89.37666291590702,105.4,114.1,7.907846715328467,79.0,0.07149321,452.0,0.40904977,5.348076991735127,5.201507493509739
315,Gavin Stone,LAD,27792,155.2,494.0,88.43572935382444,104.8,114.7,11.690573770491802,32.0,0.06477733,180.0,0.36437247,4.5096361308614785,4.277528326389693
316,Anthony Kay,2 Tms,20387,172.1,527.0,87.60273228100634,104.5,113.4,11.17509727626459,39.0,0.0740038,190.0,0.36053131,4.543520343002234,4.720141415875466
317,Kyle Wright,ATL,19665,267.0,775.0,89.42194622104961,105.0,122.4,5.499346405228758,67.0,0.08645161,328.0,0.42322581,4.4831461154546215,4.920713307884335
318,Bobby Miller,LAD,27483,183.1,532.0,89.4876183500744,104.6,115.6,10.444022770398481,43.0,0.08082707,218.0,0.40977444,5.44909106026642,4.428986403194081
319,Kwang Hyun Kim,STL,27458,134.2,411.0,87.86953652871621,103.9,111.7,9.233415233415233,27.0,0.06569343,144.0,0.35036496,3.0074257993684106,4.340129696750619
320,José Suarez,3 Tms,19911,293.1,904.0,88.4374159223578,104.8,116.2,13.796629213483145,77.0,0.08517699,357.0,0.3949115,5.614772952412041,4.683690633539292
321,Ronel Blanco,HOU,19407,275.0,734.0,88.22110250538793,104.0,118.7,16.72551724137931,73.0,0.09945504,257.0,0.35013624,3.567272826240479,4.114773771900874
322,Tyler Wells,BAL,20000,249.1,722.0,89.03757105992493,105.1,116.2,20.11436541143654,77.0,0.1066482,295.0,0.40858726,4.114973361714631,4.210495583579654
323,Clay Buchholz,3 Tms,3543,164.2,517.0,87.48144626617432,103.4,112.4,13.189453125,45.0,0.08704062,183.0,0.35396518,4.099189824415103,4.815719996024716
324,James Kaprielian,OAK,18331,303.2,900.0,89.27432126696833,104.0,117.7,18.790723981900452,75.0,0.08333333,350.0,0.38888889,4.386388675810894,4.621950683356318
325,Ervin Santana,3 Tms,3200,255.1,789.0,86.66924843800469,103.8,115.5,17.103359173126616,63.0,0.07984791,249.0,0.31558935,4.12402072342673,4.590872172362052
326,Cade Povich,BAL,30055,211.0,637.0,90.02503931012282,105.5,115.1,15.236966824644549,63.0,0.0989011,268.0,0.42072214,5.161137767339448,4.876347500738884
327,Danny Salazar,CLE,5867,101.1,243.0,88.41535107624482,104.6,112.9,12.443983402489627,21.0,0.08641975,79.0,0.32510288,4.440789027887743,4.538821069774153
328,Hayden Wesneski,2 Tms,27581,189.2,571.0,88.28032235297407,103.9,113.3,13.837209302325581,51.0,0.08931699,213.0,0.37302977,4.128295393217901,4.267525125030115
329,Matt Waldron,2 Tms,25550,194.2,598.0,87.93672027846077,103.4,113.4,16.006756756756758,44.0,0.0735786,210.0,0.35117057,5.131849683803052,4.183319489043451
330,Carmen Mlodzinski,PIT,27572,108.2,364.0,91.15663205984548,105.8,113.0,12.986187845303867,26.0,0.07142857,166.0,0.45604396,5.134969760783971,5.670190330182478
331,Collin McHugh,3 Tms,7531,118.0,337.0,86.70209708756316,103.1,113.1,15.362275449101796,20.0,0.05934718,101.0,0.29970326,4.118643901362504,4.161555383954259
332,Alec Mills,CHC,13834,195.1,599.0,88.1915390608476,104.2,114.5,9.33502538071066,39.0,0.06510851,241.0,0.40233723,4.6075084499408065,4.875333626931451
333,Connelly Early,BOS,33666,111.0,299.0,90.14109655928938,104.9,113.3,13.363945578231293,29.0,0.09698997,122.0,0.40802676,3.2432433547026265,3.9464032790051573
334,Trey Yesavage,TOR,35456,107.2,286.0,89.05907334297153,103.9,113.8,18.544483985765126,18.0,0.06293706,108.0,0.37762238,3.594427329483914,3.4733408831194033
335,Garrett Whitlock,BOS,20191,109.0,326.0,90.04396345297988,104.7,112.8,12.408668730650154,32.0,0.09815951,133.0,0.40797546,4.2935781319146855,4.306895707891193
336,Félix Peña,LAA,13403,118.2,346.0,89.12186674334913,103.9,114.8,13.740524781341108,18.0,0.05202312,137.0,0.39595376,4.323033522572313,4.29740712504274
337,Jaime García,5 Tms,8137,218.2,671.0,88.51092383423777,105.4,115.6,7.133535660091047,45.0,0.06706408,262.0,0.390462,5.021341281601886,4.912402058383581
338,Ryan Borucki,2 Tms,16350,108.0,346.0,88.85278848329247,104.2,120.3,11.633431085043988,24.0,0.06936416,122.0,0.35260116,4.166666666666667,4.581274290617536
339,DJ Herz,WSN,26389,88.2,237.0,89.41168662067099,103.7,113.3,17.96969696969697,19.0,0.08016878,82.0,0.34599156,4.16165425470264,3.298956324486011
340,Quinn Priester,3 Tms,25977,207.1,647.0,89.16059413173322,105.4,114.7,5.591836734693878,44.0,0.06800618,276.0,0.42658423,4.167202827919891,4.203281803741004
341,Kolby Allard,4 Tms,18694,207.1,677.0,89.37458853728747,105.1,113.5,14.605381165919283,57.0,0.08419498,258.0,0.38109306,5.7299038093220656,5.075845411862903
342,Ian Seymour,TBR,27932,92.2,240.0,88.5806858570279,105.0,111.4,19.17167381974249,28.0,0.11666667,99.0,0.4125,4.176259021458928,4.012021964865827
343,Zebby Matthews,MIN,31827,242.1,735.0,90.18287671232876,104.6,113.5,14.804109589041095,81.0,0.11020408,302.0,0.41088435,5.310866853636166,4.758525414194565
344,Tobias Myers,2 Tms,22191,160.0,485.0,90.11567765575344,105.1,115.9,16.264830508474578,36.0,0.0742268,195.0,0.40206186,3.825000045597554,4.485970619349991
345,Gage Jump,ATH,35418,98.2,279.0,89.64727272727272,104.3,113.6,15.47463768115942,19.0,0.06810036,111.0,0.39784946,5.472973114038754,4.611115022351423
346,Chris Stratton,3 Tms,13761,218.1,683.0,89.22177933304398,104.3,116.5,11.444444444444445,45.0,0.0658858,244.0,0.35724744,4.534350834745321,5.508158215629781
347,Daniel Mengden,2 Tms,16980,194.2,625.0,89.388187149196,105.0,112.6,15.087378640776699,48.0,0.0768,236.0,0.3776,4.253424921476918,5.203718446647471
348,Justus Sheffield,SEA,17285,167.0,533.0,91.58780947730655,106.6,115.8,8.891428571428571,42.0,0.07879925,246.0,0.46153846,5.389221679989516,5.559812843612668
349,Albert Suárez,BAL,6175,125.0,382.0,88.86453548177083,104.0,114.7,17.477333333333334,29.0,0.07591623,149.0,0.39005236,3.744000228515639,4.229816511545371
350,Daniel Lynch IV,KCR,21537,301.0,967.0,90.39244362990229,105.5,114.6,14.822665267576076,86.0,0.08893485,417.0,0.43123061,5.202658202921582,5.2526353287081085
351,Doug Fister,2 Tms,9425,150.0,470.0,87.3247311827957,104.3,114.2,7.711827956989247,29.0,0.06170213,182.0,0.38723404,4.620000234985364,4.640504119198539
352,Spencer Arrighetti,2 Tms,29921,274.2,754.0,88.24098993971128,104.2,119.9,16.895861148197596,61.0,0.08090186,280.0,0.37135279,4.849514776389068,4.599266036091198
353,Robert Gasser,MIL,29812,124.2,381.0,86.7978580903242,103.1,114.7,17.727272727272727,24.0,0.06299213,124.0,0.32545932,3.9705884985370457,3.9572962383336234
354,Jeremy Hellickson,3 Tms,4371,292.1,944.0,87.33696837513631,104.1,113.8,15.43995633187773,69.0,0.07309322,316.0,0.33474576,4.895096814861389,5.191700030158939
355,Brandon Williamson,CIN,25463,160.0,482.0,89.88697314863445,104.1,111.7,17.441176470588236,42.0,0.08713693,201.0,0.41701245,4.781250284984725,5.141237245871236
356,Matt Moore,4 Tms,1890,293.2,972.0,89.7537882915296,105.1,119.6,16.164383561643834,83.0,0.08539095,398.0,0.40946502,6.037457879146719,5.6045689563728835
357,David Festa,MIN,30056,108.2,296.0,89.81292517006803,104.4,113.4,17.551020408163264,30.0,0.10135135,116.0,0.39189189,4.803681094015884,4.429420993965695
358,R.A. Dickey,ATL,1245,190.0,602.0,86.17906031849913,103.0,115.5,10.108202443280977,26.0,0.04318937,180.0,0.29900332,4.2631578947368425,4.36739576633601
359,Dan Straily,2 Tms,9460,337.1,1020.0,88.5866251503926,104.1,115.4,18.90273556231003,80.0,0.07843137,364.0,0.35686275,4.588932979302274,4.952165512503987
360,Trent Thornton,2 Tms,17948,152.1,468.0,88.18082210935395,104.5,115.4,16.44396551724138,35.0,0.07478632,174.0,0.37179487,5.140043452612921,5.0414891335285255
361,Kumar Rocker,TEX,31843,197.0,606.0,90.04333170572917,106.5,114.1,11.566666666666666,55.0,0.09075908,266.0,0.43894389,4.9796957689650325,5.048969853008079
362,Jake Faria,2 Tms,13699,148.0,430.0,88.98873285284624,105.1,113.3,17.44600938967136,31.0,0.07209302,163.0,0.37906977,4.317568235279016,4.616370171236458
363,Osvaldo Bido,2 Tms,23150,126.2,383.0,88.62230868602362,104.4,114.7,18.73753280839895,30.0,0.07832898,141.0,0.36814621,5.328947635898974,4.316969548716779
364,Joe Boyle,2 Tms,29608,112.1,300.0,89.06174545800125,104.5,113.4,16.892617449664428,21.0,0.07,133.0,0.44333333,5.36795267416257,4.223221041944361
365,Connor Prielipp,MIN,31857,104.1,299.0,90.1969256612628,103.9,110.5,12.58703071672355,21.0,0.07023411,124.0,0.41471572,5.5207670423010216,4.209269417995143
366,Wei-Yin Chen,MIA,13071,160.1,495.0,87.58242759544979,102.7,112.1,17.278242677824267,25.0,0.05050505,155.0,0.31313131,4.715176864756526,3.542455045369919
367,Rafael Montero,NYM,12760,95.2,291.0,83.61428571428571,102.2,109.5,10.310714285714285,9.0,0.03092784,69.0,0.2371134,5.080139102729021,3.9390975028123987
368,Keegan Akin,BAL,19362,108.1,325.0,90.39655454629641,105.0,114.4,18.009404388714735,34.0,0.10461538,147.0,0.45230769,6.064615829512951,5.156268689859179
369,Luis Ortiz,2 Tms,27646,264.1,780.0,90.8277567308082,106.2,114.6,9.997416020671835,71.0,0.09102564,340.0,0.43589744,4.153846263746738,5.0817501089353705
370,Tommy Milone,7 Tms,7608,138.2,454.0,87.86697444472202,104.2,114.8,17.84186046511628,39.0,0.08590308,154.0,0.33920705,5.8413467430592885,5.2476606839909685
371,John Gant,2 Tms,13684,195.0,576.0,89.21960732091132,104.4,113.8,10.522281639928698,31.0,0.05381944,212.0,0.36805556,4.06153897798985,4.876696459165586
372,Ryan Gusto,2 Tms,26440,155.0,495.0,90.27160421684837,104.7,113.8,15.425101214574898,47.0,0.09494949,217.0,0.43838384,5.28387116280357,4.884981750391156
373,Tyler Chatwood,2 Tms,4338,273.2,787.0,87.528158613103,104.6,117.0,4.21903520208605,48.0,0.06099111,259.0,0.32909784,4.867235361860984,5.225023709080771
374,Emerson Hancock,SEA,27470,292.2,897.0,89.03762772956327,104.9,114.7,14.297872340425531,77.0,0.08584169,380.0,0.42363434,4.3052394418275535,4.781828318610377
375,Griffin Jax,2 Tms,20253,166.2,484.0,89.4479063026077,105.6,113.3,14.769874476987448,50.0,0.10330579,195.0,0.40289256,4.482000273559587,4.796544482310057
376,Justin Wrobleski,LAD,31204,169.2,520.0,89.99689124437622,105.6,111.5,16.03307392996109,54.0,0.10384615,228.0,0.43846154,4.561886222025687,5.267785548819646
377,Wade LeBlanc,3 Tms,5221,244.2,797.0,87.89974886624684,104.4,112.8,15.661596958174904,70.0,0.08782936,283.0,0.35508156,4.855586562881731,5.005688231034351
378,Joey Wentz,2 Tms,19962,174.0,565.0,89.85857195172991,105.3,115.2,16.021428571428572,54.0,0.09557522,231.0,0.40884956,5.948276253290916,5.127045898439532
379,Caleb Smith,3 Tms,14875,307.2,827.0,88.20433203064569,104.6,114.9,23.559405940594058,91.0,0.11003628,288.0,0.34824667,5.0021668885845125,4.834584390598958
380,Brandon Young,BAL,27819,203.1,639.0,89.3215273624402,104.6,114.0,14.02547770700637,49.0,0.07668232,256.0,0.40062598,4.381967487145563,4.377962842581655
381,Hunter Dobbins,2 Tms,30240,93.0,279.0,88.4304340749547,105.1,111.3,9.619565217391305,19.0,0.06810036,112.0,0.40143369,4.064516129032258,3.814227209076803
382,Josh Tomlin,2 Tms,9388,208.0,704.0,88.61231972514719,104.5,117.1,15.44927536231884,64.0,0.09090909,263.0,0.37357955,5.538461081375069,6.107587714907509
383,Ty Blach,3 Tms,14361,359.0,1271.0,88.93895969143162,105.5,114.3,10.767857142857142,95.0,0.0747443,489.0,0.38473643,5.740947319219789,5.9336681217137475
384,Shawn Armstrong,2 Tms,12857,35.2,88.0,88.66206938644936,103.6,115.3,9.655172413793103,5.0,0.05681818,29.0,0.32954545,1.5140187185772105,2.5422464503110045
385,Adrian Sampson,2 Tms,13339,224.0,717.0,89.94056379291374,105.1,115.2,15.3,71.0,0.09902371,301.0,0.41980474,4.379464472168874,5.478375938480705
386,Dereck Rodríguez,SFG,14509,190.1,597.0,89.11804325064433,103.5,114.6,14.506872852233677,31.0,0.0519263,209.0,0.35008375,3.9246933103815502,4.3662988576058295
387,Cooper Criswell,3 Tms,24975,96.2,294.0,89.12320560806847,105.2,113.5,8.590443686006825,24.0,0.08163265,111.0,0.37755102,3.5379310577519587,4.1304577018222925
388,Francisco Liriano,2 Tms,3201,214.1,648.0,87.8040969488189,104.5,112.4,10.470866141732284,48.0,0.07407407,213.0,0.3287037,5.12286170788284,5.34544565633949
389,Sixto Sánchez,MIA,19680,67.1,213.0,89.15592139366113,105.1,110.1,6.9052132701421804,12.0,0.05633803,90.0,0.42253521,4.5445545412678205,3.917522924713901
390,Roansy Contreras,2 Tms,22810,152.1,473.0,90.76106242727727,105.1,112.0,17.134042553191488,50.0,0.10570825,220.0,0.46511628,4.785558206575508,5.175212438301497
391,Mitch White,2 Tms,19225,95.2,307.0,88.37973681478405,104.3,113.1,13.609271523178808,19.0,0.06188925,106.0,0.34527687,5.456446410050433,4.194026478303324
392,Miguel González,2 Tms,7024,168.1,578.0,88.5750856633772,103.3,116.0,17.057894736842105,42.0,0.07266436,211.0,0.3650519,5.186138182932637,5.3647425233487995
393,Adalberto Mejía,MIN,13188,117.1,371.0,87.1066134534263,105.4,113.5,13.71900826446281,23.0,0.06199461,120.0,0.32345013,4.142044758778336,5.2950905327834
394,Huascar Ynoa,ATL,20468,109.1,305.0,90.52899983723958,105.3,119.2,6.473333333333334,29.0,0.09508197,133.0,0.43606557,5.185975941482028,4.576234416489701
395,Brad Lord,WSN,31972,103.2,312.0,88.28252284966626,104.9,115.3,10.398058252427184,25.0,0.08012821,127.0,0.40705128,4.688103008898352,4.63688110848521
396,Jesse Hahn,OAK,13287,63.2,209.0,88.44117647058823,105.5,110.8,9.137254901960784,10.0,0.04784689,73.0,0.3492823,5.513088564800756,4.837105743617266
397,James Shields,CHW,7059,321.0,983.0,88.25530421279609,104.4,113.4,15.980432543769309,82.0,0.08341811,356.0,0.36215666,4.766355026902171,5.347757465442941
398,Matt Wisler,4 Tms,12804,48.2,126.0,88.441595703125,104.3,113.8,25.216,14.0,0.11111111,43.0,0.34126984,2.40410962044846,4.36184354519472
399,Ariel Jurado,2 Tms,17030,138.0,488.0,90.25187428792317,104.3,121.7,9.4375,47.0,0.09631148,222.0,0.45491803,6.521738589598731,6.383249625632995
400,J.P. France,HOU,21212,158.1,507.0,89.21643428991337,105.0,118.3,13.950592885375494,42.0,0.08284024,189.0,0.37278107,4.490526351852629,5.091859568539356
401,Ian Kennedy,KCR,6986,275.2,834.0,89.52965732649261,104.7,116.0,17.60906862745098,83.0,0.09952038,303.0,0.36330935,5.02781099531653,5.3837070537662255
402,Matt Shoemaker,3 Tms,4776,216.2,642.0,89.24810095678401,104.9,113.9,12.770569620253164,61.0,0.09501558,247.0,0.3847352,4.860000099827695,5.391506314623812
403,Jordan Hicks,3 Tms,19618,172.0,502.0,89.67907463089081,105.3,115.2,6.7082494969818915,42.0,0.08366534,220.0,0.43824701,5.023255981065705,4.684722457836803
404,Zach Thompson,2 Tms,16094,166.0,521.0,88.24474480179961,103.6,117.2,12.147859922178988,35.0,0.0671785,199.0,0.38195777,4.445783336859248,4.5156814412989315
405,Asher Wojciechowski,3 Tms,10836,152.1,467.0,88.56659472119678,104.1,112.3,21.404395604395603,43.0,0.09207709,167.0,0.35760171,5.789934547806105,5.024512582553724
406,Trevor McDonald,SFG,26448,83.1,254.0,88.9799970703125,103.9,114.4,4.286852589641434,10.0,0.03937008,97.0,0.38188976,4.428000270263689,3.8823973346564773
407,Shane Drohan,MIL,27814,91.1,262.0,88.70236845355731,103.8,115.2,13.748031496062993,25.0,0.09541985,100.0,0.38167939,5.1240878765962625,4.257229707828474
408,Jeff Hoffman,2 Tms,17432,210.1,652.0,89.25258281868948,105.8,114.0,13.228125,56.0,0.08588957,250.0,0.38343558,5.690966966776085,5.409280456168409
409,Spenser Watkins,2 Tms,17489,145.1,497.0,90.0763739995704,104.7,115.2,13.046843177189409,45.0,0.09054326,185.0,0.3722334,5.449541582401826,5.41933577725193
410,Luiz Gohara,ATL,15166,33.1,94.0,89.54944853730254,103.0,113.3,15.714285714285714,7.0,0.07446809,39.0,0.41489362,4.860000463485762,3.5743635195345123
411,Jerad Eickhoff,3 Tms,12664,206.0,648.0,89.58845133721074,105.1,115.1,16.281645569620252,55.0,0.08487654,245.0,0.37808642,5.592232834956847,5.546335702438112
412,Joe Biagini,TOR,13194,106.2,357.0,87.8393694998204,105.9,116.2,6.390804597701149,21.0,0.05882353,119.0,0.33333333,6.075000253468763,4.663331739352653
413,Gabriel Hughes,COL,31614,56.1,178.0,87.31676187680635,103.4,109.0,13.647398843930636,10.0,0.05617978,54.0,0.30337079,6.710059323058254,3.732661677135705
414,Ryan Bergert,2 Tms,29863,72.1,203.0,90.09303579757463,103.7,110.9,19.766169154228855,14.0,0.06896552,74.0,0.36453202,3.8571431283655917,4.35927049408834
415,Josiah Gray,2 Tms,24580,382.2,1104.0,87.69146184859963,104.5,111.6,18.864095500459136,114.0,0.10326087,408.0,0.36956522,4.797909571081331,4.642252251115688
416,Mike Burrows,2 Tms,24728,180.1,545.0,88.54612546125462,104.8,113.9,14.535055350553506,50.0,0.09174312,218.0,0.4,5.140480736483385,4.490575137130811
417,Brandon Sproat,2 Tms,33850,109.0,296.0,89.3937479654948,104.4,113.9,12.041666666666666,22.0,0.07432432,121.0,0.40878378,5.119266323786026,4.683145201840038
418,Blaine Hardy,DET,6499,67.2,214.0,87.29571242559524,104.2,113.8,15.652380952380952,16.0,0.07476636,76.0,0.35514019,4.256158275308585,3.8424726958718716
419,Andrew Suárez,SFG,18300,170.1,522.0,89.72817831916585,105.8,115.7,7.74559686888454,46.0,0.08812261,203.0,0.38888889,4.755381746695434,5.166047900079633
420,José Buttó,NYM,23313,79.0,216.0,89.16494950624269,103.8,114.2,16.752336448598133,13.0,0.06018519,92.0,0.42592593,3.759493670886076,4.345879501616612
421,Yariel Rodríguez,TOR,33838,87.2,243.0,87.94041989644369,104.2,111.6,16.7875,16.0,0.06584362,91.0,0.3744856,4.61977199713332,4.039235619445729
422,Wilmer Font,3 Tms,5257,55.2,149.0,89.17567732527449,104.3,108.3,18.27027027027027,14.0,0.09395973,64.0,0.4295302,3.7185632989578816,4.098118535151429
423,Mitch Spence,2 Tms,27707,169.0,559.0,89.90756440033783,105.0,113.7,11.742342342342342,57.0,0.1019678,234.0,0.41860465,5.16568070657406,4.803227052060307
424,Alex Meyer,LAA,12833,67.1,171.0,86.86508991309172,105.2,113.6,10.017751479289942,10.0,0.05847953,51.0,0.29824561,3.742574540134433,4.343262303380152
425,Andrew Painter,PHI,30091,105.1,330.0,87.56257788535277,104.4,113.0,15.021472392638037,27.0,0.08181818,118.0,0.35757576,5.553797736532368,4.684769660674533
426,Deivi García,NYY,20276,42.2,132.0,89.6392352764423,104.0,111.3,23.823076923076922,14.0,0.10606061,50.0,0.37878788,5.2734367534868545,5.076244145675858
427,Jacob Latz,TEX,21306,48.1,127.0,91.19761730375744,104.8,119.6,19.69047619047619,10.0,0.07874016,61.0,0.48031496,2.7931036319800824,4.227160470140409
428,Robbie Erlin,2 Tms,10354,76.0,261.0,88.87181815953788,105.1,111.9,14.200772200772201,21.0,0.08045977,97.0,0.37164751,6.631579113799123,5.121967205752621
429,Robert Stephenson,CIN,13594,68.2,196.0,89.28609364555481,104.9,112.1,14.304812834224599,16.0,0.08163265,69.0,0.35204082,4.063106608015514,5.434399051801785
430,Luis Medina,OAK,21649,123.2,379.0,89.42533439127604,105.1,111.1,11.872340425531915,27.0,0.07124011,161.0,0.42480211,5.312668695772094,5.032936200318261
431,Daniel Ponce de Leon,STL,16110,92.2,248.0,88.04320887184927,103.4,111.7,18.386831275720166,15.0,0.06048387,79.0,0.31854839,4.661870295695045,4.421414516162629
432,Jacob Waguespack,3 Tms,18318,70.2,216.0,88.89721877486618,104.3,114.9,14.902777777777779,15.0,0.06944444,85.0,0.39351852,4.0754720097803805,5.7176329939795405
433,Bartolo Colon,3 Tms,375,282.1,1019.0,89.1520874751491,105.1,114.7,12.515904572564612,76.0,0.07458292,396.0,0.38861629,6.088547596448965,5.594013539299896
434,Brandon Walter,HOU,26056,53.2,153.0,86.18410466680463,103.6,112.0,12.039735099337749,11.0,0.07189542,59.0,0.38562092,3.3540374260203403,3.2531603656048858
435,Matt Garza,MIL,3340,112.0,372.0,86.67877094972067,102.7,115.3,14.405027932960893,18.0,0.0483871,119.0,0.31989247,5.062500344855469,4.690637948680272
436,Austin Pruitt,2 Tms,15290,68.0,210.0,88.10817307692308,104.5,113.2,12.932692307692308,18.0,0.08571429,75.0,0.35714286,3.8382355094368603,3.870389841335585
437,Scott Feldman,CIN,6283,111.1,338.0,85.80307692307693,104.4,113.3,11.36923076923077,27.0,0.07988166,94.0,0.27810651,4.76946064205872,5.211112212226977
438,Jonathan Cannon,CHW,31730,197.2,631.0,89.57248125,105.4,114.9,15.924920127795527,55.0,0.08716323,254.0,0.40253566,5.0994943602432,5.096754536404078
439,Jorge López,2 Tms,14527,263.0,845.0,90.52288461896603,105.7,117.9,9.184743742550655,82.0,0.09704142,371.0,0.43905325,6.399239636544342,5.746500242480407
440,Josh Lindblom,MIL,7882,43.1,116.0,87.64608525815217,101.4,114.1,21.652173913043477,6.0,0.05172414,37.0,0.31896552,5.400000633826697,4.162176555325491
441,Tyson Ross,4 Tms,7872,210.2,643.0,87.92078674796998,103.5,114.1,9.075590551181103,48.0,0.07465008,226.0,0.35147745,5.254746803725841,5.302801392821208
442,Kendall Graveman,2 Tms,15514,148.1,480.0,89.16033549248418,105.5,116.8,6.719409282700422,35.0,0.07291667,186.0,0.3875,5.21797777410681,5.459005019989651
443,Quinn Mathews,STL,33851,37.1,109.0,87.70471882370283,104.1,111.6,14.79245283018868,3.0,0.02752294,35.0,0.32110092,3.6160715517340916,3.472545757633019
444,Randall Delgado,ARI,5985,25.0,70.0,87.52058679917279,105.1,111.7,9.691176470588236,1.0,0.01428571,25.0,0.35714286,2.52,3.154865538055771
445,Andrew Triggs,2 Tms,13533,110.2,340.0,89.60089659548092,106.2,114.2,8.58682634730539,28.0,0.08235294,128.0,0.37647059,4.554216658157134,4.8036775632713695
446,Aaron Ashby,MIL,23550,112.2,324.0,88.20032383845403,104.0,116.3,2.770700636942675,24.0,0.07407407,112.0,0.34567901,4.872781463799851,3.8587336177421583
447,Alex Faedo,DET,19874,120.2,365.0,89.76694053460744,105.0,117.9,18.43250688705234,32.0,0.08767123,133.0,0.36438356,4.997237832361181,4.815998179305039
448,Chad Bettis,COL,10587,168.2,550.0,87.92160221717877,104.5,116.5,7.223880597014926,35.0,0.06363636,196.0,0.35636364,5.4960470164870445,4.824217958245683
449,Brady Basso,OAK,25582,35.0,124.0,90.61138270928608,104.0,110.7,13.577235772357724,8.0,0.06451613,52.0,0.41935484,4.628571680808568,3.894608279385623
450,JC Ramírez,LAA,8302,149.0,463.0,87.72043966775412,104.8,111.8,8.353846153846154,31.0,0.06695464,162.0,0.34989201,4.348992898890472,5.2540133377940625
451,Joan Adon,WSN,22925,120.2,385.0,89.78126658739075,104.9,112.5,9.224274406332453,40.0,0.1038961,163.0,0.42337662,6.563536205555498,5.736177755391643
452,Tanner Gordon,COL,27669,161.2,572.0,90.10640534641904,105.7,114.8,16.927175843694492,54.0,0.09440559,227.0,0.39685315,6.958763160263658,5.317939534668145
453,Brendan McKay,TBR,20186,46.2,138.0,90.84853228400735,104.7,109.7,17.294117647058822,15.0,0.10869565,60.0,0.43478261,5.400000735691716,4.704452760210654
454,Wily Peralta,2 Tms,7738,134.1,429.0,88.63699420938059,105.1,114.0,9.50835322195704,35.0,0.08158508,153.0,0.35664336,3.9528539721821647,5.147347076482511
455,Roki Sasaki,LAD,35323,153.2,446.0,89.82149232890272,104.3,115.7,12.572072072072071,45.0,0.10089686,194.0,0.43497758,4.626898239156357,4.7617450721929035
456,Jordan Yamamoto,2 Tms,17585,91.1,248.0,89.94332082648026,105.0,115.9,17.39271255060729,21.0,0.08467742,101.0,0.40725806,5.124087662579719,4.8703334806054555
457,Hunter Wood,TBR,15091,17.0,48.0,85.19130540930706,102.6,108.3,11.108695652173912,0.0,0.0,13.0,0.27083333,3.176468806284284,2.8206841210632447
458,Nick Margevicius,2 Tms,20395,97.0,318.0,89.03922735379822,104.0,113.1,14.234726688102894,23.0,0.07232704,117.0,0.36792453,5.84536076727247,5.336755425506553
459,Jesse Chavez,3 Tms,5448,153.2,479.0,88.65450838676789,105.0,112.2,13.50943396226415,42.0,0.08768267,183.0,0.38204593,5.271149500148898,5.440539590133761
460,Jonathan Loáisiga,NYY,19753,38.1,104.0,89.39134568434496,103.7,109.2,7.796116504854369,7.0,0.06730769,44.0,0.42307692,4.226087306983558,4.853229346511492
461,Eddie Butler,CHC,13453,51.1,165.0,87.10807089479813,105.7,112.5,10.074534161490684,10.0,0.06060606,54.0,0.32727273,3.857142379421088,5.850050922040702
462,Mason Miller,OAK,31757,24.1,61.0,89.47000325520834,101.4,112.4,26.1,2.0,0.03278689,24.0,0.39344262,3.6986303302623975,3.6955374150622595
463,Buck Farmer,2 Tms,14814,54.1,161.0,88.2649990081787,103.9,113.6,19.35,9.0,0.05590062,55.0,0.34161491,6.46012310570046,3.683364286251152
464,Zac Thornton,NYM,33891,73.1,220.0,89.27327548963133,104.3,113.2,14.59447004608295,20.0,0.09090909,91.0,0.41363636,3.436363874703416,4.602599393437953
465,Fernando Romero,MIN,15885,55.2,176.0,89.14046129877168,103.5,118.4,9.988439306358382,13.0,0.07386364,65.0,0.36931818,4.688622326091623,4.636507256662725
466,Drew Anderson,3 Tms,15130,52.2,149.0,87.68581204800992,102.4,112.3,11.094594594594595,10.0,0.06711409,47.0,0.31543624,3.5886077682209145,4.183837705446989
467,Roenis Elías,SEA,12673,15.1,45.0,87.95454545454545,103.2,111.8,18.954545454545453,2.0,0.04444444,17.0,0.37777778,4.108693948540917,3.2949200809399195
468,Diego Castillo,TBR,17496,24.1,69.0,88.13623400701992,104.1,108.6,11.072463768115941,5.0,0.07246377,26.0,0.37681159,3.6986291706061243,2.653838779136603
469,Edinson Volquez,2 Tms,3990,101.2,296.0,88.1515982957073,105.6,112.7,9.97864768683274,17.0,0.05743243,105.0,0.35472973,4.868851850059153,5.704727164231493
470,Ricky Nolasco,LAA,3830,181.0,583.0,89.99544384851139,105.3,114.0,14.560420315236428,49.0,0.08404803,234.0,0.40137221,4.922651518708833,5.9866332480127165
471,Alec Marsh,KCR,27451,163.1,473.0,89.90386308006974,105.4,113.6,15.394004282655246,49.0,0.10359408,196.0,0.41437632,5.234694162819213,5.490370933759805
472,Lake Bachar,2 Tms,19222,24.1,58.0,88.437502179827,102.3,107.3,14.875,2.0,0.03448276,18.0,0.31034483,2.589041332653638,3.3423144449821227
473,Junior Guerra,2 Tms,5702,200.0,598.0,88.92010041856274,104.5,115.6,15.939862542955327,45.0,0.07525084,226.0,0.37792642,4.680000357055691,4.895484976311779
474,Odrisamer Despaigne,3 Tms,16017,75.2,266.0,87.58213011302875,104.8,112.3,11.551330798479087,14.0,0.05263158,90.0,0.33834586,6.06607904030556,6.171436172264709
475,Devin Smeltzer,2 Tms,19487,101.2,321.0,89.65048032522964,104.8,113.2,17.840255591054312,21.0,0.06542056,123.0,0.38317757,3.98360703070302,4.630102192603993
476,Glenn Otto Jr.,TEX,21366,159.0,478.0,88.99104435967485,105.1,113.0,12.64818763326226,42.0,0.08786611,181.0,0.37866109,5.320755099944716,4.991712047325931
477,Matt Cain,SFG,4732,119.1,421.0,88.49436083026961,103.6,112.4,12.372549019607844,23.0,0.05463183,151.0,0.35866983,5.053073164132525,5.6334711681449345
478,Mick Abel,2 Tms,27756,51.0,146.0,90.57361178927951,104.2,110.3,16.708333333333332,13.0,0.0890411,71.0,0.48630137,4.235294117647059,4.9020268515188965
479,Nate Karns,2 Tms,12638,48.2,129.0,87.92047263318159,105.2,116.3,9.456692913385826,12.0,0.09302326,48.0,0.37209302,3.1438352878690443,4.189850607814405
480,Michael Kopech,CHW,17282,274.1,743.0,90.40596219194614,105.0,115.8,18.34552845528455,82.0,0.11036339,316.0,0.42530283,4.264884736681136,4.843414432307342
481,Drey Jameson,ARI,26260,33.0,92.0,90.16847560716712,105.2,109.4,4.891304347826087,8.0,0.08695652,46.0,0.5,2.4545455964143694,4.927424241710107
482,Carlos Hernández,KCR,22713,103.1,329.0,89.96085723970279,104.8,122.2,13.84097859327217,27.0,0.08206687,133.0,0.40425532,5.487096639150887,5.454438746991152
483,Connor Overton,2 Tms,18376,42.1,132.0,90.98939282966383,102.8,115.5,14.916666666666666,10.0,0.07575758,57.0,0.43181818,5.7401579113575725,5.232367671128914
484,Jack Perkins,ATH,31468,89.1,260.0,87.75490004595588,103.4,111.2,14.941176470588236,29.0,0.11153846,98.0,0.37692308,6.649254109923754,4.669950211119164
485,Parker Bridwell,LAA,11502,119.0,383.0,88.1976179496321,103.8,111.2,16.965608465608465,24.0,0.06266319,138.0,0.36031332,4.159663928050914,5.63914992500856
486,Ryan Merritt,CLE,13688,19.2,74.0,82.94189453125,102.9,107.7,8.702702702702704,0.0,0.0,22.0,0.2972973,1.8305081786934516,4.495807936416946
487,Jonah Tong,NYM,32157,29.2,84.0,89.37108198418674,103.7,113.4,15.44578313253012,10.0,0.11904762,33.0,0.39285714,6.067415860367161,3.9232547459373537
488,John Lackey,CHC,1507,169.2,513.0,88.1652626129518,103.9,114.0,14.257028112449799,35.0,0.06822612,185.0,0.36062378,4.561886324592774,5.1505937495563305
489,Félix Hernández,SEA,4772,308.1,966.0,89.6145114517613,105.5,119.4,11.047368421052632,89.0,0.09213251,369.0,0.38198758,5.458378738543783,5.713613832707741
490,Beau Brieske,DET,26079,101.2,314.0,89.47290541125882,104.8,113.2,17.038709677419355,32.0,0.10191083,130.0,0.41401274,4.160655958867156,5.11002579395023
491,Shaun Anderson,2 Tms,19453,88.0,310.0,88.92173782399665,104.4,112.8,11.234113712374581,22.0,0.07096774,120.0,0.38709677,5.931817860396458,6.288647704300575
492,Adbert Alzolay,CHC,17859,130.0,363.0,89.162255859375,104.8,114.4,10.60281690140845,38.0,0.1046832,143.0,0.39393939,5.192307387583372,4.866386104105591
493,Sawyer Gipson-Long,DET,26048,33.0,89.0,88.95281228054775,104.9,113.3,17.1123595505618,9.0,0.1011236,31.0,0.34831461,4.90909105095982,4.063697905226218
494,Fernando Cruz,CIN,7048,12.1,19.0,92.1999994913737,103.5,106.2,20.944444444444443,2.0,0.10526316,11.0,0.57894737,2.9189194455645824,1.6615524340483634
495,Brian Johnson,BOS,14272,110.2,365.0,89.28365759175901,104.8,119.1,16.221606648199447,32.0,0.08767123,137.0,0.37534247,4.391565836156023,5.17498104851771
496,Tanner Banks,2 Tms,16990,17.0,53.0,89.62692260742188,105.9,115.5,16.384615384615383,6.0,0.11320755,19.0,0.35849057,6.882353713355761,4.090455780564529
497,David Sandlin,CHW,31743,21.2,58.0,88.75172582165948,104.8,111.5,10.03448275862069,4.0,0.06896552,23.0,0.39655172,4.1538462757358925,3.1502420314334882
498,Josh Fleming,2 Tms,20418,115.0,390.0,89.00181932325486,105.3,114.0,3.7844155844155845,31.0,0.07948718,158.0,0.40512821,5.713043952033329,4.7763802966232936
499,Sam Long,2 Tms,25379,35.2,111.0,88.02545720880681,104.5,109.4,15.963636363636363,6.0,0.05405405,40.0,0.36036036,4.542056277179552,3.4581230548118653
500,Max Kranick,PIT,22175,38.2,127.0,88.24146500254065,103.7,112.9,21.349593495934958,3.0,0.02362205,43.0,0.33858268,6.284483171955186,4.607863741068479
501,Tyler Holton,DET,26231,30.0,82.0,85.00609844486888,103.9,110.1,8.75609756097561,6.0,0.07317073,28.0,0.34146341,3.3000004196167527,3.1122193262649165
502,Touki Toussaint,4 Tms,16929,179.2,487.0,89.77457819065125,105.8,113.5,9.657563025210084,40.0,0.08213552,201.0,0.41273101,5.410018288444712,5.410649618541578
503,Scott Alexander,2 Tms,10591,12.1,44.0,87.58139392941497,100.5,110.0,-2.1627906976744184,2.0,0.04545455,13.0,0.29545455,5.1081106590488545,3.3836125839241604
504,Chad Green,NYY,15552,21.1,47.0,91.20212571164394,105.3,111.3,19.02127659574468,5.0,0.10638298,22.0,0.46808511,4.21875025145711,3.7365222178810806
505,Michael Grove,LAD,23221,83.1,263.0,90.52404645381083,105.8,112.4,12.980988593155894,24.0,0.09125475,114.0,0.43346008,6.048000092285157,4.614872206048118
506,Pedro Avila,SDP,18864,35.0,103.0,88.43333481297348,104.2,110.6,7.959595959595959,5.0,0.04854369,39.0,0.37864078,4.114286386918159,4.7090278233043215
507,Jackson Kent,WSN,35462,32.1,101.0,88.04400390625,105.0,111.3,10.89,7.0,0.06930693,42.0,0.41584158,6.402062107442565,5.342975456647879
508,Davis Daniel,2 Tms,27582,39.1,126.0,88.35079132564483,105.1,112.7,17.142857142857142,14.0,0.11111111,52.0,0.41269841,6.177966301415857,4.973245687022699
509,Nabil Crismatt,2 Tms,17732,29.0,92.0,85.82921471756495,101.7,109.5,11.157303370786517,3.0,0.0326087,22.0,0.23913043,2.793103448275862,3.9699855708159855
510,Josh Winder,MIN,24606,53.0,166.0,89.11686982304217,104.9,114.1,17.819277108433734,16.0,0.09638554,66.0,0.39759036,4.415094339622642,4.936063530830199
511,Brennan Bernardino,2 Tms,16835,17.1,41.0,89.27000198364257,103.3,104.8,7.225,2.0,0.04878049,14.0,0.34146341,3.1153853795763062,2.90030841158337
512,Jason Alexander,2 Tms,19666,136.1,436.0,89.01981465799825,105.5,115.4,7.7109557109557105,31.0,0.07110092,186.0,0.4266055,4.488997848090892,4.883303669192014
513,Austin Bibens-Dirkx,TEX,9559,68.1,223.0,87.71628870899322,104.5,111.3,13.850678733031675,15.0,0.06726457,76.0,0.34080717,4.214633754206052,5.43236737453357
514,River Ryan,LAD,29514,20.1,54.0,84.28703703703704,103.1,108.7,9.75925925925926,4.0,0.07407407,15.0,0.27777778,1.3278689354986557,3.8417148015616087
515,Hurston Waldrep,ATL,33527,66.1,187.0,88.5016098842826,103.9,114.3,5.758064516129032,10.0,0.05347594,70.0,0.37433155,5.4271360165043365,4.413128891494722
516,Jake Woodford,3 Tms,18674,110.1,388.0,91.2885135023152,105.1,116.6,11.432291666666666,33.0,0.08505155,174.0,0.44845361,5.873111951692931,5.732637663391143
517,DL Hall,2 Tms,22207,45.2,130.0,87.79291059839444,104.7,112.8,14.881889763779528,11.0,0.08461538,49.0,0.37692308,5.1240878765962625,4.897530099372144
518,Luis Cessa,2 Tms,13345,108.2,368.0,90.4404942536157,105.3,118.6,11.931129476584022,29.0,0.07880435,159.0,0.43206522,6.128834714411795,5.913397757128427
519,Kendry Rojas,MIN,29423,12.1,27.0,83.063994140625,101.3,107.0,18.48,0.0,0.0,3.0,0.11111111,2.1891892456155015,2.132539784834212
520,Zack Thompson,STL,25918,60.2,183.0,89.91843452666726,104.5,112.5,13.335195530726256,17.0,0.09289617,80.0,0.43715847,5.340659480583785,5.238766667400897
521,Heath Fillmyer,KCR,17466,83.0,268.0,89.57939965180243,104.8,119.0,12.779026217228465,19.0,0.07089552,102.0,0.38059701,5.421687245351699,5.187492291889505
522,Paolo Espino,3 Tms,8246,185.2,606.0,89.26960917603989,104.3,113.4,14.9490662139219,60.0,0.0990099,251.0,0.41419142,5.283662549930244,5.488567505126412
523,Dillon Peters,3 Tms,18790,149.0,479.0,90.37088592142999,105.8,116.6,10.949367088607595,41.0,0.08559499,206.0,0.43006263,5.375838749833244,5.5045416249255945
524,Mitch Bratt,ARI,30003,44.0,136.0,86.9659090909091,102.2,112.1,25.28030303030303,9.0,0.06617647,46.0,0.33823529,4.704545454545454,4.120406844618513
525,Sam Gaviglio,3 Tms,12778,189.2,615.0,88.66202030213516,104.5,114.1,8.127906976744185,45.0,0.07317073,242.0,0.39349593,5.029877246923852,5.101532679965036
526,Sam Hentges,CLE,18548,41.0,135.0,88.91428277725564,105.9,110.4,11.887218045112782,13.0,0.0962963,55.0,0.40740741,7.902439759644277,5.859805777712068
527,Kyle Cody,TEX,19686,18.1,54.0,88.31666847511575,106.1,111.9,12.981481481481481,2.0,0.03703704,18.0,0.33333333,1.9636367041217984,3.632424615716
528,Vladimir Gutierrez,CIN,19278,149.0,470.0,89.06258333903173,104.3,112.6,14.975929978118161,40.0,0.08510638,187.0,0.39787234,5.436241610738255,4.866321901704009
529,Yoendrys Gómez,CHW,22872,45.0,129.0,89.49212598425197,104.7,116.7,19.299212598425196,13.0,0.10077519,47.0,0.36434109,4.6,4.117274671930853
530,Francis Martes,HOU,17303,17.2,43.0,88.53488372093024,105.1,110.8,10.069767441860465,4.0,0.09302326,14.0,0.3255814,4.07547096477887,6.014031831860656
531,Casey Legumina,2 Tms,25921,11.1,33.0,84.32424556847775,102.9,107.7,12.151515151515152,0.0,0.0,10.0,0.3030303,1.5882356059593101,2.6410430547849195
532,Alec Asher,BAL,13560,29.2,96.0,87.69680851063829,105.1,112.2,14.670212765957446,6.0,0.0625,29.0,0.30208333,6.977529585233878,4.456294660277719
533,Alex Young,2 Tms,18333,116.0,362.0,89.43137092483478,104.2,111.8,11.64985994397759,34.0,0.09392265,141.0,0.38950276,4.8879315192179345,5.45058790202815
534,Derek Holland,5 Tms,4141,361.0,1085.0,88.99952936262285,104.8,117.0,14.586629001883239,98.0,0.09032258,422.0,0.38894009,5.36011049180168,5.546776075523419
535,Anthony Banda,4 Tms,14706,27.1,89.0,89.72235089470358,105.7,108.5,18.258823529411764,6.0,0.06741573,34.0,0.38202247,7.573170043603491,5.149652145177409
536,Yovani Gallardo,2 Tms,8173,206.2,679.0,88.84529439928998,104.5,113.3,12.469357249626308,48.0,0.07069219,256.0,0.37702504,6.0532267747934165,5.949076755741218
537,Tomoyuki Sugano,2 Tms,35321,299.2,1016.0,90.47239247144985,105.3,116.7,14.866071428571429,121.0,0.11909449,421.0,0.41437008,5.045606400422344,6.165777081138904
538,Eli Morgan,CLE,20203,92.1,277.0,89.50441315594841,103.9,115.2,19.5,33.0,0.11913357,118.0,0.42599278,5.361011125640931,5.293016623058793
539,Taylor Hearn,TEX,18325,110.1,355.0,90.2922874232701,105.7,111.9,15.517142857142858,40.0,0.11267606,145.0,0.4084507,6.362538224361292,5.721097017276235
540,Ryan Walker,SFG,20423,21.1,46.0,82.02825977491295,100.1,106.2,12.043478260869565,1.0,0.02173913,9.0,0.19565217,2.1093753143214156,2.7268965875339664
541,Jarred Cosart,SDP,10304,23.1,75.0,88.05675939611487,104.2,110.9,6.581081081081081,2.0,0.02666667,26.0,0.34666667,4.242855986770634,4.889341900007756
542,Spencer Miles,TOR,31621,19.0,65.0,86.0718765258789,102.4,108.0,9.484375,3.0,0.04615385,19.0,0.29230769,6.631578947368421,3.465168919628886
543,Chris Rodriguez,LAA,22310,10.0,30.0,86.80333658854167,107.7,110.7,6.2,1.0,0.03333333,11.0,0.36666667,3.6,4.0111632405457085
544,Kai-Wei Teng,2 Tms,24282,68.2,196.0,90.07128405448718,105.7,113.4,13.846153846153847,14.0,0.07142857,78.0,0.39795918,6.291262368924867,5.156263705097756
545,John Brebbia,SFG,12777,22.2,64.0,89.6640625,104.9,108.1,16.96875,7.0,0.109375,31.0,0.484375,1.5882354054896555,3.9539165272019425
546,Elieser Hernández,2 Tms,16933,229.2,673.0,89.08389031778353,104.6,116.5,21.109422492401215,69.0,0.102526,245.0,0.3640416,4.66328024520321,4.189114062469858
547,Aaron Wilkerson,MIL,16904,14.1,42.0,81.86428397042411,100.0,102.3,10.785714285714286,2.0,0.04761905,10.0,0.23809524,3.7674426960263574,3.2004066204140624
548,Chi Chi González,4 Tms,14663,178.1,605.0,89.49932304588523,104.8,114.4,12.184121621621621,49.0,0.08099174,258.0,0.42644628,6.308411496082711,6.666098472817057
549,AJ Smith-Shawver,ATL,29960,92.2,280.0,90.41444193154896,104.6,116.6,17.137184115523464,30.0,0.10714286,123.0,0.43928571,4.7589929853374935,5.132269241893717
550,Bowden Francis,TOR,20548,141.0,399.0,90.43166025439699,104.1,113.1,20.59045226130653,42.0,0.10526316,178.0,0.44611529,4.340425649343333,4.2887134734063626
551,Lucas Sims,2 Tms,13470,68.0,212.0,87.2816814762531,102.7,114.1,17.64851485148515,9.0,0.04245283,68.0,0.32075472,5.955882519999182,4.439915122533343
552,Brant Hurter,DET,30133,12.0,36.0,88.15999930245536,101.9,110.7,12.685714285714285,2.0,0.05555556,13.0,0.36111111,2.2500003576279255,4.113252369568083
553,Hayden Birdsong,SFG,31635,114.1,304.0,91.41066731770833,104.8,113.0,16.393333333333334,27.0,0.08881579,148.0,0.48684211,5.274052536789836,4.707323228459082
554,Adam Plutko,2 Tms,15846,189.2,610.0,88.4598372530346,103.7,116.1,21.611570247933884,56.0,0.09180328,218.0,0.35737705,5.26713603137186,5.04777885032183
555,Tatsuya Imai,HOU,37124,58.2,149.0,89.97551286139456,104.0,112.6,12.081632653061224,17.0,0.11409396,68.0,0.45637584,5.8295460863054975,5.06725908679933
556,Sean Reid-Foley,TOR,17034,58.0,166.0,88.10363695549242,101.8,109.6,12.381818181818181,12.0,0.07228916,56.0,0.3373494,4.500000887903849,4.450076682770432
557,Liam Hendriks,OAK,3548,10.2,31.0,88.4933349609375,100.9,106.9,14.133333333333333,1.0,0.03225806,9.0,0.29032258,3.374998994171919,3.838378254775326
558,Jeff Locke,MIA,2929,32.0,111.0,88.86576224662163,105.2,111.9,10.765765765765765,8.0,0.07207207,37.0,0.33333333,8.156247083098739,5.48251868337396
559,Tanner Anderson,OAK,18029,22.1,80.0,88.64683667919304,105.3,115.9,8.10126582278481,9.0,0.1125,34.0,0.425,6.044774398583256,5.863399342379813
560,Robert Gsellman,NYM,13696,127.0,451.0,86.44713796794551,104.9,117.0,7.11441647597254,24.0,0.05321508,151.0,0.33481153,5.527559221149331,5.342484964920041
561,Tyler Gilbert,2 Tms,17964,75.0,235.0,88.81409619033074,103.4,112.2,18.726872246696036,22.0,0.09361702,89.0,0.3787234,4.200000323772455,5.2090992188884675
562,Jared Shuster,2 Tms,27472,64.0,215.0,88.94497841282895,104.8,112.7,17.63157894736842,15.0,0.06976744,82.0,0.38139535,6.046875360421858,5.098718511678953
563,Chris Mazza,BOS,14151,23.1,75.0,85.69459327491555,102.9,112.9,16.783783783783782,5.0,0.06666667,21.0,0.28,5.014286397428021,6.9693558143867085
564,Aríel Miranda,SEA,17526,163.0,479.0,87.82063507729389,104.6,114.6,20.57659574468085,45.0,0.09394572,161.0,0.33611691,4.803680981595092,4.806353283111965
565,Jackson Jobe,DET,30203,83.2,247.0,88.76311555455942,104.6,111.9,12.364754098360656,22.0,0.08906883,99.0,0.40080972,4.087649526638609,4.721694990939782
566,Robert Stock,2 Tms,6576,39.0,123.0,89.63166809082031,104.5,114.8,14.341666666666667,12.0,0.09756098,47.0,0.38211382,6.461538461538462,5.590710978470141
567,Kade Anderson,SEA,37238,25.1,78.0,87.54285460633118,105.1,109.6,14.03896103896104,6.0,0.07692308,31.0,0.3974359,5.328947635898974,4.25712525341009
568,Aaron Brooks,2 Tms,12272,103.2,361.0,90.82022197594803,105.1,113.4,12.455056179775282,33.0,0.09141274,164.0,0.45429363,6.424437220233816,6.013362316668065
569,Mike Baumann,BAL,20206,18.1,66.0,93.4500029592803,106.9,112.9,6.393939393939394,5.0,0.07575758,34.0,0.51515152,5.400000374533939,4.239445834444484
570,Richard Fitts,BOS,30160,61.2,197.0,89.89581458606021,104.0,115.6,12.910994764397905,17.0,0.08629442,85.0,0.43147208,3.7945946337168373,5.128216244895419
571,Jayson Aquino,BAL,13150,11.1,37.0,87.11351219383445,102.5,109.0,13.54054054054054,1.0,0.02702703,14.0,0.37837838,3.9705893490144364,2.8501343864085715
572,Tejay Antone,CIN,16233,18.1,44.0,86.2790711868641,108.0,111.5,6.5813953488372094,3.0,0.06818182,15.0,0.34090909,3.436364232213147,3.5936636795358403
573,Casey Kelly,SFG,9174,15.1,59.0,92.32372219279661,103.5,109.4,16.11864406779661,2.0,0.03389831,23.0,0.38983051,2.9347832171363866,4.287768351681533
574,Konnor Pilkington,CLE,21453,51.0,157.0,89.08333333333333,106.3,113.4,13.833333333333334,18.0,0.11464968,68.0,0.43312102,4.411765035873491,4.852298560205841
575,A.J. Griffin,TEX,11132,72.0,223.0,86.53167420814479,103.7,112.5,24.941176470588236,21.0,0.0941704,67.0,0.30044843,5.500000582801033,4.708041480657847
576,Matt Andriese,3 Tms,12022,98.0,302.0,89.64107875631314,106.2,116.2,12.067340067340067,22.0,0.07284768,118.0,0.39072848,5.142857136601262,5.338257595286791
577,Angel Zerpa,KCR,22717,28.2,89.0,90.47126191237876,105.9,113.4,11.494252873563218,6.0,0.06741573,39.0,0.43820225,3.4534884486861217,5.577764733234333
578,Jefry Rodriguez,2 Tms,17018,86.1,265.0,88.934230863131,104.6,109.1,11.915057915057915,21.0,0.07924528,104.0,0.39245283,5.420848782119011,5.619022571157335
579,Noah Schultz,CHW,32056,60.1,179.0,89.3166644216954,104.5,110.7,16.93103448275862,18.0,0.10055866,72.0,0.40223464,6.414365181632294,6.104516766960319
580,Blade Tidwell,2 Tms,31701,48.2,147.0,88.93904510916096,105.7,118.5,21.671232876712327,15.0,0.10204082,54.0,0.36734694,5.732877011906716,5.026990325189721
581,Jackson Rutledge,WSN,26215,24.2,80.0,90.35,105.1,117.9,21.825,8.0,0.1,37.0,0.4625,6.2027028625772545,5.725114451682721
582,Charlie Barnes,MIN,19865,33.1,119.0,89.92672413793103,105.4,111.5,15.456896551724139,7.0,0.05882353,46.0,0.38655462,5.9400002265930265,5.789655759073119
583,Valente Bellozo,MIA,23899,93.2,303.0,89.62433268229167,104.9,113.7,23.24,33.0,0.10891089,122.0,0.40264026,3.6512457250867962,4.8606817136721885
584,Yilber Díaz,ARI,29271,20.0,61.0,90.77666829427083,105.0,110.2,15.183333333333334,3.0,0.04918033,25.0,0.40983607,4.05,4.393790359727165
585,Coleman Crow,MIL,27926,16.2,60.0,89.36666666666666,103.7,112.7,16.733333333333334,5.0,0.08333333,24.0,0.4,5.9400002265930265,5.792490785622548
586,Cody Reed,CIN,15232,33.1,102.0,90.0159979248047,104.6,111.0,0.54,7.0,0.06862745,39.0,0.38235294,6.209998815536725,4.77563140686995
587,Erik Miller,2 Tms,26252,11.2,27.0,88.43845954308144,104.3,106.6,9.346153846153847,2.0,0.07407407,9.0,0.33333333,0.7714286134680947,2.2612957627372463
588,Jordan Wicks,CHC,30094,83.2,276.0,88.97941409840303,103.5,118.1,12.132352941176471,22.0,0.07971014,107.0,0.38768116,5.916335043499463,4.781577111117873
589,Chris Ellis,BAL,16125,29.2,90.0,90.94157495391502,105.1,114.9,19.51685393258427,9.0,0.1,41.0,0.45555556,3.6404496332473775,6.429889100243034
590,Chase Dollander,COL,33482,111.2,343.0,88.79237450742302,105.1,114.5,12.917888563049853,37.0,0.10787172,144.0,0.41982507,6.125373587707159,5.158700854476864
591,Caleb Kilian,CHC,26213,19.2,63.0,92.18666585286458,105.4,112.9,7.524590163934426,4.0,0.06349206,31.0,0.49206349,9.152542668764234,5.508130443880337
592,Peyton Battenfield,CLE,25777,32.2,101.0,93.27524559096534,106.7,111.1,14.85,13.0,0.12871287,50.0,0.4950495,4.683673834016281,5.691260800084819
593,Artie Lewicki,DET,16731,18.1,69.0,90.27353084788604,104.4,108.5,12.617647058823529,5.0,0.07246377,27.0,0.39130435,6.381815968664006,6.899019529321231
594,Cody Poteet,2 Tms,18769,59.1,167.0,91.21097620522103,105.8,113.6,14.442424242424243,18.0,0.10778443,70.0,0.41916168,4.0955058374033,4.917792531620242
595,PJ Poulin,WSN,23394,15.0,42.0,90.48095121837798,106.5,109.7,14.261904761904763,3.0,0.07142857,15.0,0.35714286,1.800000228881865,4.034093598161948
596,Andrew Kittredge,TBR,12828,25.2,76.0,91.3053330485026,106.8,116.1,6.066666666666666,8.0,0.10526316,37.0,0.48684211,5.2597425458844915,4.924261044376952
597,Reiver Sanmartin,CIN,19754,23.0,84.0,88.79166666666667,105.6,110.9,7.428571428571429,6.0,0.07142857,37.0,0.44047619,10.565218267458896,6.11572005964296
598,Humberto Castellanos,ARI,21183,75.1,253.0,88.83545894546813,103.7,114.1,15.274900398406375,18.0,0.07114625,92.0,0.36363636,5.615044342565019,4.800512428867848
599,Eric Skoglund,KCR,16155,98.0,332.0,91.10122354023318,106.5,113.6,14.541284403669724,28.0,0.08433735,149.0,0.44879518,6.5204087977904495,6.359459255294733
600,AJ Blubaugh,HOU,31764,11.0,26.0,90.66538649338942,106.8,109.6,26.846153846153847,2.0,0.07692308,13.0,0.5,1.6363636363636365,3.7081077793105224
601,Cesar Perdomo,SFG,30334,10.2,36.0,93.07941750919117,104.0,110.0,10.294117647058824,2.0,0.05555556,18.0,0.5,4.21875025145711,4.387445346976441
602,Luis Morales,ATH,32227,54.0,157.0,89.25897686298077,106.2,113.8,19.83974358974359,19.0,0.12101911,67.0,0.42675159,4.333333562921607,5.2331895979886065
603,Tyler Pill,NYM,12751,16.1,54.0,86.20588235294117,104.3,108.5,10.156862745098039,2.0,0.03703704,19.0,0.35185185,4.9591846386626575,4.4144100870699745
604,Tyler Beede,2 Tms,16981,135.1,421.0,90.68441047942896,105.8,114.8,11.184652278177458,34.0,0.0807601,181.0,0.42992874,5.719211513674636,5.195666365394225
605,Jalen Beeks,3 Tms,17192,47.1,147.0,89.23219027584547,103.5,110.0,15.082191780821917,13.0,0.08843537,60.0,0.40816327,5.894365642969917,4.29491465036488
606,Joey Estes,OAK,26257,146.1,482.0,89.70941391948875,104.7,113.6,24.889121338912133,52.0,0.10788382,192.0,0.39834025,5.842824956765965,4.828363081211628
607,Austin Cox,2 Tms,24604,10.2,36.0,90.32500372992621,106.4,109.9,17.166666666666668,4.0,0.11111111,15.0,0.41666667,6.750001024687818,6.6427077003922825
608,Edwin Jackson,4 Tms,1841,218.1,706.0,88.59220976506133,104.5,115.7,14.858585858585858,66.0,0.09348442,255.0,0.3611898,5.523664636851502,5.644907383929604
609,José De León,3 Tms,15463,18.0,43.0,84.22325524618459,104.2,107.7,21.651162790697676,6.0,0.13953488,13.0,0.30232558,5.500000291400501,3.522829108158202
610,César Valdez,2 Tms,9013,15.1,55.0,90.41454412286932,105.6,108.0,4.509090909090909,2.0,0.03636364,25.0,0.45454545,9.391306294836436,6.791307548520346
611,Shelby Miller,3 Tms,10197,67.1,226.0,89.96008752386666,104.6,114.9,12.627802690582959,18.0,0.07964602,91.0,0.40265487,8.019803494709032,6.270081042768098
612,David Paulino,HOU,17418,29.0,87.0,90.45952497209821,104.5,106.9,18.488095238095237,10.0,0.11494253,36.0,0.4137931,6.517241379310345,5.284417732621359
613,Chris O'Grady,MIA,13818,26.1,75.0,89.13333333333334,102.6,109.5,19.053333333333335,9.0,0.12,27.0,0.36,5.4683550905101015,6.231491369653474
614,Kohl Stewart,2 Tms,15502,41.0,145.0,89.3832188319493,104.9,111.4,5.293706293706293,9.0,0.06206897,65.0,0.44827586,6.146340605618462,5.504984404861746
615,Tyler Phillips,2 Tms,20629,117.2,371.0,89.85163050112517,104.8,116.1,10.97554347826087,36.0,0.09703504,164.0,0.44204852,5.124646252318219,5.29261310028313
616,Aaron Slegers,2 Tms,15231,26.0,81.0,87.08124923706055,103.1,110.1,13.8125,10.0,0.12345679,26.0,0.32098765,5.192309596835502,5.863302359997417
617,Keaton Winn,SFG,23499,80.2,239.0,92.7575229881084,106.5,113.4,7.163716814159292,24.0,0.10041841,116.0,0.48535565,6.805785338529014,5.367795498283752
618,Riley Smith,ARI,19826,25.0,101.0,90.55454940025253,104.6,112.2,11.04040404040404,7.0,0.06930693,44.0,0.43564356,7.92,7.32283994626041
619,George Klassen,LAA,33464,27.0,79.0,90.19210654810855,106.6,111.3,6.473684210526316,7.0,0.08860759,36.0,0.4556962,3.6666666666666665,5.604938691049962
620,Kenny Rosenberg,LAA,20009,24.0,79.0,88.84430472458465,105.2,111.0,17.632911392405063,6.0,0.07594937,28.0,0.35443038,3.7500001490116177,4.293407576657764
621,Mitch Farris,LAA,33628,24.1,71.0,90.44927536231884,105.1,110.6,20.594202898550726,8.0,0.11267606,31.0,0.43661972,6.657534594472315,5.616476039849566
622,Tristan Beck,SFG,21584,19.0,70.0,89.80714460100447,105.8,109.8,17.542857142857144,8.0,0.11428571,29.0,0.41428571,6.6315792802298335,5.851669974586151
623,Sean Nolin,WSN,11341,17.2,60.0,88.36206896551724,101.6,110.5,14.637931034482758,4.0,0.06666667,26.0,0.43333333,5.6037737865726465,4.466148424940583
624,Luinder Avila,KCR,24452,51.2,152.0,88.35946077913852,104.7,109.9,12.093959731543624,8.0,0.05263158,56.0,0.36842105,6.270968050604448,5.266002121892552
625,Landon Knack,LAD,27487,88.1,251.0,91.42350519795816,106.1,112.9,18.697211155378486,34.0,0.13545817,118.0,0.47011952,4.1773587310997575,5.11859045504481
626,Andrew Sears,DET,33664,10.0,31.0,88.96666666666667,101.2,104.0,22.766666666666666,1.0,0.03225806,8.0,0.25806452,4.500000429153483,2.5480722796250594
627,Jimmy Lambert,CHW,19541,19.1,63.0,87.5225815311555,104.3,114.0,19.693548387096776,6.0,0.0952381,24.0,0.38095238,4.189655447970124,5.335030786236568
628,Allan Winans,2 Tms,21238,44.1,146.0,88.45479385166952,103.7,109.8,12.178082191780822,14.0,0.09589041,59.0,0.40410959,7.308271043518592,4.743014072931245
629,A.J. Alexy,TEX,22343,19.1,50.0,87.26666259765625,105.4,111.0,22.5625,4.0,0.08,15.0,0.3,2.7931036319800824,6.36889612245909
630,Tommy Henry,ARI,26285,166.2,525.0,89.28066830004931,105.1,115.1,14.62524654832347,44.0,0.08380952,189.0,0.36,4.968000075805665,4.730929313998522
631,Daniel Castano,MIA,19805,72.1,253.0,87.46016141069614,105.8,116.9,11.451219512195122,21.0,0.08300395,88.0,0.34782609,4.4792628696662655,5.623172052873783
632,Anthony Molina,2 Tms,26952,25.1,80.0,89.89249954223632,103.6,109.9,15.7625,8.0,0.1,36.0,0.45,7.1052635145319645,5.465023081238145
633,Elmer Rodríguez,NYY,31811,26.2,83.0,87.39999761814025,103.1,107.5,10.25609756097561,7.0,0.08433735,30.0,0.36144578,5.40000051498418,5.548522421465841
634,Dylan Covey,2 Tms,14825,218.0,735.0,89.78908922395654,105.1,116.9,8.422651933701658,56.0,0.07619048,288.0,0.39183673,6.935779272260838,6.120210008809458
635,Keegan Thompson,CHC,19795,94.2,300.0,90.02751415687919,104.3,111.3,15.161073825503356,28.0,0.09333333,124.0,0.41333333,4.943662303848153,5.3718448464638735
636,Craig Stammen,SDP,7274,11.0,41.0,88.77317251810213,104.7,107.4,4.0,1.0,0.02439024,15.0,0.36585366,8.181818181818182,4.901818255787048
637,Kyle Muller,2 Tms,20167,108.0,342.0,91.67856997535343,106.8,115.2,13.455357142857142,37.0,0.10818713,158.0,0.4619883,6.666666902141815,6.39097098023792
638,Darius Vines,ATL,25928,21.2,67.0,88.07761121152052,104.9,111.9,21.26865671641791,7.0,0.10447761,25.0,0.37313433,3.7384616481623034,4.7110808602111485
639,Josh James,HOU,16794,22.1,50.0,87.26200012207032,106.5,108.9,15.7,5.0,0.1,15.0,0.3,4.432836451863026,5.016251907079638
640,Colton Gordon,HOU,31312,73.2,248.0,88.88857122927296,105.1,113.5,18.877551020408163,28.0,0.11290323,99.0,0.39919355,5.619909550765279,4.636954253660517
641,Zac Lowther,BAL,20243,23.2,75.0,92.30666666666667,105.2,113.2,12.2,8.0,0.10666667,38.0,0.50666667,7.225352306778392,6.814094955129331
642,Tim Adleman,CIN,10968,105.1,315.0,87.60394608347039,105.2,114.6,17.49671052631579,24.0,0.07619048,102.0,0.32380952,5.46835469443187,5.14328801997418
643,Jesse Scholtens,2 Tms,19205,64.0,218.0,89.26330230432913,105.1,111.6,13.660550458715596,20.0,0.09174312,85.0,0.38990826,5.9062503520399545,5.0950635386412895
644,Hogan Harris,OAK,21520,75.2,239.0,89.75720007944915,103.9,112.7,15.292372881355933,24.0,0.10041841,104.0,0.43514644,4.757709411006353,5.80889171288326
645,Miguel Díaz,2 Tms,18815,15.2,46.0,89.14222005208333,104.9,107.9,9.422222222222222,6.0,0.13043478,17.0,0.36956522,3.4468102241445195,5.935813721314337
646,Mike Mayers,2 Tms,15451,28.0,90.0,92.5772705078125,107.4,114.3,11.420454545454545,7.0,0.07777778,48.0,0.53333333,5.785714679834821,5.3837796043026485
647,Connor Phillips,CIN,27649,20.2,56.0,89.07500348772321,108.1,108.9,21.696428571428573,6.0,0.10714286,23.0,0.41071429,6.9677421498373135,4.532908494459405
648,Andrew Albers,2 Tms,7853,43.2,153.0,87.62236585115132,104.8,113.3,16.50657894736842,11.0,0.07189542,52.0,0.33986928,4.740458394880822,5.970583560311382
649,Tony Santillan,CIN,19926,17.2,52.0,92.76530612244898,107.5,112.3,17.857142857142858,5.0,0.09615385,25.0,0.48076923,3.566037864182593,5.703080897683255
650,Caleb Ferguson,2 Tms,19349,25.1,75.0,91.04864976212785,104.1,109.7,12.364864864864865,5.0,0.06666667,35.0,0.46666667,5.684208564811812,5.287894146255314
651,Cody Morris,CLE,25388,20.2,58.0,87.71896888469827,105.1,113.9,17.344827586206897,6.0,0.10344828,21.0,0.36206897,2.1774194218241605,4.521770216758741
652,Matt Peacock,ARI,20339,34.0,119.0,90.60593220338983,105.1,110.4,3.669491525423729,11.0,0.09243697,63.0,0.52941176,5.294117647058823,5.213847216563478
653,Andre Jackson,PIT,21298,27.0,71.0,91.19718309859155,106.1,110.6,15.084507042253522,9.0,0.12676056,34.0,0.47887324,5.333333710093584,6.9748978125284795
654,Hector Velázquez,BOS,19341,66.2,209.0,89.52884498009315,105.8,115.9,13.586538461538462,18.0,0.0861244,84.0,0.40191388,5.265000351476693,6.2007147834487135
655,Adam Conley,MIA,14457,100.2,334.0,88.17335668103448,104.3,111.3,15.60501567398119,27.0,0.08083832,123.0,0.36826347,6.168873860498195,5.617528758798913
656,Hyeon-Jong Yang,TEX,27513,15.0,44.0,90.62325127180233,108.6,110.7,14.534883720930232,7.0,0.15909091,19.0,0.43181818,6.600000419616726,5.4372052012601335
657,Chase Silseth,LAA,30074,73.2,206.0,90.41911764705883,105.5,113.5,10.77450980392157,24.0,0.11650485,96.0,0.46601942,5.253393846516807,5.085055430913348
658,Mike Bolsinger,TOR,11137,25.2,80.0,88.6300048828125,105.5,109.6,9.4875,6.0,0.075,29.0,0.3625,5.6103889155215825,5.652217610768163
659,Jose Cabrera,ARI,30412,22.0,72.0,88.9765625,104.6,111.8,13.53125,6.0,0.08333333,26.0,0.36111111,5.318181818181818,5.378772784877366
660,Jake Thompson,PHI,14371,41.1,130.0,87.40077670784883,104.4,115.7,12.434108527131784,9.0,0.06923077,45.0,0.34615385,3.266129434170807,5.492995434178284
661,Max Castillo,2 Tms,21956,26.0,84.0,91.09876543209876,105.0,108.4,14.209876543209877,7.0,0.08333333,39.0,0.46428571,6.92307717701388,4.841221001327477
662,Adrian Morejon,SDP,20039,21.0,61.0,85.95666809082032,104.3,107.1,9.366666666666667,5.0,0.08196721,21.0,0.3442623,4.285713117950134,4.392790564570384
663,Mason Englert,2 Tms,22288,19.0,63.0,91.04098560771004,105.1,108.9,18.918032786885245,8.0,0.12698413,26.0,0.41269841,5.210526838857434,6.7641562102297454
664,Cody Ponce,2 Tms,17920,22.2,72.0,89.15416547987196,102.5,110.8,18.75,9.0,0.125,28.0,0.38888889,5.558822983689015,5.641710338055635
665,Denyi Reyes,2 Tms,20526,14.2,54.0,88.61111563223379,107.1,112.9,18.27777777777778,4.0,0.07407407,23.0,0.42592593,7.977273591786471,5.467394999197198
666,Chris Rowley,TOR,18820,13.2,48.0,82.56956415591033,98.7,109.5,18.73913043478261,1.0,0.02083333,10.0,0.20833333,4.609758242052703,4.11638723422005
667,Shawn Dubin,HOU,24977,10.0,30.0,92.14999593098959,106.7,111.2,19.6,5.0,0.16666667,15.0,0.5,3.6000003433227867,8.282765560497351
668,Huascar Brazobán,NYM,6107,11.0,27.0,86.97692401592548,105.9,109.0,12.846153846153847,2.0,0.07407407,7.0,0.25925926,3.2727275564651106,3.8827214107435752
669,Zach Agnos,COL,31552,10.2,32.0,86.25936889648438,102.4,107.6,16.65625,3.0,0.09375,12.0,0.375,1.687500100582844,4.697808002025244
670,Daulton Jefferies,2 Tms,19345,48.1,173.0,88.96959092881944,104.9,112.7,10.748538011695906,15.0,0.0867052,64.0,0.3699422,7.07586225511912,4.075713111587359
671,Corey Oswalt,NYM,13677,63.2,202.0,89.5142897002551,105.4,111.8,15.714285714285714,17.0,0.08415842,77.0,0.38118812,4.806282482532557,4.883612409421957
672,Chris Volstad,CHW,9901,15.1,49.0,87.91020109215562,101.6,108.0,2.2653061224489797,2.0,0.04081633,20.0,0.40816327,5.869566434272773,4.398228248897855
673,Noah Davis,COL,25862,25.0,79.0,89.63845903445512,105.5,107.9,13.333333333333334,6.0,0.07594937,31.0,0.39240506,7.2,5.262160497339014
674,Justin Nicolino,MIA,11754,32.2,124.0,88.17850916838843,104.0,114.5,6.933884297520661,7.0,0.05645161,42.0,0.33870968,5.234694896366138,6.537820626846651
675,Jared Koenig,2 Tms,27517,31.1,104.0,89.91470636106006,105.0,108.3,10.529411764705882,6.0,0.05769231,46.0,0.44230769,5.1702132904999605,5.658474836674604
676,Carlos Rodriguez,MIL,30161,12.1,45.0,87.41136585582386,101.2,108.4,17.818181818181817,2.0,0.04444444,17.0,0.37777778,7.2972980496481865,6.29570040388634
677,Jimmy Yacabonis,3 Tms,15157,38.1,124.0,89.913935927094,105.2,110.3,15.754098360655737,9.0,0.07258065,46.0,0.37096774,5.165217835709407,5.239251108943263
678,Kyle Tyler,MIA,22092,29.2,92.0,88.78152067764945,104.2,110.1,10.51086956521739,8.0,0.08695652,43.0,0.4673913,5.4606746254116985,6.65764602159575
679,Yefry Ramírez,BAL,15655,56.2,171.0,87.80538922155688,103.0,115.8,21.05389221556886,14.0,0.08187135,60.0,0.35087719,7.147058452660669,4.90048168222938
680,Braden Shipley,ARI,15158,12.1,46.0,91.35777994791667,106.1,113.5,12.577777777777778,4.0,0.08695652,17.0,0.36956522,7.297299178174812,5.7874540893659026
681,Luis Patiño,3 Tms,22815,92.1,291.0,89.38615950746107,104.6,115.5,19.325259515570934,24.0,0.08247423,109.0,0.37457045,5.653429848621216,4.836895281893036
682,Josh Rogers,2 Tms,18510,61.1,206.0,89.66323792700673,105.6,114.4,17.975490196078432,21.0,0.10194175,85.0,0.41262136,4.695652928379519,5.812580903066079
683,Jack Kochanowicz,LAA,27688,240.1,806.0,90.92095762310606,105.6,116.6,5.413836477987421,64.0,0.07940447,374.0,0.46401985,5.879334662361254,5.603941503557741
684,Yohander Méndez,TEX,14391,21.0,70.0,87.53428431919643,105.4,110.6,17.47142857142857,5.0,0.07142857,20.0,0.28571429,7.285714285714286,4.420834973946073
685,Xzavion Curry,3 Tms,25595,68.2,233.0,91.41594669736665,103.7,111.0,22.237068965517242,20.0,0.08583691,111.0,0.47639485,5.6359224605542355,5.6404649568792715
686,Connor Gillispie,MIA,26171,26.0,88.0,91.36046511627907,105.5,115.0,16.46511627906977,11.0,0.125,44.0,0.5,8.653846153846153,5.37420128336747
687,Josh Winckowski,BOS,22387,90.2,307.0,88.72979971273055,104.0,112.4,5.569536423841059,29.0,0.09446254,137.0,0.44625407,4.86397092931207,5.007389444022468
688,Logan Evans,SEA,33699,78.1,246.0,90.32612404336734,105.6,113.3,13.714285714285714,27.0,0.1097561,108.0,0.43902439,4.365957730294587,5.383606315776952
689,Jharel Cotton,OAK,13654,129.0,404.0,86.65229392538265,103.3,115.0,17.4234693877551,24.0,0.05940594,124.0,0.30693069,5.5813953488372094,4.424312526836233
690,Phil Hughes,MIN,7450,54.0,193.0,91.37434682796139,105.8,111.3,19.335078534031414,22.0,0.11398964,77.0,0.39896373,5.999999152289616,7.346116319632811
691,Mason Black,SFG,30171,33.2,111.0,89.3,104.4,112.5,18.654545454545456,10.0,0.09009009,45.0,0.40540541,5.881188563068394,5.225830869839747
692,Braydon Fisher,TOR,24609,12.2,31.0,90.39031982421875,105.4,106.8,12.161290322580646,4.0,0.12903226,15.0,0.48387097,4.263158429692724,5.17811649936013
693,Carson Spiers,CIN,27685,68.0,217.0,90.41261819144276,106.3,113.5,16.649532710280372,24.0,0.11059908,95.0,0.43778802,6.617647337253542,5.050648115354075
694,Scott Kazmir,SFG,4897,10.1,35.0,90.58529842601104,108.2,111.5,9.117647058823529,3.0,0.08571429,15.0,0.42857143,5.225806612377985,5.964562837491663
695,Drew VerHagen,DET,13424,32.0,112.0,90.83839089529855,105.3,116.7,12.25,11.0,0.09821429,50.0,0.44642857,7.874997594394524,5.842391483621755
696,Bryan Garcia,DET,19457,20.1,54.0,88.82962601273148,104.6,110.1,15.277777777777779,7.0,0.12962963,20.0,0.37037037,3.540983827996415,5.062570306267077
697,Casey Lawrence,TOR,11121,11.1,47.0,83.31277011303192,103.6,106.9,-0.06382978723404255,2.0,0.04255319,16.0,0.34042553,7.941178698028873,4.545720018267463
698,Nick Tropeano,LAA,12385,81.0,237.0,89.37932345233386,103.6,112.8,15.438818565400844,22.0,0.092827,91.0,0.38396624,5.222222714103672,5.084672703572446
699,A.J. Cole,WSN,11467,53.1,161.0,88.1947731566585,105.4,113.8,15.928104575163399,9.0,0.05590062,57.0,0.35403727,5.2312493763864785,5.388330075967737
700,Henderson Alvarez,PHI,5669,14.2,50.0,87.47400390625,105.0,111.0,7.04,5.0,0.1,16.0,0.32,4.2954536144400475,9.553468674922923
701,Drew Rom,STL,24602,33.2,119.0,91.32436646533614,107.1,112.4,13.747899159663865,15.0,0.12605042,54.0,0.45378151,8.019802586002356,6.030951309985349
702,Brett Kennedy,2 Tms,17877,36.2,129.0,88.11869998094512,104.8,110.2,12.83739837398374,11.0,0.08527132,43.0,0.33333333,5.890908580181072,5.21875284704277
703,Matt Wilkinson,SFG,33760,14.2,52.0,90.67843328737744,103.9,107.6,24.470588235294116,5.0,0.09615385,26.0,0.5,6.136363902367847,5.734607939235512
704,Bryse Wilson,4 Tms,19990,261.1,872.0,90.28875946831089,105.1,116.7,13.827868852459016,77.0,0.08830275,382.0,0.43807339,5.441326954224797,5.905335286768352
705,Thomas Pannone,2 Tms,17281,63.1,211.0,89.68325265400718,103.1,113.0,17.84688995215311,21.0,0.09952607,87.0,0.41232227,7.24736987613274,5.47474454002388
706,Erasmo Ramírez,3 Tms,10314,158.2,506.0,88.8474013671875,104.4,116.3,13.77,45.0,0.08893281,195.0,0.38537549,5.558823585097765,5.514529951986146
707,Gabriel Ynoa,BAL,12938,84.1,296.0,89.20921435046928,105.6,112.0,12.464163822525597,31.0,0.10472973,122.0,0.41216216,5.656127335036106,6.678552231984839
708,Enyel De Los Santos,PHI,18403,14.2,47.0,89.70652439283288,101.0,109.4,14.391304347826088,1.0,0.0212766,15.0,0.31914894,7.363639555688145,6.932505707162591
709,Jhonathan Díaz,2 Tms,20298,24.1,79.0,89.41410319010417,103.4,109.7,8.705128205128204,5.0,0.06329114,30.0,0.37974684,4.068493682194237,6.59263676556266
710,Kyle Hart,2 Tms,19646,43.1,142.0,88.53478207795516,105.3,111.7,19.67391304347826,12.0,0.08450704,53.0,0.37323944,6.853846656641348,5.132633401119843
711,Sean Sullivan,COL,33502,22.1,84.0,88.5048181005271,104.7,110.8,28.566265060240966,8.0,0.0952381,29.0,0.3452381,8.865672146565004,4.822109155074899
712,Garrett Hill,DET,25097,42.2,143.0,88.85319010416667,104.6,113.5,19.070921985815602,14.0,0.0979021,59.0,0.41258741,4.21875025145711,5.630270473243086
713,Vance Worley,MIA,6435,52.1,183.0,87.90331491712708,103.6,113.8,8.022099447513812,11.0,0.06010929,66.0,0.36065574,7.394904638275939,6.997965222413565
714,Ryan Johnson,LAA,35325,85.1,254.0,88.05357142857143,103.8,113.6,19.186507936507937,25.0,0.0984252,95.0,0.37401575,4.324219007743538,4.924975206057376
715,Bryan Mitchell,2 Tms,11479,61.2,207.0,89.7108236096569,104.8,111.8,7.335051546391752,13.0,0.06280193,73.0,0.352657,4.3783782880962825,5.7189168138278665
716,Dietrich Enns,3 Tms,13932,14.0,48.0,88.35000101725261,105.8,109.4,8.958333333333334,4.0,0.08333333,17.0,0.35416667,5.785715960726931,4.550445481659171
717,Brandon Bielak,HOU,19866,98.0,308.0,89.2264009482003,105.3,115.6,10.601973684210526,29.0,0.09415584,138.0,0.44805195,4.500000175164677,5.660110416028928
718,Jacob Turner,2 Tms,10185,12.1,45.0,89.2068204012784,102.9,107.2,7.2727272727272725,2.0,0.04444444,18.0,0.4,8.027029095992294,5.372048795646828
719,Raúl Alcántara,OAK,12790,15.0,48.0,88.92979138962765,104.9,109.2,8.23404255319149,3.0,0.0625,21.0,0.4375,7.2,5.226173429694439
720,Drew Thorpe,CHW,31967,44.1,143.0,87.42411208998227,105.4,111.8,16.06382978723404,10.0,0.06993007,53.0,0.37062937,5.4812031647303066,4.693308365485678
721,Dario Agrazal,PIT,15821,71.1,247.0,87.3395061728395,103.0,112.1,14.794238683127572,17.0,0.06882591,74.0,0.29959514,5.04672933180831,5.5462244648644194
722,Easton Lucas,TOR,26058,19.2,59.0,92.35085076800847,109.8,111.7,19.423728813559322,7.0,0.11864407,28.0,0.47457627,8.23728920077168,6.4180435063012915
723,Rony García,DET,20430,42.0,126.0,91.4496015625,106.0,112.4,18.856,20.0,0.15873016,63.0,0.5,5.571428571428571,7.603945120643717
724,Thomas Hatch,3 Tms,19264,25.0,81.0,91.35750198364258,104.5,112.8,17.0,8.0,0.09876543,44.0,0.54320988,6.4800012977602695,6.16862735532988
725,Carson Fulmer,2 Tms,18311,95.2,286.0,89.98596319901316,105.1,111.8,15.750877192982456,28.0,0.0979021,126.0,0.44055944,5.644599003032246,5.834618852673685
726,Brock Burke,2 Tms,17968,28.2,101.0,86.84795706612724,104.6,111.1,9.091836734693878,8.0,0.07920792,30.0,0.2970297,8.162790878712652,5.451178322144583
727,Chad Bell,DET,10297,15.1,55.0,91.45454545454545,108.0,112.3,10.436363636363636,5.0,0.09090909,28.0,0.50909091,9.391306294836436,7.6963872131840985
728,Mason Adams,COL,31663,23.0,65.0,92.2123046875,104.4,111.5,14.738461538461538,7.0,0.10769231,36.0,0.55384615,5.086956521739131,5.83202177415671
729,Alex Wells,BAL,19845,37.0,129.0,89.3875968992248,105.4,113.8,18.612403100775193,12.0,0.09302326,60.0,0.46511628,7.054054054054054,6.714147857113902
730,Jackson Tetreault,WSN,20565,21.0,77.0,92.81688184862013,106.8,109.8,13.883116883116884,7.0,0.09090909,44.0,0.57142857,5.142857142857143,7.461295164105151
731,A.J. Puk,MIA,19343,13.2,47.0,85.08298184009308,102.4,108.1,16.97872340425532,2.0,0.04255319,16.0,0.34042553,9.219512624020117,6.816372803542738
732,Cole Sands,MIN,21461,17.1,58.0,89.69137678475215,106.6,111.8,11.0,5.0,0.0862069,23.0,0.39655172,7.269231302498399,4.514120176665153
733,Taylor Clarke,2 Tms,17611,92.0,288.0,90.15352018114547,105.4,114.3,15.116197183098592,32.0,0.11111111,117.0,0.40625,5.38043422487153,5.81934090388944
734,Jackson Stephens,2 Tms,14420,21.2,66.0,87.63538348858174,102.1,114.1,17.953846153846154,5.0,0.07575758,21.0,0.31818182,6.646152871036108,6.375234968441712
735,Ky Bush,CHW,29823,17.2,59.0,90.17368249725877,103.5,107.2,16.75438596491228,2.0,0.03389831,29.0,0.49152542,5.6037737865726465,5.610451153829777
736,Mark Leiter Jr.,2 Tms,15551,75.0,235.0,87.19827796672952,104.6,116.8,10.413793103448276,21.0,0.0893617,80.0,0.34042553,5.760000512695358,5.684477629817031
737,Karl Kauffmann,COL,27488,12.2,49.0,95.23541259765625,105.5,108.9,11.770833333333334,4.0,0.08163265,28.0,0.57142857,11.368421623251143,9.2984366088705
738,Pedro Payano,TEX,18313,16.0,57.0,86.31964111328125,104.6,112.1,10.125,5.0,0.0877193,21.0,0.36842105,7.312504358592247,9.216075427127413
739,James Marvel,PIT,19675,17.1,67.0,89.1015625,106.3,111.7,7.59375,3.0,0.04477612,25.0,0.37313433,8.307693831314277,6.121364640997083
740,Adam Mazur,2 Tms,31900,63.2,220.0,89.13045543323864,103.7,110.6,15.954545454545455,16.0,0.07272727,78.0,0.35454545,6.219895536408571,5.413181109481025
741,Deck McGuire,2 Tms,11596,17.2,54.0,89.58490566037736,104.3,113.3,18.754716981132077,7.0,0.12962963,20.0,0.37037037,7.641510946464906,6.9478581537697774
742,Packy Naughton,2 Tms,23292,24.1,88.0,88.84185932957848,105.0,111.7,7.5,8.0,0.09090909,39.0,0.44318182,8.50685009300481,5.906339395105504
743,Mike Vasil,CHW,30105,11.0,33.0,91.55758019649622,102.8,109.9,8.818181818181818,1.0,0.03030303,15.0,0.45454545,6.545455112930221,4.184440013408128
744,Gregory Soto,DET,19677,23.1,86.0,91.76823299632353,106.0,115.1,11.458823529411765,14.0,0.1627907,41.0,0.47674419,8.485711973541267,8.588796016450418
745,Alan Rangel,PHI,19524,11.1,33.0,89.76875305175781,106.7,109.8,16.28125,3.0,0.09090909,12.0,0.36363636,6.352941354665794,5.41325778026849
746,Chandler Shepherd,BAL,16166,12.0,36.0,93.46389431423611,105.0,108.3,19.36111111111111,5.0,0.13888889,17.0,0.47222222,8.25,6.728011448434739
747,Conner Menez,SFG,19199,14.2,38.0,87.73611280653212,104.0,108.2,21.305555555555557,5.0,0.13157895,11.0,0.28947368,6.136362306342925,5.798235273209037
748,Jackson Kowar,KCR,21549,27.1,93.0,92.40215473790323,106.8,116.6,15.129032258064516,11.0,0.11827957,47.0,0.50537634,11.853659088025864,7.378319150580927
749,Kohl Drake,ARI,32070,20.2,67.0,91.39692758413462,105.0,108.3,19.184615384615384,11.0,0.1641791,33.0,0.49253731,6.532258265472482,7.9077089850046915
750,Lewis Thorpe,MIN,15906,27.0,85.0,88.86705824908088,105.2,112.2,10.011764705882353,9.0,0.10588235,38.0,0.44705882,5.99999936421719,6.3686518080544765
751,Louis Varland,2 Tms,27691,116.1,364.0,90.42203935775547,106.2,114.0,12.771349862258953,35.0,0.09615385,157.0,0.43131868,5.183381145481461,5.332437426641789
752,Walker Lockett,2 Tms,13804,36.1,124.0,88.92541103675717,105.4,111.2,8.87704918032787,11.0,0.08870968,45.0,0.36290323,8.422019085492046,6.307822574352412
753,Seth Frankoff,ARI,11346,13.2,46.0,83.83255927507267,105.1,107.5,7.767441860465116,3.0,0.06521739,16.0,0.34782609,9.219512624020117,5.662129816221592
754,Humberto Mejía,2 Tms,20739,32.1,107.0,90.89434008328419,105.6,110.8,17.28301886792453,13.0,0.12149533,40.0,0.37383178,6.680412633853112,7.032970030662785
755,Ken Waldichuk,OAK,27681,137.2,412.0,88.45808919270833,104.9,112.9,16.49264705882353,43.0,0.10436893,160.0,0.38834951,5.230024599534344,5.047823677144093
756,John Lamb,LAA,8493,10.0,35.0,87.77714146205358,106.1,108.6,18.62857142857143,5.0,0.14285714,16.0,0.45714286,7.2,6.250307995214282
757,Erik Swanson,SEA,16587,40.0,134.0,91.62366258461057,105.4,114.3,16.862595419847327,18.0,0.13432836,59.0,0.44029851,6.524999066591397,5.910607074947975
758,Nick Neidert,MIA,18699,36.2,112.0,89.76789170011467,104.8,110.9,17.431192660550458,9.0,0.08035714,44.0,0.39285714,4.909091249576308,6.215064075540994
759,Zach Neal,OAK,11294,10.0,29.0,89.77241042564656,106.5,112.5,12.827586206896552,3.0,0.10344828,12.0,0.4137931,4.5,6.707233536763268
760,Christian Bergman,SEA,10925,54.0,179.0,89.9028417413885,105.4,112.4,15.596590909090908,17.0,0.09497207,70.0,0.39106145,5.333333144953228,7.351511632759072
761,Miguel Yajure,PIT,21111,15.1,50.0,88.76530363121812,105.7,110.1,14.795918367346939,7.0,0.14,18.0,0.36,6.456521872987372,7.398587710847662
762,Colten Brewer,BOS,12997,14.1,50.0,89.63,107.0,110.9,7.22,7.0,0.14,20.0,0.4,6.906973680463533,9.263456388968093
763,Brandon Finnegan,CIN,16208,33.2,104.0,88.24466209041262,105.2,112.7,9.893203883495145,6.0,0.05769231,39.0,0.375,6.1485160126102585,5.312258132211003
764,Jeff Brigham,MIA,16631,16.1,50.0,89.19183474170919,104.0,109.8,26.367346938775512,4.0,0.08,20.0,0.4,6.061225669476581,6.527054542073239
765,Brock Stewart,LAD,16727,21.2,74.0,86.23999720982142,104.6,108.4,13.5,4.0,0.05405405,23.0,0.31081081,5.399999207716838,4.768294543200694
766,Drew Hutchison,2 Tms,10732,117.0,411.0,89.82450519221844,104.8,111.4,14.344059405940595,35.0,0.08515815,160.0,0.3892944,5.230769529223537,5.7642116399653345
767,Glenn Sparkman,KCR,15200,131.1,459.0,90.565721803357,104.8,113.6,13.875545851528384,32.0,0.06971678,189.0,0.41176471,6.098985007774431,5.652690100658357
768,Matt Brash,SEA,25756,20.0,58.0,91.99298416940789,109.6,117.6,5.280701754385965,5.0,0.0862069,27.0,0.46551724,7.65,7.877957047776338
769,Jon Duplantier,ARI,19546,26.0,89.0,90.54712755926724,104.1,110.0,11.264367816091953,12.0,0.13483146,38.0,0.42696629,9.692308047819433,6.356325678180075
770,Hisashi Iwakuma,SEA,13048,31.0,98.0,88.09895833333333,103.4,111.7,12.604166666666666,10.0,0.10204082,40.0,0.40816327,4.354838709677419,6.587891633455279
771,Ethan Pecko,HOU,33515,17.1,55.0,91.24814633969908,104.5,109.5,20.296296296296298,6.0,0.10909091,24.0,0.43636364,5.192308073213143,6.593651300868172
772,Ubaldo Jiménez,BAL,3374,125.0,398.0,89.48473282442748,105.3,113.0,13.017811704834605,32.0,0.08040201,161.0,0.40452261,7.200000439453151,6.181548060144014
773,Stephen Gonsalves,MIN,15492,12.1,52.0,92.04807692307692,108.2,110.4,17.673076923076923,4.0,0.07692308,26.0,0.5,11.6756786850797,12.469519444071258
774,Taylor Widener,ARI,19266,61.0,171.0,89.83952212761976,104.9,111.9,17.5748502994012,17.0,0.0994152,78.0,0.45614035,4.278688792162335,5.487890967774282
775,Reiss Knehr,SDP,21541,21.0,74.0,92.66621357685811,106.2,110.6,19.81081081081081,10.0,0.13513514,37.0,0.5,7.71428641494446,10.085141330549916
776,Wes Benjamin,TEX,19243,10.0,37.0,93.59722222222223,105.5,108.8,15.833333333333334,5.0,0.13513514,20.0,0.54054054,10.80000102996836,10.034478410525526
777,Jake Bloss,HOU,33168,11.2,41.0,86.90999755859374,106.1,113.0,19.25,6.0,0.14634146,12.0,0.29268293,6.942857521212852,5.407130572354644
778,Mike Paredes,MIN,30187,22.0,76.0,91.99866536458333,105.8,108.8,16.293333333333333,7.0,0.09210526,42.0,0.55263158,4.5,6.160992200597378
779,Jarlín García,MIA,18282,34.0,100.0,89.44646661931819,105.4,112.0,13.959183673469388,13.0,0.13,39.0,0.39,3.4411764705882355,6.966655764615458
780,Sam Aldegheri,LAA,26443,48.0,166.0,89.07030362215909,104.7,113.0,20.29090909090909,15.0,0.09036145,61.0,0.36746988,6.000000238418589,6.07215108373999
781,Carson Palmquist,2 Tms,31612,41.1,138.0,88.59015262488163,104.1,110.8,20.46969696969697,18.0,0.13043478,50.0,0.36231884,8.491936332911617,6.298347588170017
782,Andrew Moore,SEA,17553,56.0,198.0,91.18061112384407,105.7,113.7,23.03061224489796,14.0,0.07070707,85.0,0.42929293,5.464284783723562,5.972765907840692
783,Zach Logue,OAK,20231,49.1,160.0,89.2462050039557,105.4,111.1,20.632911392405063,20.0,0.125,65.0,0.40625,6.2027028625772545,5.6954405765752245
784,Victor Mederos,LAA,31533,13.0,43.0,90.47208848110465,103.0,105.3,20.627906976744185,5.0,0.11627907,18.0,0.41860465,8.307692307692308,5.937729458405178
785,Ljay Newsome,SEA,19942,14.2,58.0,89.76490971080044,104.7,110.5,20.56140350877193,7.0,0.12068966,27.0,0.46551724,9.81818607425086,6.8910967510475585
786,Nick Kingham,PIT,11694,86.2,283.0,89.4299642514666,104.8,111.4,14.916967509025271,27.0,0.09540636,114.0,0.40282686,6.126923391550972,5.262958874567767
787,Ronald Bolaños,2 Tms,20041,18.1,58.0,90.88213893345424,102.7,109.2,9.357142857142858,4.0,0.06896552,26.0,0.44827586,7.854542730663393,7.89177804194211
788,Logan Allen,2 Tms,18555,63.2,213.0,91.75523623511904,105.4,118.0,7.566666666666666,19.0,0.08920188,101.0,0.4741784,7.068063744797918,6.836959203089108
789,Lisalverto Bonilla,CIN,11266,20.2,72.0,84.65000591856061,105.3,111.4,8.5,4.0,0.05555556,23.0,0.31944444,7.838712088896256,6.41374122476606
790,Mason Barnett,ATH,31741,38.1,126.0,88.78174603174604,104.2,113.5,16.41269841269841,14.0,0.11111111,48.0,0.38095238,8.452174403690012,4.746411909523876
791,Darren McCaughan,2 Tms,20038,25.1,90.0,90.59186216842296,105.3,109.4,20.569767441860463,9.0,0.1,40.0,0.44444444,7.460526690258563,5.923252762982383
792,Tucker Davidson,3 Tms,19871,72.0,229.0,89.68533637152778,105.1,114.4,10.324444444444444,16.0,0.069869,90.0,0.3930131,5.499999990893735,5.303211021840882
793,Bryan Hoeing,MIA,26304,37.2,133.0,91.45757686730587,107.0,114.4,9.477272727272727,15.0,0.11278195,63.0,0.47368421,7.884956284579136,6.985333565497532
794,Tim Melville,2 Tms,9149,36.2,114.0,90.0376166947391,105.2,111.5,13.55045871559633,12.0,0.10526316,39.0,0.34210526,5.6454540927154335,6.061108510717889
795,Mat Latos,TOR,3815,15.0,51.0,88.88627833946079,105.6,109.1,12.803921568627452,4.0,0.07843137,21.0,0.41176471,6.6,6.794204025262348
796,Troy Scribner,2 Tms,15570,20.1,57.0,88.98214394705636,105.4,107.5,23.714285714285715,7.0,0.12280702,23.0,0.40350877,4.426228072303514,5.174151699122241
797,Luke Farrell,4 Tms,15101,18.0,71.0,90.32428588867188,106.0,115.9,18.4,7.0,0.09859155,31.0,0.43661972,11.499998019801588,7.411436949086322
798,Héctor Santiago,3 Tms,4026,114.0,363.0,90.42520799823836,105.1,114.2,21.355742296918766,42.0,0.11570248,144.0,0.39669421,5.605263345459498,6.585326370400424
799,Gunnar Hoglund,ATH,31318,32.1,105.0,92.41904761904762,108.2,112.5,14.40952380952381,17.0,0.16190476,48.0,0.45714286,6.402062107442565,7.715348297559144
800,Chase De Jong,4 Tms,15036,87.2,288.0,89.90282771781139,105.7,117.9,19.074204946996467,27.0,0.09375,113.0,0.39236111,6.365019196050352,6.150539884090766
801,Burch Smith,2 Tms,12784,22.2,78.0,89.8857156332437,105.9,114.4,12.948051948051948,7.0,0.08974359,36.0,0.46153846,10.323531017958027,5.452305398804651
802,Julian Aguiar,CIN,30031,31.2,104.0,88.8588196997549,106.0,113.4,18.04901960784314,12.0,0.11538462,37.0,0.35576923,6.2526320810926,4.8049030307994425
803,Jordan Holloway,MIA,20631,12.0,37.0,89.76216744087837,107.9,110.8,15.432432432432432,6.0,0.16216216,16.0,0.43243243,10.500000834465093,7.772556465145388
804,Adrián Martinez,OAK,21023,60.0,190.0,89.23946950812089,106.7,117.2,14.1,20.0,0.10526316,72.0,0.37894737,6.150000293254866,5.419976611896853
805,McCade Brown,COL,30004,25.2,81.0,91.7444480613426,104.8,111.6,16.17283950617284,8.0,0.09876543,37.0,0.45679012,7.363637093247956,6.506708669606391
806,Daniel Gossett,OAK,16164,115.2,392.0,88.41458384195964,104.4,114.0,11.486979166666666,32.0,0.08163265,136.0,0.34693878,5.913544311034302,6.4625541662405
807,Jacob Nix,SDP,17775,42.1,152.0,91.15616304580479,106.1,112.6,15.520547945205479,15.0,0.09868421,65.0,0.42763158,7.015749506619867,8.266106006885014
808,David Holmberg,CHW,7725,28.2,96.0,88.56946957236842,106.1,114.2,11.8,11.0,0.11458333,35.0,0.36458333,5.33721048603734,7.224394622496328
809,Shintaro Fujinami,OAK,31839,17.2,65.0,91.84769381009616,104.5,109.2,12.569230769230769,7.0,0.10769231,28.0,0.43076923,14.264152996733035,7.588571036143533
810,JR Ritchie,ATL,31760,44.1,128.0,89.81811331200787,102.9,109.4,12.3984375,12.0,0.09375,54.0,0.421875,6.090225738589229,5.570147678791388
811,Dillon Gee,2 Tms,7396,16.0,56.0,91.04363458806819,104.8,110.8,19.436363636363637,7.0,0.125,23.0,0.41071429,7.875000117346646,7.133071380122332
812,Nate Pearson,2 Tms,20160,19.2,62.0,89.23387441327495,102.4,110.4,18.161290322580644,4.0,0.06451613,24.0,0.38709677,6.864408000178062,5.18696230530424
813,Hunter Gaddis,CLE,25636,38.2,134.0,89.84135264920113,104.2,111.7,23.39097744360902,15.0,0.1119403,55.0,0.41044776,7.681034798500241,5.330865782598081
814,Rookie Davis,2 Tms,14962,25.0,91.0,86.4709323616915,101.4,110.4,14.395348837209303,4.0,0.04395604,20.0,0.21978022,8.64,5.837367090153051
815,Hector Noesí,MIA,3292,18.1,59.0,90.14035087719299,104.6,109.4,18.789473684210527,6.0,0.10169492,23.0,0.38983051,11.290911048700341,6.243586026112409
816,Carson Whisenhunt,SFG,31676,58.0,188.0,91.71021557879705,105.7,117.5,15.258064516129032,18.0,0.09574468,87.0,0.46276596,5.896552111957952,6.2024803942269635
817,Ryan Weber,2 Tms,10160,34.0,129.0,90.06850259135089,105.1,111.3,12.511811023622048,14.0,0.10852713,55.0,0.42635659,6.882352892915271,7.642564143861418
818,Manny Banuelos,CHW,5365,34.2,112.0,89.60648148148148,107.0,111.6,17.5,12.0,0.10714286,45.0,0.40178571,8.048075742270287,7.352660074830928
819,Trey Gibson,BAL,33794,31.0,98.0,91.17732160115979,106.1,111.6,8.587628865979381,9.0,0.09183673,47.0,0.47959184,7.548388025639198,7.258952793522183
820,Steven Wright,BOS,8185,48.0,167.0,89.38909209280303,105.2,113.1,10.363636363636363,16.0,0.09580838,66.0,0.39520958,6.1875,6.442075059253644
821,Didier Fuentes,ATL,30661,16.0,59.0,93.86779681706832,108.5,112.2,17.203389830508474,9.0,0.15254237,33.0,0.55932203,13.500000804662752,7.006115600829139
822,Thomas Eshelman,BAL,18361,54.0,200.0,89.9404050268308,105.5,112.9,19.964646464646464,22.0,0.11,76.0,0.38,7.000000247248906,7.134576461711561
823,Jonathan Heasley,KCR,22224,118.2,390.0,90.48020389821659,105.2,112.5,15.005141388174808,38.0,0.0974359,182.0,0.46666667,5.233146095453466,5.489141756665492
824,Jhony Brito,NYY,25386,52.2,171.0,89.57006104977545,104.6,111.7,15.233532934131736,21.0,0.12280702,69.0,0.40350877,6.322785115436849,6.40928626158262
825,Bruce Zimmermann,2 Tms,20370,134.1,457.0,91.36874743870327,106.3,119.3,14.15625,53.0,0.11597374,199.0,0.43544858,5.96277938209626,6.69675782857947
826,Travis Wood,2 Tms,9884,65.1,230.0,88.6701339790724,103.9,118.2,17.14027149321267,22.0,0.09565217,84.0,0.36521739,7.025510751024421,6.544413453047537
827,Chase Petty,CIN,30170,17.2,67.0,89.53283509211754,107.7,113.1,16.70149253731343,8.0,0.11940299,30.0,0.44776119,11.207548178146306,9.902371241534057
828,T.J. Zeuch,2 Tms,19269,40.0,150.0,90.82684776766989,105.4,114.2,8.369127516778523,17.0,0.11333333,70.0,0.46666667,7.2000006866455735,7.931645228310229
829,Spencer Howard,4 Tms,23252,112.0,373.0,89.21612148597592,104.7,117.9,14.357923497267759,27.0,0.07238606,138.0,0.36997319,7.07142839079001,5.083522778476512
830,Justin Dunn,2 Tms,19268,133.2,376.0,90.7247307890205,105.2,113.5,20.771505376344088,42.0,0.11170213,156.0,0.41489362,4.443890358863324,6.1099324641528
831,Nick Tepesch,2 Tms,11716,15.2,59.0,88.80175245853893,104.4,107.8,14.333333333333334,8.0,0.13559322,26.0,0.44067797,5.1702116775320714,13.018234793956395
832,Joe Palumbo,TEX,17035,10.2,37.0,93.20833333333333,109.2,112.2,17.52777777777778,5.0,0.13513514,16.0,0.43243243,14.343745725230656,10.485334478305164
833,Dylan Dodd,ATL,29928,34.1,136.0,92.58074363425926,108.1,114.8,16.77037037037037,17.0,0.125,63.0,0.46323529,7.601942029117549,8.433216447804169
834,Robert Dugger,3 Tms,19191,53.0,174.0,90.63430005450581,103.9,113.5,17.261627906976745,15.0,0.0862069,76.0,0.43678161,6.792454082968629,6.382609081325527
835,Nick Nastrini,CHW,29833,32.1,103.0,88.26699029126213,105.4,113.0,23.009708737864077,14.0,0.13592233,34.0,0.33009709,7.793814739495296,6.534875951789309
836,J.C. Mejía,CLE,20617,42.1,141.0,90.59496543390287,105.5,116.4,8.136690647482014,12.0,0.08510638,64.0,0.45390071,9.779527852802662,6.774284709899899
837,Drew Rucinski,OAK,12499,18.0,74.0,88.58629869434931,101.6,109.3,13.095890410958905,7.0,0.09459459,32.0,0.43243243,9.000000953674418,7.464909410208467
838,Lyon Richardson,CIN,24581,17.2,56.0,88.23749814714704,104.8,109.5,11.571428571428571,10.0,0.17857143,24.0,0.42857143,10.188680711952168,8.412645137821224
839,Cory Abbott,2 Tms,20277,44.0,132.0,90.07022770306536,104.2,111.4,21.900763358778626,17.0,0.12878788,58.0,0.43939394,5.7272727272727275,5.639730806826412
840,Matt Swarmer,CHC,19705,24.2,73.0,91.28356431934931,106.0,119.8,20.123287671232877,10.0,0.1369863,34.0,0.46575342,5.837837988308004,5.085854589482376
841,Bronson Arroyo,CIN,978,71.0,256.0,88.55918367346939,104.6,110.0,19.808163265306124,26.0,0.1015625,79.0,0.30859375,7.352112676056338,6.089353143179929
842,Connor Seabold,2 Tms,19695,80.1,283.0,89.60499965122767,104.6,112.5,18.46785714285714,32.0,0.1130742,116.0,0.40989399,8.40249015855529,5.772309170956623
843,David Hess,2 Tms,16130,169.0,561.0,89.85874155405405,104.0,115.4,18.38738738738739,61.0,0.1087344,226.0,0.40285205,6.124260078553868,5.761268953202792
844,Caden Dana,LAA,31508,36.2,107.0,89.34190383184524,104.5,109.4,11.59047619047619,14.0,0.13084112,43.0,0.40186916,7.118182126746703,5.46270590241804
845,Tom Koehler,2 Tms,6570,60.2,193.0,89.08877188126671,104.2,110.8,13.491978609625669,13.0,0.06735751,69.0,0.35751295,7.417581795696066,5.950529219542073
846,Wil Crowe,2 Tms,19800,126.1,382.0,88.96322631835938,105.2,112.6,14.43915343915344,40.0,0.10471204,144.0,0.37696335,5.841689154132831,5.715313885404397
847,Chris Smith,OAK,4544,46.2,162.0,88.57374877929688,105.3,113.2,16.64375,22.0,0.13580247,60.0,0.37037037,6.942858088746491,7.785319496319471
848,Ryan Carpenter,DET,12699,62.1,241.0,89.90711419652196,105.4,112.3,13.384937238493723,25.0,0.10373444,107.0,0.4439834,8.663101781000591,7.256580588924961
849,Ryan Castellani,COL,16377,44.2,137.0,91.46496492928833,105.0,111.3,18.175182481751825,12.0,0.08759124,64.0,0.46715328,6.044775302013492,8.604357567429672
850,Kohei Arihara,TEX,27505,58.2,207.0,91.22885815065298,106.1,114.1,10.297029702970297,26.0,0.12560386,99.0,0.47826087,7.67045487795981,7.715815048054946
851,Ross Detwiler,2 Tms,2859,64.2,219.0,91.10837572674419,106.3,113.7,13.78139534883721,25.0,0.11415525,94.0,0.42922374,6.958762955014366,6.956900301453921
852,Mike Pelfrey,CHW,5203,100.1,331.0,88.30303713905775,105.3,114.7,8.534954407294833,26.0,0.07854985,125.0,0.3776435,6.009965711073765,6.001940747073465
853,Bradley Blalock,COL,26419,85.1,314.0,91.11739163095736,105.8,113.7,14.303333333333333,34.0,0.10828025,139.0,0.44267516,8.332031746627793,7.066576343776133
854,Matt Koch,2 Tms,13420,78.0,260.0,90.74708325575298,106.7,116.3,11.233463035019454,34.0,0.13076923,111.0,0.42692308,4.615385066828123,8.358435337823396
855,Elvin Rodríguez,2 Tms,20962,32.1,114.0,92.61081125070383,106.3,113.7,20.315315315315317,19.0,0.16666667,61.0,0.53508772,10.020618950779667,7.41296328458684
856,Jered Weaver,SDP,4235,42.1,152.0,87.38918654983108,103.1,110.9,12.932432432432432,18.0,0.11842105,48.0,0.31578947,7.440944434882671,6.889541454620943
857,Amir Garrett,CIN,14375,67.1,207.0,90.42266394704434,105.7,114.7,12.852216748768473,16.0,0.07729469,86.0,0.41545894,7.4851473840169795,5.930711162856445
858,Adam Oller,2 Tms,20132,110.2,363.0,90.6147226969401,104.9,115.1,19.091666666666665,37.0,0.10192837,153.0,0.4214876,6.5873494922015965,5.676882751431607
859,Chris Tillman,BAL,5279,112.0,408.0,90.50971817055627,105.0,121.1,12.143222506393862,37.0,0.09068627,176.0,0.43137255,8.67857349770459,8.197042886284532
860,Corbin Martin,2 Tms,19884,36.2,118.0,92.14655172413794,106.5,115.9,14.267241379310345,16.0,0.13559322,61.0,0.51694915,7.363637065887518,8.886813621613786
861,Roddery Muñoz,MIA,25311,78.2,248.0,90.82338394657258,105.4,113.3,15.616935483870968,35.0,0.14112903,113.0,0.45564516,6.635593434854069,6.863297614806584
