rank,Name,Team,playerid,BABIP,GB/FB,LD%,GB%,FB%,IFFB%,HR/FB,RS,RS/9,Balls,Strikes,Pitches,Pull%,Cent%,Oppo%,Soft%,Med%,Hard%
1,Zack Wheeler,2 Tms,10310,0.28564500484966054,1.308011049,0.210675484,0.447331128,0.341993386,0.118093922,0.11256906,872.0,4.88971960292486,8765.0,16816.0,25581.0,0.38693116,0.3470245,0.26604434,0.21003501,0.51131855,0.27864644
2,Jacob deGrom,2 Tms,10954,0.27615658362989326,1.133456904,0.206206896,0.421724137,0.372068965,0.120481927,0.118628359,636.0,4.680294423828764,6182.0,12772.0,18954.0,0.38202247,0.34082397,0.27715356,0.19509704,0.49029622,0.31460674
3,Chris Sale,2 Tms,10603,0.30461777260380285,1.131048387,0.205263157,0.421804511,0.37293233,0.096774193,0.110887096,662.0,5.2679046070071065,5969.0,12288.0,18257.0,0.39784146,0.34015631,0.26200223,0.18310383,0.52549311,0.29140305
4,Gerrit Cole,3 Tms,13125,0.27914197008185154,0.997998665,0.193157327,0.403017241,0.403825431,0.104069379,0.135423615,935.0,5.6037735943958715,8133.0,16006.0,24139.0,0.37733832,0.35408872,0.26857296,0.17797969,0.49893105,0.32308926
5,Max Scherzer,5 Tms,3137,0.27514231499051234,0.717965228,0.191270081,0.337981206,0.470748711,0.121699935,0.11461687,788.0,5.248150098791958,7028.0,14540.0,21568.0,0.40940401,0.32255166,0.26804432,0.19616652,0.49326146,0.31057203
6,Aaron Nola,PHI,16149,0.29165714285714284,1.30075662,0.199780701,0.45241228,0.347807017,0.092686002,0.146910466,957.0,5.059526246409968,9140.0,18029.0,27169.0,0.4462774,0.33405687,0.21966573,0.17643229,0.50412326,0.31944444
7,Kevin Gausman,6 Tms,14107,0.30726897500573264,1.074985354,0.213063763,0.40768718,0.379249055,0.089045108,0.114821323,848.0,4.7393914453151265,8901.0,17547.0,26448.0,0.37376401,0.34981323,0.27642276,0.16260163,0.48758515,0.34981323
8,Sonny Gray,6 Tms,12768,0.29033098775084704,1.485623003,0.210152284,0.472081218,0.317766497,0.088658146,0.122204472,800.0,4.925883767261765,8443.0,14644.0,23087.0,0.43538269,0.33851945,0.22609787,0.16461731,0.51016311,0.32521957
9,Justin Verlander,4 Tms,8700,0.2659813684548667,0.732441471,0.202094886,0.337338262,0.460566851,0.141137123,0.105016722,668.0,4.8575276194337444,6619.0,13431.0,20050.0,0.40256959,0.34750688,0.24992352,0.18201285,0.49005812,0.32792903
10,Max Fried,2 Tms,13743,0.28991463800189693,1.966666666,0.193689472,0.534520462,0.271790065,0.075862068,0.103448275,775.0,5.975157235355696,6599.0,11746.0,18345.0,0.40141495,0.35219932,0.24638573,0.18917256,0.52999077,0.28083667
11,Logan Webb,SFG,17995,0.3116279069767442,2.380315917,0.202636858,0.561478933,0.235884207,0.070473876,0.105710814,660.0,4.883529769910746,6491.0,12455.0,18946.0,0.40767045,0.36960227,0.22272727,0.15922661,0.54364515,0.29712823
12,Luis Castillo,3 Tms,15689,0.2853579446245947,1.334026334,0.188433734,0.463855421,0.347710843,0.104643104,0.137214137,772.0,4.5550698883001886,8964.0,16421.0,25385.0,0.40166468,0.3491082,0.24922711,0.16956005,0.49583829,0.33460166
13,Blake Snell,4 Tms,13543,0.2822014051522248,1.164070612,0.207604562,0.426235741,0.366159695,0.094496365,0.110072689,548.0,4.436581795415796,7478.0,11884.0,19362.0,0.38072018,0.33645911,0.28282071,0.17104276,0.50412603,0.32483121
14,Dylan Cease,3 Tms,18525,0.2921506511791623,0.941715237,0.2086868,0.383780115,0.407533084,0.111573688,0.109908409,659.0,5.007880750255216,7961.0,12958.0,20919.0,0.41793057,0.34243343,0.239636,0.17492417,0.51162791,0.31344793
15,Clayton Kershaw,LAD,2036,0.2709950599858857,1.467230443,0.197110423,0.47746818,0.325421396,0.115221987,0.137420718,743.0,6.116158661066354,5398.0,10967.0,16365.0,0.48123098,0.31619885,0.20257017,0.18667568,0.47717281,0.3361515
16,Tarik Skubal,2 Tms,22267,0.28112449799196787,1.152954808,0.196714223,0.430177258,0.373108517,0.101969872,0.117033603,505.0,4.969023461773471,4528.0,9607.0,14135.0,0.38428693,0.35909479,0.25661827,0.16951324,0.53330487,0.2971819
17,Charlie Morton,5 Tms,4676,0.30076067875950846,1.420315236,0.217440543,0.459229898,0.323329558,0.08844133,0.133099824,846.0,5.605398758575958,8209.0,14469.0,22678.0,0.41065919,0.3430575,0.24628331,0.16797532,0.51738643,0.31463825
18,Shane Bieber,2 Tms,19427,0.2997920997920998,1.415441176,0.212544946,0.461446264,0.326008789,0.085784313,0.134803921,488.0,4.710761536635728,4954.0,9454.0,14408.0,0.40549144,0.34858735,0.24592121,0.13649025,0.49661759,0.36689216
19,Framber Valdez,2 Tms,17295,0.28593272171253825,2.966423357,0.18432903,0.610027018,0.20564395,0.062773722,0.145985401,681.0,5.104664207962893,6735.0,11608.0,18343.0,0.43573761,0.34579994,0.21846245,0.13891362,0.51944197,0.3416444
20,Sandy Alcantara,MIA,18684,0.2737799834574028,1.48275862,0.187315237,0.485353399,0.327331362,0.098522167,0.110837438,552.0,3.8873240364880397,6497.0,13043.0,19540.0,0.40930851,0.35585106,0.23484043,0.17632979,0.50824468,0.31542553
21,José Berríos,2 Tms,14168,0.28695442488545936,1.100369458,0.207481412,0.415195167,0.37732342,0.094211822,0.12684729,903.0,5.382119286878765,8287.0,15538.0,23825.0,0.4045977,0.34206897,0.25333333,0.16689655,0.50436782,0.32873563
22,Corbin Burnes,3 Tms,19361,0.27062556663644605,1.406044678,0.198687089,0.468271334,0.333041575,0.098554533,0.128777923,518.0,5.20119019579816,5143.0,9158.0,14301.0,0.44184028,0.35199653,0.20616319,0.18706597,0.51258681,0.30034722
23,Patrick Corbin,4 Tms,9323,0.320704845814978,1.419973544,0.219995736,0.457684928,0.322319334,0.073412698,0.150132275,780.0,4.508670652787774,9404.0,16119.0,25523.0,0.39244491,0.36789087,0.23966422,0.14585519,0.5003148,0.35383001
24,Yu Darvish,4 Tms,13074,0.27584985835694054,1.023295944,0.206161137,0.401489505,0.392349356,0.081967213,0.143226919,573.0,4.554312848705612,6202.0,11976.0,18178.0,0.43258615,0.33456005,0.2328538,0.17363667,0.51656072,0.30980261
25,Carlos Rodón,3 Tms,16137,0.2655475009538344,0.860971524,0.184287812,0.377386196,0.438325991,0.097989949,0.110552763,607.0,5.153773668368291,6590.0,11441.0,18031.0,0.39759913,0.35067297,0.2517279,0.15642052,0.52309931,0.32048017
26,Eduardo Rodriguez,3 Tms,13164,0.30613409415121257,1.072104879,0.21103716,0.408208541,0.380754298,0.100509832,0.11361981,766.0,5.4830328793520975,7748.0,13573.0,21321.0,0.37978142,0.35737705,0.26284153,0.17814208,0.52185792,0.3
27,Lance Lynn,6 Tms,2520,0.28781834918686716,1.06076923,0.210433244,0.406424992,0.383141762,0.114615384,0.132307692,681.0,5.075075914634214,7698.0,13075.0,20773.0,0.38798133,0.34364061,0.26837806,0.17823804,0.49679113,0.32497083
28,Nathan Eovaldi,3 Tms,9132,0.28814713896457766,1.402332361,0.191099476,0.472185863,0.336714659,0.09329446,0.140913508,647.0,5.3750770997292845,5601.0,11402.0,17003.0,0.41344592,0.34784021,0.23871387,0.14647613,0.51412796,0.33939591
29,Zack Greinke,3 Tms,1943,0.28380478706869755,1.305580159,0.218083508,0.442775608,0.339140883,0.082373782,0.12931798,597.0,4.787347678869724,6206.0,11192.0,17398.0,0.39904847,0.3559322,0.24501933,0.16592328,0.49330955,0.34076717
30,Michael Wacha,6 Tms,14078,0.2842926304464766,1.042234332,0.2174367,0.399373531,0.383189767,0.11852861,0.113760217,704.0,4.862624712202609,7324.0,13484.0,20808.0,0.43780582,0.32655164,0.23564254,0.16842647,0.51017255,0.32140098
31,Cristopher Sánchez,PHI,20778,0.30836776859504134,2.3802521,0.184903748,0.573961499,0.241134751,0.056722689,0.12815126,385.0,4.931214533007362,3460.0,7053.0,10513.0,0.4245614,0.36140351,0.21403509,0.15789474,0.51629073,0.32581454
32,Jesús Luzardo,3 Tms,19959,0.3036133270764899,1.136752136,0.204183719,0.423374261,0.372442019,0.087912087,0.115995115,426.0,4.549841981553096,5030.0,8892.0,13922.0,0.41689128,0.33647799,0.24663073,0.15902965,0.51617251,0.32479784
33,Brandon Woodruff,MIL,16162,0.26939655172413796,1.04691689,0.204273058,0.406982803,0.388744137,0.095174262,0.116621983,382.0,4.501964256494369,4032.0,8206.0,12238.0,0.3556701,0.35876289,0.28556701,0.19484536,0.50206186,0.30309278
34,Pablo López,2 Tms,17085,0.2974438419829589,1.348451327,0.205761316,0.4560419,0.338196782,0.098451327,0.127212389,531.0,4.952331664948122,5293.0,10208.0,15501.0,0.43244246,0.33407572,0.23348181,0.17260579,0.52449889,0.30289532
35,Ranger Suarez,2 Tms,17277,0.30521739130434783,1.63649222,0.202054794,0.495291095,0.302654109,0.097595473,0.0990099,408.0,4.5092101848692625,4713.0,8257.0,12970.0,0.41536513,0.35162516,0.23300971,0.17264669,0.53609118,0.29126214
36,Luis Severino,3 Tms,15890,0.28977910894795955,1.255885363,0.202316322,0.444082519,0.353601158,0.100307062,0.12691914,605.0,5.481543694330301,5654.0,10737.0,16391.0,0.38445002,0.36044429,0.2551057,0.18559656,0.48835543,0.32604801
37,Freddy Peralta,3 Tms,18679,0.2652648604933279,0.848806366,0.187013996,0.373250388,0.439735614,0.128205128,0.116710875,560.0,4.96063007026222,6724.0,10916.0,17640.0,0.39147138,0.33499808,0.27353054,0.17556665,0.50595467,0.31847868
38,Kyle Hendricks,2 Tms,12049,0.2869768650896803,1.259447674,0.214105156,0.438068756,0.347826086,0.114098837,0.125,670.0,4.709711031466933,6750.0,13215.0,19965.0,0.3995519,0.3592233,0.24122479,0.20786657,0.49838188,0.29375156
39,Chris Bassitt,4 Tms,12304,0.2941349837901562,1.212073073,0.205194063,0.435502283,0.359303652,0.100873709,0.112787926,714.0,5.312207197283591,6989.0,12729.0,19718.0,0.3820034,0.35059423,0.26740238,0.17883418,0.5155631,0.30560272
40,Logan Gilbert,SEA,22250,0.2716236722306525,0.959001782,0.198102882,0.39255746,0.409339657,0.092691622,0.124777183,512.0,4.511749504538785,5606.0,10639.0,16245.0,0.42975504,0.33573487,0.23451009,0.13508646,0.52737752,0.33753602
41,Marcus Stroman,4 Tms,13431,0.29936689779921616,2.168028004,0.198642266,0.548406139,0.252951593,0.063010501,0.13302217,602.0,4.796105088924612,6806.0,11486.0,18292.0,0.40303295,0.35724701,0.23972003,0.17293672,0.50131234,0.32575095
42,Zac Gallen,2 Tms,19291,0.2831407205982325,1.220802919,0.203273322,0.43797054,0.358756137,0.066605839,0.124087591,609.0,4.94377635323875,6619.0,11528.0,18147.0,0.42638934,0.33669158,0.23691908,0.1319467,0.50081248,0.36724082
43,Corey Kluber,5 Tms,2429,0.29309462915601026,1.102803738,0.219137332,0.409519087,0.371343579,0.120160213,0.1188251,434.0,5.271255115002004,3750.0,7567.0,11317.0,0.40528634,0.34165443,0.25305923,0.18502203,0.50220264,0.31277533
44,Tyler Glasnow,3 Tms,14374,0.26954976303317535,1.271585557,0.182947487,0.457368718,0.359683794,0.083202511,0.147566718,417.0,5.046615923412608,4312.0,7543.0,11855.0,0.39572794,0.3608769,0.24339517,0.16076447,0.49634626,0.34288926
45,Jack Flaherty,4 Tms,17479,0.28694998119593834,1.044890162,0.228468468,0.394234234,0.377297297,0.099331423,0.139446036,606.0,5.097196288940553,6861.0,11606.0,18467.0,0.42796006,0.33202568,0.24001427,0.16690442,0.49179743,0.34129815
46,Joe Musgrove,3 Tms,12970,0.29579637485537985,1.263607257,0.209761549,0.441132637,0.349105812,0.092849519,0.130202774,482.0,4.539239689736337,4997.0,10110.0,15107.0,0.43030973,0.34144543,0.22824484,0.18067847,0.50331858,0.31600295
47,Germán Márquez,2 Tms,15038,0.3052978150254415,1.453887884,0.2169648,0.463935372,0.319099826,0.070524412,0.158227848,706.0,5.432316804912424,6472.0,12005.0,18477.0,0.39338655,0.35290764,0.25370582,0.14196123,0.48517674,0.37286203
48,Shohei Ohtani,2 Tms,19755,0.2704802259887006,1.224105461,0.193856655,0.443686006,0.362457337,0.114877589,0.11299435,312.0,4.570808543989953,3494.0,6280.0,9774.0,0.40909091,0.33514247,0.25576662,0.18113976,0.50949796,0.30936228
49,Jon Gray,2 Tms,14916,0.30594594594594593,1.366982124,0.216225626,0.452646239,0.331128133,0.093585699,0.139852786,598.0,5.378414260551825,5694.0,10482.0,16176.0,0.37667699,0.36050912,0.2628139,0.1630547,0.48847609,0.34846921
50,Jose Quintana,8 Tms,11423,0.2934131736526946,1.268067226,0.211510371,0.440841367,0.347648261,0.083193277,0.11512605,667.0,5.182446202458985,7466.0,11912.0,19378.0,0.38935252,0.35856115,0.25208633,0.16834532,0.50043165,0.33122302
51,Walker Buehler,4 Tms,19374,0.2768642447418738,1.308431163,0.200665188,0.453067257,0.346267553,0.085378868,0.132337246,576.0,5.306039018879831,5489.0,10326.0,15815.0,0.38815789,0.36549708,0.24634503,0.16703216,0.49634503,0.33662281
52,George Kirby,SEA,25436,0.31112072695802684,1.16367713,0.191114836,0.43503772,0.373847443,0.104260089,0.105381165,429.0,4.752975088263676,4062.0,8674.0,12736.0,0.35856905,0.36148087,0.27995008,0.16181364,0.51455907,0.32362729
53,Kyle Freeland,COL,16256,0.31345353675450766,1.266453674,0.205599104,0.443896976,0.350503919,0.093290734,0.133546325,674.0,4.366123072460506,7847.0,14355.0,22202.0,0.42690187,0.36383682,0.2092613,0.16030871,0.47188534,0.36780595
54,Lucas Giolito,5 Tms,15474,0.27675891963988,0.934057408,0.210576314,0.381253958,0.408169727,0.115593483,0.138867339,658.0,5.113989788924789,7063.0,12372.0,19435.0,0.41480315,0.33102362,0.25417323,0.1719685,0.50582677,0.32220472
55,Trevor Bauer,3 Tms,12703,0.2879640044994376,1.051893408,0.208761492,0.405624661,0.385613845,0.116409537,0.134642356,398.0,4.836183585151078,4688.0,7892.0,12580.0,0.41857982,0.34543513,0.23598505,0.16550988,0.47624132,0.3582488
56,Jameson Taillon,4 Tms,11674,0.2818965517241379,1.016151685,0.206467661,0.39994472,0.393587617,0.103230337,0.129213483,671.0,4.970370495212897,6657.0,12743.0,19400.0,0.4262698,0.33752048,0.23620972,0.17504096,0.50955762,0.31540142
57,Nick Pivetta,3 Tms,15454,0.2933511526896091,0.928244274,0.196053469,0.38701464,0.41693189,0.099236641,0.140458015,618.0,4.829522409929765,6895.0,12743.0,19638.0,0.40283465,0.34551181,0.25165354,0.15496063,0.50204724,0.34299213
58,Zach Eflin,3 Tms,13774,0.3026675786593707,1.231053604,0.199867417,0.441498176,0.358634405,0.093345656,0.138632162,607.0,5.473947780713432,5082.0,10274.0,15356.0,0.42550423,0.34124919,0.23324658,0.17761874,0.50195185,0.32042941
59,Matthew Boyd,3 Tms,15440,0.2899757197363857,0.839230769,0.200868983,0.364639037,0.434491978,0.12076923,0.12076923,592.0,5.096938893310682,6003.0,11211.0,17214.0,0.41265656,0.33355307,0.25379038,0.18358603,0.47659855,0.33981543
60,Carlos Carrasco,4 Tms,6632,0.3187403993855607,1.322791712,0.217774513,0.445464561,0.336760925,0.087241003,0.151581243,559.0,5.2424454636885685,5319.0,10016.0,15335.0,0.42596645,0.35010941,0.22392414,0.15900802,0.49890591,0.34208607
61,Paul Skenes,PIT,33677,0.2824620573355818,1.202672605,0.18600823,0.444444444,0.369547325,0.129175946,0.091314031,264.0,4.8000001479640195,2792.0,5222.0,8014.0,0.42414356,0.34257749,0.23327896,0.18352365,0.5228385,0.29363785
62,Jordan Montgomery,4 Tms,16511,0.29914529914529914,1.227424749,0.210276679,0.435177865,0.354545454,0.089186176,0.113712374,467.0,4.904317397146142,4847.0,8853.0,13700.0,0.40829097,0.34845522,0.24325381,0.1685569,0.52874462,0.30269847
63,Kyle Gibson,5 Tms,10123,0.30491715660074825,1.680494263,0.216460268,0.49122807,0.292311661,0.089143865,0.15357458,784.0,5.444444460469836,8199.0,13036.0,21235.0,0.44469987,0.35862069,0.19667944,0.15376756,0.50319285,0.34303959
64,Merrill Kelly,2 Tms,11156,0.2794746487477092,1.174616006,0.206489675,0.428613569,0.364896755,0.099434114,0.127728375,604.0,4.64483058307782,6436.0,11905.0,18341.0,0.45536756,0.331972,0.21266044,0.1411902,0.49883314,0.35997666
65,Miles Mikolas,2 Tms,9803,0.28903743315508024,1.265973254,0.2114788,0.440537745,0.347983453,0.095839524,0.12704309,602.0,4.473988467492835,6213.0,12776.0,18989.0,0.4026107,0.34834912,0.24904018,0.16483235,0.49244945,0.3427182
66,Robbie Ray,5 Tms,11486,0.27848101265822783,0.854826823,0.202724105,0.36743744,0.429838454,0.09064112,0.146647015,766.0,5.444064343592648,8102.0,13660.0,21762.0,0.40137543,0.33197874,0.26664583,0.1491091,0.48827759,0.36261332
67,Sean Manaea,4 Tms,15873,0.2855766141985223,1.074193548,0.20173805,0.413407821,0.384854127,0.089516129,0.130645161,633.0,5.074524926248682,6092.0,12099.0,18191.0,0.39932783,0.35869233,0.24197984,0.14573786,0.50412466,0.35013749
68,Trevor Rogers,2 Tms,22286,0.3004694835680751,1.13568521,0.19775739,0.426605504,0.375637104,0.096336499,0.09090909,335.0,4.371677299919047,3960.0,7607.0,11567.0,0.40746344,0.3530005,0.23953606,0.16389309,0.49571357,0.34039334
69,Tyler Mahle,5 Tms,16358,0.2923336141533277,1.072110286,0.205044751,0.411310008,0.38364524,0.09862142,0.130434782,444.0,4.537471782754016,5481.0,9693.0,15174.0,0.3838141,0.35657051,0.25961538,0.15785256,0.51201923,0.33012821
70,Mike Clevinger,3 Tms,12808,0.2774869109947644,0.882069795,0.209302325,0.370576339,0.420121334,0.110709987,0.10589651,446.0,5.414568243163523,4470.0,7780.0,12250.0,0.41453634,0.3197995,0.26566416,0.18546366,0.49473684,0.3197995
71,Stephen Strasburg,WSN,10131,0.28390461997019373,1.452914798,0.207820419,0.469225199,0.32295438,0.091928251,0.1367713,323.0,5.327427874752177,3065.0,5752.0,8817.0,0.37134711,0.37277263,0.25588026,0.20171062,0.49964362,0.29864576
72,Joe Ryan,MIN,21390,0.27626262626262627,0.684365781,0.176838058,0.334454589,0.488707352,0.123893805,0.118977384,411.0,4.736235630090855,4161.0,8587.0,12748.0,0.41694431,0.3303189,0.25273679,0.17087101,0.50928129,0.31984769
73,James Paxton,4 Tms,11828,0.29876252209781967,1.015759312,0.201022146,0.402612152,0.396365701,0.116045845,0.127507163,439.0,5.941353332335795,3960.0,7356.0,11316.0,0.3705157,0.33688341,0.2926009,0.1603139,0.492713,0.34697309
74,Brady Singer,2 Tms,25377,0.30998613037447986,1.420618556,0.214190093,0.461178045,0.32463186,0.077319587,0.136082474,537.0,4.80258380688019,6200.0,10667.0,16867.0,0.39423077,0.3693634,0.23640584,0.13196286,0.53249337,0.33554377
75,Drew Rasmussen,TBR,25385,0.25298804780876494,1.38095238,0.187256176,0.471391417,0.341352405,0.093333333,0.093333333,332.0,5.319881329725503,2841.0,5702.0,8543.0,0.40888603,0.34578236,0.24533162,0.13393432,0.54861558,0.3174501
76,Mitch Keller,PIT,17594,0.3172099544339292,1.224730127,0.230743128,0.423481506,0.345775364,0.077526987,0.115799803,469.0,4.273709130907058,5820.0,10637.0,16457.0,0.36623989,0.35747978,0.27628032,0.15195418,0.518531,0.32951482
77,Yoshinobu Yamamoto,LAD,33825,0.24521422060164083,1.514824797,0.170666666,0.499555555,0.329777777,0.118598382,0.110512129,234.0,4.693907981609735,2426.0,4576.0,7002.0,0.42794376,0.33128295,0.24077329,0.17047452,0.51230228,0.3172232
78,Seth Lugo,3 Tms,12447,0.30174245643858905,1.154189944,0.208213552,0.424229979,0.367556468,0.086033519,0.120670391,432.0,4.751120225684206,4699.0,8496.0,13195.0,0.41040228,0.37180008,0.21779764,0.14343763,0.5099553,0.34660707
79,Hyun Jin Ryu,2 Tms,14444,0.2896586345381526,1.52681388,0.216625916,0.473349633,0.310024449,0.082018927,0.14511041,436.0,5.584439944742629,3838.0,7229.0,11067.0,0.43090211,0.33301344,0.23608445,0.1693858,0.50335893,0.32725528
80,Alex Cobb,5 Tms,6562,0.3056822895064289,2.062015503,0.204270749,0.535858178,0.259871071,0.063565891,0.150387596,415.0,4.628252875615284,4728.0,8342.0,13070.0,0.43677702,0.34423614,0.21898684,0.1655365,0.49501396,0.33944954
81,Hunter Brown,HOU,25880,0.2945337620578778,1.659274193,0.184796044,0.508652657,0.306551297,0.108870967,0.143145161,322.0,4.656668604295927,3948.0,6544.0,10492.0,0.36777368,0.3696187,0.26260763,0.17527675,0.53198032,0.29274293
82,Julio Urías,LAD,14765,0.26377187297472454,0.886297376,0.183080808,0.383838383,0.433080808,0.110787172,0.109329446,409.0,6.339265344278182,2851.0,6131.0,8982.0,0.40408416,0.34467822,0.25123762,0.2029703,0.49814356,0.29888614
83,Martín Pérez,7 Tms,6902,0.3047722342733189,1.411716842,0.216494845,0.458630716,0.324874438,0.082994304,0.126118795,709.0,5.302770155947373,7255.0,12225.0,19480.0,0.42816242,0.34825612,0.22358147,0.15512754,0.52108277,0.32378969
84,Frankie Montas,5 Tms,14309,0.3012948207171315,1.251040221,0.216698841,0.435328185,0.347972972,0.108183079,0.127600554,405.0,5.004576720199824,4226.0,7738.0,11964.0,0.41269084,0.35114504,0.23616412,0.16221374,0.50667939,0.33110687
85,Noah Syndergaard,5 Tms,11762,0.3073005093378608,1.370431893,0.213340683,0.45479603,0.331863285,0.101328903,0.116279069,338.0,5.022564798841251,3124.0,6275.0,9399.0,0.41698421,0.35111595,0.23189984,0.20032662,0.51497006,0.28470332
86,Tyler Anderson,6 Tms,12880,0.2794478527607362,0.821428571,0.214920071,0.354055654,0.431024274,0.111950549,0.116071428,600.0,4.834377822437361,6182.0,11892.0,18074.0,0.42782152,0.34033246,0.23184602,0.18606008,0.52522601,0.28871391
87,Adam Wainwright,STL,2233,0.3028169014084507,1.444697833,0.228221742,0.456083513,0.315694744,0.079817559,0.122006841,521.0,5.221603696562387,5340.0,9315.0,14655.0,0.43244207,0.34224599,0.22531194,0.15579323,0.51586453,0.32834225
88,Kenta Maeda,3 Tms,18498,0.28533190578158457,0.980392156,0.221079691,0.385604113,0.393316195,0.116339869,0.14117647,443.0,5.573625151335577,4074.0,7613.0,11687.0,0.41742655,0.34245187,0.24012158,0.19098278,0.49746707,0.31155015
89,MacKenzie Gore,3 Tms,22201,0.31655061596143547,0.981554677,0.222739018,0.385012919,0.392248062,0.072463768,0.114624505,335.0,4.30304487549775,4559.0,7845.0,12404.0,0.37890425,0.35688684,0.26420891,0.14644137,0.51356887,0.33998976
90,Yusei Kikuchi,4 Tms,20633,0.30755711775043937,1.195009242,0.204887847,0.432875795,0.362236357,0.087800369,0.155268022,514.0,4.4595116883859625,6350.0,11288.0,17638.0,0.41885164,0.32758048,0.25356787,0.14371059,0.48722204,0.36906737
91,Bryan Woo,SEA,30279,0.2584717607973422,0.956856702,0.188498402,0.396805111,0.414696485,0.121725731,0.109399075,345.0,5.460140850880997,2738.0,5812.0,8550.0,0.35913706,0.36294416,0.27791878,0.17005076,0.52411168,0.30583756
92,Hunter Greene,CIN,22182,0.27723577235772356,0.676375404,0.197521301,0.323780015,0.478698683,0.121359223,0.1197411,245.0,4.213375883196436,3180.0,5880.0,9060.0,0.37960123,0.35122699,0.26917178,0.16104294,0.52530675,0.31365031
93,Spencer Strider,ATL,27498,0.30718336483931946,0.851380042,0.215827338,0.36061151,0.423561151,0.10403397,0.127388535,299.0,5.758202818439949,2792.0,5160.0,7952.0,0.36493739,0.33989267,0.29516995,0.15384615,0.50089445,0.34525939
94,Garrett Crochet,2 Tms,27463,0.3054626532887402,1.314984709,0.189507494,0.460385438,0.350107066,0.103975535,0.143730886,184.0,4.342657400580151,1999.0,4065.0,6064.0,0.40933192,0.35100742,0.23966066,0.17815483,0.49628844,0.32555673
95,Shane McClanahan,TBR,21483,0.27518796992481204,1.372549019,0.202197802,0.461538461,0.336263736,0.076252723,0.126361655,302.0,5.200255203252037,2709.0,5360.0,8069.0,0.43073593,0.32467532,0.24458874,0.13059163,0.53751804,0.33189033
96,Andrew Heaney,5 Tms,15423,0.2927875243664717,0.879786286,0.218726868,0.36565507,0.41561806,0.090828138,0.153161175,523.0,4.904828214775963,5706.0,10512.0,16218.0,0.40168129,0.33442982,0.26388889,0.15679825,0.48245614,0.36074561
97,Justin Steele,CHC,17312,0.29793510324483774,1.512585812,0.204347826,0.478985507,0.316666666,0.084668192,0.112128146,302.0,5.50945966536848,2626.0,5179.0,7805.0,0.40527066,0.34259259,0.25213675,0.16951567,0.55413105,0.27635328
98,David Peterson,2 Tms,20302,0.31698685540950455,1.924074074,0.218316831,0.514356435,0.267326732,0.062962962,0.129629629,401.0,5.066448409569756,4466.0,7460.0,11926.0,0.4049829,0.35906204,0.23595506,0.1333659,0.53199805,0.33463605
99,Marco Gonzales,3 Tms,15467,0.2917131178000743,1.056127221,0.213314244,0.404080171,0.382605583,0.122544434,0.116931711,502.0,5.120514008270568,4682.0,9271.0,13953.0,0.4350142,0.33771307,0.22727273,0.18039773,0.50071023,0.31889205
100,Lance McCullers Jr.,HOU,14120,0.294194390084801,2.042352941,0.180608365,0.550063371,0.269328263,0.070588235,0.138823529,350.0,5.247085163967122,3969.0,6311.0,10280.0,0.44563168,0.33123821,0.22313011,0.16844752,0.51225644,0.31929604
101,Trevor Williams,5 Tms,16977,0.30025445292620867,1.095774647,0.211586012,0.412221829,0.376192158,0.086384976,0.125821596,480.0,4.735111313786701,5561.0,9677.0,15238.0,0.39216366,0.34604716,0.26178918,0.16990291,0.52149792,0.30859917
102,Bailey Ober,MIN,21224,0.276668290306868,0.657623947,0.178488641,0.325915623,0.495595734,0.123479887,0.115996258,374.0,4.5140815129177865,3925.0,7853.0,11778.0,0.44071691,0.32996324,0.22931985,0.17049632,0.50413603,0.32536765
103,Reid Detmers,LAA,27468,0.3008789722785666,0.864122137,0.206111833,0.368010403,0.425877763,0.096183206,0.112977099,280.0,4.415887988220714,3399.0,6282.0,9681.0,0.40979381,0.34213918,0.24806701,0.14368557,0.5128866,0.34342784
104,Patrick Sandoval,2 Tms,19447,0.31475811390079605,1.446327683,0.219350961,0.461538461,0.319110576,0.09039548,0.105461393,254.0,3.961871986169983,3729.0,6278.0,10007.0,0.41730883,0.36158862,0.22110255,0.16301126,0.53526971,0.30171903
105,Tanner Bibee,CLE,30134,0.2797872340425532,0.916058394,0.194785276,0.384969325,0.420245398,0.110705596,0.110705596,349.0,4.578717303011198,3946.0,7172.0,11118.0,0.3957382,0.34906139,0.25520041,0.15423643,0.53120244,0.31456114
106,Mike Minor,4 Tms,10021,0.2842049656629688,0.874556213,0.2040201,0.371356783,0.424623115,0.126627218,0.134911242,371.0,4.927201157408041,3984.0,7256.0,11240.0,0.44145491,0.34628799,0.2122571,0.1793722,0.47932237,0.34130543
107,Cole Ragans,2 Tms,21846,0.29417989417989415,0.979797979,0.195071868,0.398357289,0.406570841,0.113636363,0.103535353,193.0,4.397468481835527,2453.0,4261.0,6714.0,0.4148073,0.31135903,0.27383367,0.168357,0.52434077,0.30730223
108,Rich Hill,8 Tms,4806,0.2838678793681187,0.956321839,0.208372093,0.386976744,0.404651162,0.112643678,0.128735632,459.0,5.233530401189963,4280.0,8556.0,12836.0,0.43974534,0.34606639,0.21418827,0.16962256,0.49795362,0.33242383
109,Reynaldo López,2 Tms,16400,0.2872727272727273,0.808823529,0.206845238,0.354662698,0.438492063,0.12556561,0.116515837,361.0,4.756954864407402,4112.0,7241.0,11353.0,0.36932939,0.34368836,0.28698225,0.18096647,0.48372781,0.33530572
110,Dylan Bundy,3 Tms,12917,0.289237668161435,0.850198412,0.205029838,0.365302642,0.429667519,0.102182539,0.141865079,481.0,5.449853108863164,4416.0,8643.0,13059.0,0.42875211,0.32251265,0.24873524,0.16357504,0.50421585,0.33220911
111,Aaron Civale,5 Tms,19479,0.2883002207505519,0.944618599,0.212774957,0.382402707,0.404822335,0.102403343,0.127481713,429.0,4.840367847264326,4678.0,8384.0,13062.0,0.44109015,0.32243187,0.23647799,0.15890985,0.50943396,0.33165618
112,Alex Wood,4 Tms,13781,0.3034697048161574,1.588333333,0.218026183,0.479859013,0.302114803,0.065,0.143333333,422.0,5.491084266685412,3874.0,7432.0,11306.0,0.41001487,0.34506693,0.2449182,0.15666832,0.52503718,0.3182945
113,Michael King,2 Tms,19853,0.2804511278195489,1.065789473,0.197224251,0.414170927,0.388604821,0.118421052,0.107142857,251.0,4.449770221063655,3032.0,5329.0,8361.0,0.42135642,0.34415584,0.23448773,0.17965368,0.52453102,0.2958153
114,Jake Odorizzi,4 Tms,6397,0.2782793414763675,0.687292817,0.216119096,0.319301848,0.464579055,0.113812154,0.110497237,399.0,5.224539306413719,4649.0,7715.0,12364.0,0.35386169,0.33417466,0.31196365,0.17314488,0.47602221,0.35083291
115,Taijuan Walker,5 Tms,11836,0.2826503255457679,1.211847389,0.188880706,0.444403534,0.366715758,0.109437751,0.13253012,494.0,4.910898417906756,5593.0,9399.0,14992.0,0.39897885,0.35302699,0.24799416,0.16411379,0.51203501,0.3238512
116,Masahiro Tanaka,NYY,15764,0.29301423027166884,1.435185185,0.19076923,0.476923076,0.332307692,0.12037037,0.179629629,384.0,6.156769651986252,2879.0,5832.0,8711.0,0.47624848,0.32521315,0.19853837,0.17844093,0.46589525,0.35566382
117,Dallas Keuchel,7 Tms,9434,0.29901558654634947,2.468641114,0.203918432,0.56657337,0.229508196,0.069686411,0.156794425,454.0,5.2028861362569945,4953.0,7872.0,12825.0,0.4590099,0.34178218,0.19920792,0.20475248,0.49742574,0.29782178
118,Wade Miley,5 Tms,8779,0.28825622775800713,1.700598802,0.212227074,0.496069868,0.291703056,0.092814371,0.136227544,449.0,5.36653372860756,5052.0,7828.0,12880.0,0.44092466,0.3390411,0.22003425,0.17037671,0.51027397,0.31934932
119,Kyle Bradish,BAL,24586,0.2961595273264402,1.385106382,0.199857244,0.464668094,0.33547466,0.087234042,0.119148936,267.0,4.687256374491476,3152.0,5280.0,8432.0,0.35465529,0.39161336,0.25373134,0.1506752,0.55792466,0.29140014
120,Danny Duffy,KCR,3542,0.2970873786407767,0.845588235,0.214643304,0.35982478,0.425531914,0.108823529,0.107352941,330.0,5.419707916015264,3306.0,5843.0,9149.0,0.3877551,0.35312307,0.25912183,0.17501546,0.48608534,0.3388992
121,Chris Archer,3 Tms,6345,0.3087378640776699,1.143344709,0.219875776,0.416149068,0.363975155,0.083617747,0.146757679,334.0,5.103565265864738,3675.0,6396.0,10071.0,0.37607362,0.35030675,0.27361963,0.14846626,0.46257669,0.38895706
122,Dean Kremer,2 Tms,19350,0.2817366682397357,0.923076923,0.19755877,0.38517179,0.417269439,0.095341278,0.120260021,407.0,4.894877725978009,4483.0,7906.0,12389.0,0.39317774,0.34964093,0.25718133,0.15664273,0.53680431,0.30655296
123,Andrew Abbott,CIN,29911,0.2773365913255956,0.709158415,0.184769775,0.338252656,0.476977567,0.122524752,0.106435643,288.0,4.47153544362302,3528.0,6249.0,9777.0,0.35676932,0.37943056,0.26380012,0.15514236,0.53515398,0.30970366
124,Antonio Senzatela,COL,15488,0.3278622898318655,1.768802228,0.223740726,0.495900039,0.280359234,0.07103064,0.139275766,417.0,4.944664236646609,4752.0,7815.0,12567.0,0.37312283,0.36272622,0.26415094,0.14978822,0.49480169,0.35541009
125,Cal Quantrill,6 Tms,19312,0.2870478413068845,1.110663983,0.211278195,0.415037593,0.37368421,0.106639839,0.117706237,494.0,5.2183100621311596,5210.0,8817.0,14027.0,0.41086714,0.34164496,0.2474879,0.16672869,0.49497581,0.3382955
126,Adrian Houser,5 Tms,12718,0.3003748828491096,1.679069767,0.208428767,0.496106275,0.295464956,0.086821705,0.117829457,344.0,4.358517323163118,4417.0,7367.0,11784.0,0.40742417,0.37347216,0.21910367,0.17021277,0.51290177,0.31688547
127,Nick Martinez,4 Tms,12730,0.2750544662309368,0.972368421,0.212296374,0.388334209,0.399369416,0.110526315,0.114473684,316.0,4.672508380619652,3203.0,6120.0,9323.0,0.42247659,0.34859521,0.2289282,0.17065557,0.53798127,0.29136316
128,J.A. Happ,4 Tms,7410,0.287061288632792,1.018844221,0.198103792,0.404690618,0.397205588,0.097989949,0.146984924,417.0,5.511013370211804,4255.0,7363.0,11618.0,0.37339268,0.35707221,0.26953511,0.17705242,0.49901088,0.3239367
129,Rick Porcello,2 Tms,2717,0.31280128548473485,1.035714285,0.211577868,0.401127049,0.387295081,0.105820105,0.133597883,421.0,6.033439343848761,3467.0,6955.0,10422.0,0.41810783,0.35401831,0.22787386,0.19267921,0.45856634,0.34875445
130,Brandon Pfaadt,ARI,27782,0.30649038461538464,1.082695252,0.214326978,0.40843443,0.37723859,0.091883614,0.120980091,308.0,4.9236237127123825,3039.0,5889.0,8928.0,0.44367816,0.33275862,0.22356322,0.13505747,0.51896552,0.34597701
131,Jacob Misiorowski,MIL,31623,0.2525879917184265,1.024875621,0.18762475,0.411177644,0.401197604,0.104477611,0.109452736,151.0,5.702097841253771,1234.0,2522.0,3756.0,0.33069307,0.37029703,0.2990099,0.17227723,0.53663366,0.29108911
132,Michael Soroka,5 Tms,18383,0.2793791574279379,1.392461197,0.220938628,0.453429602,0.325631768,0.097560975,0.119733924,266.0,4.9633724097654035,2732.0,4885.0,7617.0,0.45305832,0.32361309,0.22332859,0.16714083,0.50497866,0.32788051
133,Steven Matz,4 Tms,13361,0.30685920577617326,1.282115869,0.214904679,0.441074523,0.344020797,0.086901763,0.158690176,438.0,5.0777159907078495,4816.0,8699.0,13515.0,0.36976943,0.35567891,0.27455167,0.17378309,0.51195559,0.31426132
134,Ross Stripling,4 Tms,13273,0.29539800995024873,1.168874172,0.216975493,0.421996413,0.361028093,0.107615894,0.144039735,313.0,5.08483775520343,2954.0,5800.0,8754.0,0.39787485,0.34474616,0.25737898,0.15643447,0.52774498,0.31582054
135,Jon Lester,3 Tms,4930,0.3080110497237569,1.259452411,0.227374052,0.430673205,0.341952741,0.073011734,0.146023468,510.0,6.233589773547278,4842.0,7841.0,12683.0,0.41330998,0.36383538,0.22285464,0.17950963,0.49956217,0.3209282
136,Cam Schlittler,NYY,32095,0.25996810207336524,1.081632653,0.205607476,0.412772585,0.381619937,0.097959183,0.097959183,123.0,4.151250158357627,1438.0,2859.0,4297.0,0.3220339,0.37442219,0.30354391,0.17103236,0.52080123,0.30816641
137,Nestor Cortes,4 Tms,17874,0.26978146194423513,0.603719599,0.195839311,0.302725968,0.50143472,0.127324749,0.113018597,272.0,4.876494183999922,2839.0,5384.0,8223.0,0.38078292,0.36298932,0.25622776,0.16725979,0.52669039,0.30604982
138,Brad Keller,3 Tms,15734,0.2993336750384418,1.783216783,0.204397801,0.509745127,0.285857071,0.075174825,0.111888111,304.0,4.228748205135499,4137.0,6639.0,10776.0,0.41240695,0.33995037,0.24764268,0.15483871,0.51662531,0.32853598
139,Chris Paddack,5 Tms,20099,0.2939169982944855,0.986338797,0.203287671,0.395616438,0.40109589,0.084699453,0.135245901,324.0,4.835820880226208,3378.0,6659.0,10037.0,0.40527449,0.32992465,0.26480086,0.15123789,0.49138859,0.35737352
140,Gavin Williams,CLE,30122,0.2765787370103917,1.123232323,0.19648318,0.425076452,0.378440366,0.082828282,0.133333333,221.0,3.9000001166848612,3125.0,5546.0,8671.0,0.39255885,0.34851936,0.25892179,0.13743356,0.53302961,0.32953683
141,Zach Davies,4 Tms,13183,0.2901353965183752,1.328782707,0.222559817,0.443600455,0.333839726,0.080773606,0.128555176,460.0,4.864864777635787,5592.0,8726.0,14318.0,0.41150278,0.35658627,0.23191095,0.16586271,0.50315399,0.3309833
142,Gio Gonzalez,3 Tms,7448,0.2849503437738732,1.383908045,0.21971407,0.452972159,0.327313769,0.089655172,0.114942528,255.0,4.879517887601439,3271.0,4869.0,8140.0,0.43078056,0.33726068,0.23195876,0.18556701,0.50662739,0.3078056
143,Anthony DeSclafani,3 Tms,13050,0.28779918272037364,1.171296296,0.209994385,0.426165075,0.363840539,0.091049382,0.154320987,321.0,4.759472891910825,3426.0,6182.0,9608.0,0.39845475,0.35927152,0.24227373,0.1589404,0.4718543,0.3692053
144,Casey Mize,2 Tms,20492,0.2893157262905162,1.07761194,0.196304849,0.416859122,0.386836027,0.107462686,0.122388059,278.0,4.404929681007317,3299.0,5918.0,9217.0,0.4090389,0.34439359,0.24656751,0.1493135,0.52116705,0.32951945
145,Cristian Javier,HOU,17606,0.25038520801232667,0.486522911,0.190161527,0.265051395,0.544787077,0.123989218,0.101078167,302.0,5.250482884664513,3404.0,5534.0,8938.0,0.40233236,0.34037901,0.25728863,0.16241806,0.52294246,0.31463948
146,José Soriano,2 Tms,22100,0.29213483146067415,2.685714285,0.185477505,0.593528018,0.220994475,0.05,0.128571428,258.0,5.1220588378964,2774.0,4588.0,7362.0,0.42265625,0.38125,0.19609375,0.1546875,0.503125,0.3421875
147,Madison Bumgarner,2 Tms,5524,0.28389290267743306,0.903482587,0.216946377,0.371674171,0.411379451,0.100497512,0.126368159,352.0,3.903080213599586,4449.0,8583.0,13032.0,0.45824929,0.32069383,0.22105688,0.15288423,0.44977814,0.39733764
148,Tanner Houck,BOS,19879,0.29520605550883094,1.981595092,0.205233033,0.528209321,0.266557645,0.073619631,0.128834355,245.0,5.204563554644911,2429.0,4358.0,6787.0,0.44308943,0.36341463,0.19349593,0.14552846,0.52195122,0.33252033
149,Taj Bradley,2 Tms,22543,0.2832529290144728,0.975767366,0.198558322,0.395806028,0.405635648,0.11470113,0.138933764,338.0,5.416023873748015,3403.0,6002.0,9405.0,0.41210938,0.32552083,0.26236979,0.13671875,0.49479167,0.36848958
150,Jakob Junis,5 Tms,13619,0.29844961240310075,1.143472022,0.212025316,0.420358649,0.367616033,0.081779053,0.146341463,322.0,4.641751281638252,3530.0,6440.0,9970.0,0.42160461,0.35238595,0.22600944,0.14368117,0.47771369,0.37860514
151,John Means,BAL,16269,0.23813868613138686,0.6590106,0.186308492,0.32322357,0.490467937,0.141342756,0.123674911,177.0,4.084615424568131,2269.0,4113.0,6382.0,0.41888412,0.33390558,0.2472103,0.18283262,0.5167382,0.30042918
152,Dustin May,4 Tms,19716,0.28264462809917357,1.294663573,0.206896551,0.447473937,0.34562951,0.076566125,0.118329466,255.0,5.2119607412372195,2497.0,4577.0,7074.0,0.38095238,0.36507937,0.25396825,0.16825397,0.49603175,0.33571429
153,David Price,2 Tms,3184,0.2923809523809524,1.124390243,0.20456621,0.421004566,0.374429223,0.11707317,0.126829268,230.0,5.298634950257258,2177.0,4160.0,6337.0,0.40381125,0.34392015,0.2522686,0.19600726,0.47368421,0.33030853
154,Shane Baz,2 Tms,22264,0.28963893249607536,1.080234833,0.198944988,0.415975885,0.385079125,0.105675146,0.113502935,230.0,4.445240024129586,2654.0,4836.0,7490.0,0.39714715,0.35135135,0.2515015,0.1493994,0.50750751,0.34309309
155,Spencer Turnbull,3 Tms,16207,0.30105263157894735,1.6,0.193381592,0.496380558,0.310237849,0.073333333,0.096666666,135.0,3.5875983309062884,2244.0,3599.0,5843.0,0.37997957,0.36670072,0.25331971,0.13789581,0.50255363,0.35955056
156,Nick Lodolo,CIN,26378,0.30241051862673485,1.19348659,0.198740377,0.435969209,0.365290412,0.086206896,0.149425287,250.0,4.3492270072349895,3129.0,5515.0,8644.0,0.3780235,0.36005529,0.26192122,0.14996545,0.54664824,0.30338632
157,Brayan Bello,BOS,23920,0.3099078341013825,1.78502879,0.191643454,0.518105849,0.290250696,0.071017274,0.134357005,333.0,5.114334637454252,3673.0,6179.0,9852.0,0.4269103,0.35326689,0.21982281,0.13842746,0.54208195,0.31949059
158,Cole Hamels,3 Tms,4972,0.2849663425579656,1.416851441,0.208998548,0.463715529,0.327285921,0.077605321,0.141906873,263.0,4.893866539538128,2885.0,4934.0,7819.0,0.42949177,0.34717251,0.22333572,0.14889048,0.46814603,0.38296349
159,Tanner Roark,4 Tms,8753,0.30722525804493017,1.127795527,0.222416812,0.41214244,0.365440747,0.089456869,0.143769968,346.0,5.4504083407477895,3792.0,6216.0,10008.0,0.39573733,0.34043779,0.26382488,0.1687788,0.51152074,0.31970046
160,Mike Leake,3 Tms,10130,0.3030803080308031,1.688288288,0.209745762,0.496292372,0.293961864,0.077477477,0.151351351,305.0,4.8270809773217005,2798.0,5754.0,8552.0,0.45344555,0.34613361,0.20042083,0.15518148,0.47816938,0.36664913
161,Luke Weaver,5 Tms,16918,0.31850789096126253,1.036101083,0.225274725,0.394230769,0.380494505,0.101083032,0.144404332,275.0,5.1101172039068405,3025.0,5469.0,8494.0,0.38628649,0.33604888,0.27766463,0.14528174,0.47997284,0.37474542
162,Tony Gonsolin,LAD,19388,0.2286282306163022,0.904231625,0.18024928,0.389261744,0.430488974,0.086859688,0.111358574,233.0,5.386130207350877,2276.0,4035.0,6311.0,0.4157197,0.3532197,0.23106061,0.13541667,0.51609848,0.34848485
163,Luis Garcia,HOU,23735,0.27181208053691275,0.878172588,0.206008583,0.371244635,0.422746781,0.11928934,0.116751269,223.0,5.794995368529644,2010.0,3532.0,5542.0,0.41170213,0.34148936,0.24680851,0.1787234,0.50212766,0.31914894
164,Ryan Yarbrough,4 Tms,16502,0.28966639544344996,1.022869022,0.233254531,0.387706855,0.379038613,0.135135135,0.114345114,202.0,4.441368288577158,2081.0,4223.0,6304.0,0.37802027,0.36087295,0.26110678,0.20265004,0.52299299,0.27435698
165,Parker Messick,CLE,31986,0.2895174708818636,1.248868778,0.189233278,0.450244698,0.360522022,0.140271493,0.095022624,96.0,3.823008978616123,1270.0,2304.0,3574.0,0.40032154,0.34726688,0.25241158,0.1511254,0.53858521,0.31028939
166,Kris Bubic,KCR,21455,0.31100846805234794,1.346756152,0.221232368,0.446919079,0.331848552,0.087248322,0.129753914,195.0,3.7796125751598786,2869.0,4964.0,7833.0,0.4156227,0.34929993,0.23507738,0.16875461,0.5055269,0.3257185
167,Andre Pallante,STL,26108,0.2929427430093209,2.521008403,0.181107491,0.586319218,0.232573289,0.070028011,0.12885154,243.0,4.460231285647598,3061.0,4960.0,8021.0,0.40517799,0.35469256,0.24012945,0.17152104,0.53656958,0.29190939
168,Aníbal Sánchez,3 Tms,3284,0.2808219178082192,1.013513513,0.210596026,0.397350993,0.39205298,0.097972972,0.131756756,268.0,4.763660422461635,3096.0,5330.0,8426.0,0.39401821,0.34720416,0.25877763,0.19115735,0.49219766,0.31664499
169,Shota Imanaga,CHC,33829,0.2501912777352716,0.723723723,0.173506119,0.347012239,0.479481641,0.118618618,0.139639639,293.0,5.35612750637243,2496.0,5087.0,7583.0,0.45,0.31357143,0.23642857,0.16071429,0.50285714,0.33642857
170,Eury Pérez,MIA,27768,0.25741399762752076,0.68065268,0.182539682,0.331065759,0.486394557,0.123543123,0.109557109,181.0,4.726305748776987,2141.0,3736.0,5877.0,0.44719101,0.3258427,0.22696629,0.15955056,0.48202247,0.35842697
171,Dinelson Lamet,2 Tms,17186,0.28917378917378916,0.910299003,0.217687074,0.372789115,0.409523809,0.089700996,0.142857142,145.0,4.340354528555653,1833.0,3227.0,5060.0,0.36375839,0.3704698,0.26577181,0.17852349,0.46308725,0.35838926
172,Michael Lorenzen,7 Tms,14843,0.29109947643979056,1.178474114,0.196885986,0.434455047,0.368658965,0.094005449,0.126702997,328.0,4.5462014011833976,3999.0,6768.0,10767.0,0.41358641,0.34915085,0.23726274,0.14485514,0.51248751,0.34265734
173,Bryce Miller,SEA,29837,0.2645998558038933,0.837025316,0.199862164,0.364576154,0.435561681,0.094936708,0.120253164,246.0,4.293471382867557,2778.0,5414.0,8192.0,0.42065663,0.34746922,0.23187415,0.14227086,0.51367989,0.34404925
174,Eric Lauer,4 Tms,19316,0.29121140142517815,0.786469344,0.226898444,0.340347666,0.432753888,0.094080338,0.133192389,452.0,5.512195136197396,4487.0,8118.0,12605.0,0.38123035,0.35159407,0.26717557,0.15267176,0.4714863,0.37584194
175,Dane Dunning,2 Tms,19409,0.3023415977961432,1.605603448,0.197211155,0.494687915,0.308100929,0.084051724,0.144396551,287.0,4.960947600125548,3136.0,5389.0,8525.0,0.45191041,0.34057971,0.20750988,0.15049505,0.52013201,0.32937294
176,Chase Burns,CIN,35333,0.30357142857142855,0.858585858,0.206896551,0.36637931,0.426724137,0.156565656,0.106060606,111.0,5.295053181970185,1159.0,2014.0,3173.0,0.41025641,0.33974359,0.25,0.14957265,0.53846154,0.31196581
177,Alek Manoah,TOR,26410,0.25703905540417804,0.911016949,0.208771929,0.377192982,0.414035087,0.110169491,0.101694915,222.0,4.757143073179294,2486.0,4395.0,6881.0,0.42595819,0.32839721,0.2456446,0.16550523,0.55836237,0.2761324
178,Jeffrey Springs,3 Tms,17677,0.2717795979151154,0.797427652,0.207092198,0.351773049,0.441134751,0.10289389,0.13022508,266.0,4.987500237822544,2880.0,5098.0,7978.0,0.39619986,0.36312456,0.24067558,0.16115412,0.52076003,0.31808586
179,Michael Pineda,3 Tms,5372,0.29707792207792205,1.079754601,0.210403726,0.409937888,0.379658385,0.075664621,0.149284253,258.0,5.502369593637888,2181.0,4499.0,6680.0,0.41455939,0.34636015,0.23908046,0.14712644,0.50498084,0.34789272
180,Mike Foltynewicz,2 Tms,10811,0.27530864197530863,0.995468277,0.216023738,0.391097922,0.392878338,0.107250755,0.145015105,298.0,4.582004522836529,3592.0,6243.0,9835.0,0.41457726,0.35451895,0.23090379,0.1696793,0.48338192,0.34693878
181,Austin Gomber,2 Tms,16561,0.3035897435897436,1.027707808,0.206114398,0.402366863,0.391518737,0.079345088,0.138539042,368.0,5.19665277668939,3605.0,6686.0,10291.0,0.42669903,0.34951456,0.22378641,0.14029126,0.48737864,0.3723301
182,Iván Nova,3 Tms,1994,0.3026166097838453,1.46397188,0.222407099,0.462007764,0.315585135,0.0913884,0.156414762,286.0,4.646209386281589,2999.0,5496.0,8495.0,0.42764228,0.35555556,0.21680217,0.16693767,0.49810298,0.33495935
183,Jake Arrieta,3 Tms,4153,0.30458817025981205,1.64208633,0.220689655,0.484350132,0.294960212,0.080935251,0.170863309,374.0,5.431952718454156,3765.0,6405.0,10170.0,0.40378549,0.35962145,0.23659306,0.17087277,0.50368034,0.3254469
184,Carlos Martinez,STL,11682,0.2906057945566286,1.682857142,0.192605331,0.506448839,0.300945829,0.108571428,0.131428571,212.0,4.680294540616382,2295.0,4205.0,6500.0,0.40743872,0.34995773,0.24260355,0.18934911,0.47675402,0.33389687
185,Clarke Schmidt,NYY,19899,0.29543039319872477,1.035897435,0.186475409,0.413934426,0.399590163,0.125641025,0.107692307,162.0,4.259006986030516,2047.0,3698.0,5745.0,0.41810783,0.32756867,0.2543235,0.16276704,0.53814852,0.29908444
186,Braxton Garrett,MIA,21844,0.3179317931793179,1.633093525,0.219616204,0.484008528,0.296375266,0.075539568,0.140287769,144.0,3.9917866313373986,1831.0,3454.0,5285.0,0.47362869,0.32911392,0.19725738,0.14556962,0.48839662,0.36603376
187,Griffin Canning,3 Tms,19867,0.29318448883666276,1.045454545,0.194630872,0.411633109,0.393736017,0.072443181,0.144886363,356.0,5.1900649658620015,3966.0,6618.0,10584.0,0.41042707,0.36217415,0.22739878,0.13089296,0.50083195,0.3682751
188,Brett Anderson,4 Tms,8223,0.29838709677419356,2.288461538,0.20990099,0.549834983,0.240264026,0.057692307,0.142857142,293.0,5.79985374550424,2631.0,4392.0,7023.0,0.42662338,0.36493506,0.20844156,0.1538961,0.46493506,0.38116883
189,Reese Olson,DET,24968,0.28263795423956933,1.393700787,0.205228758,0.462745098,0.332026143,0.098425196,0.102362204,112.0,3.696821653811789,1726.0,2867.0,4593.0,0.44083225,0.34070221,0.21846554,0.12093628,0.54486346,0.33420026
190,Tyler Skaggs,LAA,10190,0.315527950310559,1.177474402,0.231325301,0.41566265,0.353012048,0.112627986,0.122866894,128.0,3.972414106625322,1771.0,3175.0,4946.0,0.41141498,0.33412604,0.25445898,0.16884661,0.44827586,0.38287753
191,Zack Godley,3 Tms,14862,0.3156934306569343,1.700617283,0.212421242,0.495949594,0.291629162,0.086419753,0.138888888,217.0,4.9152681653692865,2587.0,4133.0,6720.0,0.42594216,0.36809816,0.20595968,0.17528484,0.45223488,0.37248028
192,Spencer Schwellenbach,ATL,31846,0.2696629213483146,1.313364055,0.222910216,0.44117647,0.335913312,0.087557603,0.124423963,121.0,4.64722627441116,1072.0,2388.0,3460.0,0.39692308,0.36769231,0.23538462,0.18769231,0.51230769,0.3
193,Johnny Cueto,4 Tms,6893,0.2962962962962963,1.084919472,0.223131478,0.404255319,0.372613202,0.10102489,0.131771595,307.0,4.5820895160048005,3519.0,6291.0,9810.0,0.41666667,0.34081197,0.24252137,0.16933761,0.51816239,0.3125
194,Cole Irvin,3 Tms,19244,0.2919254658385093,0.960365853,0.225767609,0.379289584,0.394942805,0.079268292,0.106707317,281.0,4.872832459481603,2527.0,5300.0,7827.0,0.37403216,0.36212031,0.26384753,0.14055986,0.52054795,0.3388922
195,Bryce Elder,ATL,27779,0.28713450292397663,1.489399293,0.201247165,0.477891156,0.320861678,0.068904593,0.139575971,295.0,4.567087315798674,3482.0,5818.0,9300.0,0.45271405,0.33463906,0.21264689,0.12590935,0.51706771,0.35702294
196,Michael Fulmer,2 Tms,13218,0.2896281800391389,1.486238532,0.223495702,0.464183381,0.312320916,0.103975535,0.128440366,165.0,4.376227668255627,1938.0,3457.0,5395.0,0.40131579,0.35056391,0.2481203,0.17387218,0.48684211,0.33928571
197,Tylor Megill,NYM,21318,0.3109475620975161,1.143540669,0.205673758,0.423758865,0.370567375,0.088516746,0.136363636,225.0,5.041493951493365,2633.0,4420.0,7053.0,0.37248028,0.36897458,0.25854514,0.15337423,0.53724803,0.30937774
198,Davis Martin,CHW,21448,0.3011049723756906,1.173170731,0.205173951,0.429081177,0.36574487,0.102439024,0.104878048,184.0,4.487805156416554,2195.0,3915.0,6110.0,0.44454303,0.33096717,0.2244898,0.15173026,0.51641526,0.33185448
199,Jimmy Nelson,2 Tms,10547,0.34274193548387094,1.746478873,0.23076923,0.489151873,0.280078895,0.084507042,0.126760563,102.0,4.857142612056499,1031.0,1993.0,3024.0,0.36770428,0.35797665,0.27431907,0.21789883,0.45719844,0.32490272
200,Jeff Samardzija,SFG,3254,0.27321981424148606,0.912248628,0.22172619,0.371279761,0.406994047,0.095063985,0.129798903,221.0,4.416728492788708,2602.0,4780.0,7382.0,0.39545121,0.36683786,0.23771093,0.17901687,0.47615554,0.34482759
201,Domingo Germán,2 Tms,17149,0.2644497228820269,0.956989247,0.190511489,0.395848776,0.413639733,0.120071684,0.164874551,282.0,5.317038992832994,2540.0,4968.0,7508.0,0.47710487,0.32570162,0.1971935,0.1676514,0.47119645,0.36115214
202,Ryne Nelson,ARI,26253,0.2799732083054253,0.863095238,0.198976327,0.371081253,0.429942418,0.090773809,0.113095238,298.0,5.303889481843412,2740.0,5320.0,8060.0,0.38888889,0.3614304,0.24968072,0.12835249,0.50446999,0.36717752
203,Braxton Ashcraft,PIT,23793,0.28957528957528955,1.407821229,0.198884758,0.468401486,0.332713754,0.12849162,0.12849162,154.0,6.976510290379822,894.0,2023.0,2917.0,0.3844732,0.40295749,0.21256932,0.15896488,0.49537893,0.34565619
204,Nolan McLean,NYM,33703,0.2732142857142857,1.5,0.191304347,0.485217391,0.32347826,0.102150537,0.112903225,137.0,5.415812833495595,1346.0,2309.0,3655.0,0.383821,0.35111876,0.26506024,0.16351119,0.52839931,0.3080895
205,Erick Fedde,4 Tms,17425,0.2916842549598987,1.259259259,0.204887983,0.443177189,0.351934826,0.096064814,0.148148148,445.0,5.037736054526066,5484.0,8387.0,13871.0,0.38942308,0.36017628,0.25040064,0.16826923,0.49679487,0.3349359
206,Vince Velasquez,4 Tms,11189,0.302158273381295,0.856672158,0.223294279,0.358373535,0.418332184,0.112026359,0.154859967,285.0,4.920076828345992,3293.0,5893.0,9186.0,0.39203779,0.34345479,0.26450742,0.15249663,0.48178138,0.365722
207,Kodai Senga,NYM,31838,0.2765685019206146,1.104761904,0.181481481,0.429629629,0.388888888,0.114285714,0.123809523,159.0,4.518947554414498,2129.0,3252.0,5381.0,0.41615667,0.32925337,0.25458996,0.15422277,0.50795594,0.3378213
208,Noah Cameron,KCR,30184,0.26237054085155354,1.017142857,0.209406494,0.398656215,0.39193729,0.094285714,0.111428571,166.0,4.8401729456915294,1839.0,3123.0,4962.0,0.42951542,0.3314978,0.23898678,0.17511013,0.50220264,0.32268722
209,José Urquidy,2 Tms,18413,0.2625341841385597,0.814741035,0.205061082,0.356893542,0.438045375,0.127490039,0.119521912,270.0,6.35017428988151,2007.0,4138.0,6145.0,0.41573034,0.34053587,0.24373379,0.17372515,0.52636128,0.29991357
210,Jhoulys Chacín,4 Tms,2608,0.271513353115727,1.266666666,0.210449927,0.441219158,0.348330914,0.114583333,0.13125,222.0,4.168289525654525,2969.0,4957.0,7926.0,0.42310418,0.34443657,0.23245925,0.18568391,0.45712261,0.35719348
211,Joey Lucchesi,2 Tms,19320,0.2904761904761905,1.259740259,0.191449814,0.450743494,0.357806691,0.083116883,0.142857142,207.0,4.809810574542751,2341.0,3972.0,6313.0,0.33423913,0.39221014,0.27355072,0.16394928,0.47282609,0.36322464
212,Cade Cavalli,WSN,27473,0.3157894736842105,1.67204301,0.182565789,0.511513157,0.305921052,0.064516129,0.134408602,185.0,7.477545347869552,1269.0,2402.0,3671.0,0.39542484,0.34313725,0.26143791,0.16013072,0.4869281,0.35294118
213,Jared Jones,PIT,27863,0.2787769784172662,0.869047619,0.190721649,0.376288659,0.43298969,0.13095238,0.119047619,90.0,3.6268657542411633,1215.0,2331.0,3546.0,0.40614334,0.34300341,0.25085324,0.15187713,0.51365188,0.33447099
214,Andrew Cashner,3 Tms,8782,0.28612099644128114,1.359756097,0.199862164,0.461061337,0.339076498,0.085365853,0.117886178,255.0,5.141896688983385,2870.0,4543.0,7413.0,0.39166097,0.34791524,0.26042379,0.17156528,0.50991114,0.31852358
215,Chase Anderson,6 Tms,6895,0.26597687157638467,0.855585831,0.203974284,0.36703682,0.428988895,0.111716621,0.137602179,307.0,4.633314755288325,3772.0,6389.0,10161.0,0.38646789,0.34575688,0.26777523,0.19552752,0.45928899,0.34518349
216,CC Sabathia,NYY,404,0.2874354561101549,1.331707317,0.209263854,0.451612903,0.339123242,0.107317073,0.163414634,261.0,5.75735315649568,2326.0,4237.0,6563.0,0.43892508,0.3509772,0.21009772,0.23127036,0.46416938,0.30456026
217,Ryan Feltner,COL,21446,0.3048048048048048,1.134724857,0.189481268,0.430835734,0.379682997,0.091081593,0.123339658,247.0,5.006757014854895,2731.0,4710.0,7441.0,0.39398281,0.37320917,0.23280802,0.15544413,0.51361032,0.33094556
218,Kutter Crawford,BOS,20531,0.27531645569620256,0.678350515,0.184368737,0.329659318,0.485971943,0.125773195,0.121649484,176.0,4.466165589668953,1896.0,3751.0,5647.0,0.42999007,0.34558093,0.224429,0.16285998,0.5183714,0.31876862
219,Will Warren,NYY,30182,0.3173076923076923,1.173295454,0.21215242,0.425334706,0.362512873,0.048295454,0.133522727,199.0,5.373000174219137,2195.0,3595.0,5790.0,0.40245148,0.36363636,0.23391216,0.12461696,0.52706844,0.34831461
220,Grayson Rodriguez,2 Tms,24492,0.3181818181818182,1.189111747,0.212371134,0.427835051,0.359793814,0.071633237,0.134670487,229.0,6.1096840247687245,1980.0,3775.0,5755.0,0.41752577,0.36597938,0.21649485,0.12886598,0.50721649,0.36391753
221,Ryan Pepiot,2 Tms,26221,0.25028968713789107,0.785542168,0.183920704,0.359030837,0.457048458,0.122891566,0.122891566,179.0,4.642651449945041,2060.0,3653.0,5713.0,0.40679825,0.32565789,0.26754386,0.17214912,0.50548246,0.32236842
222,Triston McKenzie,CLE,18000,0.2375,0.674033149,0.175883952,0.331822302,0.492293744,0.134438305,0.132596685,212.0,4.48238075689958,2437.0,4346.0,6783.0,0.38433843,0.34743474,0.26822682,0.16291629,0.50765077,0.32943294
223,Zach Plesac,2 Tms,19979,0.27240649258997884,1.068181818,0.199052132,0.413676371,0.387271496,0.101398601,0.132867132,244.0,4.5973483276015745,2607.0,4996.0,7603.0,0.43632708,0.32238606,0.24128686,0.14343164,0.52613941,0.33042895
224,Sean Newcomb,5 Tms,16943,0.31094257854821233,1.23030303,0.215351812,0.43283582,0.351812366,0.109090909,0.106060606,176.0,4.728358505089282,2338.0,3782.0,6120.0,0.35527691,0.34587252,0.29885057,0.17659352,0.50261233,0.32079415
225,Brad Peacock,2 Tms,5401,0.2891566265060241,1.044117647,0.193423597,0.411992263,0.394584139,0.083333333,0.112745098,151.0,6.921901064301741,1197.0,2113.0,3310.0,0.46538462,0.32115385,0.21346154,0.19038462,0.48653846,0.32307692
226,Landen Roupp,SFG,30076,0.2952261306532663,1.43071161,0.191780821,0.475716064,0.332503113,0.074906367,0.086142322,140.0,4.494649278078853,1865.0,3027.0,4892.0,0.44810745,0.33699634,0.21489621,0.15384615,0.56654457,0.27960928
227,Paul Blackburn,3 Tms,14739,0.31334332833583206,1.486301369,0.210297316,0.472081218,0.317621464,0.079908675,0.127853881,237.0,4.884733004897751,2841.0,4502.0,7343.0,0.42476602,0.36429086,0.21094312,0.1612671,0.55219582,0.28653708
228,Payton Tolle,BOS,35466,0.2904040404040404,0.766839378,0.162162162,0.363636363,0.474201474,0.124352331,0.098445595,83.0,4.6981135175168065,778.0,1698.0,2476.0,0.38795181,0.33493976,0.27710843,0.19759036,0.49879518,0.30361446
229,Ian Anderson,ATL,19951,0.2826666666666667,1.619047619,0.207077326,0.49017038,0.302752293,0.095238095,0.125541125,172.0,5.684210552856233,1858.0,2893.0,4751.0,0.45057766,0.31964056,0.22978177,0.16816431,0.53786906,0.29396662
230,Edward Cabrera,2 Tms,21690,0.2795869737887212,1.394144144,0.19224924,0.470364741,0.337386018,0.076576576,0.164414414,276.0,4.977956102098152,3336.0,5275.0,8611.0,0.48685199,0.31780616,0.19534185,0.13749061,0.52742299,0.3350864
231,Jason Vargas,3 Tms,8044,0.2872253864930838,0.968992248,0.197472353,0.394944707,0.407582938,0.120155038,0.125968992,229.0,4.903251269123431,2637.0,4322.0,6959.0,0.47913447,0.33230294,0.1885626,0.17465224,0.4698609,0.35548686
232,Zack Littell,5 Tms,15823,0.27588555858310626,0.883969465,0.200777202,0.375,0.424222797,0.109923664,0.135877862,236.0,4.340599601672312,2519.0,5062.0,7581.0,0.41790084,0.35994849,0.22215068,0.1371539,0.52414681,0.33869929
233,Janson Junk,3 Tms,23301,0.29906542056074764,1.066225165,0.184313725,0.420915032,0.394771241,0.139072847,0.099337748,106.0,4.0027973683053375,1252.0,2511.0,3763.0,0.42912371,0.34664948,0.2242268,0.16108247,0.48453608,0.35438144
234,Homer Bailey,4 Tms,8362,0.3193350831146107,1.360742705,0.241908006,0.436967632,0.321124361,0.095490716,0.148541114,209.0,5.102169700351062,2246.0,4087.0,6333.0,0.39381271,0.36120401,0.24498328,0.15301003,0.45986622,0.38712375
235,Matthew Liberatore,STL,22294,0.3212221304706854,0.959432048,0.229050279,0.377494014,0.393455706,0.081135902,0.121703853,213.0,4.698529631415051,2496.0,4317.0,6813.0,0.39575138,0.34146341,0.26278521,0.11801731,0.53186467,0.35011802
236,Mike Fiers,3 Tms,7754,0.2742616033755274,0.995720399,0.195977011,0.401149425,0.402873563,0.122681883,0.149786019,331.0,5.1898952893051105,3269.0,5937.0,9206.0,0.44438138,0.32292849,0.23269012,0.16912599,0.4738933,0.3569807
237,Jordan Zimmermann,DET,4505,0.3210445468509985,0.911275415,0.240264511,0.362233651,0.397501836,0.103512014,0.140480591,224.0,4.949263471554923,2276.0,4370.0,6646.0,0.3904209,0.36357039,0.24600871,0.14150943,0.45791001,0.40058055
238,Daniel Norris,2 Tms,13475,0.3195121951219512,1.062893081,0.227326266,0.398115429,0.374558303,0.072327044,0.128930817,148.0,4.7684961629568186,1799.0,3026.0,4825.0,0.40465116,0.34767442,0.24767442,0.14883721,0.45348837,0.39767442
239,Emmet Sheehan,LAD,29839,0.27389705882352944,0.744444444,0.186528497,0.347150259,0.466321243,0.103703703,0.137037037,148.0,6.054545769494443,1324.0,2400.0,3724.0,0.4475043,0.32874355,0.22375215,0.14113597,0.53184165,0.32702238
240,Joey Cantillo,CLE,23335,0.30864197530864196,1.18548387,0.187406296,0.44077961,0.371814092,0.096774193,0.112903225,123.0,4.463709677419355,1649.0,2699.0,4348.0,0.43639053,0.33727811,0.22633136,0.15088757,0.52218935,0.32692308
241,Clay Holmes,3 Tms,13649,0.27530864197530863,2.202830188,0.175970873,0.566747572,0.257281553,0.066037735,0.103773584,166.0,5.387019329566576,1725.0,2859.0,4584.0,0.45542169,0.36987952,0.1746988,0.14578313,0.51686747,0.3373494
242,Mitchell Parker,WSN,27636,0.29637305699481864,0.93,0.224899598,0.373493975,0.401606425,0.085,0.1075,158.0,4.596982834207318,1698.0,3333.0,5031.0,0.4156746,0.32738095,0.25694444,0.12896825,0.51587302,0.35515873
243,Sean Burke,CHW,29878,0.28898426323319026,0.793846153,0.198074277,0.354883081,0.44704264,0.12,0.116923076,127.0,4.357052181046176,1627.0,2930.0,4557.0,0.42040816,0.3537415,0.22585034,0.14557823,0.51020408,0.34421769
244,Chris Flexen,5 Tms,13896,0.3074792243767313,0.909560723,0.212573255,0.375066595,0.412360149,0.104651162,0.116279069,321.0,4.992511657869532,3667.0,6076.0,9743.0,0.39208443,0.34195251,0.26596306,0.15875527,0.51476793,0.32647679
245,Graham Ashcraft,CIN,27552,0.3046033300685602,1.732899022,0.207743153,0.502360717,0.289896128,0.09446254,0.146579804,182.0,4.993902787504158,1945.0,3479.0,5424.0,0.35305164,0.3915493,0.25539906,0.17089202,0.5342723,0.29483568
246,Joe Ross,3 Tms,12972,0.3025516403402187,1.111111111,0.215801886,0.412735849,0.371462264,0.085714285,0.139682539,196.0,6.160651948196766,1642.0,2973.0,4615.0,0.3699422,0.35028902,0.27976879,0.19190751,0.48323699,0.32485549
247,Colin Rea,2 Tms,12317,0.28061911170928666,1.011290322,0.199100834,0.402697495,0.398201669,0.108064516,0.141935483,310.0,5.456323534423876,2914.0,5367.0,8281.0,0.42439644,0.31956798,0.25603558,0.14104193,0.52668361,0.33227446
248,Ryan Weathers,3 Tms,23796,0.3004566210045662,1.269607843,0.19055944,0.452797202,0.356643356,0.083333333,0.154411764,160.0,3.717728222893809,2458.0,4142.0,6600.0,0.40932642,0.35319516,0.23747841,0.17184801,0.5,0.32815199
249,Trevor Cahill,6 Tms,6249,0.29411764705882354,1.682926829,0.197080291,0.503649635,0.299270072,0.069105691,0.166666666,156.0,4.891985997695311,1917.0,3013.0,4930.0,0.47199046,0.34922527,0.17878427,0.16924911,0.46960667,0.36114422
250,Jordan Lyles,6 Tms,7593,0.29460400348128807,0.925595238,0.197270471,0.385856079,0.416873449,0.100198412,0.151785714,430.0,4.972162822129747,4743.0,8290.0,13033.0,0.43282973,0.33891384,0.22825643,0.15353205,0.49081258,0.35565537
251,Jake Irvin,WSN,21504,0.27964601769911507,1.092352092,0.188129899,0.423852183,0.388017917,0.092352092,0.148629148,300.0,4.612756424567374,3569.0,6335.0,9904.0,0.41490545,0.35428254,0.23081201,0.14961068,0.49443826,0.35595106
252,Logan Henderson,MIL,31475,0.22695035460992907,0.573333333,0.2,0.291525423,0.508474576,0.146666666,0.113333333,84.0,6.113207861456028,610.0,1305.0,1915.0,0.41137124,0.32441472,0.26421405,0.16053512,0.50501672,0.33444816
253,Chad Kuhl,4 Tms,14975,0.3017182130584192,1.066189624,0.230512991,0.39706862,0.372418387,0.07155635,0.139534883,279.0,4.897919491221561,3544.0,5363.0,8907.0,0.40796345,0.34530026,0.24673629,0.15535248,0.4810705,0.36357702
254,Chad Patrick,MIL,30113,0.3096446700507614,0.7,0.23690773,0.314214463,0.448877805,0.122222222,0.072222222,72.0,4.500000119209293,861.0,1532.0,2393.0,0.36363636,0.34889435,0.28746929,0.16216216,0.50859951,0.32923833
255,Jason Hammel,KCR,4538,0.3251072961373391,0.923664122,0.214137214,0.377338877,0.408523908,0.071246819,0.10178117,129.0,4.1073112468483535,1659.0,3037.0,4696.0,0.42018538,0.33470649,0.24510814,0.15447992,0.47373841,0.37178167
256,Michael McGreevy,STL,29869,0.28423475258918296,1.377926421,0.205586592,0.460335195,0.334078212,0.050167224,0.113712374,172.0,5.555024126227132,1701.0,2732.0,4433.0,0.38538206,0.38427464,0.2303433,0.13399779,0.50498339,0.36101883
257,Garrett Richards,4 Tms,9784,0.305591677503251,1.5,0.21446384,0.471321695,0.314214463,0.115079365,0.154761904,169.0,5.585067345538973,1701.0,2874.0,4575.0,0.42326733,0.32920792,0.24752475,0.16707921,0.45915842,0.37376238
258,Brent Suter,5 Tms,13942,0.2823529411764706,1.252475247,0.246688741,0.418874172,0.334437086,0.123762376,0.133663366,141.0,6.271828734545262,1114.0,2126.0,3240.0,0.37620579,0.35369775,0.27009646,0.22508039,0.47909968,0.29581994
259,Ben Brown,CHC,23590,0.2966507177033493,1.01734104,0.19025522,0.408352668,0.401392111,0.104046242,0.109826589,104.0,5.9617835843464935,851.0,1614.0,2465.0,0.402746,0.36613272,0.23112128,0.12356979,0.53318078,0.34324943
260,JT Brubaker,2 Tms,17578,0.3138357705286839,1.317307692,0.223415682,0.441460794,0.335123523,0.080128205,0.163461538,146.0,4.162618930341128,1852.0,3291.0,5143.0,0.42917998,0.36421725,0.20660277,0.14483493,0.51863685,0.33652822
261,Peter Lambert,2 Tms,17969,0.3068062827225131,1.072,0.213562753,0.406882591,0.379554655,0.093333333,0.128,182.0,5.18354456974059,2007.0,3443.0,5450.0,0.40977069,0.32901296,0.26121635,0.15952144,0.47956132,0.36091725
262,Keider Montero,DET,22630,0.2611311672683514,0.925619834,0.190972222,0.388888888,0.420138888,0.121212121,0.104683195,168.0,5.380783210335359,1469.0,2808.0,4277.0,0.40621404,0.3452244,0.24856157,0.14499425,0.52819333,0.32681243
263,Trevor Richards,3 Tms,19309,0.2981770833333333,0.825825825,0.230379746,0.348101265,0.421518987,0.084084084,0.123123123,121.0,3.834507042253521,1805.0,3105.0,4910.0,0.40420272,0.33621755,0.25957973,0.14585909,0.46106304,0.39307787
264,Bailey Falter,3 Tms,20070,0.28687856560717195,0.87735849,0.222048475,0.363565285,0.414386239,0.115094339,0.126415094,205.0,4.503661656709589,2174.0,4197.0,6371.0,0.39396285,0.34210526,0.26393189,0.15712074,0.52244582,0.32043344
265,Randy Vásquez,2 Tms,24719,0.274235807860262,0.918,0.189349112,0.387996618,0.422654268,0.116,0.09,195.0,4.790718851933705,2117.0,3831.0,5948.0,0.39393939,0.38552189,0.22053872,0.15824916,0.49915825,0.34259259
266,JP Sears,3 Tms,23429,0.28119293974437004,0.680901542,0.178550724,0.332753623,0.488695652,0.104389086,0.12455516,249.0,3.9338795977774583,3313.0,6077.0,9390.0,0.40778923,0.34020619,0.25200458,0.16036655,0.52290951,0.31672394
267,Mike Montgomery,2 Tms,4869,0.3069306930693069,1.913705583,0.203883495,0.522884882,0.273231622,0.040609137,0.142131979,114.0,4.403433764768527,1389.0,2337.0,3726.0,0.42857143,0.33469388,0.23673469,0.16326531,0.46258503,0.37414966
268,Drew Smyly,5 Tms,11760,0.2972549019607843,0.89084507,0.205033308,0.374537379,0.420429311,0.112676056,0.16197183,282.0,5.578022235234206,2840.0,5153.0,7993.0,0.45827233,0.31625183,0.22547584,0.16691069,0.477306,0.35578331
269,Marco Estrada,2 Tms,1118,0.28393881453154873,0.499153976,0.194545454,0.268181818,0.537272727,0.170896785,0.113367174,199.0,5.0688677238696656,2183.0,3971.0,6154.0,0.40414041,0.32313231,0.27272727,0.20972097,0.49774977,0.29252925
270,Bubba Chandler,PIT,29868,0.288135593220339,1.005181347,0.19375,0.404166666,0.402083333,0.129533678,0.077720207,90.0,4.821428899862351,1081.0,1822.0,2903.0,0.39300412,0.31687243,0.29012346,0.15843621,0.48559671,0.35596708
271,Luis Gil,NYY,21052,0.23867069486404835,0.755417956,0.180635838,0.352601156,0.466763005,0.154798761,0.102167182,159.0,5.475765572555969,1801.0,2787.0,4588.0,0.4092219,0.32420749,0.26657061,0.16426513,0.51585014,0.31988473
272,Dakota Hudson,2 Tms,19206,0.28543563068920674,2.104878048,0.194813409,0.545857052,0.259329538,0.068292682,0.134146341,306.0,5.414154679755388,3264.0,4981.0,8245.0,0.43188952,0.36032643,0.20778406,0.15944758,0.49152542,0.34902699
273,Kyle Harrison,3 Tms,27758,0.30759651307596514,0.913294797,0.213776722,0.375296912,0.410926365,0.083815028,0.141618497,148.0,4.45982163743478,1810.0,3345.0,5155.0,0.35957697,0.34547591,0.29494712,0.14688602,0.5052879,0.34782609
274,Matt Manning,DET,20369,0.2700636942675159,0.990936555,0.187422934,0.404438964,0.408138101,0.096676737,0.090634441,122.0,4.32283477551422,1400.0,2632.0,4032.0,0.399754,0.33456335,0.26568266,0.1402214,0.49323493,0.36654367
275,Julio Teheran,5 Tms,6797,0.2594070695553022,0.961021505,0.200985761,0.391566265,0.407447973,0.091397849,0.139784946,303.0,4.292235094467301,3888.0,6618.0,10506.0,0.4001077,0.35325794,0.24663436,0.18309101,0.46903608,0.34787291
276,J.T. Ginn,OAK,27889,0.28858024691358025,1.446902654,0.183161004,0.483013293,0.333825701,0.088495575,0.154867256,134.0,5.09577478478055,1537.0,2332.0,3869.0,0.46266471,0.35139092,0.18594436,0.18301611,0.49633968,0.32064422
277,Jack Leiter,TEX,30146,0.288135593220339,0.880503144,0.192982456,0.377867746,0.429149797,0.106918238,0.113207547,136.0,4.800000215418208,1635.0,2805.0,4440.0,0.41991925,0.3512786,0.22880215,0.1615074,0.4858681,0.3526245
278,José Ureña,8 Tms,11589,0.2826984855438274,1.472032742,0.197164377,0.478068232,0.32476739,0.083219645,0.141882673,324.0,4.107042369369574,4593.0,7283.0,11876.0,0.45793164,0.33391762,0.20815074,0.14329535,0.48773006,0.36897458
279,Kyle Leahy,STL,24763,0.3236009732360097,1.404411764,0.226950354,0.451536643,0.321513002,0.073529411,0.110294117,63.0,3.965034965034965,867.0,1500.0,2367.0,0.42823529,0.36705882,0.20470588,0.12235294,0.46588235,0.41176471
280,Logan Allen,CLE,27589,0.3123893805309734,1.157657657,0.182593856,0.438566552,0.37883959,0.121621621,0.126126126,240.0,5.6250003073364665,2482.0,4154.0,6636.0,0.41469595,0.33783784,0.24746622,0.15878378,0.52533784,0.31587838
281,Foster Griffin,2 Tms,16432,0.2907216494845361,1.27840909,0.2027833,0.447316103,0.349900596,0.073863636,0.130681818,124.0,6.463320701308994,964.0,1871.0,2835.0,0.41732283,0.37007874,0.21259843,0.14173228,0.52952756,0.32874016
282,Walbert Ureña,LAA,29357,0.25647668393782386,1.854700854,0.150127226,0.552162849,0.297709923,0.059829059,0.085470085,88.0,5.400000374533939,906.0,1515.0,2421.0,0.44444444,0.32323232,0.23232323,0.1540404,0.53535354,0.31060606
283,Clayton Richard,2 Tms,3551,0.32025620496397117,2.757462686,0.211433046,0.578700078,0.209866875,0.070895522,0.19402985,178.0,3.9916941371588206,2213.0,3947.0,6160.0,0.41890853,0.35280553,0.22828593,0.18216756,0.44043044,0.377402
284,Christian Scott,NYM,30107,0.28921568627450983,0.693877551,0.213270142,0.322274881,0.464454976,0.102040816,0.102040816,72.0,4.118644300804381,978.0,1775.0,2753.0,0.38875878,0.32786885,0.28337237,0.16627635,0.50117096,0.33255269
285,Johan Oviedo,2 Tms,22487,0.27395833333333336,1.235955056,0.197580645,0.443548387,0.358870967,0.095505617,0.106741573,183.0,4.9017858812395465,2223.0,3541.0,5764.0,0.42971888,0.34136546,0.22891566,0.1626506,0.51706827,0.32028112
286,Slade Cecconi,2 Tms,27500,0.29894736842105263,0.9925,0.19413549,0.401415571,0.404448938,0.075,0.1275,159.0,4.500000161944701,1823.0,3291.0,5114.0,0.40559441,0.35464535,0.23976024,0.11988012,0.52547453,0.35464535
287,Simeon Woods Richardson,MIN,24494,0.2840095465393795,0.758104738,0.191513761,0.348623853,0.459862385,0.122194513,0.104738154,137.0,4.246843007125977,1822.0,3174.0,4996.0,0.41363636,0.30909091,0.27727273,0.15454545,0.52272727,0.32272727
288,Max Meyer,MIA,27474,0.2890262751159196,1.268292682,0.179411764,0.458823529,0.361764705,0.113821138,0.158536585,146.0,5.50558667284344,1420.0,2468.0,3888.0,0.41690962,0.35860058,0.2244898,0.15306122,0.49271137,0.35422741
289,Drew Pomeranz,4 Tms,11426,0.3237753882915173,1.090342679,0.227848101,0.402761795,0.369390103,0.093457943,0.146417445,186.0,5.5126236580243475,2142.0,3468.0,5610.0,0.40317101,0.32729332,0.26953567,0.18346546,0.47112118,0.34541336
290,Matt Harvey,5 Tms,11713,0.31254585473220836,1.227180527,0.225669957,0.426657263,0.347672778,0.097363083,0.164300202,244.0,5.0560247733418695,2685.0,4771.0,7456.0,0.39265928,0.34141274,0.26592798,0.1765928,0.45290859,0.37049861
291,Andrew Alvarez,WSN,29914,0.2696245733788396,1.779069767,0.195286195,0.515151515,0.289562289,0.127906976,0.081395348,49.0,4.033536913741023,725.0,1098.0,1823.0,0.47333333,0.31,0.21666667,0.14666667,0.56,0.29333333
292,Ben Lively,3 Tms,14932,0.2815622161671208,0.871743486,0.192041522,0.376297577,0.431660899,0.106212424,0.126252505,200.0,4.817127720402228,2135.0,3861.0,5996.0,0.37886598,0.34793814,0.27319588,0.15979381,0.51975945,0.32044674
293,Jake Bennett,BOS,31959,0.28164556962025317,1.099173553,0.201257861,0.418238993,0.380503144,0.115702479,0.099173553,62.0,5.0881460146488555,497.0,1057.0,1554.0,0.41768293,0.31402439,0.26829268,0.1554878,0.49390244,0.35060976
294,Brandon McCarthy,2 Tms,4662,0.31388329979879276,1.467948717,0.239130434,0.452569169,0.308300395,0.121794871,0.128205128,105.0,5.715725982288421,853.0,1707.0,2560.0,0.39071567,0.35589942,0.25338491,0.20116054,0.4893617,0.30947776
295,Jacob Lopez,2 Tms,25098,0.28291814946619215,0.573770491,0.185059422,0.297113752,0.517826825,0.121311475,0.118032786,130.0,5.598086201034704,1392.0,2315.0,3707.0,0.40301003,0.34782609,0.24916388,0.22240803,0.48327759,0.29431438
296,Stephen Kolek,2 Tms,21487,0.2693069306930693,1.632911392,0.201535508,0.495201535,0.303262955,0.075949367,0.107594936,90.0,4.860000074157716,907.0,1620.0,2527.0,0.39463602,0.38314176,0.22222222,0.15708812,0.49425287,0.348659
297,Rhett Lowder,CIN,33876,0.3067484662576687,1.036082474,0.21314741,0.400398406,0.386454183,0.103092783,0.087628865,78.0,4.47133774258089,1019.0,1671.0,2690.0,0.42970297,0.34257426,0.22772277,0.12277228,0.51287129,0.36435644
298,Javier Assad,CHC,21741,0.2723449001051525,1.194520547,0.189271255,0.441295546,0.369433198,0.106849315,0.126027397,190.0,5.2028399176248215,2122.0,3380.0,5502.0,0.37550201,0.3564257,0.26807229,0.15963855,0.50903614,0.3313253
299,Steven Brault,PIT,15291,0.28664495114006516,1.296803652,0.188709677,0.458064516,0.353225806,0.08675799,0.109589041,100.0,4.285714246788804,1392.0,2222.0,3614.0,0.34379906,0.37676609,0.27943485,0.20251177,0.43956044,0.35792779
300,Cody Bradford,TEX,27597,0.289237668161435,0.75490196,0.218340611,0.336244541,0.445414847,0.093137254,0.098039215,68.0,4.172727562139862,776.0,1607.0,2383.0,0.37339056,0.37339056,0.25321888,0.13090129,0.53218884,0.33690987
301,Randy Dobnak,2 Tms,23798,0.2981132075471698,2.242424242,0.204460966,0.550185873,0.245353159,0.083333333,0.113636363,84.0,4.581818552568954,977.0,1661.0,2638.0,0.42357274,0.3388582,0.23756906,0.14548803,0.51933702,0.33517495
302,Matt Strahm,3 Tms,13799,0.30708661417322836,0.758426966,0.213567839,0.339195979,0.44723618,0.095505617,0.140449438,82.0,5.2216985477655475,733.0,1538.0,2271.0,0.40394089,0.35960591,0.2364532,0.15270936,0.41133005,0.43596059
303,Grant Holmes,ATL,16944,0.27854454203262236,1.209836065,0.189903846,0.443509615,0.366586538,0.072131147,0.140983606,154.0,4.757437403170407,1742.0,3025.0,4767.0,0.4297619,0.34166667,0.22857143,0.11904762,0.51309524,0.36785714
304,Cade Horton,CHC,31872,0.2514792899408284,1.102189781,0.170028818,0.435158501,0.39481268,0.08029197,0.0729927,79.0,5.85989049371065,616.0,1189.0,1805.0,0.40517241,0.3362069,0.25862069,0.13793103,0.51724138,0.34482759
305,Hayden Wesneski,2 Tms,27581,0.2586805555555556,1.08370044,0.206375838,0.412751677,0.380872483,0.101321585,0.136563876,93.0,4.1435644346853655,1104.0,2035.0,3139.0,0.44059406,0.32178218,0.23762376,0.16336634,0.4950495,0.34158416
306,Luis Perdomo,SDP,14682,0.33781763826606875,2.490445859,0.194117647,0.575,0.230882352,0.076433121,0.133757961,106.0,4.528481441452851,1296.0,2117.0,3413.0,0.39855072,0.40289855,0.19855072,0.17681159,0.48550725,0.33768116
307,Jaime Barria,LAA,18356,0.27686915887850466,0.853846153,0.198447893,0.3691796,0.432372505,0.12051282,0.138461538,162.0,4.9367949224808685,1870.0,3098.0,4968.0,0.42134213,0.35973597,0.21892189,0.15621562,0.47744774,0.36633663
308,Troy Melton,DET,31807,0.24664879356568364,1.093333333,0.184415584,0.425974025,0.389610389,0.12,0.1,64.0,4.266666847511582,724.0,1331.0,2055.0,0.44329897,0.3556701,0.20103093,0.13659794,0.50515464,0.35824742
309,Tyler Alexander,5 Tms,17735,0.2920245398773006,0.83933518,0.21605667,0.357733175,0.426210153,0.088642659,0.121883656,113.0,3.794776267943236,1449.0,2900.0,4349.0,0.3911525,0.34691502,0.26193248,0.15017462,0.4749709,0.37485448
310,Sal Romano,CIN,13690,0.2973372781065089,1.472727272,0.210449927,0.470246734,0.319303338,0.113636363,0.14090909,116.0,4.781679667796341,1367.0,2309.0,3676.0,0.40793201,0.32719547,0.26487252,0.19546742,0.45184136,0.35269122
311,Yonny Chirinos,3 Tms,16401,0.30606060606060603,1.356828193,0.225759768,0.445730824,0.328509406,0.123348017,0.158590308,111.0,4.433431865099554,1262.0,2274.0,3536.0,0.42672414,0.36350575,0.20977011,0.1566092,0.47988506,0.36350575
312,Shane Smith,CHW,31687,0.27007299270072993,1.042168674,0.202352941,0.407058823,0.390588235,0.060240963,0.108433734,78.0,4.53879329002287,975.0,1669.0,2644.0,0.37850467,0.3364486,0.28504673,0.15420561,0.53504673,0.31074766
313,Ryne Stanek,TBR,15947,0.2553191489361702,0.680412371,0.164102564,0.338461538,0.497435897,0.12371134,0.092783505,65.0,7.048193418957209,501.0,845.0,1346.0,0.43147208,0.31979695,0.24873096,0.15736041,0.42639594,0.41624365
314,Anthony Kay,2 Tms,20387,0.3058161350844278,1.348314606,0.231617647,0.44117647,0.327205882,0.140449438,0.123595505,132.0,6.551470634176245,1210.0,2011.0,3221.0,0.45405405,0.33153153,0.21441441,0.17837838,0.4990991,0.32252252
315,Austin Voth,2 Tms,15047,0.28,0.70539419,0.218631178,0.323193916,0.458174904,0.116182572,0.12033195,98.0,4.936567392546298,1083.0,1904.0,2987.0,0.38636364,0.30492424,0.30871212,0.1780303,0.50757576,0.31439394
316,Aaron Sanchez,5 Tms,11490,0.31981132075471697,1.627272727,0.209662716,0.489516864,0.300820419,0.081818181,0.136363636,202.0,5.244230836555803,2343.0,3638.0,5981.0,0.39764493,0.36413043,0.23822464,0.17481884,0.4701087,0.35507246
317,Gavin Stone,LAD,27792,0.3044397463002114,1.234285714,0.202040816,0.440816326,0.357142857,0.074285714,0.12,104.0,6.012848174481972,847.0,1585.0,2432.0,0.41295547,0.33805668,0.24898785,0.15991903,0.53441296,0.30566802
318,Robert Gasser,MIL,29812,0.26463104325699743,0.842105263,0.224137931,0.354679802,0.421182266,0.152046783,0.105263157,78.0,5.099273913896394,754.0,1482.0,2236.0,0.41605839,0.35036496,0.23357664,0.17518248,0.50851582,0.3163017
319,Kyle Wright,ATL,19665,0.2940379403794038,1.896713615,0.194516971,0.527415143,0.278067885,0.061032863,0.17370892,167.0,5.6292135434655775,1530.0,2749.0,4279.0,0.43281654,0.37080103,0.19638243,0.14082687,0.52583979,0.33333333
320,Bobby Miller,LAD,27483,0.3013972055888224,1.372881355,0.204545454,0.460227272,0.335227272,0.06779661,0.175141242,131.0,6.430909269323433,1133.0,1967.0,3100.0,0.41729323,0.33646617,0.2462406,0.13721805,0.52631579,0.33646617
321,Kwang Hyun Kim,STL,27458,0.25692695214105793,1.417910447,0.203931203,0.466830466,0.329238329,0.104477611,0.104477611,80.0,5.346534754432731,833.0,1380.0,2213.0,0.42579075,0.36982968,0.20437956,0.17761557,0.513382,0.30900243
322,José Suarez,3 Tms,19911,0.30669800235017625,1.052173913,0.208053691,0.406040268,0.38590604,0.113043478,0.153623188,151.0,4.632954731225236,1857.0,3275.0,5132.0,0.43473451,0.33738938,0.22787611,0.14933628,0.49668142,0.3539823
323,Clay Buchholz,3 Tms,3543,0.2935222672064777,1.142105263,0.201960784,0.425490196,0.372549019,0.078947368,0.121052631,90.0,4.919027789298124,836.0,1690.0,2526.0,0.40582524,0.34174757,0.25242718,0.18640777,0.4368932,0.37669903
324,Connor Prielipp,MIN,31857,0.3050314465408805,1.062015503,0.181538461,0.421538461,0.396923076,0.077519379,0.100775193,64.0,4.937142964764033,683.0,1245.0,1928.0,0.35757576,0.38787879,0.25454545,0.13636364,0.52424242,0.33939394
325,Ronel Blanco,HOU,19407,0.22238372093023256,0.869158878,0.173553719,0.38429752,0.44214876,0.115264797,0.14330218,156.0,5.105454687096466,1666.0,2904.0,4570.0,0.48021828,0.31105048,0.20873124,0.16643929,0.51568895,0.31787176
326,Tyler Wells,BAL,20000,0.23738872403560832,0.674931129,0.152022315,0.341701534,0.50627615,0.140495867,0.132231404,123.0,4.4398396797447335,1400.0,2643.0,4043.0,0.41135734,0.3365651,0.25207756,0.1800554,0.50831025,0.31163435
327,Connelly Early,2 Tms,33666,0.28668941979522183,1.06557377,0.168316831,0.429042904,0.402640264,0.081967213,0.122950819,57.0,4.50000015058016,676.0,1210.0,1886.0,0.45454545,0.34090909,0.20454545,0.13311688,0.52597403,0.34090909
328,James Kaprielian,OAK,18331,0.2738927738927739,0.766990291,0.181102362,0.355455568,0.463442069,0.094660194,0.101941747,141.0,4.178924346549568,1872.0,3254.0,5126.0,0.38598443,0.34260289,0.27141268,0.15350389,0.51390434,0.33259177
329,Ervin Santana,3 Tms,3200,0.25067385444743934,0.83898305,0.164313222,0.381258023,0.454428754,0.11299435,0.132768361,155.0,5.463446257531138,1474.0,2523.0,3997.0,0.44923858,0.32994924,0.22081218,0.21446701,0.49238579,0.29314721
330,Zebby Matthews,MIN,31827,0.3176638176638177,0.956666666,0.212080536,0.385234899,0.402684563,0.08,0.156666666,127.0,4.621294038124498,1484.0,2703.0,4187.0,0.42323097,0.32176235,0.25500668,0.13484646,0.48865154,0.376502
331,Matt Waldron,2 Tms,25550,0.2904929577464789,0.929133858,0.172297297,0.398648648,0.429054054,0.137795275,0.118110236,94.0,4.345890723220603,1178.0,2066.0,3244.0,0.39530988,0.39865997,0.20603015,0.17252931,0.52763819,0.2998325
332,Cade Povich,BAL,30055,0.32305194805194803,0.898916967,0.185758513,0.385448916,0.428792569,0.111913357,0.122743682,103.0,4.3183232627392165,1377.0,2359.0,3736.0,0.43538462,0.34,0.22461538,0.17538462,0.50153846,0.32307692
333,Danny Salazar,CLE,5867,0.3392070484581498,1.06741573,0.236514522,0.394190871,0.369294605,0.08988764,0.17977528,58.0,5.151315272349782,631.0,1154.0,1785.0,0.43209877,0.35390947,0.21399177,0.15226337,0.58024691,0.26748971
334,Collin McHugh,3 Tms,7531,0.29283489096573206,0.888888888,0.22960725,0.362537764,0.407854984,0.037037037,0.118518518,59.0,4.499999818155328,719.0,1264.0,1983.0,0.36826347,0.34730539,0.28443114,0.14371257,0.56586826,0.29041916
335,Alec Mills,CHC,13834,0.2980599647266314,1.61878453,0.199324324,0.494932432,0.305743243,0.08839779,0.17679558,98.0,4.5153582809419905,1087.0,1990.0,3077.0,0.4524207,0.35225376,0.19532554,0.16026711,0.52086811,0.31886477
336,Carmen Mlodzinski,PIT,27572,0.3531073446327684,1.27118644,0.259668508,0.41436464,0.32596685,0.110169491,0.084745762,52.0,4.306748831625266,707.0,1220.0,1927.0,0.40220386,0.34435262,0.25344353,0.13774105,0.51239669,0.34986226
337,Ian Seymour,TBR,27932,0.2891566265060241,0.733333333,0.20610687,0.335877862,0.458015267,0.133333333,0.175,69.0,6.048701336159033,513.0,1142.0,1655.0,0.44074074,0.36296296,0.1962963,0.18518519,0.47407407,0.34074074
338,Kumar Rocker,TEX,31843,0.30398671096345514,1.263392857,0.192675159,0.450636942,0.356687898,0.09375,0.133928571,102.0,4.449111703169824,1346.0,2249.0,3595.0,0.4193038,0.40031646,0.18037975,0.13607595,0.47151899,0.39240506
339,Garrett Whitlock,BOS,20191,0.3193548387096774,1.208333333,0.184615384,0.446153846,0.369230769,0.116666666,0.133333333,58.0,4.788990993289457,594.0,1204.0,1798.0,0.40490798,0.32515337,0.26993865,0.15030675,0.50920245,0.3404908
340,Félix Peña,LAA,13403,0.27794561933534745,1.194915254,0.244897959,0.411078717,0.344023323,0.084745762,0.127118644,48.0,3.6404492821661583,691.0,1158.0,1849.0,0.4132948,0.3265896,0.26011561,0.15606936,0.43930636,0.40462428
341,Jaime García,5 Tms,8137,0.30577223088923555,1.695,0.185800604,0.512084592,0.302114803,0.07,0.15,107.0,4.403963255175425,1357.0,2167.0,3524.0,0.47690015,0.31445604,0.20864382,0.18479881,0.47839046,0.33681073
342,Quinn Priester,3 Tms,25977,0.3042071197411003,1.983240223,0.166926677,0.553822152,0.27925117,0.07821229,0.162011173,108.0,4.688103181409877,1265.0,2115.0,3380.0,0.44667697,0.35239567,0.20092736,0.16228748,0.52241113,0.31530139
343,Ryan Borucki,2 Tms,16350,0.3026706231454006,1.35042735,0.193548387,0.463343108,0.343108504,0.085470085,0.076923076,50.0,4.166666666666667,674.0,1105.0,1779.0,0.38150289,0.37861272,0.23988439,0.15028902,0.51734104,0.33236994
344,Kolby Allard,4 Tms,18694,0.2984375,0.981203007,0.213432835,0.389552238,0.397014925,0.105263157,0.139097744,95.0,4.123794408224214,1218.0,2280.0,3498.0,0.39497041,0.35650888,0.24852071,0.14201183,0.49556213,0.36242604
345,Trey Yesavage,TOR,35456,0.23049645390070922,0.776119402,0.176470588,0.359861591,0.46366782,0.111940298,0.089552238,47.0,3.788059787762993,700.0,1158.0,1858.0,0.40816327,0.34013605,0.25170068,0.14285714,0.52040816,0.33673469
346,Tobias Myers,2 Tms,22191,0.2987012987012987,0.907216494,0.221052631,0.370526315,0.408421052,0.118556701,0.118556701,105.0,5.906250070407988,902.0,1692.0,2594.0,0.41237113,0.33402062,0.25360825,0.13402062,0.53402062,0.33195876
347,Brandon Williamson,CIN,25463,0.27442827442827444,0.844748858,0.196819085,0.36779324,0.435387673,0.109589041,0.127853881,93.0,4.952663001374408,1089.0,1796.0,2885.0,0.39292731,0.33202358,0.27504912,0.13948919,0.53045187,0.33005894
348,Gage Jump,ATH,35418,0.3445692883895131,1.0,0.231884057,0.384057971,0.384057971,0.066037735,0.113207547,35.0,3.1925676498559397,623.0,1133.0,1756.0,0.390681,0.38709677,0.22222222,0.12903226,0.48387097,0.38709677
349,Chris Stratton,3 Tms,13761,0.3074581430745814,1.333333333,0.263703703,0.42074074,0.315555555,0.046948356,0.122065727,110.0,4.534350834745321,1384.0,2372.0,3756.0,0.36310395,0.36310395,0.27379209,0.14055637,0.47877013,0.3806735
350,Daniel Mengden,2 Tms,16980,0.253781512605042,0.95510204,0.224919093,0.378640776,0.396440129,0.097959183,0.122448979,119.0,5.501712670171231,1118.0,1997.0,3115.0,0.4416,0.3376,0.2208,0.1616,0.4704,0.368
351,Justus Sheffield,SEA,17285,0.34375,1.634615384,0.217142857,0.485714285,0.297142857,0.076923076,0.134615384,91.0,4.90419172879046,1105.0,1802.0,2907.0,0.44548872,0.31578947,0.2387218,0.13345865,0.5112782,0.35526316
352,Doug Fister,2 Tms,9425,0.29555555555555557,1.896825396,0.216738197,0.512875536,0.270386266,0.103174603,0.158730158,71.0,4.260000216674816,952.0,1574.0,2526.0,0.46170213,0.32340426,0.21489362,0.18085106,0.45106383,0.36808511
353,Albert Suárez,BAL,6175,0.2978142076502732,0.754601226,0.237333333,0.328,0.434666666,0.104294478,0.098159509,54.0,3.888000237304702,788.0,1304.0,2092.0,0.41623037,0.34031414,0.2434555,0.14136126,0.54450262,0.31413613
354,Spencer Arrighetti,2 Tms,29921,0.2893258426966292,0.852664576,0.213049267,0.362183754,0.424766977,0.109717868,0.131661442,119.0,3.8992720161506695,1784.0,2967.0,4751.0,0.46419098,0.30769231,0.22811671,0.15251989,0.53183024,0.31564987
355,Griffin Jax,2 Tms,20253,0.2694736842105263,0.947368421,0.186,0.396,0.418,0.071770334,0.143540669,88.0,4.53435140911722,956.0,1767.0,2723.0,0.42376238,0.34653465,0.22970297,0.13069307,0.4990099,0.37029703
356,Jeremy Hellickson,3 Tms,4371,0.25617977528089886,0.970108695,0.213665943,0.387201735,0.399132321,0.138586956,0.14673913,162.0,4.987457132122924,1689.0,2953.0,4642.0,0.44067797,0.31038136,0.24894068,0.21292373,0.48516949,0.30190678
357,Matt Moore,4 Tms,1890,0.329004329004329,0.914141414,0.202944269,0.380651945,0.416403785,0.106060606,0.121212121,134.0,4.106697237592185,1784.0,3213.0,4997.0,0.36316872,0.38888889,0.24794239,0.15329218,0.47119342,0.3755144
358,David Festa,MIN,30056,0.28214285714285714,0.782945736,0.217687074,0.343537414,0.43877551,0.124031007,0.124031007,43.0,3.561349776597983,643.0,1169.0,1812.0,0.43918919,0.35472973,0.20608108,0.16891892,0.50337838,0.3277027
359,R.A. Dickey,ATL,1245,0.2899305555555556,1.40609137,0.196610169,0.469491525,0.333898305,0.121827411,0.131979695,95.0,4.5,994.0,1930.0,2924.0,0.38372093,0.34385382,0.27242525,0.24252492,0.48504983,0.27242525
360,DJ Herz,WSN,26389,0.2931726907630522,0.801724137,0.186770428,0.361867704,0.451361867,0.103448275,0.120689655,46.0,4.32752624744392,611.0,1104.0,1715.0,0.42366412,0.30916031,0.26717557,0.14122137,0.51526718,0.34351145
361,Dan Straily,2 Tms,9460,0.27899686520376177,0.728285077,0.220883534,0.328313253,0.450803212,0.138084632,0.140311804,198.0,5.282608894778199,2140.0,3766.0,5906.0,0.4127451,0.35294118,0.23431373,0.16960784,0.44705882,0.38333333
362,Ryan Gusto,2 Tms,26440,0.3292181069958848,0.956521739,0.205882352,0.388235294,0.405882352,0.125603864,0.120772946,82.0,4.602910694172094,909.0,1819.0,2728.0,0.36790607,0.38356164,0.24853229,0.17808219,0.48727984,0.33463796
363,Brandon Young,BAL,27819,0.2932692307692308,1.0859375,0.177195685,0.428351309,0.394453004,0.1015625,0.1328125,112.0,4.702955177921466,1243.0,2228.0,3471.0,0.4527439,0.33689024,0.21036585,0.15243902,0.49237805,0.35518293
364,Trent Thornton,2 Tms,17948,0.32805429864253394,0.780748663,0.283870967,0.313978494,0.402150537,0.106951871,0.139037433,91.0,5.376367289514664,1082.0,1706.0,2788.0,0.3974359,0.33547009,0.26709402,0.1965812,0.43376068,0.36965812
365,Osvaldo Bido,2 Tms,23150,0.29508196721311475,0.687861271,0.2335958,0.312335958,0.454068241,0.14450867,0.098265895,74.0,5.257895000753654,805.0,1392.0,2197.0,0.40208877,0.34464752,0.25326371,0.18537859,0.49608355,0.31853786
366,Jake Faria,2 Tms,13699,0.2731707317073171,0.892045454,0.220140515,0.367681498,0.412177985,0.136363636,0.113636363,80.0,4.864865617215793,976.0,1545.0,2521.0,0.40465116,0.31627907,0.27906977,0.16511628,0.50465116,0.33023256
367,Joe Boyle,2 Tms,29608,0.2906574394463668,0.92,0.197324414,0.384615384,0.4180602,0.104,0.088,54.0,4.326409617981772,819.0,1246.0,2065.0,0.33,0.41666667,0.25333333,0.17,0.52333333,0.30666667
368,Wei-Yin Chen,MIA,13071,0.27906976744186046,0.859903381,0.199584199,0.37006237,0.43035343,0.115942028,0.106280193,82.0,4.60291074892899,939.0,1706.0,2645.0,0.39271255,0.32995951,0.27732794,0.17813765,0.50607287,0.31578947
369,Rafael Montero,NYM,12760,0.35815602836879434,1.483516483,0.195729537,0.480427046,0.323843416,0.142857142,0.098901098,44.0,4.139372602223647,651.0,1098.0,1749.0,0.37113402,0.35738832,0.27147766,0.23024055,0.5257732,0.24398625
370,Keegan Akin,BAL,19362,0.3300653594771242,0.804347826,0.224299065,0.345794392,0.429906542,0.101449275,0.137681159,44.0,3.655384883542052,727.0,1354.0,2081.0,0.40615385,0.28615385,0.30769231,0.14461538,0.52615385,0.32923077
371,Tommy Milone,7 Tms,7608,0.33962264150943394,0.818681318,0.256179775,0.33483146,0.408988764,0.104395604,0.164835164,95.0,6.165866006562582,835.0,1582.0,2417.0,0.45814978,0.30837004,0.23348018,0.15859031,0.48017621,0.36123348
372,Luis Ortiz,2 Tms,27646,0.2628032345013477,1.230496453,0.191516709,0.446015424,0.362467866,0.063829787,0.134751773,92.0,3.132408657907376,1596.0,2765.0,4361.0,0.40128205,0.35897436,0.23974359,0.14102564,0.52051282,0.33846154
373,John Gant,2 Tms,13684,0.27060931899641577,1.511494252,0.223801065,0.467140319,0.309058614,0.091954022,0.103448275,78.0,3.60000045776373,1285.0,2073.0,3358.0,0.44965278,0.30208333,0.24826389,0.15277778,0.48611111,0.36111111
374,Tyler Chatwood,2 Tms,4338,0.29403973509933773,2.167539267,0.212239583,0.5390625,0.248697916,0.062827225,0.167539267,139.0,4.571254833099167,2026.0,2764.0,4790.0,0.39008895,0.36086404,0.24904701,0.19440915,0.5133418,0.29224905
375,Emerson Hancock,SEA,27470,0.2779740871613663,1.042253521,0.189944134,0.413407821,0.396648044,0.098591549,0.135211267,169.0,5.197039040491832,1624.0,3054.0,4678.0,0.37123746,0.36231884,0.2664437,0.15607581,0.52619844,0.31772575
376,Wade LeBlanc,3 Tms,5221,0.2912234042553192,0.868098159,0.228136882,0.358681875,0.413181242,0.079754601,0.138036809,143.0,5.260218776455209,1388.0,2481.0,3869.0,0.44165621,0.31994981,0.23839398,0.16938519,0.50690088,0.32371393
377,Justin Wrobleski,LAD,31204,0.26229508196721313,0.912844036,0.188715953,0.387159533,0.424124513,0.087155963,0.14678899,113.0,5.994106314987239,888.0,1755.0,2643.0,0.33846154,0.4,0.26153846,0.14038462,0.45961538,0.4
378,Joey Wentz,2 Tms,19962,0.32899628252788105,0.905172413,0.212121212,0.37433155,0.413547237,0.081896551,0.11637931,84.0,4.344827871969017,1168.0,2018.0,3186.0,0.42831858,0.32920354,0.24247788,0.1380531,0.51504425,0.34690265
379,Caleb Smith,3 Tms,14875,0.25523560209424084,0.521226415,0.202719406,0.273176761,0.524103831,0.141509433,0.148584905,146.0,4.270855939961045,2030.0,3533.0,5563.0,0.41646489,0.30145278,0.28208232,0.1779661,0.45883777,0.36319613
380,Hunter Dobbins,2 Tms,30240,0.2899628252788104,1.423913043,0.197841726,0.471223021,0.330935251,0.097826086,0.108695652,62.0,6.0,574.0,954.0,1528.0,0.39426523,0.31899642,0.28673835,0.15770609,0.5125448,0.3297491
381,Josh Tomlin,2 Tms,9388,0.3216995447647951,0.904255319,0.228448275,0.36637931,0.405172413,0.078014184,0.159574468,126.0,5.451922626978584,1039.0,2139.0,3178.0,0.44176136,0.36789773,0.19034091,0.14630682,0.47017045,0.38352273
382,Ty Blach,3 Tms,14361,0.32181069958847736,1.401515151,0.231204527,0.448666127,0.320129345,0.068181818,0.141414141,182.0,4.562674288637561,2015.0,3695.0,5710.0,0.37450826,0.35247836,0.27301338,0.15263572,0.48937844,0.35798584
383,Shawn Armstrong,2 Tms,12857,0.29069767441860467,2.173913043,0.170454545,0.568181818,0.261363636,0.173913043,0.086956521,19.0,4.794392608827834,175.0,376.0,551.0,0.38636364,0.35227273,0.26136364,0.11363636,0.60227273,0.28409091
384,Adrian Sampson,2 Tms,13339,0.2971768202080238,0.986159169,0.192686357,0.400843881,0.40646976,0.083044982,0.152249134,97.0,3.8973215944989064,1327.0,2271.0,3598.0,0.42538354,0.35425384,0.22036262,0.14086471,0.48814505,0.37099024
385,Dereck Rodríguez,SFG,14509,0.2649122807017544,1.138095238,0.229845626,0.409948542,0.360205831,0.109523809,0.128571428,81.0,3.8301223872398262,1123.0,1919.0,3042.0,0.40033501,0.33500838,0.26465662,0.13065327,0.46566164,0.40368509
386,Francisco Liriano,2 Tms,3201,0.30097087378640774,1.404761904,0.205974842,0.463836477,0.330188679,0.071428571,0.142857142,119.0,4.996889698672606,1545.0,2183.0,3728.0,0.40740741,0.32561728,0.26697531,0.16666667,0.50771605,0.32561728
387,Cooper Criswell,3 Tms,24975,0.3003533568904594,1.610526315,0.153583617,0.5221843,0.324232081,0.084210526,0.115789473,58.0,5.400000035516147,596.0,1060.0,1656.0,0.4829932,0.32312925,0.19387755,0.15986395,0.48979592,0.35034014
388,Sixto Sánchez,MIA,19680,0.3173076923076923,1.866666666,0.184834123,0.530805687,0.284360189,0.1,0.083333333,35.0,4.678217910128639,355.0,692.0,1047.0,0.43192488,0.30046948,0.26760563,0.19248826,0.50704225,0.30046948
389,Roansy Contreras,2 Tms,22810,0.2958057395143488,0.837438423,0.206382978,0.361702127,0.431914893,0.103448275,0.098522167,55.0,3.249453103230283,924.0,1642.0,2566.0,0.46088795,0.31078224,0.22832981,0.13530655,0.50739958,0.35729387
390,Mitch White,2 Tms,19225,0.3141891891891892,1.231481481,0.204620462,0.438943894,0.356435643,0.101851851,0.101851851,43.0,4.0452964764167,586.0,1071.0,1657.0,0.38110749,0.36807818,0.25081433,0.16938111,0.51140065,0.31921824
391,Daniel Lynch IV,KCR,21537,0.3070452155625657,1.022959183,0.200604838,0.40423387,0.39516129,0.079081632,0.132653061,154.0,4.466165706329884,2027.0,3420.0,5447.0,0.41176471,0.3449651,0.24327019,0.13758724,0.49451645,0.36789631
392,Miguel González,2 Tms,7024,0.29891304347826086,0.845528455,0.204903677,0.364273204,0.430823117,0.081300813,0.105691056,96.0,5.132672840840548,979.0,1810.0,2789.0,0.43079585,0.3183391,0.25086505,0.16262976,0.51038062,0.32698962
393,Adalberto Mejía,MIN,13188,0.3137254901960784,1.0,0.229508196,0.385245901,0.385245901,0.09929078,0.09929078,71.0,5.446021812467812,769.0,1301.0,2070.0,0.39892183,0.35579515,0.24528302,0.20485175,0.48787062,0.30727763
394,Huascar Ynoa,ATL,20468,0.2961672473867596,1.615384615,0.209302325,0.488372093,0.302325581,0.043956043,0.197802197,58.0,4.774390549300915,665.0,1191.0,1856.0,0.38688525,0.40655738,0.20655738,0.13770492,0.52786885,0.33442623
395,Brad Lord,WSN,31972,0.2953020134228188,1.44117647,0.194174757,0.475728155,0.330097087,0.088235294,0.137254901,36.0,3.1254020059322345,612.0,1109.0,1721.0,0.33653846,0.35897436,0.30448718,0.17628205,0.5,0.32371795
396,Jesse Hahn,OAK,13287,0.32682926829268294,1.620689655,0.25490196,0.460784313,0.284313725,0.086206896,0.068965517,30.0,4.240837357539044,441.0,690.0,1131.0,0.375,0.34134615,0.28365385,0.19230769,0.50480769,0.30288462
397,James Shields,CHW,7059,0.2635574837310195,0.845238095,0.204312114,0.364476386,0.431211498,0.095238095,0.145238095,172.0,4.82242979192455,2063.0,3231.0,5294.0,0.45676501,0.34181078,0.20142421,0.17090539,0.49440488,0.33468973
398,Matt Wisler,4 Tms,12804,0.22950819672131148,0.402985074,0.248,0.216,0.536,0.134328358,0.059701492,30.0,5.547945277957985,260.0,482.0,742.0,0.33333333,0.38095238,0.28571429,0.1984127,0.46825397,0.33333333
399,Ariel Jurado,2 Tms,17030,0.3254310344827586,1.54109589,0.228690228,0.467775467,0.303534303,0.130136986,0.164383561,91.0,5.934782116534845,857.0,1464.0,2321.0,0.44057377,0.32991803,0.2295082,0.125,0.43852459,0.43647541
400,J.P. France,HOU,21212,0.2939958592132505,1.024875621,0.195652173,0.407114624,0.397233201,0.069651741,0.119402985,90.0,5.115789514768817,997.0,1605.0,2602.0,0.3964497,0.35897436,0.24457594,0.14398422,0.55226824,0.30374753
401,Ian Kennedy,KCR,6986,0.27564102564102566,0.718421052,0.207524271,0.331310679,0.461165048,0.081578947,0.142105263,119.0,3.885126678199137,1714.0,3021.0,4735.0,0.38369305,0.33453237,0.28177458,0.14028777,0.45443645,0.40527578
402,Matt Shoemaker,3 Tms,4776,0.26411960132890366,1.121951219,0.174050632,0.43670886,0.389240506,0.081300813,0.162601626,140.0,5.815384734836559,1253.0,2248.0,3501.0,0.4859375,0.3125,0.2015625,0.1484375,0.490625,0.3609375
403,Shane Drohan,MIL,27814,0.3333333333333333,0.952830188,0.218867924,0.381132075,0.4,0.066037735,0.122641509,73.0,6.98936170212766,557.0,984.0,1541.0,0.39483395,0.35424354,0.25092251,0.12546125,0.4797048,0.39483395
404,Jordan Hicks,3 Tms,19618,0.3154639175257732,1.913669064,0.188376753,0.533066132,0.278557114,0.057553956,0.122302158,78.0,4.081395484615886,1198.0,1855.0,3053.0,0.39840637,0.37848606,0.22310757,0.14940239,0.53386454,0.31673307
405,Zach Thompson,2 Tms,16094,0.28225806451612906,1.263736263,0.2,0.446601941,0.353398058,0.12087912,0.137362637,52.0,2.8192772380083033,1006.0,1744.0,2750.0,0.44337812,0.31477927,0.24184261,0.17850288,0.49904031,0.32245681
406,Asher Wojciechowski,3 Tms,10836,0.3023255813953488,0.593886462,0.20131291,0.297592997,0.501094091,0.144104803,0.161572052,76.0,4.490153322788408,996.0,1744.0,2740.0,0.44612069,0.32112069,0.23275862,0.16163793,0.4762931,0.36206897
407,Trevor McDonald,SFG,26448,0.2886178861788618,2.209677419,0.207171314,0.545816733,0.247011952,0.064516129,0.129032258,35.0,3.7800002307129046,470.0,847.0,1317.0,0.41106719,0.3715415,0.2173913,0.14624506,0.49011858,0.36363636
408,Jeff Hoffman,2 Tms,17432,0.3006535947712418,0.97265625,0.2109375,0.3890625,0.4,0.08203125,0.15625,140.0,5.9904915439748265,1370.0,2280.0,3650.0,0.37730061,0.35276074,0.26993865,0.1702454,0.47546012,0.35429448
409,Luiz Gohara,ATL,15166,0.3695652173913043,0.825,0.197802197,0.362637362,0.439560439,0.125,0.05,19.0,5.130000489234971,166.0,344.0,510.0,0.32978723,0.40425532,0.26595745,0.21276596,0.46808511,0.31914894
410,Spenser Watkins,2 Tms,17489,0.3025210084033613,1.065217391,0.227642276,0.398373983,0.373983739,0.086956521,0.114130434,60.0,3.7155965334557903,863.0,1510.0,2373.0,0.45070423,0.2917505,0.25754527,0.13480885,0.53722334,0.32796781
411,Jerad Eickhoff,3 Tms,12664,0.3102310231023102,0.846441947,0.221169036,0.357030015,0.421800947,0.08988764,0.15730337,94.0,4.106795988171434,1299.0,2157.0,3456.0,0.46296296,0.32407407,0.21296296,0.15895062,0.46296296,0.37808642
412,Gabriel Hughes,COL,31614,0.32065217391304346,1.086956521,0.225806451,0.403225806,0.370967741,0.101449275,0.101449275,26.0,3.8360655737704916,396.0,694.0,1090.0,0.43455497,0.33507853,0.23036649,0.12565445,0.56020942,0.31413613
413,Joe Biagini,TOR,13194,0.32456140350877194,1.989583333,0.182336182,0.544159544,0.273504273,0.072916666,0.15625,32.0,2.7000001126527833,652.0,1170.0,1822.0,0.43697479,0.33333333,0.22969188,0.17647059,0.50140056,0.32212885
414,Andrew Painter,PHI,30091,0.30654761904761907,1.057553956,0.1875,0.417613636,0.394886363,0.100719424,0.143884892,50.0,3.857142941221901,693.0,1276.0,1969.0,0.42977528,0.32865169,0.24157303,0.18820225,0.46629213,0.34550562
415,Ryan Bergert,2 Tms,29863,0.26666666666666666,0.627659574,0.23880597,0.293532338,0.467661691,0.053191489,0.085106382,29.0,3.6082951846000695,469.0,792.0,1261.0,0.38423645,0.33004926,0.28571429,0.09852217,0.61083744,0.29064039
416,Josiah Gray,2 Tms,24580,0.27680311890838205,0.748514851,0.190650779,0.346471127,0.462878093,0.136633663,0.154455445,198.0,4.656794583696586,2577.0,4146.0,6723.0,0.43245694,0.3118767,0.25566636,0.21124207,0.47325476,0.31550317
417,Mike Burrows,2 Tms,24728,0.306640625,0.995433789,0.195211786,0.401473296,0.403314917,0.0913242,0.150684931,90.0,4.491682196927229,1042.0,1913.0,2955.0,0.4587156,0.30458716,0.23669725,0.15045872,0.51009174,0.33944954
418,Blaine Hardy,DET,6499,0.2780487804878049,1.058139534,0.16113744,0.43127962,0.407582938,0.093023255,0.104651162,29.0,3.857143436998405,370.0,686.0,1056.0,0.44859813,0.3271028,0.22429907,0.18691589,0.44392523,0.36915888
419,Andrew Suárez,SFG,18300,0.3024193548387097,1.835714285,0.226120857,0.500974658,0.272904483,0.064285714,0.185714285,72.0,3.8043053973563477,958.0,1713.0,2671.0,0.41762452,0.34482759,0.23754789,0.16858238,0.41762452,0.4137931
420,Brandon Sproat,2 Tms,33850,0.29285714285714287,1.284313725,0.210169491,0.444067796,0.345762711,0.117647058,0.156862745,58.0,4.788991077090154,701.0,1175.0,1876.0,0.40540541,0.35472973,0.23986486,0.14189189,0.51351351,0.34459459
421,José Buttó,NYM,23313,0.2548076923076923,0.988505747,0.191588785,0.401869158,0.406542056,0.149425287,0.091954022,25.0,2.848101265822785,577.0,800.0,1377.0,0.40740741,0.37037037,0.22222222,0.16666667,0.52314815,0.31018519
422,Yariel Rodríguez,TOR,33838,0.27705627705627706,0.891089108,0.207468879,0.373443983,0.419087136,0.158415841,0.118811881,36.0,3.695817597706656,585.0,946.0,1531.0,0.39669421,0.33884298,0.26446281,0.18181818,0.54132231,0.2768595
423,Jonah Tong,NYM,32157,0.34951456310679613,1.0,0.207547169,0.396226415,0.396226415,0.095238095,0.095238095,29.0,6.635593434854069,266.0,458.0,724.0,0.3271028,0.43925234,0.23364486,0.12149533,0.54205607,0.3364486
424,Mitch Spence,2 Tms,27707,0.32136105860113423,1.287878787,0.185251798,0.458633093,0.356115107,0.095959595,0.151515151,67.0,3.5680474983552783,978.0,1810.0,2788.0,0.48028674,0.32437276,0.1953405,0.12903226,0.55376344,0.3172043
425,Wilmer Font,3 Tms,5257,0.2553191489361702,0.782608695,0.168918918,0.364864864,0.466216216,0.130434782,0.115942028,21.0,3.395209968613718,355.0,628.0,983.0,0.39597315,0.32885906,0.27516779,0.16778523,0.46308725,0.36912752
426,Alex Meyer,LAA,12833,0.2545454545454545,1.490566037,0.223529411,0.464705882,0.311764705,0.113207547,0.113207547,33.0,4.410891422301296,480.0,689.0,1169.0,0.40935673,0.35087719,0.23976608,0.19298246,0.47368421,0.33333333
427,Deivi García,NYY,20276,0.288,0.640625,0.198473282,0.312977099,0.488549618,0.203125,0.109375,39.0,8.226561335439493,235.0,450.0,685.0,0.40909091,0.29545455,0.29545455,0.17424242,0.52272727,0.3030303
428,Jacob Latz,TEX,21306,0.2231404958677686,0.8,0.22047244,0.346456692,0.433070866,0.145454545,0.109090909,28.0,5.21379344636282,281.0,493.0,774.0,0.40944882,0.35433071,0.23622047,0.13385827,0.46456693,0.4015748
429,Robbie Erlin,2 Tms,10354,0.3346774193548387,1.031914893,0.262548262,0.374517374,0.362934362,0.127659574,0.138297872,32.0,3.7894737793137847,448.0,811.0,1259.0,0.40229885,0.37931034,0.2183908,0.18390805,0.40996169,0.40613027
430,Robert Stephenson,CIN,13594,0.29473684210526313,0.958904109,0.235294117,0.37433155,0.390374331,0.06849315,0.08219178,36.0,4.718446383501887,485.0,715.0,1200.0,0.40306122,0.40306122,0.19387755,0.12755102,0.47959184,0.39285714
431,Luis Medina,OAK,21649,0.30684931506849317,1.269230769,0.217506631,0.437665782,0.344827586,0.1,0.107692307,50.0,3.6388141751863654,847.0,1363.0,2210.0,0.39313984,0.31134565,0.29551451,0.15831135,0.49076517,0.35092348
432,Daniel Ponce de Leon,STL,16110,0.2606837606837607,0.776785714,0.187755102,0.35510204,0.457142857,0.080357142,0.125,44.0,4.273381104387124,673.0,1124.0,1797.0,0.375,0.33467742,0.29032258,0.15322581,0.51209677,0.33467742
433,Jacob Waguespack,3 Tms,18318,0.28502415458937197,1.048780487,0.222222222,0.398148148,0.379629629,0.097560975,0.109756097,31.0,3.948113509474744,456.0,752.0,1208.0,0.44907407,0.34722222,0.2037037,0.18055556,0.43981481,0.37962963
434,Bartolo Colon,3 Tms,375,0.30801248699271594,1.128686327,0.211519364,0.418073485,0.370407149,0.088471849,0.155495978,158.0,5.0365995824028085,1467.0,2957.0,4424.0,0.40431796,0.35525025,0.2404318,0.16584887,0.437684,0.39646712
435,Quinn Mathews,STL,33851,0.30935251798561153,1.075471698,0.214285714,0.407142857,0.378571428,0.113207547,0.094339622,15.0,2.736486557019377,331.0,536.0,867.0,0.4375,0.29861111,0.26388889,0.13888889,0.52777778,0.33333333
436,David Sandlin,CHW,31743,0.27380952380952384,1.29032258,0.183908045,0.459770114,0.356321839,0.129032258,0.096774193,48.0,13.642105537055278,166.0,295.0,461.0,0.42528736,0.35632184,0.2183908,0.17241379,0.49425287,0.33333333
437,Brandon Walter,HOU,26056,0.2517482517482518,1.259259259,0.197368421,0.447368421,0.355263157,0.129629629,0.185185185,18.0,3.0186336834183063,268.0,547.0,815.0,0.50980392,0.26143791,0.22875817,0.23529412,0.46405229,0.30065359
438,Matt Garza,MIL,3340,0.29014084507042254,1.074074074,0.217877094,0.405027932,0.377094972,0.111111111,0.125925925,62.0,4.982143196524429,697.0,1183.0,1880.0,0.38709677,0.3172043,0.29569892,0.16397849,0.50268817,0.33333333
439,Austin Pruitt,2 Tms,15290,0.24120603015075376,1.142857142,0.134615384,0.461538461,0.403846153,0.13095238,0.13095238,30.0,3.970588458038131,339.0,701.0,1040.0,0.40952381,0.34285714,0.24761905,0.18095238,0.44761905,0.37142857
440,Scott Feldman,CIN,6283,0.2996845425867508,1.418367346,0.27076923,0.427692307,0.301538461,0.091836734,0.214285714,68.0,5.497005485762592,718.0,1191.0,1909.0,0.39465875,0.33234421,0.27299703,0.20474777,0.46587537,0.32937685
441,Jonathan Cannon,CHW,31730,0.2936241610738255,0.900383141,0.210191082,0.374203821,0.415605095,0.111111111,0.134099616,83.0,3.7790895705373715,1252.0,2084.0,3336.0,0.41335453,0.37519873,0.21144674,0.16534181,0.51351351,0.32114467
442,Jorge López,2 Tms,14527,0.3249370277078086,1.45522388,0.216666666,0.464285714,0.319047619,0.044776119,0.190298507,161.0,5.509505783334968,1724.0,2820.0,4544.0,0.42248521,0.32307692,0.25443787,0.13964497,0.48047337,0.37988166
443,Josh Lindblom,MIL,7882,0.32727272727272727,0.659574468,0.32173913,0.269565217,0.408695652,0.127659574,0.127659574,14.0,2.907692648983606,295.0,473.0,768.0,0.53448276,0.24137931,0.22413793,0.18965517,0.51724138,0.29310345
444,Tyson Ross,4 Tms,7872,0.28338762214983715,1.575268817,0.246855345,0.460691823,0.29245283,0.069892473,0.155913978,99.0,4.22943035421836,1463.0,2221.0,3684.0,0.43613707,0.32866044,0.23520249,0.18068536,0.45482866,0.36448598
445,Kendall Graveman,2 Tms,15514,0.3150984682713348,1.696551724,0.180293501,0.51572327,0.303983228,0.048275862,0.158620689,90.0,5.4606744147629405,969.0,1522.0,2491.0,0.42291667,0.35833333,0.21875,0.16458333,0.52708333,0.30833333
446,Randall Delgado,ARI,5985,0.3382352941176471,1.823529411,0.294117647,0.455882352,0.25,0.176470588,0.117647058,8.0,2.88,153.0,260.0,413.0,0.4,0.31428571,0.28571429,0.3,0.47142857,0.22857143
447,Andrew Triggs,2 Tms,13533,0.2848297213622291,1.426086956,0.172106824,0.486646884,0.34124629,0.060869565,0.147826086,58.0,4.716867253091318,749.0,1144.0,1893.0,0.4,0.35294118,0.24705882,0.15,0.52352941,0.32647059
448,Aaron Ashby,MIL,23550,0.3006535947712418,2.08045977,0.157232704,0.569182389,0.273584905,0.045977011,0.206896551,49.0,3.9142015037080764,723.0,1256.0,1979.0,0.41666667,0.34567901,0.23765432,0.15123457,0.55246914,0.2962963
449,Alex Faedo,DET,19874,0.28034682080924855,0.75609756,0.20661157,0.341597796,0.451790633,0.115853658,0.115853658,40.0,2.983425571558914,777.0,1336.0,2113.0,0.43287671,0.34246575,0.22465753,0.13972603,0.52054795,0.33972603
450,Lake Bachar,2 Tms,19222,0.2727272727272727,1.12,0.184615384,0.43076923,0.384615384,0.2,0.04,12.0,4.000000423855297,190.0,292.0,482.0,0.47761194,0.28358209,0.23880597,0.17910448,0.50746269,0.31343284
451,Chad Bettis,COL,10587,0.2944550669216061,1.604790419,0.189944134,0.499068901,0.310986964,0.041916167,0.161676646,96.0,5.122529258085013,1027.0,1683.0,2710.0,0.44909091,0.31090909,0.24,0.18545455,0.48363636,0.33090909
452,Zac Thornton,NYM,33891,0.26778242677824265,0.920792079,0.224,0.372,0.404,0.06930693,0.138613861,49.0,5.229249327241156,410.0,849.0,1259.0,0.39130435,0.39525692,0.21343874,0.13043478,0.51383399,0.35573123
453,JC Ramírez,LAA,8302,0.2863636363636364,1.624113475,0.192139737,0.5,0.307860262,0.070921985,0.163120567,61.0,3.6845634282266504,868.0,1485.0,2353.0,0.39524838,0.35421166,0.25053996,0.16414687,0.47300216,0.36285097
454,Joan Adon,WSN,22925,0.34324324324324323,1.382113821,0.226912928,0.448548812,0.324538258,0.073170731,0.121951219,52.0,3.8784532123737034,852.0,1355.0,2207.0,0.43636364,0.31688312,0.24675325,0.16103896,0.48831169,0.35064935
455,Brendan McKay,TBR,20186,0.33076923076923076,0.827586206,0.220588235,0.352941176,0.426470588,0.086206896,0.137931034,26.0,5.014286397428021,281.0,554.0,835.0,0.29710145,0.39130435,0.3115942,0.13768116,0.44202899,0.42028986
456,Wily Peralta,2 Tms,7738,0.2762836185819071,1.503649635,0.189125295,0.486997635,0.323877068,0.116788321,0.145985401,88.0,5.8957821957971275,921.0,1393.0,2314.0,0.44859813,0.29205607,0.25934579,0.15654206,0.51168224,0.3317757
457,Jordan Yamamoto,2 Tms,17585,0.26180257510729615,0.741071428,0.213709677,0.334677419,0.451612903,0.0625,0.133928571,50.0,4.927007367865115,614.0,1012.0,1626.0,0.43145161,0.34274194,0.22580645,0.18145161,0.35483871,0.46370968
458,Hunter Wood,TBR,15091,0.4583333333333333,1.909090909,0.304347826,0.456521739,0.239130434,0.09090909,0.0,3.0,1.588234403142142,120.0,197.0,317.0,0.39583333,0.47916667,0.125,0.27083333,0.4375,0.29166667
459,Nick Margevicius,2 Tms,20395,0.31125827814569534,1.153153153,0.231511254,0.411575562,0.356913183,0.108108108,0.144144144,42.0,3.8969071781816464,619.0,1053.0,1672.0,0.43081761,0.32075472,0.24842767,0.16666667,0.46226415,0.37106918
460,Jesse Chavez,3 Tms,5448,0.2866666666666667,1.01081081,0.223382045,0.390396659,0.386221294,0.07027027,0.156756756,78.0,4.568329566795711,958.0,1582.0,2540.0,0.35490605,0.3611691,0.28392484,0.14613779,0.48434238,0.36951983
461,Roki Sasaki,LAD,35323,0.2679425837320574,1.069767441,0.198198198,0.414414414,0.387387387,0.104651162,0.162790697,94.0,5.505423221274652,982.0,1669.0,2651.0,0.38116592,0.367713,0.25112108,0.1367713,0.52690583,0.33632287
462,Jonathan Loáisiga,NYY,19753,0.3333333333333333,1.961538461,0.259615384,0.490384615,0.25,0.076923076,0.192307692,11.0,2.5826089098232856,268.0,474.0,742.0,0.39423077,0.33653846,0.26923077,0.17307692,0.45192308,0.375
463,Eddie Butler,CHC,13453,0.2716049382716049,1.333333333,0.222222222,0.444444444,0.333333333,0.129629629,0.055555555,23.0,4.032467033031137,343.0,532.0,875.0,0.46666667,0.33333333,0.2,0.20606061,0.47272727,0.32121212
464,Mason Miller,OAK,31757,0.26666666666666666,0.387096774,0.283333333,0.2,0.516666666,0.129032258,0.032258064,6.0,2.2191781981574383,177.0,268.0,445.0,0.21311475,0.40983607,0.37704918,0.14754098,0.55737705,0.29508197
465,Kade Anderson,SEA,37238,0.3069306930693069,1.135135135,0.240384615,0.403846153,0.35576923,0.108108108,0.108108108,17.0,4.289719932037063,176.0,365.0,541.0,0.48571429,0.3047619,0.20952381,0.12380952,0.52380952,0.35238095
466,Buck Farmer,2 Tms,14814,0.32894736842105265,0.726027397,0.2125,0.33125,0.45625,0.09589041,0.123287671,25.0,4.1411045549361925,378.0,626.0,1004.0,0.40993789,0.30434783,0.28571429,0.16149068,0.55279503,0.28571429
467,Fernando Romero,MIN,15885,0.3176470588235294,1.481481481,0.225433526,0.462427745,0.312138728,0.148148148,0.111111111,23.0,3.718562534486459,359.0,602.0,961.0,0.32954545,0.41477273,0.25568182,0.15340909,0.4375,0.40909091
468,Jack Perkins,ATH,31468,0.3258426966292135,0.806451612,0.214035087,0.350877192,0.435087719,0.088709677,0.169354838,48.0,4.305648058800583,651.0,1109.0,1760.0,0.38541667,0.375,0.23958333,0.17361111,0.48611111,0.34027778
469,Roenis Elías,SEA,12673,0.3333333333333333,0.6,0.272727272,0.272727272,0.454545454,0.2,0.0,7.0,4.108693948540917,95.0,180.0,275.0,0.37777778,0.46666667,0.15555556,0.17777778,0.48888889,0.33333333
470,Alec Marsh,KCR,27451,0.29705215419501135,0.843434343,0.22008547,0.356837606,0.423076923,0.09090909,0.161616161,89.0,4.904081899904316,1017.0,1799.0,2816.0,0.43432203,0.33898305,0.22669492,0.16101695,0.5,0.33898305
471,Diego Castillo,TBR,17496,0.3076923076923077,1.458333333,0.144927536,0.507246376,0.347826086,0.166666666,0.166666666,23.0,8.506847092394086,118.0,261.0,379.0,0.39130435,0.34782609,0.26086957,0.2173913,0.43478261,0.34782609
472,Edinson Volquez,2 Tms,3990,0.2912280701754386,1.428571428,0.224561403,0.45614035,0.319298245,0.076923076,0.12087912,56.0,4.957376429151138,689.0,1044.0,1733.0,0.4222973,0.36824324,0.20945946,0.18243243,0.45945946,0.35810811
473,Ricky Nolasco,LAA,3830,0.3102189781021898,1.026785714,0.207678883,0.40139616,0.390924956,0.080357142,0.15625,68.0,3.3812151845676834,1195.0,1896.0,3091.0,0.47594502,0.30756014,0.21649485,0.15120275,0.47250859,0.37628866
474,Brady Basso,OAK,25582,0.36153846153846153,1.1875,0.210526315,0.428571428,0.360902255,0.104166666,0.083333333,11.0,2.675675882572165,230.0,404.0,634.0,0.36567164,0.3880597,0.24626866,0.11940299,0.50746269,0.37313433
475,Junior Guerra,2 Tms,5702,0.29484902309058614,1.008771929,0.217094017,0.393162393,0.389743589,0.118421052,0.153508771,89.0,4.0050003055572745,1322.0,2074.0,3396.0,0.40368509,0.35008375,0.24623116,0.17252931,0.46231156,0.36515913
476,Odrisamer Despaigne,3 Tms,16017,0.3333333333333333,1.043956043,0.292775665,0.36121673,0.346007604,0.076923076,0.087912087,39.0,4.638766324939546,527.0,823.0,1350.0,0.35714286,0.39473684,0.2481203,0.16541353,0.47368421,0.36090226
477,Drew Anderson,3 Tms,15130,0.27672955974842767,1.322033898,0.164634146,0.475609756,0.359756097,0.084745762,0.118644067,28.0,4.295454731657493,335.0,626.0,961.0,0.44578313,0.3313253,0.22289157,0.13855422,0.5,0.36144578
478,Devin Smeltzer,2 Tms,19487,0.2532894736842105,0.791666666,0.18095238,0.361904761,0.457142857,0.118055555,0.118055555,55.0,4.868853037525913,555.0,1030.0,1585.0,0.44548287,0.32087227,0.23364486,0.14953271,0.4953271,0.35514019
479,Glenn Otto Jr.,TEX,21366,0.2813186813186813,1.214285714,0.210191082,0.433121019,0.356687898,0.136904761,0.136904761,81.0,4.5849059903778935,1008.0,1669.0,2677.0,0.44654088,0.32914046,0.22431866,0.15303983,0.52201258,0.32494759
480,Jackson Jobe,DET,30203,0.2713178294573643,1.207920792,0.174074074,0.451851851,0.374074074,0.06930693,0.138613861,71.0,6.726315789473684,630.0,1018.0,1648.0,0.48161765,0.30514706,0.21323529,0.13602941,0.52573529,0.33823529
481,Matt Cain,SFG,4732,0.32592592592592595,1.228571428,0.240875912,0.418491484,0.340632603,0.092857142,0.114285714,44.0,3.3184361077885236,731.0,1230.0,1961.0,0.44285714,0.36428571,0.19285714,0.16666667,0.51666667,0.31666667
482,Mick Abel,2 Tms,27756,0.2971014492753623,0.793650793,0.215277777,0.347222222,0.4375,0.079365079,0.126984126,24.0,4.235294117647059,291.0,575.0,866.0,0.41780822,0.37671233,0.20547945,0.13013699,0.46575342,0.40410959
483,Nate Karns,2 Tms,12638,0.2833333333333333,1.382978723,0.125,0.5078125,0.3671875,0.021276595,0.191489361,24.0,4.438355700521004,288.0,499.0,787.0,0.41085271,0.34883721,0.24031008,0.24031008,0.4496124,0.31007752
484,Michael Kopech,CHW,17282,0.24639769452449567,0.74715909,0.168918918,0.355405405,0.475675675,0.107954545,0.139204545,133.0,4.363305153681471,1910.0,2928.0,4838.0,0.41453567,0.34185734,0.243607,0.15881561,0.51547779,0.32570659
485,Drey Jameson,ARI,26260,0.29213483146067415,2.217391304,0.195652173,0.554347826,0.25,0.130434782,0.130434782,28.0,7.636364077733593,200.0,337.0,537.0,0.45652174,0.33695652,0.20652174,0.17391304,0.45652174,0.36956522
486,Carlos Hernández,KCR,22713,0.3069620253164557,1.031496062,0.211009174,0.40061162,0.388379204,0.070866141,0.102362204,63.0,5.487096639150887,690.0,1070.0,1760.0,0.40425532,0.32826748,0.2674772,0.14893617,0.49240122,0.35866261
487,Connor Overton,2 Tms,18376,0.30708661417322836,1.019607843,0.219696969,0.393939393,0.386363636,0.098039215,0.098039215,22.0,4.677165705550615,248.0,438.0,686.0,0.43181818,0.37878788,0.18939394,0.12878788,0.56060606,0.31060606
488,Parker Bridwell,LAA,11502,0.25761772853185594,0.923566878,0.205263157,0.381578947,0.413157894,0.127388535,0.140127388,71.0,5.369747979847543,626.0,1113.0,1739.0,0.39164491,0.34203655,0.26631854,0.15926893,0.50391645,0.33681462
489,Ryan Merritt,CLE,13688,0.33783783783783783,2.666666666,0.256756756,0.54054054,0.202702702,0.133333333,0.0,17.0,7.779659759447169,103.0,196.0,299.0,0.39189189,0.36486486,0.24324324,0.21621622,0.52702703,0.25675676
490,John Lackey,CHC,1507,0.2662473794549266,1.055837563,0.194831013,0.413518886,0.391650099,0.0964467,0.182741116,96.0,5.092338222801237,988.0,1763.0,2751.0,0.417154,0.33918129,0.24366472,0.16179337,0.48927875,0.34892788
491,Jack Dreyer,LAD,30249,0.3333333333333333,1.083333333,0.305555555,0.361111111,0.333333333,0.083333333,0.0,7.0,5.1081082397695035,60.0,131.0,191.0,0.41666667,0.33333333,0.25,0.16666667,0.52777778,0.30555556
492,Félix Hernández,SEA,4772,0.2924944812362031,1.423566878,0.199789695,0.470031545,0.330178759,0.098726114,0.191082802,163.0,4.757838151778805,1866.0,3210.0,5076.0,0.51141079,0.32780083,0.16078838,0.16286307,0.46680498,0.37033195
493,Beau Brieske,DET,26079,0.25752508361204013,0.847826086,0.180064308,0.376205787,0.443729903,0.072463768,0.108695652,39.0,3.452459199911044,614.0,1091.0,1705.0,0.38535032,0.39171975,0.22292994,0.16242038,0.49044586,0.34713376
494,Shaun Anderson,2 Tms,19453,0.3400673400673401,1.448275862,0.287625418,0.421404682,0.290969899,0.149425287,0.149425287,43.0,4.397727034431856,530.0,917.0,1447.0,0.41935484,0.35483871,0.22580645,0.18387097,0.41290323,0.40322581
495,Tomoyuki Sugano,2 Tms,35321,0.2795918367346939,0.936915887,0.201348747,0.386319845,0.412331406,0.086448598,0.154205607,162.0,4.683083588284994,1913.0,3181.0,5094.0,0.41300191,0.37284895,0.21414914,0.12141491,0.50382409,0.37476099
496,Adbert Alzolay,CHC,17859,0.2626865671641791,1.270491803,0.219718309,0.436619718,0.343661971,0.098360655,0.229508196,55.0,3.8076920842278064,751.0,1373.0,2124.0,0.42424242,0.33057851,0.24517906,0.1707989,0.52341598,0.30578512
497,Sawyer Gipson-Long,DET,26048,0.27380952380952384,0.769230769,0.224719101,0.337078651,0.438202247,0.076923076,0.128205128,15.0,4.090909209133184,202.0,351.0,553.0,0.4494382,0.31460674,0.23595506,0.14606742,0.57303371,0.28089888
498,Fernando Cruz,CIN,7048,0.23529411764705882,0.666666666,0.210526315,0.315789473,0.47368421,0.111111111,0.222222222,0.0,0.0,72.0,127.0,199.0,0.47368421,0.36842105,0.15789474,0.10526316,0.47368421,0.42105263
499,Brian Johnson,BOS,14272,0.3159420289855073,0.855345911,0.182825484,0.376731301,0.440443213,0.106918238,0.125786163,91.0,7.400601686855519,712.0,1209.0,1921.0,0.44657534,0.32876712,0.22465753,0.1890411,0.43287671,0.37808219
500,Tanner Banks,2 Tms,16990,0.38461538461538464,0.809523809,0.269230769,0.326923076,0.403846153,0.0,0.047619047,12.0,6.352941889251472,114.0,202.0,316.0,0.30188679,0.41509434,0.28301887,0.11320755,0.54716981,0.33962264
501,Spencer Miles,TOR,31621,0.34285714285714286,1.761904761,0.183098591,0.52112676,0.295774647,0.047619047,0.095238095,15.0,6.136363636363637,115.0,247.0,362.0,0.33333333,0.375,0.29166667,0.13888889,0.54166667,0.31944444
502,Josh Fleming,2 Tms,20418,0.32345013477088946,2.098039215,0.18134715,0.554404145,0.264248704,0.107843137,0.186274509,61.0,4.773913439370316,678.0,1192.0,1870.0,0.36153846,0.38717949,0.25128205,0.15384615,0.52307692,0.32307692
503,Sam Long,2 Tms,25379,0.3018867924528302,0.88,0.145454545,0.4,0.454545454,0.04,0.1,28.0,7.065420875612636,214.0,407.0,621.0,0.28828829,0.43243243,0.27927928,0.16216216,0.55855856,0.27927928
504,Max Kranick,PIT,22175,0.34959349593495936,0.759259259,0.233870967,0.330645161,0.43548387,0.185185185,0.074074074,14.0,3.258620903976763,242.0,432.0,674.0,0.36220472,0.34645669,0.29133858,0.18110236,0.50393701,0.31496063
505,Touki Toussaint,4 Tms,16929,0.2782608695652174,1.490066225,0.211740041,0.471698113,0.316561844,0.086092715,0.178807947,100.0,5.0092761930043626,1316.0,1908.0,3224.0,0.46406571,0.33880903,0.19712526,0.12936345,0.52566735,0.3449692
506,Tyler Holton,DET,26231,0.2597402597402597,1.428571428,0.170731707,0.487804878,0.341463414,0.107142857,0.178571428,17.0,5.100000648498618,156.0,299.0,455.0,0.5,0.32926829,0.17073171,0.18292683,0.54878049,0.26829268
507,Scott Alexander,2 Tms,10591,0.3409090909090909,4.166666666,0.279069767,0.581395348,0.139534883,0.166666666,0.0,4.0,2.9189203765993454,62.0,124.0,186.0,0.52272727,0.27272727,0.20454545,0.22727273,0.45454545,0.31818182
508,Chad Green,NYY,15552,0.37209302325581395,0.789473684,0.276595744,0.319148936,0.404255319,0.105263157,0.210526315,22.0,9.281250553205643,165.0,272.0,437.0,0.38297872,0.27659574,0.34042553,0.17021277,0.40425532,0.42553191
509,Michael Grove,LAD,23221,0.3551020408163265,1.019417475,0.209125475,0.399239543,0.39163498,0.058252427,0.174757281,37.0,3.996000060974122,476.0,913.0,1389.0,0.44106464,0.3460076,0.21292776,0.14448669,0.47528517,0.38022814
510,Pedro Avila,SDP,18864,0.32,2.0,0.181818181,0.545454545,0.272727272,0.148148148,0.111111111,21.0,5.400000882830083,260.0,400.0,660.0,0.44660194,0.3592233,0.19417476,0.13592233,0.52427184,0.33980583
511,Anthony Molina,2 Tms,26952,0.29545454545454547,0.76744186,0.2,0.347368421,0.452631578,0.116279069,0.162790697,17.0,4.8829789215647486,191.0,338.0,529.0,0.36842105,0.36842105,0.26315789,0.10526316,0.42105263,0.47368421
512,Davis Daniel,2 Tms,27582,0.35,0.803571428,0.198412698,0.357142857,0.444444444,0.107142857,0.107142857,13.0,2.9745763673483756,229.0,444.0,673.0,0.41269841,0.31746032,0.26984127,0.15079365,0.52380952,0.32539683
513,Nabil Crismatt,2 Tms,17732,0.2808988764044944,1.225806451,0.224719101,0.426966292,0.348314606,0.096774193,0.096774193,26.0,8.068965517241379,139.0,276.0,415.0,0.51086957,0.32608696,0.16304348,0.18478261,0.51086957,0.30434783
514,Josh Winder,MIN,24606,0.2848101265822785,0.701298701,0.210843373,0.325301204,0.463855421,0.129870129,0.103896103,30.0,5.09433962264151,314.0,567.0,881.0,0.42771084,0.37349398,0.19879518,0.18072289,0.54216867,0.27710843
515,Jackson Kent,WSN,35462,0.32323232323232326,1.580645161,0.2,0.49,0.31,0.161290322,0.064516129,16.0,4.453608422568741,240.0,365.0,605.0,0.45544554,0.34653465,0.1980198,0.13861386,0.51485149,0.34653465
516,Brennan Bernardino,2 Tms,16835,0.35,2.2,0.2,0.55,0.25,0.0,0.1,14.0,7.2692325523447145,111.0,188.0,299.0,0.31707317,0.41463415,0.26829268,0.14634146,0.51219512,0.34146341
517,Hurston Waldrep,ATL,33527,0.29775280898876405,1.884615384,0.193548387,0.52688172,0.279569892,0.115384615,0.173076923,25.0,3.3919600103152105,439.0,665.0,1104.0,0.49197861,0.35294118,0.15508021,0.13368984,0.55080214,0.31550802
518,Austin Bibens-Dirkx,TEX,9559,0.2619047619047619,0.988095238,0.244343891,0.37556561,0.380090497,0.107142857,0.154761904,36.0,4.741462973481808,420.0,693.0,1113.0,0.48430493,0.30493274,0.21076233,0.1793722,0.44394619,0.37668161
519,Jake Woodford,3 Tms,18674,0.31891891891891894,1.261538461,0.236363636,0.425974025,0.337662337,0.03076923,0.138461538,47.0,3.833836968466219,747.0,1194.0,1941.0,0.41494845,0.34536082,0.23969072,0.10824742,0.53092784,0.36082474
520,Jason Alexander,2 Tms,19666,0.2971014492753623,1.592307692,0.218097447,0.480278422,0.301624129,0.069230769,0.169230769,84.0,5.545232635876984,813.0,1344.0,2157.0,0.44036697,0.32568807,0.23394495,0.18348624,0.45642202,0.36009174
521,Tanner Gordon,COL,27669,0.36823104693140796,0.876033057,0.223931623,0.362393162,0.413675213,0.082644628,0.157024793,84.0,4.581818393675759,922.0,1915.0,2837.0,0.42639594,0.32318105,0.25042301,0.11167513,0.4822335,0.40609137
522,DL Hall,2 Tms,22207,0.344,0.979166666,0.251968503,0.37007874,0.377952755,0.104166666,0.104166666,37.0,7.291971209002374,327.0,498.0,825.0,0.43076923,0.39230769,0.17692308,0.15384615,0.56153846,0.28461538
523,Luis Cessa,2 Tms,13345,0.31805157593123207,1.270491803,0.239010989,0.425824175,0.335164835,0.114754098,0.155737704,34.0,2.815951085000014,668.0,1149.0,1817.0,0.41576087,0.35869565,0.22554348,0.17391304,0.49728261,0.32880435
524,Kendry Rojas,MIN,29423,0.18518518518518517,0.615384615,0.16,0.32,0.52,0.23076923,0.0,5.0,3.6486487426925027,79.0,120.0,199.0,0.22222222,0.51851852,0.25925926,0.25925926,0.59259259,0.14814815
525,River Ryan,2 Tms,29514,0.28125,1.25,0.181818181,0.454545454,0.363636363,0.0,0.083333333,12.0,4.378378660509951,148.0,230.0,378.0,0.40909091,0.31818182,0.27272727,0.24242424,0.46969697,0.28787879
526,Zack Thompson,STL,25918,0.30409356725146197,1.042857142,0.205555555,0.405555555,0.388888888,0.114285714,0.171428571,24.0,3.5604396537225234,376.0,681.0,1057.0,0.32240437,0.3715847,0.30601093,0.13661202,0.50819672,0.35519126
527,Heath Fillmyer,KCR,17466,0.2980392156862745,1.4,0.235955056,0.445692883,0.318352059,0.14117647,0.152941176,58.0,6.289157204607971,544.0,842.0,1386.0,0.44776119,0.32835821,0.2238806,0.14925373,0.44029851,0.41044776
528,Paolo Espino,3 Tms,8246,0.30851063829787234,0.957983193,0.208828522,0.387096774,0.404074702,0.075630252,0.176470588,100.0,4.847396834798389,1105.0,1985.0,3090.0,0.43564356,0.32508251,0.23927393,0.14851485,0.50165017,0.34983498
529,Dillon Peters,3 Tms,18790,0.29955947136563876,1.375796178,0.213080168,0.455696202,0.331223628,0.089171974,0.159235668,87.0,5.255033384668452,958.0,1631.0,2589.0,0.434238,0.33820459,0.22755741,0.15240084,0.46764092,0.37995825
530,Mitch Bratt,ARI,30003,0.26717557251908397,0.536231884,0.196969696,0.28030303,0.522727272,0.246376811,0.072463768,19.0,3.8863636363636362,273.0,453.0,726.0,0.38970588,0.35294118,0.25735294,0.20588235,0.47794118,0.31617647
531,Sam Gaviglio,3 Tms,12778,0.3005181347150259,1.54404145,0.185737976,0.494195688,0.320066334,0.067357512,0.186528497,102.0,4.840070558360688,1124.0,1933.0,3057.0,0.48292683,0.32682927,0.1902439,0.16747967,0.50569106,0.32682927
532,Sam Hentges,CLE,18548,0.37404580152671757,1.229166666,0.195488721,0.443609022,0.360902255,0.104166666,0.083333333,23.0,5.04878095755051,320.0,452.0,772.0,0.45925926,0.27407407,0.26666667,0.17037037,0.48148148,0.34814815
533,Kyle Cody,TEX,19686,0.24528301886792453,1.09090909,0.148148148,0.444444444,0.407407407,0.181818181,0.045454545,7.0,3.436364232213147,117.0,191.0,308.0,0.5,0.35185185,0.14814815,0.22222222,0.46296296,0.31481481
534,Vladimir Gutierrez,CIN,19278,0.29345372460496616,0.974093264,0.16993464,0.409586056,0.420479302,0.088082901,0.139896373,96.0,5.798657718120805,928.0,1546.0,2474.0,0.43283582,0.32409382,0.24307036,0.16204691,0.50959488,0.32835821
535,Yoendrys Gómez,CHW,22872,0.25833333333333336,0.807017543,0.188976377,0.362204724,0.448818897,0.122807017,0.157894736,37.0,7.4,269.0,502.0,771.0,0.390625,0.3671875,0.2421875,0.125,0.5859375,0.2890625
536,Francis Martes,HOU,17303,0.3333333333333333,1.5,0.302325581,0.418604651,0.279069767,0.083333333,0.083333333,11.0,5.603772576570947,122.0,193.0,315.0,0.41860465,0.39534884,0.18604651,0.13953488,0.48837209,0.37209302
537,Casey Legumina,2 Tms,25921,0.24242424242424243,1.9,0.121212121,0.575757575,0.303030303,0.3,0.0,6.0,4.76470681787793,49.0,118.0,167.0,0.48484848,0.18181818,0.33333333,0.18181818,0.51515152,0.3030303
538,Alec Asher,BAL,13560,0.2857142857142857,1.166666666,0.170212765,0.44680851,0.382978723,0.25,0.138888888,9.0,2.7303376637871697,202.0,336.0,538.0,0.44791667,0.29166667,0.26041667,0.20833333,0.48958333,0.30208333
539,Alex Young,2 Tms,18333,0.2890855457227139,1.193798449,0.207282913,0.431372549,0.361344537,0.077519379,0.178294573,66.0,5.1206901629902175,706.0,1252.0,1958.0,0.44751381,0.36187845,0.19060773,0.11325967,0.44475138,0.44198895
540,Derek Holland,5 Tms,4141,0.296551724137931,0.973747016,0.22201317,0.383819379,0.39416745,0.100238663,0.167064439,182.0,4.537395858176306,2427.0,3952.0,6379.0,0.43173432,0.33487085,0.23339483,0.17343173,0.42712177,0.39944649
541,Anthony Banda,4 Tms,14706,0.37209302325581395,0.771428571,0.270588235,0.317647058,0.411764705,0.028571428,0.085714285,13.0,4.280487415949799,165.0,284.0,449.0,0.42696629,0.30337079,0.26966292,0.08988764,0.51685393,0.39325843
542,Yovani Gallardo,2 Tms,8173,0.29750778816199375,1.238297872,0.213751868,0.434977578,0.351270553,0.114893617,0.157446808,135.0,5.879033198540369,1478.0,2162.0,3640.0,0.38053097,0.37758112,0.24188791,0.16371681,0.47787611,0.35840708
543,Eli Morgan,CLE,20203,0.2734375,0.564285714,0.194852941,0.290441176,0.514705882,0.092857142,0.15,57.0,5.555956984755147,498.0,967.0,1465.0,0.35272727,0.41454545,0.23272727,0.17454545,0.45090909,0.37454545
544,Taylor Hearn,TEX,18325,0.3293768545994065,0.957142857,0.221590909,0.380681818,0.397727272,0.071428571,0.128571428,70.0,5.709970201349877,690.0,1212.0,1902.0,0.4056338,0.35492958,0.23943662,0.14084507,0.48732394,0.37183099
545,Ryan Walker,SFG,20423,0.3953488372093023,1.428571428,0.260869565,0.434782608,0.304347826,0.142857142,0.214285714,11.0,4.640625691507115,141.0,259.0,400.0,0.41304348,0.30434783,0.2826087,0.23913043,0.58695652,0.17391304
546,Jarred Cosart,SDP,10304,0.3333333333333333,1.681818181,0.202702702,0.5,0.297297297,0.09090909,0.0,9.0,3.4714276255396093,200.0,259.0,459.0,0.41333333,0.34666667,0.24,0.17333333,0.54666667,0.28
547,Ray Kerr,ATL,23809,0.45161290322580644,1.714285714,0.366666666,0.4,0.233333333,0.142857142,0.0,1.0,0.843750050291422,66.0,114.0,180.0,0.41935484,0.38709677,0.19354839,0.22580645,0.48387097,0.29032258
548,Chris Rodriguez,LAA,22310,0.3333333333333333,1.444444444,0.266666666,0.433333333,0.3,0.111111111,0.0,5.0,4.5,58.0,96.0,154.0,0.36666667,0.43333333,0.2,0.16666667,0.56666667,0.26666667
549,John Brebbia,SFG,12777,0.2459016393442623,0.758620689,0.203125,0.34375,0.453125,0.068965517,0.103448275,22.0,8.735294730193106,126.0,237.0,363.0,0.34375,0.34375,0.3125,0.171875,0.515625,0.3125
550,Kai-Wei Teng,2 Tms,24282,0.35294117647058826,1.056338028,0.251282051,0.384615384,0.364102564,0.098591549,0.126760563,36.0,4.718446776693651,476.0,796.0,1272.0,0.43877551,0.34693878,0.21428571,0.14285714,0.46428571,0.39285714
551,Elieser Hernández,2 Tms,16933,0.26461038961038963,0.663636363,0.168181818,0.331818181,0.5,0.124242424,0.172727272,105.0,4.114659039885185,1290.0,2602.0,3892.0,0.43982169,0.30906389,0.25111441,0.16493314,0.46656761,0.36849926
552,Aaron Wilkerson,MIL,16904,0.21951219512195122,1.058823529,0.166666666,0.428571428,0.404761904,0.0,0.058823529,8.0,5.023256928035144,80.0,137.0,217.0,0.52380952,0.21428571,0.26190476,0.14285714,0.54761905,0.30952381
553,Chi Chi González,4 Tms,14663,0.30122591943957966,1.216080402,0.257575757,0.407407407,0.335016835,0.100502512,0.170854271,95.0,4.794392737022861,1128.0,1891.0,3019.0,0.42644628,0.32396694,0.24958678,0.16198347,0.45123967,0.38677686
554,AJ Smith-Shawver,ATL,29960,0.27169811320754716,0.873949579,0.197841726,0.374100719,0.428057553,0.075630252,0.12605042,54.0,5.244604514453564,612.0,1002.0,1614.0,0.40357143,0.36428571,0.23214286,0.12857143,0.52142857,0.35
555,Bowden Francis,TOR,20548,0.22888283378746593,0.719576719,0.183417085,0.341708542,0.474874371,0.148148148,0.169312169,56.0,3.574468181812156,774.0,1466.0,2240.0,0.47619048,0.26566416,0.25814536,0.1754386,0.47869674,0.34586466
556,Lucas Sims,2 Tms,13470,0.305,0.811764705,0.237623762,0.341584158,0.420792079,0.082352941,0.14117647,39.0,5.161764850665958,414.0,722.0,1136.0,0.36792453,0.33962264,0.29245283,0.20754717,0.48113208,0.31132075
557,Brant Hurter,DET,30133,0.2777777777777778,1.076923076,0.228571428,0.4,0.371428571,0.0,0.0,6.0,4.500000715255851,72.0,138.0,210.0,0.33333333,0.38888889,0.27777778,0.13888889,0.52777778,0.33333333
558,Adam Plutko,2 Tms,15846,0.26902654867256637,0.5625,0.216171617,0.282178217,0.501650165,0.128289473,0.148026315,136.0,6.453427930329486,1085.0,2040.0,3125.0,0.3852459,0.31967213,0.29508197,0.17868852,0.45081967,0.3704918
559,Hayden Birdsong,SFG,31635,0.28222996515679444,0.876923076,0.186666666,0.38,0.433333333,0.107692307,0.13076923,71.0,5.588921344956393,908.0,1288.0,2196.0,0.39144737,0.36842105,0.24013158,0.12828947,0.48026316,0.39144737
560,Sean Reid-Foley,TOR,17034,0.3057324840764331,1.015151515,0.19879518,0.403614457,0.397590361,0.075757575,0.136363636,32.0,4.965518221135282,427.0,684.0,1111.0,0.31927711,0.40361446,0.27710843,0.18072289,0.44578313,0.37349398
561,Tatsuya Imai,HOU,37124,0.29285714285714287,1.122807017,0.176870748,0.435374149,0.387755102,0.122807017,0.157894736,63.0,9.664773774664377,480.0,672.0,1152.0,0.34228188,0.38926174,0.26845638,0.1409396,0.42281879,0.43624161
562,Liam Hendriks,OAK,3548,0.2903225806451613,1.0,0.2,0.4,0.4,0.0,0.0,6.0,5.0624984912578785,71.0,122.0,193.0,0.22580645,0.51612903,0.25806452,0.06451613,0.61290323,0.32258065
563,Jeff Locke,MIA,2929,0.35514018691588783,1.405405405,0.198198198,0.468468468,0.333333333,0.054054054,0.108108108,9.0,2.531249094754781,207.0,367.0,574.0,0.45945946,0.37837838,0.16216216,0.12612613,0.52252252,0.35135135
564,Tanner Anderson,OAK,18029,0.34210526315789475,2.0,0.202531645,0.531645569,0.265822784,0.19047619,0.19047619,7.0,2.820894719338853,163.0,259.0,422.0,0.3164557,0.39240506,0.29113924,0.18987342,0.32911392,0.48101266
565,Robert Gsellman,NYM,13696,0.3062645011600928,1.671875,0.219178082,0.488584474,0.292237442,0.0703125,0.15625,77.0,5.456693077288442,826.0,1375.0,2201.0,0.39333333,0.34,0.26666667,0.19111111,0.50222222,0.30666667
566,Tyler Gilbert,2 Tms,17964,0.22869955156950672,0.848484848,0.200873362,0.366812227,0.43231441,0.08080808,0.121212121,42.0,5.040000388526947,390.0,775.0,1165.0,0.35897436,0.36324786,0.27777778,0.15384615,0.48290598,0.36324786
567,Jared Shuster,2 Tms,27472,0.2961165048543689,0.810526315,0.177033492,0.368421052,0.454545454,0.115789473,0.094736842,42.0,5.9062503520399545,390.0,673.0,1063.0,0.39534884,0.3255814,0.27906977,0.15348837,0.57209302,0.2744186
568,Chris Mazza,BOS,14151,0.375,0.857142857,0.306666666,0.32,0.373333333,0.035714285,0.107142857,13.0,5.014286397428021,159.0,260.0,419.0,0.32,0.32,0.36,0.22666667,0.50666667,0.26666667
569,Aríel Miranda,SEA,17526,0.240990990990991,0.615702479,0.168085106,0.317021276,0.514893617,0.140495867,0.144628099,107.0,5.9079754601226995,1021.0,1685.0,2706.0,0.41544885,0.31524008,0.26931106,0.21503132,0.47599165,0.30897704
570,Tyler Phillips,2 Tms,20629,0.27371273712737126,1.358208955,0.187660668,0.467866323,0.344473007,0.067164179,0.171641791,82.0,5.888298021689324,700.0,1282.0,1982.0,0.45918367,0.36479592,0.17602041,0.11989796,0.51020408,0.36989796
571,Aaron Brooks,2 Tms,12272,0.3176470588235294,1.180451127,0.185393258,0.441011235,0.373595505,0.075187969,0.157894736,53.0,4.6012861171944905,678.0,1135.0,1813.0,0.42105263,0.36565097,0.2132964,0.13573407,0.48199446,0.38227147
572,Robert Stock,2 Tms,6576,0.3559322033898305,0.978723404,0.225,0.383333333,0.391666666,0.127659574,0.106382978,14.0,3.230769230769231,273.0,452.0,725.0,0.45528455,0.26829268,0.27642276,0.15447154,0.48780488,0.35772358
573,Mike Baumann,BAL,20206,0.375,1.947368421,0.151515151,0.56060606,0.287878787,0.052631578,0.105263157,8.0,3.9272729996610467,104.0,190.0,294.0,0.40909091,0.37878788,0.21212121,0.10606061,0.5,0.39393939
574,Jayson Aquino,BAL,13150,0.2571428571428571,1.0,0.135135135,0.432432432,0.432432432,0.3125,0.125,4.0,3.176471479211549,63.0,113.0,176.0,0.43243243,0.27027027,0.2972973,0.35135135,0.35135135,0.2972973
575,Richard Fitts,BOS,30160,0.26737967914438504,1.066666666,0.192708333,0.416666666,0.390625,0.026666666,0.133333333,23.0,3.3567567913648944,323.0,658.0,981.0,0.39487179,0.3025641,0.3025641,0.14358974,0.51794872,0.33846154
576,Tejay Antone,CIN,16233,0.2682926829268293,1.857142857,0.09090909,0.59090909,0.318181818,0.071428571,0.214285714,12.0,5.890910112365395,126.0,198.0,324.0,0.29545455,0.43181818,0.27272727,0.27272727,0.47727273,0.25
577,Casey Kelly,SFG,9174,0.3508771929824561,1.19047619,0.220338983,0.423728813,0.355932203,0.095238095,0.095238095,4.0,2.347826573709109,75.0,158.0,233.0,0.3220339,0.47457627,0.20338983,0.10169492,0.44067797,0.45762712
578,Konnor Pilkington,CLE,21453,0.2980132450331126,1.0,0.217948717,0.391025641,0.391025641,0.098360655,0.098360655,26.0,4.58823563730843,373.0,558.0,931.0,0.35031847,0.34394904,0.30573248,0.17834395,0.50318471,0.31847134
579,A.J. Griffin,TEX,11132,0.24878048780487805,0.454545454,0.135135135,0.27027027,0.594594594,0.181818181,0.136363636,58.0,7.250000768237725,446.0,794.0,1240.0,0.41255605,0.33632287,0.25112108,0.22869955,0.42152466,0.34977578
580,Matt Andriese,3 Tms,12022,0.30141843971631205,1.31372549,0.210702341,0.448160535,0.341137123,0.12745098,0.196078431,63.0,5.785714278676419,597.0,1101.0,1698.0,0.40728477,0.33774834,0.25496689,0.18874172,0.41721854,0.39403974
581,Angel Zerpa,KCR,22717,0.27058823529411763,1.615384615,0.218390804,0.48275862,0.298850574,0.115384615,0.153846153,7.0,2.197674467345714,177.0,284.0,461.0,0.42696629,0.34831461,0.2247191,0.12359551,0.52808989,0.34831461
582,Blade Tidwell,2 Tms,31701,0.27702702702702703,0.826086956,0.187096774,0.367741935,0.44516129,0.20289855,0.115942028,30.0,5.192308073213143,365.0,569.0,934.0,0.46153846,0.27564103,0.26282051,0.19871795,0.46153846,0.33974359
583,Jefry Rodriguez,2 Tms,17018,0.2766798418972332,1.311111111,0.2,0.453846153,0.346153846,0.088888888,0.133333333,34.0,3.5444011267701225,596.0,901.0,1497.0,0.38867925,0.3509434,0.26037736,0.16981132,0.48679245,0.34339623
584,Jackson Rutledge,WSN,26215,0.3026315789473684,0.564102564,0.2375,0.275,0.4875,0.102564102,0.102564102,13.0,4.743243365500254,166.0,269.0,435.0,0.4,0.3875,0.2125,0.15,0.5125,0.3375
585,Noah Schultz,CHW,32056,0.29411764705882354,0.766233766,0.222857142,0.337142857,0.44,0.077922077,0.116883116,38.0,5.6685087651634225,410.0,670.0,1080.0,0.35195531,0.36871508,0.27932961,0.17877095,0.46368715,0.3575419
586,Charlie Barnes,MIN,19865,0.31896551724137934,1.0,0.189655172,0.405172413,0.405172413,0.106382978,0.063829787,21.0,5.670000216293343,228.0,359.0,587.0,0.44537815,0.31932773,0.23529412,0.12605042,0.52941176,0.34453782
587,Ryan Johnson,LAA,35325,0.26373626373626374,0.717391304,0.174216027,0.344947735,0.480836236,0.086956521,0.115942028,35.0,3.3157894736842106,598.0,1034.0,1632.0,0.42214533,0.34256055,0.23529412,0.16608997,0.49134948,0.34256055
588,Valente Bellozo,MIA,23899,0.256140350877193,0.56687898,0.182724252,0.295681063,0.521594684,0.184713375,0.114649681,39.0,3.74733113890487,581.0,946.0,1527.0,0.38613861,0.32343234,0.29042904,0.18811881,0.44554455,0.36633663
589,Yilber Díaz,ARI,29271,0.2711864406779661,0.954545454,0.283333333,0.35,0.366666666,0.09090909,0.09090909,13.0,5.85,126.0,194.0,320.0,0.31147541,0.37704918,0.31147541,0.1147541,0.47540984,0.40983607
590,Coleman Crow,MIL,27926,0.3103448275862069,0.846153846,0.2,0.366666666,0.433333333,0.115384615,0.076923076,9.0,4.860000185394294,86.0,190.0,276.0,0.38333333,0.38333333,0.23333333,0.1,0.56666667,0.33333333
591,Cody Reed,CIN,15232,0.34375,3.764705882,0.19,0.64,0.17,0.058823529,0.352941176,21.0,5.6699989185335316,238.0,371.0,609.0,0.53921569,0.31372549,0.14705882,0.11764706,0.50980392,0.37254902
592,Erik Miller,2 Tms,26252,0.3076923076923077,1.4,0.076923076,0.538461538,0.384615384,0.1,0.1,5.0,3.857143067340473,74.0,115.0,189.0,0.37037037,0.40740741,0.22222222,0.22222222,0.51851852,0.25925926
593,Chris Ellis,BAL,16125,0.22988505747126436,0.756756756,0.269662921,0.314606741,0.415730337,0.162162162,0.081081081,8.0,2.4269664221649183,206.0,297.0,503.0,0.38888889,0.34444444,0.26666667,0.16666667,0.58888889,0.24444444
594,Jordan Wicks,CHC,30094,0.31800766283524906,1.234042553,0.227941176,0.426470588,0.345588235,0.042553191,0.159574468,56.0,6.02390477156309,564.0,948.0,1512.0,0.40217391,0.35869565,0.23913043,0.11594203,0.5942029,0.28985507
595,Mason Adams,COL,31663,0.33783783783783783,1.103448275,0.2375,0.4,0.3625,0.068965517,0.206896551,8.0,2.4827586206896552,160.0,308.0,468.0,0.4125,0.4125,0.175,0.0875,0.475,0.4375
596,Caleb Kilian,CHC,26213,0.38095238095238093,1.38095238,0.180327868,0.475409836,0.344262295,0.047619047,0.0,7.0,3.2033899340674816,167.0,239.0,406.0,0.3968254,0.31746032,0.28571429,0.07936508,0.52380952,0.3968254
597,Peyton Battenfield,CLE,25777,0.2631578947368421,1.048780487,0.168316831,0.425742574,0.405940594,0.048780487,0.146341463,4.0,1.1020409021214779,170.0,336.0,506.0,0.4950495,0.33663366,0.16831683,0.05940594,0.5049505,0.43564356
598,Artie Lewicki,DET,16731,0.3880597014925373,1.45,0.279411764,0.426470588,0.294117647,0.2,0.1,6.0,2.9454535239987725,113.0,203.0,316.0,0.36231884,0.37681159,0.26086957,0.15942029,0.49275362,0.34782609
599,Chase Dollander,COL,33482,0.29721362229102166,1.122137404,0.184750733,0.431085043,0.384164222,0.099236641,0.152671755,35.0,2.8208957311809284,785.0,1215.0,2000.0,0.33819242,0.39067055,0.27113703,0.13994169,0.51603499,0.34402332
600,Cody Poteet,2 Tms,18769,0.2229299363057325,1.03076923,0.2,0.406060606,0.393939393,0.107692307,0.153846153,41.0,6.219101456797603,367.0,616.0,983.0,0.44311377,0.32934132,0.22754491,0.11976048,0.58682635,0.29341317
601,Andrew Kittredge,TBR,12828,0.34285714285714286,1.842105263,0.289473684,0.460526315,0.25,0.052631578,0.315789473,24.0,8.415588073415186,157.0,288.0,445.0,0.48684211,0.31578947,0.19736842,0.09210526,0.53947368,0.36842105
602,PJ Poulin,WSN,23394,0.225,1.058823529,0.166666666,0.428571428,0.404761904,0.058823529,0.117647058,16.0,9.60000122070328,83.0,150.0,233.0,0.45238095,0.30952381,0.23809524,0.11904762,0.5,0.38095238
603,Reiver Sanmartin,CIN,19754,0.425,1.541666666,0.273809523,0.44047619,0.285714285,0.041666666,0.166666666,17.0,6.652174464696342,165.0,265.0,430.0,0.42857143,0.33333333,0.23809524,0.19047619,0.4047619,0.4047619
604,Humberto Castellanos,ARI,21183,0.3,0.91,0.236,0.364,0.4,0.11,0.13,53.0,6.331858513956298,427.0,795.0,1222.0,0.41269841,0.34920635,0.23809524,0.13888889,0.55555556,0.30555556
605,Luis Morales,ATH,32227,0.2482758620689655,0.739726027,0.191082802,0.343949044,0.464968152,0.109589041,0.164383561,22.0,3.6666668609336672,376.0,556.0,932.0,0.41401274,0.33757962,0.24840764,0.18471338,0.4522293,0.36305732
606,Eric Skoglund,KCR,16155,0.30158730158730157,1.0,0.203647416,0.398176291,0.398176291,0.099236641,0.129770992,37.0,3.3979595143415016,623.0,1037.0,1660.0,0.37349398,0.3313253,0.29518072,0.14759036,0.44578313,0.40662651
607,AJ Blubaugh,HOU,31764,0.25,0.538461538,0.23076923,0.269230769,0.5,0.23076923,0.153846153,8.0,6.545454545454546,85.0,119.0,204.0,0.30769231,0.46153846,0.23076923,0.15384615,0.61538462,0.23076923
608,Tyler Pill,NYM,12751,0.3269230769230769,1.916666666,0.31372549,0.450980392,0.235294117,0.0,0.166666666,4.0,2.204082061627848,115.0,183.0,298.0,0.48148148,0.27777778,0.24074074,0.2962963,0.38888889,0.31481481
609,Tyler Beede,2 Tms,16981,0.31565656565656564,1.302816901,0.215827338,0.443645083,0.340527577,0.056338028,0.176056338,46.0,3.059113135221317,914.0,1475.0,2389.0,0.41567696,0.35629454,0.2280285,0.13539192,0.41567696,0.44893112
610,Jalen Beeks,3 Tms,17192,0.3333333333333333,1.0,0.219178082,0.390410958,0.390410958,0.087719298,0.157894736,17.0,3.2323940622738254,303.0,528.0,831.0,0.41496599,0.32653061,0.2585034,0.15646259,0.50340136,0.34013605
611,Joey Estes,OAK,26257,0.28444444444444444,0.445283018,0.200417536,0.246346555,0.553235908,0.147169811,0.120754716,77.0,4.7357633860103086,751.0,1619.0,2370.0,0.44190871,0.30912863,0.24896266,0.1659751,0.51452282,0.31950207
612,Austin Cox,2 Tms,24604,0.4,1.083333333,0.305555555,0.361111111,0.333333333,0.166666666,0.083333333,2.0,1.6875002561719545,77.0,118.0,195.0,0.30555556,0.36111111,0.33333333,0.13888889,0.38888889,0.47222222
613,Edwin Jackson,4 Tms,1841,0.2883156297420334,0.964285714,0.206349206,0.389610389,0.404040404,0.114285714,0.167857142,116.0,4.781679834886376,1456.0,2289.0,3745.0,0.42634561,0.37252125,0.20113314,0.17847025,0.43342776,0.38810198
614,José De León,3 Tms,15463,0.3684210526315789,0.59090909,0.186046511,0.302325581,0.511627906,0.09090909,0.227272727,6.0,3.0000001589457277,93.0,202.0,295.0,0.46511628,0.30232558,0.23255814,0.25581395,0.48837209,0.25581395
615,César Valdez,2 Tms,9013,0.39622641509433965,2.6,0.345454545,0.472727272,0.181818181,0.0,0.2,10.0,5.869566434272773,104.0,170.0,274.0,0.61818182,0.29090909,0.09090909,0.10909091,0.43636364,0.45454545
616,Shelby Miller,3 Tms,10197,0.3395348837209302,1.175,0.223214285,0.419642857,0.357142857,0.0625,0.1375,51.0,6.816832970502678,525.0,795.0,1320.0,0.38053097,0.27433628,0.34513274,0.1460177,0.42035398,0.43362832
617,David Paulino,HOU,17418,0.35443037974683544,0.595238095,0.192771084,0.301204819,0.506024096,0.119047619,0.19047619,45.0,13.96551724137931,199.0,330.0,529.0,0.39285714,0.4047619,0.20238095,0.10714286,0.48809524,0.4047619
618,Chris O'Grady,MIA,13818,0.30985915492957744,0.647058823,0.253333333,0.293333333,0.453333333,0.117647058,0.117647058,13.0,4.4430385110394575,184.0,266.0,450.0,0.45333333,0.34666667,0.2,0.12,0.50666667,0.37333333
619,Kohl Stewart,2 Tms,15502,0.35,2.052631578,0.188811188,0.545454545,0.265734265,0.078947368,0.131578947,27.0,5.926828441132089,312.0,430.0,742.0,0.3862069,0.29655172,0.31724138,0.19310345,0.46896552,0.33793103
620,Aaron Slegers,2 Tms,15231,0.19736842105263158,1.096774193,0.1875,0.425,0.3875,0.096774193,0.161290322,13.0,4.500001650590768,137.0,247.0,384.0,0.41975309,0.2962963,0.28395062,0.19753086,0.40740741,0.39506173
621,Riley Smith,ARI,19826,0.35714285714285715,1.294117647,0.22,0.44,0.34,0.058823529,0.088235294,13.0,4.68,127.0,254.0,381.0,0.3960396,0.2970297,0.30693069,0.0990099,0.52475248,0.37623762
622,Matt Wilkinson,SFG,33760,0.22388059701492538,0.418604651,0.14084507,0.253521126,0.605633802,0.162790697,0.116279069,7.0,2.779411842666285,136.0,220.0,356.0,0.38888889,0.33333333,0.27777778,0.22222222,0.48611111,0.29166667
623,Keaton Winn,SFG,23499,0.28888888888888886,1.704225352,0.179487179,0.517094017,0.303418803,0.042253521,0.197183098,32.0,3.57024804644145,400.0,842.0,1242.0,0.48945148,0.32067511,0.18987342,0.092827,0.48945148,0.41772152
624,George Klassen,LAA,33464,0.2727272727272727,1.6,0.155844155,0.519480519,0.324675324,0.04,0.08,11.0,3.6666666666666665,203.0,288.0,491.0,0.48101266,0.40506329,0.11392405,0.12658228,0.48101266,0.39240506
625,Kenny Rosenberg,LAA,20009,0.29333333333333333,1.0,0.164556962,0.417721518,0.417721518,0.03030303,0.121212121,12.0,4.500000178813941,154.0,247.0,401.0,0.49367089,0.3164557,0.18987342,0.16455696,0.5443038,0.29113924
626,Luinder Avila,KCR,24452,0.3103448275862069,1.296296296,0.173333333,0.466666666,0.36,0.092592592,0.129629629,40.0,6.967742278449386,388.0,555.0,943.0,0.47368421,0.29605263,0.23026316,0.09868421,0.52631579,0.375
627,Mitch Farris,LAA,33628,0.29850746268656714,0.44117647,0.3,0.214285714,0.485714285,0.029411764,0.117647058,14.0,5.178082462367357,150.0,255.0,405.0,0.36619718,0.43661972,0.1971831,0.14084507,0.50704225,0.35211268
628,Tristan Beck,SFG,21584,0.3582089552238806,0.741935483,0.228571428,0.328571428,0.442857142,0.064516129,0.096774193,13.0,6.157895045927702,101.0,202.0,303.0,0.32857143,0.34285714,0.32857143,0.14285714,0.54285714,0.31428571
629,Sean Nolin,WSN,11341,0.39285714285714285,0.947368421,0.362068965,0.310344827,0.327586206,0.157894736,0.210526315,4.0,2.0377359223900533,113.0,200.0,313.0,0.5,0.26666667,0.23333333,0.1,0.48333333,0.41666667
630,Jimmy Lambert,CHW,19541,0.2833333333333333,0.7,0.19047619,0.333333333,0.476190476,0.1,0.1,5.0,2.327586359983402,133.0,210.0,343.0,0.33333333,0.38095238,0.28571429,0.22222222,0.47619048,0.3015873
631,Landon Knack,LAD,27487,0.24242424242424243,0.608333333,0.231075697,0.290836653,0.478087649,0.083333333,0.166666666,59.0,6.0113211008508705,587.0,941.0,1528.0,0.45418327,0.34262948,0.20318725,0.11553785,0.49003984,0.39442231
632,Allan Winans,2 Tms,21238,0.34306569343065696,1.24074074,0.171232876,0.458904109,0.369863013,0.055555555,0.166666666,35.0,7.1052635145319645,244.0,500.0,744.0,0.47260274,0.33561644,0.19178082,0.13013699,0.52739726,0.34246575
633,A.J. Alexy,TEX,22343,0.14583333333333334,0.44,0.25,0.229166666,0.520833333,0.12,0.08,9.0,4.189655447970124,146.0,194.0,340.0,0.24,0.38,0.38,0.22,0.52,0.26
634,Tommy Henry,ARI,26285,0.2917505030181087,0.944444444,0.193857965,0.391554702,0.414587332,0.092592592,0.129629629,120.0,6.480000098876955,995.0,1744.0,2739.0,0.39047619,0.3352381,0.27428571,0.1352381,0.52380952,0.34095238
635,Daniel Castano,MIA,19805,0.2975206611570248,1.447368421,0.253012048,0.441767068,0.305220883,0.092105263,0.144736842,26.0,3.2350231836478582,411.0,766.0,1177.0,0.42687747,0.3715415,0.20158103,0.18972332,0.55335968,0.256917
636,Dylan Covey,2 Tms,14825,0.30979827089337175,1.649769585,0.205801104,0.494475138,0.299723756,0.041474654,0.188940092,91.0,3.756880439141287,1445.0,2304.0,3749.0,0.4,0.34829932,0.25170068,0.16462585,0.4829932,0.35238095
637,Keegan Thompson,CHC,19795,0.30985915492957744,0.917355371,0.22147651,0.372483221,0.406040268,0.107438016,0.132231404,54.0,5.1338031616884665,647.0,1033.0,1680.0,0.39333333,0.35666667,0.25,0.14333333,0.48666667,0.37
638,Elmer Rodríguez,NYY,31811,0.2962962962962963,1.344827586,0.160493827,0.481481481,0.358024691,0.0,0.068965517,8.0,2.70000025749209,208.0,289.0,497.0,0.32926829,0.37804878,0.29268293,0.12195122,0.54878049,0.32926829
639,Craig Stammen,SDP,7274,0.45,4.166666666,0.243902439,0.609756097,0.146341463,0.0,0.166666666,9.0,7.363636363636363,68.0,135.0,203.0,0.48780488,0.34146341,0.17073171,0.09756098,0.6097561,0.29268293
640,Kyle Muller,2 Tms,20167,0.3292307692307692,1.177966101,0.235119047,0.413690476,0.351190476,0.076271186,0.144067796,49.0,4.083333477561862,775.0,1238.0,2013.0,0.46783626,0.32163743,0.21052632,0.10818713,0.54093567,0.35087719
641,Darius Vines,ATL,25928,0.23809523809523808,0.818181818,0.104477611,0.402985074,0.492537313,0.121212121,0.121212121,13.0,5.400000158456661,122.0,204.0,326.0,0.37313433,0.31343284,0.31343284,0.17910448,0.47761194,0.34328358
642,Cesar Perdomo,SFG,30334,0.3,1.153846153,0.211267605,0.422535211,0.366197183,0.076923076,0.115384615,9.0,3.9193553210049688,120.0,197.0,317.0,0.43835616,0.34246575,0.21917808,0.1369863,0.61643836,0.24657534
643,Josh James,HOU,16794,0.2391304347826087,1.0,0.12,0.44,0.44,0.181818181,0.181818181,18.0,7.2537323757758605,171.0,237.0,408.0,0.42,0.32,0.26,0.3,0.36,0.34
644,Zac Lowther,BAL,20243,0.35714285714285715,1.36,0.213333333,0.453333333,0.333333333,0.08,0.2,12.0,4.56338040428109,161.0,273.0,434.0,0.34666667,0.44,0.21333333,0.12,0.46666667,0.41333333
645,Tim Adleman,CIN,10968,0.2920962199312715,0.807407407,0.205211726,0.355048859,0.439739413,0.088888888,0.177777777,64.0,5.46835469443187,670.0,1121.0,1791.0,0.42857143,0.32698413,0.24444444,0.17777778,0.46666667,0.35555556
646,Colton Gordon,HOU,31312,0.3406113537117904,0.723809523,0.264227642,0.308943089,0.426829268,0.104761904,0.18095238,49.0,5.98642539103258,405.0,849.0,1254.0,0.43951613,0.31451613,0.24596774,0.18951613,0.44758065,0.36290323
647,Jesse Scholtens,2 Tms,19205,0.33170731707317075,1.069767441,0.183486238,0.422018348,0.394495412,0.081395348,0.15116279,18.0,2.531250150874266,441.0,699.0,1140.0,0.44036697,0.34862385,0.21100917,0.15137615,0.5,0.34862385
648,Hogan Harris,OAK,21520,0.30973451327433627,0.833333333,0.207627118,0.360169491,0.432203389,0.107843137,0.12745098,35.0,4.162995734630559,484.0,833.0,1317.0,0.37815126,0.37394958,0.24789916,0.1302521,0.54621849,0.32352941
649,Miguel Díaz,2 Tms,18815,0.2727272727272727,1.833333333,0.244444444,0.488888888,0.266666666,0.083333333,0.166666666,7.0,4.021278594835272,125.0,187.0,312.0,0.43478261,0.30434783,0.26086957,0.15217391,0.47826087,0.36956522
650,Mike Mayers,2 Tms,15451,0.3333333333333333,1.4,0.191011235,0.471910112,0.337078651,0.1,0.2,10.0,3.214285933241567,164.0,298.0,462.0,0.46666667,0.3,0.23333333,0.08888889,0.56666667,0.34444444
651,Connor Phillips,CIN,27649,0.2549019607843137,0.678571428,0.160714285,0.339285714,0.5,0.107142857,0.178571428,21.0,9.145161571661475,152.0,229.0,381.0,0.35714286,0.30357143,0.33928571,0.17857143,0.55357143,0.26785714
652,Andrew Albers,2 Tms,7853,0.3006993006993007,0.910714285,0.296052631,0.335526315,0.368421052,0.142857142,0.178571428,28.0,5.770992828550566,259.0,549.0,808.0,0.34210526,0.31578947,0.34210526,0.23026316,0.43421053,0.33552632
653,Tony Santillan,CIN,19926,0.30612244897959184,0.727272727,0.224489795,0.326530612,0.448979591,0.045454545,0.136363636,10.0,5.0943398059751335,143.0,209.0,352.0,0.30769231,0.34615385,0.34615385,0.05769231,0.57692308,0.36538462
654,Caleb Ferguson,2 Tms,19349,0.29577464788732394,1.24,0.243243243,0.418918918,0.337837837,0.12,0.16,14.0,4.973682494210336,163.0,313.0,476.0,0.38666667,0.38666667,0.22666667,0.14666667,0.45333333,0.4
655,Cody Morris,CLE,25388,0.2909090909090909,0.954545454,0.258620689,0.362068965,0.379310344,0.0,0.136363636,7.0,3.0483871905538247,130.0,221.0,351.0,0.37931034,0.4137931,0.20689655,0.13793103,0.48275862,0.37931034
656,Matt Peacock,ARI,20339,0.34513274336283184,2.379310344,0.169491525,0.584745762,0.245762711,0.034482758,0.206896551,15.0,3.9705882352941178,210.0,352.0,562.0,0.39495798,0.36134454,0.24369748,0.1512605,0.52941176,0.31932773
657,Andre Jackson,PIT,21298,0.22388059701492538,0.793103448,0.267605633,0.323943661,0.408450704,0.103448275,0.137931034,7.0,2.333333498165943,177.0,288.0,465.0,0.43661972,0.32394366,0.23943662,0.11267606,0.47887324,0.4084507
658,Hector Velázquez,BOS,19341,0.3096446700507614,1.089743589,0.216346153,0.408653846,0.375,0.128205128,0.153846153,39.0,5.265000351476693,406.0,729.0,1135.0,0.42105263,0.36842105,0.21052632,0.18181818,0.44019139,0.37799043
659,Adam Conley,MIA,14457,0.2974683544303797,0.962406015,0.186915887,0.398753894,0.414330218,0.150375939,0.135338345,63.0,5.63245004654183,627.0,1069.0,1696.0,0.44311377,0.32934132,0.22754491,0.18263473,0.43413174,0.38323353
660,Hyeon-Jong Yang,TEX,27513,0.34146341463414637,1.357142857,0.232558139,0.441860465,0.325581395,0.285714285,0.214285714,2.0,1.2000000762939502,104.0,166.0,270.0,0.54545455,0.34090909,0.11363636,0.15909091,0.47727273,0.36363636
661,Chase Silseth,LAA,30074,0.2857142857142857,1.283582089,0.25,0.421568627,0.328431372,0.029850746,0.253731343,42.0,5.131221896597811,473.0,804.0,1277.0,0.45853659,0.34146341,0.2,0.10731707,0.50243902,0.3902439
662,Andrew Sears,DET,33664,0.3142857142857143,0.5,0.142857142,0.285714285,0.571428571,0.05,0.05,8.0,6.750001005828531,83.0,125.0,208.0,0.36111111,0.38888889,0.25,0.13888889,0.58333333,0.27777778
663,Mike Bolsinger,TOR,11137,0.3116883116883117,1.76,0.1375,0.55,0.3125,0.08,0.12,12.0,4.207791686641187,188.0,282.0,470.0,0.4375,0.375,0.1875,0.1375,0.625,0.2375
664,Jake Thompson,PHI,14371,0.29508196721311475,1.319148936,0.155038759,0.480620155,0.364341085,0.063829787,0.170212765,35.0,7.620968679731884,284.0,431.0,715.0,0.47692308,0.28461538,0.23846154,0.16153846,0.53846154,0.3
665,Jose Cabrera,ARI,30412,0.27941176470588236,0.965517241,0.123076923,0.43076923,0.446153846,0.172413793,0.137931034,8.0,3.272727272727273,135.0,215.0,350.0,0.44444444,0.375,0.18055556,0.19444444,0.51388889,0.29166667
666,Max Castillo,2 Tms,21956,0.31645569620253167,1.096774193,0.197530864,0.419753086,0.382716049,0.096774193,0.161290322,11.0,3.8076924473576343,175.0,280.0,455.0,0.45238095,0.35714286,0.19047619,0.11904762,0.55952381,0.32142857
667,Adrian Morejon,SDP,20039,0.26785714285714285,1.421052631,0.233333333,0.45,0.316666666,0.052631578,0.263157894,10.0,4.285713117950134,123.0,219.0,342.0,0.44262295,0.27868852,0.27868852,0.18032787,0.44262295,0.37704918
668,Cody Ponce,2 Tms,17920,0.29850746268656714,0.84375,0.180555555,0.375,0.444444444,0.125,0.15625,9.0,3.5735290609429384,143.0,261.0,404.0,0.41666667,0.31944444,0.26388889,0.16666667,0.43055556,0.40277778
669,Denyi Reyes,2 Tms,20526,0.3333333333333333,0.782608695,0.24074074,0.333333333,0.425925925,0.217391304,0.130434782,8.0,4.909091441099366,107.0,178.0,285.0,0.53703704,0.33333333,0.12962963,0.24074074,0.51851852,0.24074074
670,Chris Rowley,TOR,18820,0.2608695652173913,0.95,0.170212765,0.404255319,0.425531914,0.15,0.1,8.0,5.268295133774517,93.0,134.0,227.0,0.58333333,0.22916667,0.1875,0.14583333,0.60416667,0.25
671,Shawn Dubin,HOU,24977,0.2413793103448276,0.75,0.3,0.3,0.4,0.083333333,0.083333333,6.0,5.40000051498418,77.0,97.0,174.0,0.46666667,0.2,0.33333333,0.1,0.46666667,0.43333333
672,Huascar Brazobán,NYM,6107,0.11538461538461539,1.272727272,0.074074074,0.518518518,0.407407407,0.181818181,0.09090909,3.0,2.454545667348833,87.0,116.0,203.0,0.55555556,0.2962963,0.14814815,0.25925926,0.48148148,0.25925926
673,Daulton Jefferies,2 Tms,19345,0.32926829268292684,1.2,0.16374269,0.45614035,0.380116959,0.061538461,0.138461538,17.0,3.1655173246585537,289.0,503.0,792.0,0.43930636,0.30057803,0.26011561,0.12138728,0.58381503,0.29479769
674,Corey Oswalt,NYM,13677,0.2751322751322751,1.078947368,0.193877551,0.418367346,0.387755102,0.118421052,0.171052631,41.0,5.795811228936318,362.0,655.0,1017.0,0.4009901,0.35148515,0.24752475,0.1980198,0.46534653,0.33663366
675,Zach Agnos,COL,31552,0.13333333333333333,0.611111111,0.09375,0.34375,0.5625,0.055555555,0.111111111,0.0,0.0,62.0,108.0,170.0,0.34375,0.40625,0.25,0.1875,0.34375,0.46875
676,Chris Volstad,CHW,9901,0.1956521739130435,2.214285714,0.081632653,0.632653061,0.285714285,0.0,0.214285714,2.0,1.1739132868545545,91.0,146.0,237.0,0.51020408,0.34693878,0.14285714,0.14285714,0.65306122,0.20408163
677,Noah Davis,COL,25862,0.36486486486486486,1.275862068,0.153846153,0.474358974,0.371794871,0.137931034,0.172413793,7.0,2.52,195.0,307.0,502.0,0.35443038,0.36708861,0.27848101,0.11392405,0.5443038,0.34177215
678,Justin Nicolino,MIA,11754,0.35294117647058826,1.866666666,0.289256198,0.462809917,0.247933884,0.033333333,0.166666666,23.0,6.336735927180062,191.0,374.0,565.0,0.34677419,0.37903226,0.27419355,0.12903226,0.5483871,0.32258065
679,Jared Koenig,2 Tms,27517,0.27,1.454545454,0.205882352,0.470588235,0.323529411,0.09090909,0.121212121,8.0,2.2978725735555376,186.0,320.0,506.0,0.44230769,0.38461538,0.17307692,0.17307692,0.45192308,0.375
680,Carlos Rodriguez,MIL,30161,0.38095238095238093,0.666666666,0.318181818,0.272727272,0.409090909,0.111111111,0.166666666,3.0,2.189189414894456,88.0,145.0,233.0,0.51111111,0.33333333,0.15555556,0.13333333,0.46666667,0.4
681,Jimmy Yacabonis,3 Tms,15157,0.28205128205128205,0.925925925,0.147540983,0.409836065,0.44262295,0.111111111,0.129629629,15.0,3.5217394334382317,268.0,405.0,673.0,0.4516129,0.29032258,0.25806452,0.16935484,0.53225806,0.2983871
682,Kyle Tyler,MIA,22092,0.36363636363636365,1.629629629,0.228260869,0.478260869,0.29347826,0.037037037,0.148148148,17.0,5.157303812888826,227.0,333.0,560.0,0.41304348,0.35869565,0.22826087,0.15217391,0.51086957,0.33695652
683,Yefry Ramírez,BAL,15655,0.31446540880503143,0.6625,0.203592814,0.317365269,0.479041916,0.15,0.15,12.0,1.905882254042845,474.0,658.0,1132.0,0.40350877,0.33918129,0.25730994,0.22222222,0.4502924,0.32748538
684,Braden Shipley,ARI,15158,0.3333333333333333,1.105263157,0.111111111,0.466666666,0.422222222,0.0,0.052631578,5.0,3.648649589087406,120.0,153.0,273.0,0.4,0.4,0.2,0.11111111,0.48888889,0.4
685,Luis Patiño,3 Tms,22815,0.291970802919708,0.680851063,0.18275862,0.331034482,0.486206896,0.120567375,0.120567375,51.0,4.97111934964969,621.0,1081.0,1702.0,0.3814433,0.35738832,0.26116838,0.18213058,0.4742268,0.34364261
686,Josh Rogers,2 Tms,18510,0.26288659793814434,0.71875,0.19117647,0.338235294,0.470588235,0.114583333,0.125,33.0,4.842392082391379,350.0,616.0,966.0,0.3592233,0.36893204,0.27184466,0.16504854,0.50970874,0.32524272
687,Yohander Méndez,TEX,14391,0.2878787878787879,0.806451612,0.2,0.357142857,0.442857142,0.096774193,0.129032258,24.0,10.285714285714286,165.0,219.0,384.0,0.48571429,0.3,0.21428571,0.17142857,0.41428571,0.41428571
688,Logan Evans,SEA,33699,0.2875536480686695,1.010416666,0.212244897,0.395918367,0.391836734,0.083333333,0.135416666,53.0,6.089362097516135,482.0,809.0,1291.0,0.43495935,0.3495935,0.21544715,0.13821138,0.49593496,0.36585366
689,Connor Gillispie,MIA,26171,0.3170731707317073,0.82051282,0.174418604,0.372093023,0.453488372,0.153846153,0.153846153,7.0,2.423076923076923,173.0,299.0,472.0,0.48863636,0.25,0.26136364,0.17045455,0.45454545,0.375
690,Xzavion Curry,3 Tms,25595,0.2863636363636364,0.598290598,0.193965517,0.301724137,0.504310344,0.094017094,0.111111111,37.0,4.849514675360621,397.0,689.0,1086.0,0.35622318,0.45064378,0.19313305,0.12017167,0.51072961,0.36909871
691,Josh Winckowski,BOS,22387,0.28668941979522183,1.848837209,0.188741721,0.526490066,0.284768211,0.081395348,0.162790697,55.0,5.459559206370691,547.0,925.0,1472.0,0.38762215,0.36156352,0.25081433,0.16612378,0.53420195,0.29967427
692,Bryan Hudson,CHW,19924,0.25925925925925924,1.25,0.068965517,0.517241379,0.413793103,0.0,0.25,2.0,1.8000003433228193,40.0,95.0,135.0,0.34482759,0.4137931,0.24137931,0.06896552,0.5862069,0.34482759
693,Jack Kochanowicz,LAA,27688,0.3035019455252918,1.908296943,0.168539325,0.545568039,0.285892634,0.104803493,0.152838427,114.0,4.26907102872091,1424.0,2404.0,3828.0,0.40694789,0.37468983,0.21836228,0.1439206,0.50992556,0.34615385
694,Jharel Cotton,OAK,13654,0.27925531914893614,0.797814207,0.167088607,0.369620253,0.463291139,0.13114754,0.153005464,72.0,5.023255813953488,804.0,1369.0,2173.0,0.35323383,0.38059701,0.26616915,0.21641791,0.47014925,0.31343284
695,Phil Hughes,MIN,7450,0.32044198895027626,0.666666666,0.240837696,0.303664921,0.455497382,0.068965517,0.137931034,46.0,7.666665583481176,326.0,590.0,916.0,0.39896373,0.34196891,0.25906736,0.12435233,0.42487047,0.4507772
696,Braydon Fisher,TOR,24609,0.1724137931034483,1.166666666,0.161290322,0.451612903,0.387096774,0.0,0.166666666,7.0,4.973684834641511,86.0,129.0,215.0,0.48387097,0.35483871,0.16129032,0.12903226,0.4516129,0.41935484
697,Mason Black,SFG,30171,0.3523809523809524,0.673076923,0.209090909,0.318181818,0.472727272,0.076923076,0.115384615,9.0,2.405940775800707,204.0,408.0,612.0,0.42342342,0.36936937,0.20720721,0.18018018,0.45045045,0.36936937
698,Carson Spiers,CIN,27685,0.31155778894472363,0.902173913,0.18224299,0.387850467,0.429906542,0.130434782,0.195652173,45.0,5.955882603528188,445.0,753.0,1198.0,0.44700461,0.33640553,0.21658986,0.15207373,0.48387097,0.3640553
699,Scott Kazmir,SFG,4897,0.30303030303030304,1.545454545,0.176470588,0.5,0.323529411,0.0,0.181818181,9.0,7.838709918566978,68.0,111.0,179.0,0.47058824,0.38235294,0.14705882,0.08823529,0.55882353,0.35294118
700,Drew VerHagen,DET,13424,0.3786407766990291,1.307692307,0.196428571,0.455357142,0.348214285,0.076923076,0.23076923,18.0,5.062498453539337,208.0,377.0,585.0,0.41964286,0.3125,0.26785714,0.13392857,0.40178571,0.46428571
701,Bryan Garcia,DET,19457,0.21568627450980393,1.0,0.185185185,0.407407407,0.407407407,0.045454545,0.136363636,13.0,5.7540987204941745,122.0,195.0,317.0,0.44444444,0.37037037,0.18518519,0.14814815,0.59259259,0.25925926
702,Yunior Marte,SFG,31097,0.3181818181818182,1.1875,0.239130434,0.413043478,0.347826086,0.125,0.1875,5.0,3.139535162241307,98.0,144.0,242.0,0.57446809,0.25531915,0.17021277,0.19148936,0.40425532,0.40425532
703,Casey Lawrence,TOR,11121,0.35555555555555557,2.454545454,0.191489361,0.574468085,0.234042553,0.0,0.181818181,5.0,3.9705893490144364,71.0,121.0,192.0,0.53191489,0.29787234,0.17021277,0.23404255,0.57446809,0.19148936
704,Nick Tropeano,LAA,12385,0.2590909090909091,0.868686868,0.219409282,0.362869198,0.417721518,0.101010101,0.171717171,43.0,4.7777782277969765,502.0,780.0,1282.0,0.47257384,0.27004219,0.25738397,0.12658228,0.43459916,0.43881857
705,A.J. Cole,WSN,11467,0.31333333333333335,0.939393939,0.174193548,0.4,0.425806451,0.06060606,0.166666666,19.0,3.206249617785261,363.0,591.0,954.0,0.36645963,0.33540373,0.29813665,0.16770186,0.49068323,0.34161491
706,Henderson Alvarez,PHI,5669,0.25,1.352941176,0.2,0.46,0.34,0.058823529,0.117647058,7.0,4.2954536144400475,105.0,156.0,261.0,0.48,0.28,0.24,0.32,0.46,0.22
707,Drew Rom,STL,24602,0.39285714285714285,0.903846153,0.168067226,0.394957983,0.436974789,0.038461538,0.134615384,23.0,6.14851531593514,254.0,418.0,672.0,0.39495798,0.35294118,0.25210084,0.12605042,0.44537815,0.42857143
708,Brett Kennedy,2 Tms,17877,0.3089430894308943,1.042553191,0.219512195,0.398373983,0.382113821,0.021276595,0.127659574,15.0,3.68181786261317,267.0,397.0,664.0,0.34108527,0.33333333,0.3255814,0.1627907,0.47286822,0.36434109
709,Bryse Wilson,4 Tms,19990,0.30666666666666664,1.024539877,0.226260257,0.391559202,0.382180539,0.082822085,0.144171779,145.0,4.993622837737947,1522.0,2767.0,4289.0,0.41426928,0.31760644,0.26812428,0.13118527,0.48906789,0.37974684
710,Thomas Pannone,2 Tms,17281,0.26903553299492383,0.650485436,0.18660287,0.320574162,0.492822966,0.13592233,0.13592233,26.0,3.6947375839108085,382.0,682.0,1064.0,0.39810427,0.3507109,0.25118483,0.1943128,0.44549763,0.36018957
711,Erasmo Ramírez,3 Tms,10314,0.2835820895522388,0.995049504,0.198807157,0.399602385,0.401590457,0.064356435,0.183168316,80.0,4.53781517150838,859.0,1672.0,2531.0,0.43280632,0.35375494,0.21343874,0.14031621,0.47628458,0.38339921
712,Gabriel Ynoa,BAL,12938,0.2664233576642336,1.102564102,0.160409556,0.440273037,0.399317406,0.059829059,0.188034188,29.0,3.094862126717869,464.0,866.0,1330.0,0.45945946,0.28716216,0.25337838,0.16891892,0.44256757,0.38851351
713,Enyel De Los Santos,PHI,18403,0.36363636363636365,1.133333333,0.304347826,0.369565217,0.326086956,0.066666666,0.2,14.0,8.590912814969503,86.0,153.0,239.0,0.36170213,0.46808511,0.17021277,0.14893617,0.53191489,0.31914894
714,Kyle Hart,2 Tms,19646,0.3106060606060606,0.630136986,0.143884892,0.330935251,0.525179856,0.05479452,0.136986301,35.0,7.269231302498399,278.0,462.0,740.0,0.40140845,0.33802817,0.26056338,0.18309859,0.49295775,0.32394366
715,Jhonathan Díaz,2 Tms,20298,0.32894736842105265,1.727272727,0.23076923,0.487179487,0.282051282,0.09090909,0.136363636,7.0,2.5890414341236054,174.0,260.0,434.0,0.44303797,0.27848101,0.27848101,0.10126582,0.58227848,0.3164557
716,Sean Sullivan,COL,33502,0.3670886075949367,0.32,0.204819277,0.192771084,0.602409638,0.12,0.1,11.0,4.432836073282502,141.0,271.0,412.0,0.38095238,0.23809524,0.38095238,0.13095238,0.5,0.36904762
717,Garrett Hill,DET,25097,0.23357664233576642,0.84375,0.169014084,0.38028169,0.450704225,0.109375,0.09375,9.0,1.8984376131556995,264.0,446.0,710.0,0.3986014,0.31468531,0.28671329,0.1958042,0.53846154,0.26573427
718,Vance Worley,MIA,6435,0.3485714285714286,1.686274509,0.243093922,0.475138121,0.281767955,0.058823529,0.156862745,42.0,7.2229301118044065,339.0,552.0,891.0,0.40437158,0.39344262,0.20218579,0.17486339,0.45901639,0.36612022
719,Bryan Mitchell,2 Tms,11479,0.2914572864321608,1.981132075,0.225490196,0.514705882,0.259803921,0.150943396,0.150943396,23.0,3.3567566875404835,419.0,608.0,1027.0,0.352657,0.35748792,0.28985507,0.16908213,0.4057971,0.42512077
720,Dietrich Enns,3 Tms,13932,0.2727272727272727,1.352941176,0.166666666,0.479166666,0.354166666,0.176470588,0.235294117,13.0,8.357145276605568,81.0,166.0,247.0,0.45833333,0.22916667,0.3125,0.14583333,0.5,0.35416667
721,Brandon Bielak,HOU,19866,0.3079584775086505,1.336448598,0.180327868,0.468852459,0.350819672,0.06542056,0.177570093,47.0,4.316326698627344,681.0,1022.0,1703.0,0.42532468,0.35714286,0.21753247,0.1525974,0.51948052,0.32792208
722,Jacob Turner,2 Tms,10185,0.3333333333333333,1.692307692,0.204545454,0.5,0.295454545,0.0,0.23076923,7.0,5.108109424722368,81.0,129.0,210.0,0.42222222,0.33333333,0.24444444,0.15555556,0.48888889,0.35555556
723,Raúl Alcántara,OAK,12790,0.2222222222222222,2.166666666,0.191489361,0.553191489,0.255319148,0.0,0.25,11.0,6.6,121.0,170.0,291.0,0.45833333,0.3125,0.22916667,0.14583333,0.5,0.35416667
724,Drew Thorpe,CHW,31967,0.2,0.761194029,0.163120567,0.361702127,0.475177304,0.119402985,0.119402985,23.0,4.6691730662517426,287.0,434.0,721.0,0.4084507,0.35915493,0.23239437,0.22535211,0.53521127,0.23943662
725,Dario Agrazal,PIT,15821,0.28879310344827586,1.010416666,0.205761316,0.399176954,0.395061728,0.072916666,0.15625,51.0,6.4345798980555955,400.0,726.0,1126.0,0.41295547,0.31983806,0.26720648,0.18218623,0.49392713,0.32388664
726,Easton Lucas,TOR,26058,0.2962962962962963,0.607142857,0.237288135,0.288135593,0.474576271,0.107142857,0.178571428,8.0,3.6610174225651915,132.0,236.0,368.0,0.55932203,0.20338983,0.23728814,0.10169492,0.6440678,0.25423729
727,Rony García,DET,20430,0.25,0.637931034,0.24,0.296,0.464,0.120689655,0.172413793,31.0,6.642857142857143,277.0,451.0,728.0,0.3968254,0.37301587,0.23015873,0.15079365,0.51587302,0.33333333
728,Thomas Hatch,3 Tms,19264,0.32,1.09375,0.1625,0.4375,0.4,0.15625,0.1875,15.0,5.4000010814668915,155.0,258.0,413.0,0.525,0.2875,0.1875,0.1,0.45,0.45
729,Brock Burke,2 Tms,17968,0.2872340425531915,1.484848484,0.163265306,0.5,0.336734693,0.121212121,0.212121212,14.0,4.395348934691428,191.0,326.0,517.0,0.47524752,0.2970297,0.22772277,0.1980198,0.48514851,0.31683168
730,Carson Fulmer,2 Tms,18311,0.26394052044609667,0.886178861,0.185964912,0.38245614,0.431578947,0.081300813,0.138211382,69.0,6.491288853487083,686.0,1078.0,1764.0,0.44055944,0.32167832,0.23776224,0.14335664,0.54195804,0.31468531
731,Chad Bell,DET,10297,0.45098039215686275,1.315789473,0.2,0.454545454,0.345454545,0.052631578,0.210526315,6.0,3.521739860563664,128.0,194.0,322.0,0.30909091,0.41818182,0.27272727,0.18181818,0.45454545,0.36363636
732,Alex Wells,BAL,19845,0.29411764705882354,0.65,0.232558139,0.302325581,0.465116279,0.116666666,0.166666666,23.0,5.594594594594595,233.0,407.0,640.0,0.41085271,0.34883721,0.24031008,0.19379845,0.46511628,0.34108527
733,Jackson Tetreault,WSN,20565,0.2602739726027397,1.033333333,0.207792207,0.402597402,0.389610389,0.133333333,0.133333333,20.0,8.571428571428571,152.0,213.0,365.0,0.36363636,0.32467532,0.31168831,0.09090909,0.50649351,0.4025974
734,A.J. Puk,MIA,19343,0.391304347826087,0.833333333,0.29787234,0.319148936,0.382978723,0.111111111,0.055555555,3.0,1.9756098480043107,139.0,185.0,324.0,0.34042553,0.44680851,0.21276596,0.23404255,0.5106383,0.25531915
735,Taylor Clarke,2 Tms,17611,0.2893772893772894,0.982905982,0.2,0.396551724,0.403448275,0.076923076,0.17094017,82.0,7.964028012005428,626.0,1035.0,1661.0,0.4334471,0.33447099,0.23208191,0.12286689,0.45051195,0.42662116
736,Cole Sands,MIN,21461,0.3148148148148148,1.125,0.120689655,0.465517241,0.413793103,0.041666666,0.166666666,9.0,4.673077265891828,130.0,216.0,346.0,0.5,0.24137931,0.25862069,0.12068966,0.53448276,0.34482759
737,Jackson Stephens,2 Tms,14420,0.26666666666666666,0.846153846,0.261538461,0.338461538,0.4,0.076923076,0.23076923,14.0,5.8153837621565945,140.0,250.0,390.0,0.27272727,0.37878788,0.34848485,0.16666667,0.53030303,0.3030303
738,Ky Bush,CHW,29823,0.3157894736842105,0.807692307,0.175438596,0.368421052,0.45614035,0.076923076,0.076923076,8.0,4.075471844780107,137.0,191.0,328.0,0.38983051,0.28813559,0.3220339,0.11864407,0.52542373,0.3559322
739,Mark Leiter Jr.,2 Tms,15551,0.2962962962962963,1.268292682,0.201716738,0.446351931,0.35193133,0.073170731,0.231707317,36.0,4.320000384521519,479.0,808.0,1287.0,0.45106383,0.31914894,0.22978723,0.1787234,0.51489362,0.30638298
740,Karl Kauffmann,COL,27488,0.41304347826086957,1.0,0.208333333,0.395833333,0.395833333,0.0,0.157894736,6.0,4.263158108719178,101.0,143.0,244.0,0.20408163,0.48979592,0.30612245,0.08163265,0.30612245,0.6122449
741,Pedro Payano,TEX,18313,0.37037037037037035,2.0,0.25,0.5,0.25,0.071428571,0.214285714,4.0,2.250001341105307,142.0,186.0,328.0,0.40350877,0.36842105,0.22807018,0.1754386,0.42105263,0.40350877
742,Adam Mazur,2 Tms,31900,0.3,0.923076923,0.204545454,0.381818181,0.413636363,0.098901098,0.109890109,26.0,3.6753928169687007,399.0,675.0,1074.0,0.39545455,0.37272727,0.23181818,0.15454545,0.50909091,0.33636364
743,James Marvel,PIT,19675,0.3333333333333333,2.0,0.215384615,0.523076923,0.261538461,0.058823529,0.235294117,4.0,2.076923457828569,132.0,199.0,331.0,0.43283582,0.37313433,0.19402985,0.17910448,0.47761194,0.34328358
744,Deck McGuire,2 Tms,11596,0.32653061224489793,0.571428571,0.185185185,0.296296296,0.518518518,0.071428571,0.178571428,9.0,4.584906567878943,141.0,222.0,363.0,0.5,0.25925926,0.24074074,0.12962963,0.42592593,0.44444444
745,Packy Naughton,2 Tms,23292,0.3493975903614458,1.954545454,0.252873563,0.494252873,0.252873563,0.045454545,0.227272727,4.0,1.479452190087793,168.0,266.0,434.0,0.44318182,0.39772727,0.15909091,0.10227273,0.53409091,0.36363636
746,Mike Vasil,CHW,30105,0.36666666666666664,1.4,0.272727272,0.424242424,0.303030303,0.0,0.3,5.0,4.090909445581388,70.0,123.0,193.0,0.24242424,0.39393939,0.36363636,0.03030303,0.63636364,0.33333333
747,Brock Stewart,LAD,16727,0.2876712328767123,1.111111111,0.208333333,0.416666666,0.375,0.074074074,0.148148148,12.0,4.764705214121031,152.0,259.0,411.0,0.47368421,0.30263158,0.22368421,0.19736842,0.48684211,0.31578947
748,Gregory Soto,DET,19677,0.3125,0.944444444,0.176470588,0.4,0.423529411,0.083333333,0.166666666,11.0,4.242855986770634,169.0,288.0,457.0,0.3372093,0.34883721,0.31395349,0.1627907,0.40697674,0.43023256
749,Chandler Shepherd,BAL,16166,0.3225806451612903,0.705882352,0.194444444,0.333333333,0.472222222,0.0,0.294117647,8.0,6.0,74.0,138.0,212.0,0.36111111,0.38888889,0.25,0.05555556,0.44444444,0.5
750,Conner Menez,SFG,19199,0.23529411764705882,0.933333333,0.194444444,0.388888888,0.416666666,0.066666666,0.266666666,6.0,3.6818173838057553,104.0,173.0,277.0,0.42105263,0.34210526,0.23684211,0.10526316,0.5,0.39473684
751,Alan Rangel,PHI,19524,0.3333333333333333,0.714285714,0.25,0.3125,0.4375,0.071428571,0.214285714,3.0,2.3823530079996726,91.0,159.0,250.0,0.6969697,0.15151515,0.15151515,0.15151515,0.51515152,0.33333333
752,Jackson Kowar,KCR,21549,0.39080459770114945,0.864864864,0.258064516,0.344086021,0.397849462,0.081081081,0.162162162,11.0,3.6219513880079033,245.0,344.0,589.0,0.3655914,0.38709677,0.24731183,0.11827957,0.53763441,0.34408602
753,Louis Varland,2 Tms,27691,0.3056379821958457,1.071942446,0.20661157,0.410468319,0.38292011,0.035971223,0.194244604,57.0,4.4097421685439295,639.0,1313.0,1952.0,0.40384615,0.32417582,0.27197802,0.09065934,0.51923077,0.39010989
754,Lewis Thorpe,MIN,15906,0.3291139240506329,1.5,0.235294117,0.458823529,0.305882352,0.153846153,0.23076923,5.0,1.6666664900603305,173.0,288.0,461.0,0.51764706,0.30588235,0.17647059,0.2,0.42352941,0.37647059
755,Kohl Drake,ARI,32070,0.3064516129032258,0.459459459,0.169230769,0.261538461,0.569230769,0.054054054,0.135135135,16.0,6.9677421498373135,155.0,227.0,382.0,0.29850746,0.44776119,0.25373134,0.14925373,0.35820896,0.49253731
756,Walker Lockett,2 Tms,13804,0.3448275862068966,1.358974358,0.245901639,0.434426229,0.319672131,0.102564102,0.205128205,26.0,6.440367535964505,220.0,388.0,608.0,0.41935484,0.36290323,0.21774194,0.18548387,0.49193548,0.32258065
757,Seth Frankoff,ARI,11346,0.32558139534883723,1.466666666,0.139534883,0.511627906,0.348837209,0.133333333,0.2,8.0,5.268292928011496,98.0,145.0,243.0,0.36956522,0.39130435,0.23913043,0.2173913,0.52173913,0.26086957
758,Carson Seymour,SFG,30084,0.2857142857142857,1.066666666,0.162162162,0.432432432,0.405405405,0.0,0.2,7.0,6.096774381107649,62.0,121.0,183.0,0.39473684,0.21052632,0.39473684,0.15789474,0.55263158,0.28947368
759,Humberto Mejía,2 Tms,20739,0.37373737373737376,0.688888888,0.283018867,0.29245283,0.424528301,0.044444444,0.177777777,15.0,4.175257896158195,223.0,403.0,626.0,0.42990654,0.3271028,0.24299065,0.09345794,0.48598131,0.42056075
760,Ethan Pecko,HOU,33515,0.26229508196721313,0.677419354,0.2,0.323076923,0.476923076,0.096774193,0.129032258,14.0,6.300000600814877,166.0,226.0,392.0,0.47692308,0.27692308,0.24615385,0.16923077,0.41538462,0.41538462
761,Ken Waldichuk,OAK,27681,0.2961038961038961,0.823863636,0.215158924,0.354523227,0.430317848,0.085227272,0.15340909,79.0,5.164649292040165,937.0,1520.0,2457.0,0.4136253,0.36982968,0.21654501,0.15571776,0.52554745,0.31873479
762,John Lamb,LAA,8493,0.3548387096774194,0.8,0.228571428,0.342857142,0.428571428,0.066666666,0.266666666,5.0,4.5,71.0,131.0,202.0,0.34285714,0.45714286,0.2,0.14285714,0.42857143,0.42857143
763,Erik Swanson,SEA,16587,0.23140495867768596,0.737704918,0.196969696,0.34090909,0.462121212,0.147540983,0.213114754,20.0,4.499999356269928,220.0,441.0,661.0,0.3880597,0.35820896,0.25373134,0.12686567,0.53731343,0.3358209
764,Nick Neidert,MIA,18699,0.2616822429906542,0.833333333,0.19266055,0.366972477,0.440366972,0.083333333,0.104166666,13.0,3.1909093122246004,231.0,384.0,615.0,0.33035714,0.36607143,0.30357143,0.14285714,0.5625,0.29464286
765,Trey Gibson,BAL,33794,0.29245283018867924,2.259259259,0.221238938,0.539823008,0.238938053,0.074074074,0.259259259,27.0,6.451327869201111,264.0,417.0,681.0,0.4159292,0.3539823,0.2300885,0.11504425,0.46017699,0.42477876
766,Zach Neal,OAK,11294,0.19230769230769232,1.0,0.379310344,0.310344827,0.310344827,0.0,0.333333333,13.0,11.7,63.0,107.0,170.0,0.51724138,0.24137931,0.24137931,0.10344828,0.37931034,0.51724138
767,Christian Bergman,SEA,10925,0.28313253012048195,0.890410958,0.220338983,0.367231638,0.412429378,0.109589041,0.178082191,27.0,4.4999998410542865,297.0,529.0,826.0,0.37988827,0.37988827,0.24022346,0.16201117,0.48603352,0.35195531
768,Miguel Yajure,PIT,21111,0.2608695652173913,1.294117647,0.22,0.44,0.34,0.117647058,0.235294117,3.0,1.7608696017238286,92.0,140.0,232.0,0.46,0.3,0.24,0.18,0.38,0.44
769,Colten Brewer,BOS,12997,0.34782608695652173,1.923076923,0.24,0.5,0.26,0.0,0.307692307,9.0,5.651160284015618,107.0,193.0,300.0,0.42,0.4,0.18,0.12,0.46,0.42
770,Brandon Finnegan,CIN,16208,0.30612244897959184,1.25,0.221153846,0.432692307,0.346153846,0.027777777,0.166666666,20.0,5.346535663139355,265.0,372.0,637.0,0.45192308,0.31730769,0.23076923,0.18269231,0.5,0.31730769
771,Jeff Brigham,MIA,16631,0.2916666666666667,0.275862068,0.244897959,0.163265306,0.591836734,0.0,0.068965517,3.0,1.6530615462208857,129.0,187.0,316.0,0.32,0.32,0.36,0.18,0.42,0.4
772,Drew Hutchison,2 Tms,10732,0.3069053708439898,1.058064516,0.214285714,0.403940886,0.381773399,0.083870967,0.129032258,78.0,6.000000342344646,750.0,1232.0,1982.0,0.44525547,0.30413625,0.25060827,0.13625304,0.52311436,0.3406326
773,Glenn Sparkman,KCR,15200,0.29767441860465116,0.93989071,0.224890829,0.375545851,0.399563318,0.049180327,0.158469945,76.0,5.20812202911075,802.0,1388.0,2190.0,0.33986928,0.36165577,0.29847495,0.12418301,0.45751634,0.41830065
774,Matt Brash,SEA,25756,0.38181818181818183,2.75,0.224137931,0.568965517,0.206896551,0.083333333,0.25,15.0,6.75,159.0,232.0,391.0,0.44827586,0.32758621,0.22413793,0.12068966,0.60344828,0.27586207
775,Jon Duplantier,ARI,19546,0.34146341463414637,1.193548387,0.218390804,0.425287356,0.356321839,0.129032258,0.225806451,8.0,2.7692308708055524,186.0,308.0,494.0,0.50561798,0.24719101,0.24719101,0.14606742,0.43820225,0.41573034
776,Hisashi Iwakuma,SEA,13048,0.21978021978021978,0.952380952,0.163265306,0.408163265,0.428571428,0.095238095,0.166666666,19.0,5.516129032258065,172.0,299.0,471.0,0.43877551,0.32653061,0.23469388,0.2244898,0.39795918,0.37755102
777,Ubaldo Jiménez,BAL,3374,0.3333333333333333,1.151724137,0.208121827,0.423857868,0.368020304,0.075862068,0.220689655,76.0,5.472000333984395,909.0,1376.0,2285.0,0.39447236,0.34924623,0.25628141,0.18341709,0.42964824,0.38693467
778,Stephen Gonsalves,MIN,15492,0.44,1.0,0.384615384,0.307692307,0.307692307,0.1875,0.125,3.0,2.189189753452444,123.0,164.0,287.0,0.48076923,0.23076923,0.28846154,0.15384615,0.36538462,0.48076923
779,Taylor Widener,ARI,19266,0.25316455696202533,0.721518987,0.185628742,0.341317365,0.473053892,0.063291139,0.164556962,23.0,3.3934428351632313,396.0,646.0,1042.0,0.39766082,0.35672515,0.24561404,0.14619883,0.40350877,0.4502924
780,Reiss Knehr,SDP,21541,0.2857142857142857,0.485714285,0.297297297,0.229729729,0.472972972,0.057142857,0.114285714,15.0,6.428572012453716,159.0,243.0,402.0,0.31081081,0.44594595,0.24324324,0.10810811,0.51351351,0.37837838
781,Wes Benjamin,TEX,19243,0.36363636363636365,1.0,0.277777777,0.361111111,0.361111111,0.0,0.307692307,5.0,4.500000429153483,64.0,127.0,191.0,0.48648649,0.2972973,0.21621622,0.08108108,0.48648649,0.43243243
782,Mike Paredes,MIN,30187,0.2535211267605634,1.0,0.2,0.4,0.4,0.0,0.166666666,7.0,2.8636363636363638,126.0,222.0,348.0,0.48684211,0.30263158,0.21052632,0.07894737,0.5,0.42105263
783,Jake Bloss,HOU,33168,0.3055555555555556,0.476190476,0.225,0.25,0.525,0.095238095,0.238095238,8.0,6.171428907744757,82.0,157.0,239.0,0.55,0.3,0.15,0.2,0.6,0.2
784,Jarlín García,MIA,18282,0.17204301075268819,1.0,0.212121212,0.393939393,0.393939393,0.051282051,0.179487179,19.0,5.029411764705882,202.0,318.0,520.0,0.38,0.45,0.17,0.14,0.48,0.38
785,Sam Aldegheri,LAA,26443,0.2848101265822785,0.72368421,0.206060606,0.333333333,0.46060606,0.157894736,0.105263157,22.0,4.125000163912779,361.0,531.0,892.0,0.45783133,0.3313253,0.21084337,0.18674699,0.40963855,0.40361446
786,Carson Palmquist,2 Tms,31612,0.3333333333333333,0.629032258,0.234848484,0.295454545,0.469696969,0.096774193,0.14516129,21.0,4.572581102337025,323.0,501.0,824.0,0.34057971,0.39130435,0.26811594,0.15942029,0.48550725,0.35507246
787,Andrew Moore,SEA,17553,0.24043715846994534,0.519607843,0.213197969,0.269035532,0.517766497,0.107843137,0.147058823,20.0,3.2142851668962127,290.0,575.0,865.0,0.35858586,0.4040404,0.23737374,0.12626263,0.55050505,0.32323232
788,Mason Barnett,ATH,31741,0.32857142857142857,0.764705882,0.210526315,0.342105263,0.447368421,0.088235294,0.176470588,36.0,6.797203159849962,368.0,536.0,904.0,0.35526316,0.36184211,0.28289474,0.11184211,0.53289474,0.35526316
789,Zach Logue,OAK,20231,0.28187919463087246,0.530120481,0.196202531,0.278481012,0.525316455,0.13253012,0.13253012,18.0,3.2837838684232525,315.0,526.0,841.0,0.44375,0.30625,0.25,0.20625,0.475,0.31875
790,Victor Mederos,LAA,31533,0.3076923076923077,0.478260869,0.209302325,0.255813953,0.53488372,0.130434782,0.173913043,6.0,4.153846153846154,93.0,142.0,235.0,0.55813953,0.25581395,0.18604651,0.11627907,0.46511628,0.41860465
791,Ljay Newsome,SEA,19942,0.34615384615384615,0.72,0.245614035,0.315789473,0.438596491,0.08,0.24,8.0,4.90909303712543,76.0,186.0,262.0,0.36206897,0.36206897,0.27586207,0.17241379,0.37931034,0.44827586
792,Nick Kingham,PIT,11694,0.30916030534351147,0.954545454,0.223826714,0.379061371,0.397111913,0.081818181,0.19090909,47.0,4.880769481405012,558.0,986.0,1544.0,0.45229682,0.34275618,0.204947,0.16607774,0.45229682,0.38162544
793,Ronald Bolaños,2 Tms,20041,0.3148148148148148,1.733333333,0.280701754,0.45614035,0.263157894,0.066666666,0.266666666,6.0,2.9454535239987725,152.0,189.0,341.0,0.46551724,0.29310345,0.24137931,0.12068966,0.4137931,0.46551724
794,Logan Allen,2 Tms,18555,0.315,1.53125,0.232227488,0.464454976,0.303317535,0.03125,0.203125,33.0,4.664922071566626,430.0,665.0,1095.0,0.41314554,0.342723,0.24413146,0.11737089,0.46948357,0.41314554
795,Lisalverto Bonilla,CIN,11266,0.26865671641791045,1.409090909,0.196969696,0.469696969,0.333333333,0.09090909,0.227272727,5.0,2.1774200246934043,139.0,211.0,350.0,0.38888889,0.26388889,0.34722222,0.25,0.48611111,0.26388889
796,Darren McCaughan,2 Tms,20038,0.3373493975903614,0.744186046,0.137931034,0.367816091,0.494252873,0.046511627,0.162790697,20.0,7.1052635145319645,153.0,294.0,447.0,0.43333333,0.35555556,0.21111111,0.13333333,0.54444444,0.32222222
797,Tucker Davidson,3 Tms,19871,0.25688073394495414,1.195121951,0.2,0.435555555,0.364444444,0.048780487,0.134146341,26.0,3.2499999946190252,485.0,739.0,1224.0,0.40350877,0.32894737,0.26754386,0.15350877,0.56578947,0.28070175
798,Bryan Hoeing,MIA,26304,0.33064516129032256,1.16,0.187969924,0.436090225,0.375939849,0.02,0.18,25.0,5.97345173074177,239.0,405.0,644.0,0.40601504,0.38345865,0.21052632,0.13533835,0.51879699,0.34586466
799,Tim Melville,2 Tms,9149,0.2692307692307692,1.23076923,0.209090909,0.436363636,0.354545454,0.051282051,0.256410256,15.0,3.6818178865535436,241.0,405.0,646.0,0.44736842,0.31578947,0.23684211,0.14035088,0.47368421,0.38596491
800,Mat Latos,TOR,3815,0.30434782608695654,1.047619047,0.14,0.44,0.42,0.047619047,0.238095238,9.0,5.4,106.0,156.0,262.0,0.52941176,0.23529412,0.23529412,0.17647059,0.49019608,0.33333333
801,Troy Scribner,2 Tms,15570,0.17647058823529413,0.580645161,0.125,0.321428571,0.553571428,0.193548387,0.193548387,10.0,4.426228072303514,150.0,228.0,378.0,0.45614035,0.26315789,0.28070175,0.22807018,0.35087719,0.42105263
802,Luke Farrell,4 Tms,15101,0.38461538461538464,0.5,0.271428571,0.242857142,0.485714285,0.088235294,0.176470588,12.0,5.999998966853002,139.0,218.0,357.0,0.42253521,0.30985915,0.26760563,0.16901408,0.42253521,0.4084507
803,JR Ritchie,ATL,31760,0.28,1.388888888,0.19375,0.46875,0.3375,0.092592592,0.203703703,22.0,3.6,398.0,575.0,973.0,0.46583851,0.28571429,0.2484472,0.13043478,0.54037267,0.32919255
804,Héctor Santiago,3 Tms,4026,0.2743362831858407,0.674157303,0.172222222,0.333333333,0.494444444,0.129213483,0.13483146,61.0,4.8157896348313995,777.0,1257.0,2034.0,0.4077135,0.33333333,0.25895317,0.15702479,0.46831956,0.37465565
805,Gunnar Hoglund,ATH,31318,0.29473684210526313,1.0,0.18095238,0.409523809,0.409523809,0.023255813,0.232558139,26.0,7.237113686674204,201.0,347.0,548.0,0.4,0.37142857,0.22857143,0.08571429,0.48571429,0.42857143
806,Chase De Jong,4 Tms,15036,0.31716417910447764,0.628787878,0.242957746,0.292253521,0.464788732,0.053030303,0.151515151,41.0,4.2091255973881365,570.0,948.0,1518.0,0.47222222,0.35416667,0.17361111,0.12847222,0.48611111,0.38541667
807,Burch Smith,2 Tms,12784,0.352112676056338,1.111111111,0.259740259,0.389610389,0.35064935,0.037037037,0.259259259,11.0,4.367647738366857,156.0,283.0,439.0,0.48717949,0.29487179,0.21794872,0.15384615,0.44871795,0.3974359
808,Mason Englert,2 Tms,22288,0.34782608695652173,0.9,0.259740259,0.35064935,0.389610389,0.066666666,0.3,6.0,2.382353208469302,133.0,285.0,418.0,0.53846154,0.21794872,0.24358974,0.08974359,0.46153846,0.44871795
809,Julian Aguiar,CIN,30031,0.22916666666666666,0.791666666,0.156862745,0.372549019,0.470588235,0.145833333,0.166666666,24.0,6.821053179373745,193.0,338.0,531.0,0.41346154,0.34615385,0.24038462,0.18269231,0.58653846,0.23076923
810,Jordan Holloway,MIA,20631,0.3235294117647059,0.933333333,0.216216216,0.378378378,0.405405405,0.133333333,0.2,7.0,5.250000417232546,122.0,146.0,268.0,0.40540541,0.32432432,0.27027027,0.13513514,0.40540541,0.45945946
811,Adrián Martinez,OAK,21023,0.32954545454545453,1.132352941,0.236842105,0.405263157,0.357894736,0.102941176,0.205882352,27.0,4.050000193119058,385.0,672.0,1057.0,0.4,0.33684211,0.26315789,0.18421053,0.52105263,0.29473684
812,McCade Brown,COL,30004,0.32,0.756756756,0.197530864,0.345679012,0.456790123,0.054054054,0.162162162,7.0,2.4545456977493183,200.0,302.0,502.0,0.35802469,0.43209877,0.20987654,0.09876543,0.51851852,0.38271605
813,Daniel Gossett,OAK,16164,0.31420765027322406,1.267175572,0.232558139,0.428940568,0.338501291,0.061068702,0.198473282,56.0,4.357348439709486,735.0,1239.0,1974.0,0.39795918,0.34183673,0.26020408,0.14795918,0.49744898,0.35459184
814,Jacob Nix,SDP,17775,0.3055555555555556,1.017543859,0.212328767,0.397260273,0.390410958,0.017543859,0.140350877,18.0,3.8267724581562916,234.0,422.0,656.0,0.32236842,0.33552632,0.34210526,0.10526316,0.46052632,0.43421053
815,David Holmberg,CHW,7725,0.25842696629213485,1.105263157,0.157894736,0.442105263,0.4,0.105263157,0.184210526,17.0,5.33721048603734,221.0,311.0,532.0,0.54166667,0.25,0.20833333,0.1875,0.40625,0.40625
816,Shintaro Fujinami,OAK,31839,0.36065573770491804,0.931034482,0.138461538,0.415384615,0.446153846,0.0,0.137931034,4.0,2.0377361423904334,150.0,206.0,356.0,0.4,0.36923077,0.23076923,0.10769231,0.47692308,0.41538462
817,Dillon Gee,2 Tms,7396,0.32653061224489793,0.642857142,0.163636363,0.327272727,0.509090909,0.107142857,0.25,18.0,10.125000150874259,112.0,178.0,290.0,0.375,0.35714286,0.26785714,0.19642857,0.53571429,0.26785714
818,Nate Pearson,2 Tms,20160,0.22807017543859648,0.821428571,0.177419354,0.370967741,0.451612903,0.142857142,0.178571428,8.0,3.661017600094967,161.0,215.0,376.0,0.53225806,0.24193548,0.22580645,0.12903226,0.51612903,0.35483871
819,Hunter Gaddis,CLE,25636,0.2764227642276423,0.434210526,0.180451127,0.2481203,0.571428571,0.131578947,0.144736842,18.0,4.1896553446364955,250.0,440.0,690.0,0.41044776,0.30597015,0.28358209,0.20895522,0.42537313,0.36567164
820,Rookie Davis,2 Tms,14962,0.36904761904761907,1.129032258,0.232558139,0.406976744,0.360465116,0.096774193,0.225806451,13.0,4.68,231.0,316.0,547.0,0.45555556,0.32222222,0.22222222,0.12222222,0.55555556,0.32222222
821,Hector Noesí,MIA,3292,0.2641509433962264,0.74074074,0.175438596,0.350877192,0.47368421,0.111111111,0.222222222,13.0,6.381819288395845,137.0,220.0,357.0,0.27118644,0.38983051,0.33898305,0.13559322,0.42372881,0.44067797
822,Ryan Weber,2 Tms,10160,0.2833333333333333,1.166666666,0.181102362,0.440944881,0.377952755,0.104166666,0.1875,24.0,6.3529411319217886,213.0,370.0,583.0,0.48062016,0.28682171,0.23255814,0.20155039,0.40310078,0.39534884
823,Manny Banuelos,CHW,5365,0.3564356435643564,0.6875,0.256880733,0.302752293,0.440366972,0.041666666,0.229166666,20.0,5.19230693049696,250.0,394.0,644.0,0.40178571,0.38392857,0.21428571,0.125,0.52678571,0.34821429
824,Steven Wright,BOS,8185,0.3161290322580645,1.4,0.2,0.466666666,0.333333333,0.072727272,0.218181818,21.0,3.9375,261.0,476.0,737.0,0.4491018,0.29341317,0.25748503,0.16167665,0.44311377,0.39520958
825,Didier Fuentes,ATL,30661,0.4423076923076923,0.75,0.288135593,0.305084745,0.406779661,0.125,0.291666666,10.0,5.625000335276147,135.0,232.0,367.0,0.33898305,0.42372881,0.23728814,0.11864407,0.52542373,0.3559322
826,Carson Whisenhunt,SFG,31676,0.2937853107344633,0.897435897,0.204301075,0.376344086,0.419354838,0.102564102,0.141025641,39.0,6.051724535956845,398.0,627.0,1025.0,0.44148936,0.36170213,0.19680851,0.12234043,0.45212766,0.42553191
827,Thomas Eshelman,BAL,18361,0.3005464480874317,0.608695652,0.252525252,0.282828282,0.464646464,0.086956521,0.184782608,18.0,3.000000105963817,325.0,590.0,915.0,0.45,0.345,0.205,0.135,0.51,0.355
828,Jonathan Heasley,KCR,22224,0.27445652173913043,0.861271676,0.172236503,0.383033419,0.444730077,0.086705202,0.12716763,70.0,5.308988792489024,805.0,1241.0,2046.0,0.45384615,0.30512821,0.24102564,0.15641026,0.50769231,0.33589744
829,Jhony Brito,NYY,25386,0.27848101265822783,1.0,0.152941176,0.423529411,0.423529411,0.069444444,0.180555555,23.0,3.930379936622906,329.0,598.0,927.0,0.41520468,0.32748538,0.25730994,0.12865497,0.50292398,0.36842105
830,Bruce Zimmermann,2 Tms,20370,0.3222748815165877,1.028735632,0.219026548,0.396017699,0.384955752,0.08045977,0.201149425,71.0,4.756824001447578,770.0,1422.0,2192.0,0.48358862,0.33479212,0.18161926,0.13129103,0.52078775,0.34792123
831,Travis Wood,2 Tms,9884,0.31775700934579443,0.785714285,0.215246636,0.345291479,0.439461883,0.091836734,0.163265306,44.0,6.061224961668128,426.0,755.0,1181.0,0.35652174,0.3,0.34347826,0.19130435,0.48695652,0.32173913
832,Chase Petty,CIN,30170,0.3114754098360656,0.678571428,0.298507462,0.283582089,0.417910447,0.107142857,0.214285714,9.0,4.584906072878034,133.0,201.0,334.0,0.35820896,0.3880597,0.25373134,0.13432836,0.43283582,0.43283582
833,T.J. Zeuch,2 Tms,19269,0.32142857142857145,1.583333333,0.173333333,0.506666666,0.32,0.041666666,0.208333333,17.0,3.8250003647804607,294.0,463.0,757.0,0.44,0.36666667,0.19333333,0.14666667,0.44666667,0.40666667
834,Spencer Howard,4 Tms,23252,0.32664756446991405,0.993243243,0.202702702,0.397297297,0.4,0.081081081,0.162162162,53.0,4.258928462634892,734.0,1301.0,2035.0,0.36461126,0.33780161,0.29758713,0.15281501,0.49329759,0.3538874
835,Justin Dunn,2 Tms,19268,0.2148997134670487,0.659459459,0.179144385,0.326203208,0.494652406,0.156756756,0.145945945,76.0,5.117207079903221,929.0,1418.0,2347.0,0.4005305,0.35278515,0.24668435,0.16710875,0.4535809,0.37931034
836,Nick Tepesch,2 Tms,11716,0.3018867924528302,0.807692307,0.175438596,0.368421052,0.45614035,0.115384615,0.23076923,6.0,3.446807785021381,119.0,181.0,300.0,0.3220339,0.42372881,0.25423729,0.20338983,0.38983051,0.40677966
837,Joe Palumbo,TEX,17035,0.43333333333333335,0.8,0.25,0.333333333,0.416666666,0.066666666,0.466666666,9.0,7.593747736886818,93.0,138.0,231.0,0.54054054,0.2972973,0.16216216,0.02702703,0.45945946,0.51351351
838,Dylan Dodd,ATL,29928,0.3464566929133858,0.774193548,0.185185185,0.355555555,0.459259259,0.032258064,0.14516129,26.0,6.81553423300194,171.0,397.0,568.0,0.41911765,0.34558824,0.23529412,0.08088235,0.5,0.41911765
839,Robert Dugger,3 Tms,19191,0.27607361963190186,0.84,0.197674418,0.366279069,0.436046511,0.066666666,0.146666666,27.0,4.584906506003824,352.0,549.0,901.0,0.43678161,0.34482759,0.2183908,0.10344828,0.47126437,0.42528736
840,Nick Nastrini,CHW,29833,0.25,0.571428571,0.145631067,0.310679611,0.54368932,0.160714285,0.125,5.0,1.3917526320527316,305.0,359.0,664.0,0.48543689,0.30097087,0.21359223,0.22330097,0.47572816,0.30097087
841,J.C. Mejía,CLE,20617,0.33076923076923076,1.488888888,0.2,0.478571428,0.321428571,0.044444444,0.244444444,16.0,3.4015749053226654,313.0,510.0,823.0,0.5035461,0.38297872,0.11347518,0.14184397,0.5177305,0.34042553
842,Drew Rucinski,OAK,12499,0.3188405797101449,1.222222222,0.189189189,0.445945945,0.364864864,0.037037037,0.185185185,7.0,3.5000003708733844,149.0,201.0,350.0,0.44594595,0.39189189,0.16216216,0.18918919,0.45945946,0.35135135
843,Lyon Richardson,CIN,24581,0.22448979591836735,1.130434782,0.125,0.464285714,0.410714285,0.130434782,0.304347826,10.0,5.094340355976084,151.0,210.0,361.0,0.53571429,0.30357143,0.16071429,0.14285714,0.46428571,0.39285714
844,Cory Abbott,2 Tms,20277,0.26666666666666666,0.534246575,0.145038167,0.297709923,0.557251908,0.109589041,0.164383561,13.0,2.659090909090909,314.0,499.0,813.0,0.4469697,0.31060606,0.24242424,0.16666667,0.51515152,0.31818182
845,Matt Swarmer,CHC,19705,0.1935483870967742,0.564102564,0.164383561,0.301369863,0.534246575,0.102564102,0.282051282,12.0,4.378378491231003,180.0,264.0,444.0,0.56164384,0.28767123,0.15068493,0.10958904,0.43835616,0.45205479
846,Bronson Arroyo,CIN,978,0.30472103004291845,0.628099173,0.212,0.304,0.484,0.107438016,0.190082644,40.0,5.070422535211268,398.0,761.0,1159.0,0.47265625,0.32421875,0.203125,0.1640625,0.49609375,0.33984375
847,Connor Seabold,2 Tms,19695,0.3371647509578544,0.62589928,0.192857142,0.310714285,0.496428571,0.057553956,0.158273381,41.0,4.593361286676892,515.0,936.0,1451.0,0.38869258,0.34628975,0.26501767,0.14134276,0.46289753,0.39575972
848,David Hess,2 Tms,16130,0.2729044834307992,0.731517509,0.198198198,0.338738738,0.463063063,0.105058365,0.186770428,67.0,3.568047176200949,1089.0,1812.0,2901.0,0.37967914,0.35828877,0.26203209,0.15686275,0.4688057,0.37433155
849,Caden Dana,LAA,31508,0.2631578947368421,1.315789473,0.16981132,0.471698113,0.358490566,0.026315789,0.315789473,11.0,2.700000117041853,262.0,387.0,649.0,0.51401869,0.28037383,0.20560748,0.11214953,0.4953271,0.39252336
850,Tom Koehler,2 Tms,6570,0.3146067415730337,0.946666666,0.223404255,0.377659574,0.39893617,0.08,0.2,35.0,5.192307256987246,447.0,648.0,1095.0,0.43005181,0.30051813,0.26943005,0.15544041,0.48704663,0.35751295
851,Wil Crowe,2 Tms,19800,0.31054131054131057,1.060402684,0.189973614,0.416886543,0.393139841,0.080536912,0.208053691,64.0,4.5593671446890385,975.0,1395.0,2370.0,0.43979058,0.32198953,0.2382199,0.14397906,0.4973822,0.35863874
852,Chris Smith,OAK,4544,0.23809523809523808,0.76,0.180124223,0.354037267,0.465838509,0.093333333,0.2,23.0,4.4357148900324805,341.0,469.0,810.0,0.47530864,0.2962963,0.22839506,0.16049383,0.46296296,0.37654321
853,Ryan Carpenter,DET,12699,0.3393665158371041,0.954545454,0.280334728,0.351464435,0.368200836,0.034090909,0.227272727,34.0,4.909091009233669,377.0,715.0,1092.0,0.38174274,0.30290456,0.3153527,0.13692946,0.42323651,0.43983402
854,Ryan Castellani,COL,16377,0.21774193548387097,0.864406779,0.197080291,0.372262773,0.430656934,0.084745762,0.220338983,21.0,4.231342711409444,339.0,457.0,796.0,0.43065693,0.32116788,0.24817518,0.11678832,0.40145985,0.48175182
855,Kohei Arihara,TEX,27505,0.3229166666666667,1.239436619,0.216748768,0.433497536,0.349753694,0.014084507,0.211267605,30.0,4.6022729267758855,409.0,636.0,1045.0,0.44927536,0.3236715,0.22705314,0.11111111,0.49275362,0.39613527
856,Ross Detwiler,2 Tms,2859,0.2893401015228426,1.079545454,0.148837209,0.441860465,0.409302325,0.09090909,0.25,46.0,6.402061918613216,413.0,692.0,1105.0,0.52968037,0.28767123,0.1826484,0.15981735,0.44292237,0.39726027
857,Mike Pelfrey,CHW,5203,0.2750809061488673,1.442477876,0.163636363,0.493939393,0.342424242,0.061946902,0.194690265,53.0,4.754151980401635,778.0,1121.0,1899.0,0.41389728,0.36555891,0.22054381,0.19335347,0.50453172,0.3021148
858,Bradley Blalock,COL,26419,0.3254237288135593,1.008333333,0.230031948,0.386581469,0.383386581,0.033333333,0.158333333,48.0,5.062500301748532,579.0,928.0,1507.0,0.39490446,0.41401274,0.1910828,0.10509554,0.49681529,0.39808917
859,Matt Koch,2 Tms,13420,0.26556016597510373,1.287356321,0.225680933,0.435797665,0.3385214,0.114942528,0.218390804,38.0,4.384615813486716,435.0,753.0,1188.0,0.42692308,0.4,0.17307692,0.11923077,0.40769231,0.47307692
860,Elvin Rodríguez,2 Tms,20962,0.32,0.508196721,0.185840707,0.274336283,0.539823008,0.114754098,0.229508196,9.0,2.505154737694917,210.0,324.0,534.0,0.49122807,0.30701754,0.20175439,0.18421053,0.43859649,0.37719298
861,Jered Weaver,SDP,4235,0.25735294117647056,1.089285714,0.22,0.406666666,0.373333333,0.089285714,0.285714285,13.0,2.7637793615278494,249.0,422.0,671.0,0.52631579,0.28947368,0.18421053,0.17763158,0.5,0.32236842
862,Amir Garrett,CIN,14375,0.2554347826086957,1.075,0.182266009,0.42364532,0.394088669,0.05,0.2875,39.0,5.2128704995832535,452.0,738.0,1190.0,0.43961353,0.30434783,0.25603865,0.12560386,0.4589372,0.41545894
863,Adam Oller,2 Tms,20132,0.2958579881656805,0.653631284,0.177777777,0.325,0.497222222,0.111731843,0.139664804,43.0,3.4969880020329462,754.0,1178.0,1932.0,0.40220386,0.34435262,0.25344353,0.14325069,0.50688705,0.34986226
864,Chris Tillman,BAL,5279,0.34564643799472294,1.102739726,0.240099009,0.398514851,0.361386138,0.089041095,0.198630136,52.0,4.178572424820729,928.0,1245.0,2173.0,0.43627451,0.33088235,0.23284314,0.1495098,0.45588235,0.39460784
865,Corbin Martin,2 Tms,19884,0.28431372549019607,0.82,0.215517241,0.353448275,0.431034482,0.08,0.32,26.0,6.381818790435849,313.0,418.0,731.0,0.33898305,0.36440678,0.29661017,0.12711864,0.40677966,0.46610169
866,Roddery Muñoz,MIA,25311,0.26576576576576577,0.734513274,0.209677419,0.334677419,0.455645161,0.053097345,0.230088495,35.0,4.004237417584352,550.0,849.0,1399.0,0.39516129,0.37903226,0.22580645,0.12903226,0.46370968,0.40725806
