rank,Name,Team,playerid,IP,K/9+,BB/9+,K/BB+,HR/9+,K%+,BB%+,AVG+,WHIP+,BABIP+,LOB%+,ERA-,FIP-,xFIP-,LD%+,GB%+,FB%+
1,Zack Wheeler,2 Tms,10310,1605.0,113.05980645867595,69.95902591849695,161.3634288421384,76.65039211840546,118.95930253756586,73.62659625095762,91.1467831803582,83.52281206693749,97.61338821599875,104.94764224201344,76.7964133909608,75.4734006992308,80.42001866348814,102.31409221023604,103.36763556623329,94.53166545337768
2,Jacob deGrom,2 Tms,10954,1223.0,132.1128718420315,60.33114650975546,218.57495115304584,77.58754419627991,143.8216024372055,65.70835246039086,82.37126901141274,73.50255158217782,94.48139913750266,108.2271041194274,67.52187559375007,64.12587392073569,66.57317616021385,99.93556400653061,97.67332670109285,102.34498269267871
3,Chris Sale,2 Tms,10603,1131.0,142.37103860657157,62.988187696005404,226.16709377360013,69.19105005189951,151.06115063617986,66.81921385170168,86.20940670487148,77.56987600485816,103.86755824912923,107.68126209426048,65.25749179101636,62.14093349329234,66.43288058300975,101.75983064122501,99.2781475876714,99.98131582495637
4,Gerrit Cole,3 Tms,13125,1501.2,127.6448957741406,69.63897088175868,183.61065487944927,99.14957612415154,136.26342729585534,74.29774301080431,87.09326788732619,79.98165011452778,95.38298799053216,109.1051126141114,76.40695917234436,77.08213881719396,75.87118303815512,95.08543473796863,94.71347750801156,108.48348880829836
5,Max Scherzer,5 Tms,3137,1351.1,128.3745477514646,66.8985086619539,191.5000762946469,98.37188073767025,136.7989731555077,71.28744017811269,85.81026220601473,78.28221825014826,94.17634030379484,109.35781074201836,75.16999926661889,76.86541772871557,82.86485761871349,92.59664873098234,78.0977920345584,130.3408608681921
6,Aaron Nola,PHI,16149,1702.1,113.89959086838817,73.39582879795374,154.982200131078,103.14768603632412,118.50025794810679,76.39269800992426,95.48145054725815,88.40287447577732,99.61350859246213,102.56476837525909,90.10950916240644,84.50720406323667,81.06922493888675,97.43034244617132,104.33302851382649,96.0854040707512
7,Kevin Gausman,6 Tms,14107,1610.1,109.30393934376063,77.04253303816176,141.87105641994162,90.3192775592207,111.27632277073359,78.45809920400485,101.34052482050669,95.2495570521704,105.95170439744955,100.96958257553501,92.43418776634876,83.02800394045701,87.42738484739857,105.57068430648006,96.20915768545854,101.21130580929972
8,Sonny Gray,6 Tms,12768,1461.2,110.0294356016249,87.76956506670598,125.03675315182275,78.21020974956733,113.26936956961704,90.39528066536352,93.82606803177735,91.02700261201639,99.46006065017734,102.0485290874811,83.58412852953171,81.48807235422224,83.43874781105745,103.7539693979896,110.93804668327756,85.48217754017041
9,Justin Verlander,4 Tms,8700,1237.2,116.02459240780763,69.85338221383532,165.95203688722344,91.07377814188449,122.97707781357161,73.99285359858155,86.47336023503681,80.01719096611764,90.92217254685218,109.05976933369088,73.20805267913298,82.01053934211936,90.06548894049979,99.73572891062855,79.46627287343482,123.56344195781455
10,Max Fried,2 Tms,13743,1167.1,99.82543941956534,73.93169107599722,134.92491549101112,57.04398345016733,104.67293978037242,77.52489595150055,94.65414933681478,87.1778314373489,99.46200994495909,104.2627673817573,71.02986356112989,75.53396486627076,80.37397459554182,94.78033235025217,124.82537377746694,73.63242478773023
11,Logan Webb,SFG,17995,1216.1,96.73994095460489,65.0072429954834,148.7608060021978,54.223387038392154,100.56866115466303,67.56640828755222,102.26325043624828,91.4109290299243,106.70224068492915,98.78604555068878,85.54838665372449,76.23355233551712,76.89349383158718,100.50317836157465,130.83041352319512,63.703831397931
12,Luis Castillo,3 Tms,15689,1525.1,107.46623203427265,87.53050871563913,122.49700516809092,98.04243619026984,110.05512690002782,89.67341983623533,95.88251882535526,92.7523701004074,98.43816430461182,102.77351778732402,89.94946453536494,91.32464861672268,88.0230117447186,92.57292102641037,108.43409235486251,93.36981368348998
13,Blake Snell,4 Tms,13543,1111.2,131.2720023812496,120.41816047208742,108.88317961070226,68.72079312227908,136.57123844605806,125.28474220643142,82.94108410745918,90.14212136409769,96.15662175281679,108.34206969685654,74.5391867277697,77.68328864106658,81.07167374098086,101.24520069815031,99.42540116038327,100.09324709467096
14,Dylan Cease,3 Tms,18525,1184.1,129.3233111522094,119.34536241959881,108.07778088892104,82.79372652804936,130.60757810189196,120.58313414031434,89.0039850680671,95.7988541423577,100.210686573754,101.89843371664837,87.73201040265775,81.97677561574598,88.47995985147546,104.06644487723855,91.02219728835605,107.98689034265195
15,Clayton Kershaw,LAD,2036,1093.1,107.57959044530546,58.927515483690144,183.79653623970563,87.44970635403833,115.49434318426317,63.23490293361211,89.54479252405237,79.10326682943438,92.3663009423029,110.54033871545512,68.02728272842356,78.2251912367972,77.31188048622222,94.88011904245708,109.63585464580048,91.33411795027328
16,Tarik Skubal,2 Tms,22267,914.2,121.1226748459288,59.511713303462585,204.1549007206383,81.99956588736634,129.47486483533456,63.61985177523478,89.28433144916596,78.99322047003784,97.67881870400342,105.2354056951104,72.5474545423374,71.25807475091652,73.16911186982541,99.52698072481844,103.04277758632144,97.16520854908892
17,Charlie Morton,5 Tms,4676,1358.1,118.79065207558457,104.86280896970102,113.51547217146731,83.29213309105523,119.64281527949545,105.54232371448403,93.94406775436698,95.33417458557373,102.57363656645934,103.09182586470264,92.21223775671173,90.34766717155459,87.19098221512901,106.25814363888625,107.2803359532876,88.0287267738408
18,Shane Bieber,2 Tms,19427,932.1,114.82104826895612,64.33485181960036,177.92210397018243,84.60478963412534,120.63331912791632,67.56156197216775,95.75635658946199,86.34503247982785,102.66346508685625,107.14329350060783,76.74084567863353,76.59532291484783,75.10063956649313,104.28834977125574,109.55828502145025,87.04737228263926
19,Framber Valdez,2 Tms,17295,1200.2,98.24501032997598,99.33376161313728,98.87623699786292,62.07574900891933,100.14410808738035,101.29372242332725,95.27979047028862,94.75302925560648,99.00383128548098,101.94501033172847,83.78393930132272,86.0478378978773,81.44533962953324,92.88329093858565,145.91613951537036,53.45674693900124
20,Sandy Alcantara,MIA,18684,1278.0,87.07406614543702,81.21665352403019,107.21032076594017,78.68061404606769,90.09668139826444,84.0641789054026,95.88625578363276,90.50017626520287,93.93010566204084,99.4439250764311,87.02850247814332,92.44415268187582,96.48009478891247,91.96800894359356,112.87238000933189,89.3667687832352
21,José Berríos,2 Tms,14168,1510.0,98.35174340220152,80.7813542089739,121.85731687606527,100.15565436708617,100.2518001631564,82.29855542453618,99.02179332213198,93.5520589328961,98.54396195821784,102.95692319746612,93.07583695299836,96.69630576511034,97.39595522189823,102.5223877647496,98.57108273782956,100.37765705094519
22,Corbin Burnes,3 Tms,19361,896.1,117.80897644466283,77.80050459689595,152.05201637930432,83.0715911160207,124.4200160273965,82.16775406512798,86.45335144207361,81.8496633564001,93.28463641977038,106.05534395404521,73.54860518995945,78.13344503152443,76.68067255592693,98.42341587967812,109.49005932079146,89.88476686489899
23,Patrick Corbin,4 Tms,9323,1557.0,95.75808562686409,85.83902302696484,111.71143634930462,109.17450759829201,94.4736373837181,84.68902150389665,111.16400987908641,106.81365799490759,109.51899943682817,98.67988764140794,110.03882639027118,99.51907003971888,93.76374047724089,107.23095682090893,105.62982655683324,89.01850690493886
24,Yu Darvish,4 Tms,13074,1132.1,115.47033585860757,75.96082924240257,152.49166130316078,107.75415164691165,120.6566477484448,79.35777644143408,90.73304995929843,84.86264317005194,94.05441918282723,104.06721785860765,92.27768233689443,90.52679500346565,86.36237065673194,99.98403138374431,92.65526342385054,108.75867847343889
25,Carlos Rodón,3 Tms,16137,1060.0,117.10733458995686,102.72171304746325,113.82686121783306,92.92138828151481,120.26405805334895,105.54531281233552,86.52925032029522,88.99944868890522,91.46900748647334,103.36735934297853,86.63343767784423,88.69175386361427,94.4478199457563,92.03727753078515,89.65386950950261,115.8147972186892
26,Eduardo Rodriguez,3 Tms,13164,1257.1,102.41734410160635,96.7412741067174,105.98808335488368,90.62767375808154,102.65253381091766,96.92850190250614,102.36974998450255,101.33820739179606,104.66629235417679,103.42940954725508,90.82494242851436,93.40729414209495,96.95808726259379,104.72601507693327,96.49576284525166,101.55771684046667
27,Lance Lynn,6 Tms,2520,1207.2,106.54281438484449,94.08951561743683,113.0020265922104,103.90677095605712,106.9893264771852,94.52317429618225,96.45259160811554,95.89411400087943,97.79760916781707,101.60092188047145,92.38314994818572,95.4550374616717,96.67367654188999,102.5586648579901,94.92728552859168,104.47641693676995
28,Nathan Eovaldi,3 Tms,9132,1083.1,101.99594648941293,65.39730953154533,155.94657348737945,99.86557028498525,105.67732964863048,67.81360804510615,98.75131886491715,89.09315370712186,99.43474295724914,103.81919907053371,86.61477683005158,89.3874176378693,84.74075409634155,95.15639351817038,112.83522135253745,88.60591487400876
29,Zack Greinke,3 Tms,1943,1122.1,87.48298685379893,51.5924977072365,170.8520368499104,96.17023101966868,92.36571840219578,54.39707474844408,100.52907521154202,86.60834364534342,96.91670178162069,102.84295843812048,83.61824443843312,90.33902420268524,90.89650379064378,105.15433890228888,102.71799178603638,93.92878944651784
30,Michael Wacha,6 Tms,14078,1303.0,89.32315654588123,82.78168509257301,107.90415496045456,95.76604518424506,91.28751042483982,84.61197347581701,100.70915303261907,95.45948914679279,97.72657927441362,104.09592519332551,90.75089978484665,98.17947483374387,101.59589855853248,107.46877535002999,93.711966334571,102.39076327220027
31,Cristopher Sánchez,PHI,20778,702.2,106.3261870581143,60.31022945740471,177.48891797567478,66.82474939304834,110.98760616055424,62.91429145594167,99.91407049182513,88.68534738188274,105.79552278418478,106.24562029895029,70.2390530004548,70.36226723132181,70.19539106476908,93.49549991400772,135.07785990409778,63.936241184327336
32,Jesús Luzardo,3 Tms,19959,842.2,120.19103830472729,89.57440346843164,134.5235771594453,85.02381172052122,123.59325129164395,92.07799146116908,95.46259977058563,92.59383010776429,104.12161659918462,100.07640099429678,90.26756863212785,81.26048809761423,83.68783771309741,101.63441845469276,99.35707038132378,100.07480569570835
33,Brandon Woodruff,MIL,16162,763.2,118.95850751512029,69.13346695043025,172.2116035243015,84.62862986652573,126.9935694385512,73.79518406030385,85.37368109781816,78.3915971581407,92.25672562905133,106.96903600872037,73.82550326128126,75.76101141583045,79.95379464919381,98.67518713105471,93.78361811218771,107.5488926534906
34,Pablo López,2 Tms,17085,965.0,105.56820242419327,71.83035937081044,146.8593630112483,89.96752081635239,108.42794330581181,73.78626784793175,99.22328916085638,91.22731822606681,102.54460508100158,101.57551123108904,91.91747885075954,87.21631381505121,85.85163228925032,101.37723910858432,106.92456780317774,91.08935365668009
35,Ranger Suarez,2 Tms,17277,814.1,97.70946538616585,86.63843634797959,112.77882970171105,67.36487719259576,99.41620340200282,88.14788920275286,101.3883780693831,97.1909183780526,104.50391078338671,104.6093644191657,80.02446204471586,81.54601240980885,88.60642056835334,101.10396660943412,115.92085843841883,81.0169160333835
36,Luis Severino,3 Tms,15890,993.1,107.21137108726289,86.87808960090445,123.07516449966458,94.34032317845322,108.98561837285206,88.26939071097725,96.57316344319774,93.45135204331567,99.19727435746137,100.35868334998253,90.97680175294828,89.29415468352363,90.40569318777435,100.55771655769765,104.82316951941672,93.99924179884613
37,Freddy Peralta,3 Tms,18679,1016.0,121.65876920624181,103.25688701273252,117.93367749308506,99.27248590425941,124.75047336734364,105.84189652451037,85.44109542280248,88.46328651308454,90.91606553828167,104.36975074176651,88.68901098850857,91.20718518586504,93.44865438096615,92.63981352649614,87.26740607372722,119.0743595676126
38,Kyle Hendricks,2 Tms,12049,1280.1,79.49048592208592,64.28212263748702,124.54442630733998,100.75289898904047,81.1296052124471,65.54400421296911,104.68536041859969,94.33441505104582,98.12297968543533,99.80593853677291,98.73249263578305,100.6612098615647,101.1800862451755,103.29807161908681,101.03672020085874,96.51169365234735
39,Chris Bassitt,4 Tms,12304,1209.2,95.79067395414114,87.89663389299697,109.03496418932674,86.09895997474462,96.10094731162609,88.15827945313347,101.01337031841922,97.39375140946535,101.35075171434214,105.39404142002897,89.68813316303532,95.36439491250881,99.41712078777006,102.34353526882327,103.57844372922342,95.02187954390897
40,Logan Gilbert,SEA,22250,1021.1,110.91802894596773,63.05422211834934,176.23294923661535,104.63873728768323,116.4292827034614,66.17402298862683,92.140845328483,83.09913637305787,94.17213681928379,103.17365978286657,93.06889303399865,89.4567861180256,84.81245075255272,100.46193467101878,94.10634866987027,106.25615519834626
41,Marcus Stroman,4 Tms,13431,1129.2,85.54442805561793,89.22236938644467,96.25876101879518,73.69696718097755,86.7030788338717,90.3736178307697,103.73186224090804,99.72284446914452,102.45484710287735,99.95148073755075,90.04070760369052,91.352924078468,90.56331970299433,97.21182025585823,128.09060894558226,68.676956411848
42,Zac Gallen,2 Tms,19291,1108.2,105.13261349400855,88.34730141985453,119.02286614760091,92.74044629482299,108.14649422173193,90.86298031141051,94.65353745773444,91.73597357101958,96.89401593673844,102.15875499016185,90.14371449460383,93.30610354559008,90.87136963362722,100.38607625207408,102.08085578701971,97.42974920068545
43,Corey Kluber,5 Tms,2429,741.0,111.8781482446279,59.81609042538154,185.71416647863026,88.82179982635286,117.27598851862517,62.74164448064455,95.43174055973519,85.03483144891129,100.22388305812639,102.9135169150665,81.98859533563464,80.23343269670674,82.61068209157149,107.403252852884,96.21961709961089,100.0635196403721
44,Tyler Glasnow,3 Tms,14374,743.2,132.8603183516645,95.77452215312114,138.58113914414872,93.24776602718072,140.45948334577142,101.27840581107456,81.8515711162898,82.90470463448737,91.82612035120687,101.0130850193915,87.33151850543791,79.73374942969156,73.84540014607946,90.27058284073324,107.44292436169476,96.87982628982402
45,Jack Flaherty,4 Tms,17479,1070.0,118.27373173763071,99.9384582785344,117.98057278742064,101.97884690649914,120.28504590078836,101.69349046511569,92.9260967113093,93.52847809796826,98.52383703325214,103.77350113032955,93.994858776512,93.7264823977938,89.36365294498054,111.59383154495896,92.17589822947883,102.54636037278269
46,Joe Musgrove,3 Tms,12970,955.2,103.54328800569112,68.9022745061436,150.12608157568692,94.96926282696772,105.84047636025748,70.44498289752237,99.10863202633281,90.62331880657162,100.9966517615692,102.25376853218438,93.05551249456272,90.71306304202803,90.34429283625487,100.97958655398509,101.58516143792087,97.58658060222312
47,Germán Márquez,2 Tms,15038,1169.2,96.24859295633574,85.24697417442816,113.30021979866409,112.84010292602838,95.94835650029748,84.94302668803651,106.4572620161492,102.17942648671108,104.37997129988128,96.18629714582543,98.27677282736238,97.03763763627477,93.30670007759615,104.42463584980052,106.58102318465019,89.03818599206684
48,Shohei Ohtani,2 Tms,19755,614.1,130.16544163967438,94.29821079884334,137.07185700286252,73.74894695876272,137.05019607925178,99.39821987355349,81.60833791615867,82.18150937839873,93.24381491846468,110.31920203228809,66.77594003218088,72.54078963819379,76.81740596647889,96.89454760406136,105.25206657859063,95.78905893845213
49,Jon Gray,2 Tms,14916,1000.2,100.82973683145366,88.5220727025361,113.78483202279554,100.41955611192168,101.21113419414954,88.87059681033594,104.27262882453432,100.5154055117671,105.02281490903012,97.80064891725686,97.71708720779736,92.54844697434172,92.9093105149749,104.7435050977013,104.83759456283317,91.14377525624845
50,Jose Quintana,8 Tms,11423,1158.1,91.23522397751984,96.34308265914443,94.8355512904404,89.55984067570024,91.52789882522815,96.59001216196855,101.6109243628359,100.42522841781664,99.97414442674861,99.57246486887661,97.36537868075668,97.73391770131124,101.48184768702764,102.72473205881269,101.88340858383373,95.87524220169252
51,Walker Buehler,4 Tms,19374,977.0,101.20416541785713,82.29106328363262,123.53115244076447,95.04729562719756,104.35575811063886,84.76185349857415,94.70156644107564,90.1782904525491,95.36539746169221,103.35667494580242,88.02051932065076,92.126793001122,91.42075516715673,97.66802867217478,105.53249755968797,95.05471744651402
52,George Kirby,SEA,25436,812.1,98.65564444636892,47.862785898962805,204.3760506899472,89.24003411612577,101.64805701194307,49.34679393639333,106.77221741389073,91.76138978974991,108.06046631162968,101.05786863340734,97.66118546698041,85.00661022741733,86.37309341708318,97.61840573049442,104.54670186215591,96.35247544944298
53,Kyle Freeland,COL,16256,1389.1,78.5331181647694,82.05504310476307,95.5456903557078,113.35887505873245,76.88501629945745,80.3763663476321,114.87979322610991,109.17664116779035,107.10469304524337,98.7271396218365,99.18833961449864,104.79656183827889,107.61377061785925,100.43152647596601,102.41029028963791,96.64813389817796
54,Lucas Giolito,5 Tms,15474,1158.0,107.19176000543665,107.39802730005255,100.06980427464083,112.1585823184527,108.75777725489353,108.8880008031589,94.39264507864273,96.71608903786759,94.90739121001698,100.92032783952456,100.3377551788337,100.71602695300066,99.71512001326055,103.59963587784173,90.4150285154416,108.83957611084386
55,Trevor Bauer,3 Tms,12703,740.2,126.5395279487232,93.66737578012251,135.65588952625552,88.33963738946522,130.7285818243657,96.77900038896028,88.21309884944498,87.72825586847026,97.71369370081922,107.35200025513319,74.35698278330656,81.5307737518008,83.96140251123092,99.68346538858228,94.56270482037928,107.00147673469607
56,Jameson Taillon,4 Tms,11674,1215.0,91.95507263216157,69.89855615413184,130.98527750583926,116.71383210216753,93.9316301653673,71.45210241259016,100.87862435103294,93.06689453797259,96.26741710385373,101.86588481943915,98.36943217982319,101.50420936791342,99.23541746125606,101.4344303364341,92.71144635042712,107.00023073782785
57,Nick Pivetta,3 Tms,15454,1151.2,113.37228521868087,96.41564557443425,117.74098926434459,121.72510345545338,114.405384662561,97.30600183830458,98.82081076977873,97.99160889968476,100.7897041739084,100.94735885393192,105.08653825673618,99.53269439981324,95.16439218546769,96.51795905843304,90.2864864288969,112.57822069158614
58,Zach Eflin,3 Tms,13774,998.0,90.58307843542526,55.32535783898146,163.71700114944124,111.19679529540738,91.9423742771885,56.178971602125294,108.03853698397519,95.57322524727842,104.07541150183464,99.25359518228768,102.26221513107035,95.35594113075558,93.28729856379196,97.37544287537715,103.11417783713762,98.18098724569855
59,Matthew Boyd,3 Tms,15440,1045.1,100.10854122366356,83.35326371460229,120.01672033067163,105.69459460413913,101.41983446953358,84.40262540137816,99.74278243827732,95.22544524978636,99.01715432561683,99.33457375909126,100.78937811641123,99.11251210444605,103.14210331314322,98.5680683213647,86.15296495139656,116.71491148041704
60,Carlos Carrasco,4 Tms,6632,959.2,108.73086251333106,77.67249743412178,139.49906607573797,105.81464174627109,110.08789304137431,78.58891560758529,105.72424699824565,98.8032524628946,108.90693423452913,100.94288966841374,103.61924129047172,93.12554988505008,85.97680792633406,106.60776573212654,104.26287738917202,91.40661919279052
61,Paul Skenes,PIT,33677,495.0,126.06199944852928,68.62288136883555,183.16467953607165,64.57054302602975,135.62513503851014,73.84110097276428,85.28230499738689,77.63828216414578,97.26843578081092,108.88455522652008,60.74214998618172,66.13711165204408,73.3669872905263,94.67100806452459,104.98232321971778,97.01203331941402
62,Jordan Montgomery,4 Tms,16511,857.0,95.16273810509396,80.656153368821,117.8795704460661,88.38337482938164,96.40207028218627,81.70632815418168,102.32173452870512,97.10103901335405,102.0949960553245,100.54047401442871,95.24064777154943,90.35293028892036,95.06192406632755,104.0014797562641,101.82988373580748,95.7899461271742
63,Kyle Gibson,5 Tms,10123,1296.0,89.99181514755466,98.9976716922084,90.9502634858205,97.84932972939437,89.67193997272997,98.63801895388477,106.23686035907012,104.76610692006771,103.849935751317,98.06998554366807,107.3177580876124,102.19082883008535,96.07471291350673,105.74245714739251,115.19744833586574,79.1740904376633
64,Merrill Kelly,2 Tms,11156,1170.1,90.8998623250666,86.2610079680607,105.14741180886415,100.58478739006458,93.62333588033425,88.86067584082986,99.02221384538447,94.58634068582877,95.89710971797994,102.83445415629558,92.55013799217043,101.40956533661577,98.47844246425483,101.55448858375442,99.86950298022185,99.3226116148932
65,Miles Mikolas,2 Tms,9803,1211.0,74.32049213642621,51.80065152438753,143.28380200458673,107.85519822093829,75.99637749819276,52.98067928690217,107.34498243132897,93.74044680219131,98.60358985831945,97.44354224835968,105.52592761921231,103.36968279568194,100.81337245148856,102.88549693841284,102.01195801342335,95.6115400571068
66,Robbie Ray,5 Tms,11486,1266.1,124.35865988713137,120.46125340364979,102.58085601241905,117.74605472988686,126.54852675005802,122.63322822050411,90.2144490752054,96.51373053593368,95.56128997569647,109.48754998608902,89.35585607163998,102.79330345036105,94.36963462502725,99.18715066144628,85.67964705515799,116.98432814284494
67,Sean Manaea,4 Tms,15873,1122.2,99.03048300324568,77.4324566773992,128.43376965014028,108.28747377909802,100.61835499153959,78.64832608616524,98.85848462860737,92.90669481242489,97.51750970615021,99.00975257848329,102.12054548738551,100.16517708427305,96.58494146171088,99.21472956717471,96.83135490535062,104.03931038215165
68,Trevor Rogers,2 Tms,22286,689.2,101.61187310612318,93.32939116257587,110.06796310409415,75.2103226469351,102.16125826815966,93.76004682726818,100.1728597028573,98.48772681702617,103.6481619129529,99.26754040791808,93.77491031283662,86.28537603591936,95.83699800901626,98.67691087994449,100.60735625072272,99.78487115892466
69,Tyler Mahle,5 Tms,16358,880.2,103.43531449137335,94.2324945290192,109.97348053049653,104.81184599042548,104.39386226187888,95.06235789067202,99.9145378935912,98.22367422322897,100.73007566373882,102.99038444830843,93.92375797664114,95.46662331241563,97.13258757194158,99.51323816843167,95.68997022319313,105.28067599486648
70,Mike Clevinger,3 Tms,12808,741.1,106.31590984311383,96.21815207973619,110.78565611922448,87.04721723562916,110.88753013366059,100.25129819648346,91.13150844076748,89.9021398663519,94.35162925826461,109.52268678869616,77.7318891992041,89.749718871579,97.92920123323398,101.77403355172518,87.0313746763614,113.71321647067138
71,Stephen Strasburg,WSN,10131,545.2,121.64018071391259,78.1752419854603,155.44526182146703,81.73777360153187,127.46308442345016,81.89543814004301,87.8608478497618,83.23754494151059,96.26366792693563,103.74137592282085,77.85030409087679,76.024742520465,77.6628872455448,97.76710056460857,106.52444290488519,93.16031364877256
72,Joe Ryan,MIN,21390,781.0,116.54433494884724,63.72831632512327,184.0123436762526,118.88733538264586,120.69823793381948,65.94630697396686,93.47673995532081,84.58584977858187,95.86584438126555,102.6229968205059,91.81072014704189,92.09745872411565,91.73922503554815,90.1121774148648,80.3976922810704,126.34443376099902
73,James Paxton,4 Tms,11828,665.0,118.27824090640466,94.55676007853772,125.49100862925495,94.7116545393235,121.29303766269514,96.88384171119694,94.79198247219476,93.73606558842607,101.31059320265567,102.82251807938812,91.01421657091204,86.08993157096857,88.20781870443524,98.08000828200548,94.62457079237508,107.44264490930905
74,Brady Singer,2 Tms,25377,1006.1,96.33457165993387,92.32469973123798,103.7217287019367,100.05825700327176,94.7081392049383,90.842652448659,107.81725612906561,105.03734653442758,107.26297998853487,100.1657577737258,103.83325834112489,99.77874272644145,96.82017964694649,108.26523985766823,109.79726926967012,85.05429399316333
75,Drew Rasmussen,TBR,25385,561.2,94.58577335081185,58.539860065299095,160.61930989090595,67.74069301746613,102.65360234454897,63.49424857714472,86.76951617644977,76.164585666476,87.83375436312154,107.57619336249975,66.97026379782413,77.72168993268612,84.34861381677547,95.13501035858421,113.12675582620896,88.279849275043
76,Mitch Keller,PIT,17594,987.2,97.37563143117252,93.87672608457682,103.23041854530844,91.18997974387679,95.49230340971826,92.05541409554905,107.89040358830924,105.89055234156237,108.57216394850606,97.22989069797512,107.16617442333583,97.48394476420586,99.71685781040233,114.67809371433533,98.70066640339638,93.51526757148618
77,Yoshinobu Yamamoto,LAD,33825,448.2,115.98450332088004,75.87476798670608,153.34016088539883,71.09068429629653,125.93227031338476,82.37377373730598,78.39483218636249,74.3299633420092,84.42039166654898,109.26514657350327,62.50048513330263,71.91025189883693,75.01875631206362,86.89647246687005,118.23761586623978,86.48630114014567
78,Seth Lugo,3 Tms,12447,818.1,92.7066522093652,77.22551339621585,120.1067537213923,99.2277564836215,93.65982036701189,77.97999138913839,105.82377506403478,98.6997700743691,103.95573906010331,100.67479938459694,98.01583805536802,96.35957164886076,97.18686697130433,104.71261241879814,100.4446219882577,96.93509183544565
79,Hyun Jin Ryu,2 Tms,14444,702.2,92.93119936207287,59.73273195577416,155.4414862865847,94.46894122671985,96.66503867753097,62.152737806298454,100.34443072152392,89.20581001253018,98.71609141804858,107.95517905564822,77.13602666220788,88.74134095970881,86.13749499264321,103.6145233305375,109.70602121765587,86.36625727740017
80,Alex Cobb,5 Tms,6562,807.0,86.499838395077,76.61648310056131,112.83974842401632,85.98410171237741,87.06785185444548,77.13090291418186,106.52366289409625,99.76842433908783,103.95388181003187,98.60039422268049,96.46862262203037,93.5218187450036,88.63772092037625,99.50257694748007,124.96005544239799,71.02090888633576
81,Hunter Brown,HOU,25880,622.1,115.05409791533614,101.55737523922919,113.12256125008291,86.15665976761444,118.26539767841065,104.40360614874042,95.13760170237163,94.97774833853603,102.2597861818888,104.95045378416894,85.5416574148251,88.03310132005672,81.50154176386162,94.5355099838741,122.57220418030919,78.70000188075284
82,Julio Urías,LAD,14765,580.2,99.90300243643513,65.59833592178627,152.02050639543293,97.09214672949231,105.5282826809012,69.32866244436234,90.84928400170915,82.1567136419941,90.29818532653091,107.48481401513794,76.91209797262066,87.12806479787932,95.55559091997097,88.68800488071568,88.32239217323217,120.40728235443503
83,Martín Pérez,7 Tms,6902,1203.1,77.51459941886051,104.94298799069372,73.58204530768168,93.28110386046113,76.02889148945424,102.97994278230395,110.11931029191456,110.35174603326014,104.20758194773008,100.97093405504347,99.15417898488786,106.35387748661192,108.56508557077417,106.8890753479337,108.046283297029,86.88897467307599
84,Frankie Montas,5 Tms,14309,728.1,104.31398661023954,94.00190774299244,111.28366108395834,94.90843626534992,104.28564394315912,93.92179233005055,100.81500085988722,99.56299360192473,103.14249775585822,98.91055974393493,99.58636905127956,94.39985938105174,93.21079136170495,105.96665010445751,102.5804418447729,93.67567535104216
85,Noah Syndergaard,5 Tms,11762,605.2,92.68939026713807,64.86933081561597,143.14602005970028,85.47262174629267,93.85099658970269,65.6186236798159,105.50912045246945,95.70401153539477,104.85115492145111,97.17607722990807,102.75411370238305,88.75886691543603,93.36499791053816,101.78378029938501,104.75488235805408,92.57241488385269
86,Tyler Anderson,6 Tms,12880,1117.0,84.99568037247346,93.33922160914575,91.20197685978553,114.6854334244646,84.84765864870133,93.14052581980575,102.80004203952797,101.04751814966039,96.19731421935144,100.16119194396917,102.65816554752898,109.04402272566175,114.0113752626687,105.44843821738719,82.65494893048493,116.70539551855677
87,Adam Wainwright,STL,2233,898.0,81.71702104514577,86.25178613466633,95.03786312192261,86.93045077512764,81.6386610438312,86.1821413630967,107.31803189665175,102.65970239061548,103.17024221164995,101.28787762826835,102.69803097413529,100.54848311818301,101.79219805294801,109.97436317457479,104.48273434340265,88.6666317530219
88,Kenta Maeda,3 Tms,18498,715.1,109.95544083719754,81.05968310207525,136.52993674170793,109.70352127371935,112.91530683010606,83.15736626302554,95.84019193892424,91.28408393139165,97.54338494505286,96.65342141526924,106.1641193946185,94.12216016488621,91.3472371724924,106.68349233976926,89.53334599429803,108.52532913528223
89,MacKenzie Gore,3 Tms,22201,700.2,113.83029185212001,114.7146856053707,99.23734031449783,95.67511838850955,112.15346436622376,113.01050000194861,102.50962320158212,106.25488162334393,108.25909498697301,101.27086439206808,101.97424193230805,94.6640146995512,97.03759635093601,112.00971359278628,90.84308508728658,104.0185362998798
90,Yusei Kikuchi,4 Tms,20633,1037.1,104.02721024058594,101.08451117392339,102.81124623028688,117.54432241040615,102.75412018974204,99.88085442623631,105.90444027903243,105.79926430894861,105.97806587516571,100.99032872937501,108.26561128733893,105.3994967426259,95.68067490238523,102.03509222864923,103.3800331871149,95.05040031324252
91,Bryan Woo,SEA,30279,568.2,103.79672800394282,57.34467316113009,180.33089121221136,94.73429895856275,109.73587604746785,60.67984692666691,89.4125547428829,79.22340599730087,89.82314439719319,101.22711868830623,89.22865741663115,87.7248011814902,87.63595073121455,96.48213665029881,95.8683729699256,106.12453819533505
92,Hunter Greene,CIN,22182,523.1,130.80951998218956,100.79941895716837,129.91688957420283,110.62718063310845,133.60703342788975,102.942540477638,86.8477933696098,88.67069436163109,94.49628672878876,105.620317120423,87.84195785455971,88.27220456358486,91.99171048446908,98.91787261575911,75.4831523560926,129.02780327601374
93,Spencer Strider,ATL,27498,467.1,143.10060347496636,99.30405017392647,144.3583401702803,98.32320007898716,146.89349644798443,101.8943757625974,89.60133980165496,90.57867102202513,104.72958407013746,101.9066573487133,92.87060843345556,80.96627386404592,77.54214925503686,107.75929560569178,84.22658059178075,113.80095040759306
94,Garrett Crochet,2 Tms,27463,381.1,137.43413389583802,66.16533576988473,206.97415369085368,94.02197545688362,143.35983541949332,69.04744304698491,92.93040385947494,84.71305758531052,106.82756992466005,106.6445268310102,78.87185447641981,69.6390043704834,62.72623301726368,97.20035178501757,111.25998262902775,89.47776640200541
95,Shane McClanahan,TBR,21483,522.2,111.77318095078377,82.36249008012886,134.5334787190826,85.12997462943719,117.30334155373532,86.53584182700635,90.06936001613461,86.06613260328126,94.93128185422354,107.29167288432467,76.94110156319708,83.46185398599428,80.30297194224254,101.52725403137732,110.05393050486074,87.85273968629585
96,Andrew Heaney,5 Tms,15423,959.2,109.04514358348774,85.05573291871006,128.09257808297488,130.5679939196915,108.75377925156727,84.82969758871629,100.9743517090502,97.5253889742922,100.41092976209399,101.73130527688275,105.8178069995085,104.94179570303709,97.30436902956228,107.54995124795677,86.70264883747959,110.83015122411533
97,Justin Steele,CHC,17312,493.1,105.07859276995259,83.71457533194118,125.79580303949118,76.28315175138738,106.8382780212367,85.03992845658836,97.4124471580894,93.65330558513178,101.32157378746989,101.97425249329035,81.27500499431588,84.90041203040258,85.98532452409077,101.29032029146623,110.94121916194966,86.29361107293965
98,David Peterson,2 Tms,20302,712.1,103.01122837151948,117.340925010085,87.68339270620335,74.57882249236664,101.26649364549472,115.36115438139383,104.16871784827329,108.03550442391816,108.69100353190588,99.35713866117305,105.7689703792156,94.1209694936931,91.63484495361105,109.0279689156247,120.39907087112198,72.0648671600678
99,Marco Gonzales,3 Tms,15467,882.1,76.21329947499532,71.94936734562994,106.44768478874241,103.08370642711449,77.18421770942872,72.76955920818538,106.97474139202934,98.66051848183079,99.55125209683727,100.5328959179243,101.97364764952104,106.5394903109996,109.36176630165514,103.44429759481038,95.32693792714355,103.32486652076385
100,Lance McCullers Jr.,HOU,14120,600.1,115.44283006467681,122.42782428984502,94.29456480812117,71.76877497021654,115.40595303479502,122.31048041306343,92.33185732345423,98.92815846236418,100.77657308205825,98.51833880420446,97.7944227478443,89.6913525683145,86.26194646210818,88.45466249627444,129.76247938295492,72.13451997763406
101,Trevor Williams,5 Tms,16977,912.1,82.95265198381001,86.06831662039043,95.88744558156148,107.50458577226082,82.10105257472112,85.20812254678917,108.29169368858425,104.17156574891978,102.1435198522814,100.22495798110258,106.09098276796627,106.70804255949588,109.38549621166369,101.53647311838887,94.52321950101168,105.56244243265066
102,Bailey Ober,MIN,21224,745.2,96.8585530557307,63.44112850134985,152.06831466425842,125.16124432185424,99.90616476144208,65.44990271578509,100.13844753752419,90.14183505019861,95.9598657679756,102.13035126209353,100.58693004058004,102.2715712111773,103.71397596555312,90.63883683888788,78.34411917590144,128.00870140766233
103,Reid Detmers,LAA,27468,570.2,114.64163018751701,99.59395453331003,116.08441782804064,100.13452383853196,114.99819880256834,99.83119676930676,99.01631553934278,98.8399296242102,104.23952679980664,97.85875451996154,106.61610135540923,92.84991712560206,95.76822785347953,104.82504596035778,88.25914030582285,110.21499716079613
104,Patrick Sandoval,2 Tms,19447,577.0,101.50932790878196,125.58669402653683,80.59861168745323,71.44650641735073,98.22046477420264,121.57923384954546,104.85823642344741,111.83518165748876,108.77188334020637,96.67981366655216,97.69678721432095,91.97566831500355,99.02066780133099,110.18128132114542,109.9726398857857,83.61082540448938
105,Tanner Bibee,CLE,30134,686.0,96.56772563000924,79.67426930110385,120.7088568172052,101.16978165128864,99.08646550579158,81.79581820565394,98.52630876439022,92.58998012805151,97.19324410652447,103.50742660928509,93.00933659460308,98.00915390895474,99.44697114155964,99.67953311811422,92.96235569060323,107.64386490530664
106,Mike Minor,4 Tms,10021,677.2,94.00902902472068,84.38464450669194,111.62566479542035,119.50083174438055,95.28848105163415,85.497132273318,100.78901535050842,96.43055474770932,96.64546213565598,100.53294628636242,99.39409760088272,102.94359891752713,106.12096119084097,97.87982341359601,87.41864824991926,115.92698680438404
107,Cole Ragans,2 Tms,21846,395.0,126.90736984709143,109.28901461420637,116.15714885373455,80.81032073228094,130.21846036071054,112.14017528214062,90.9493223431047,94.16291101826016,102.63345477123546,101.03286049221354,86.8569324801865,79.19636974794088,84.58299795861436,99.81260674921874,95.72172804189273,104.57935217349169
108,Rich Hill,8 Tms,4806,789.1,105.33385163504893,94.48895191417283,111.56602493382903,106.52748095333632,106.89257697102745,95.8794233427114,96.2726635185616,94.80161184181239,97.00365204165642,103.67063456685719,95.13942911729113,100.93598074784526,100.39274127974878,100.9449796224271,89.49060716794129,112.50247102948798
109,Reynaldo López,2 Tms,16400,683.0,93.45586345922328,100.32599213596984,92.44563919568013,104.97107126512675,93.78343128234728,100.72221896605977,100.37427533758519,100.23457856674823,97.5140738406927,102.52645638027226,96.2478248309508,103.17686899191493,111.47841922605292,100.33197794477091,83.4601721927789,119.23759294831386
110,Dylan Bundy,3 Tms,12917,794.1,97.59486938555592,83.88960242151315,116.44478244293985,128.71119789197735,97.87684481083848,84.14093380591571,102.58977226740178,98.54347721537677,98.62990387668142,96.59505818718198,111.83907021473539,105.04078492928559,105.28491043725988,99.31994710608038,85.94382301539801,116.67983851148544
111,Aaron Civale,5 Tms,19479,797.2,91.42525369889823,78.57512293256944,116.38393608517667,114.97845370137618,92.59644748325151,79.57875568739,103.64467462055984,97.14868821174112,99.44531075118698,101.96754150044067,102.89315646008978,104.13519858422262,102.687348108697,106.18059948093885,90.95597173439434,106.54589141952864
112,Alex Wood,4 Tms,13781,691.2,100.62800082193152,79.15886669598076,127.38915380609008,94.0544517875844,100.94692513635582,79.38548353574659,102.83054159674569,96.85422233140625,103.83920772660011,98.42370102956366,103.92222466187108,96.44392058671895,90.25857746406872,105.19135723264594,109.56889599635957,84.89697193849922
113,Michael King,2 Tms,19853,507.2,107.44384645652158,100.75653712938404,106.07831838028778,86.5403174327696,109.61092397870209,102.83211988710642,92.85457563870895,93.40703051881883,96.38744936565763,106.7854615065543,81.29542766402045,91.97777554016062,95.8122981203086,99.72887750546916,97.84052612421831,102.49026916149656
114,Jake Odorizzi,4 Tms,6397,687.1,99.47121570294371,104.28542606480862,95.60666325560835,102.98763532845174,100.31323260200118,105.10145708287632,95.73684704974711,97.38780033179681,94.63528798269203,99.6627353518543,98.09522168907938,102.9736535755084,110.73126697188715,104.64529412975065,74.95320224274649,126.54108689418145
115,Taijuan Walker,5 Tms,11836,905.1,86.66545771748389,99.2852879130112,87.3178518416656,110.51740710669611,86.73555247666492,99.35814057774571,101.71810970797304,101.20927884618985,96.3482141150814,101.20829570803167,100.8637174768413,108.67725984232197,107.52487145553074,92.93012533723136,102.43047467605237,101.0759580730362
116,Masahiro Tanaka,NYY,15764,561.1,102.102508909358,60.7721093875055,168.05043934302418,117.54052273307991,105.43405408243099,62.7760053669828,100.64072940177262,90.06984348583312,99.11249167125466,100.95996327296375,96.94885800147001,94.29340423837432,85.0013391228475,91.23290553549691,111.8406174159224,91.17477555425523
117,Dallas Keuchel,7 Tms,9434,785.1,75.93986201998536,94.77496137220317,80.32753337591936,82.33955854197043,75.16033419292143,93.7167966698609,107.60904269225084,105.79331595422497,102.0393890019256,99.02248705459446,101.23606996648942,100.1849180310168,95.28830715347766,98.09610211811084,132.72948220002488,62.66997503090212
118,Wade Miley,5 Tms,8779,753.0,80.68153218639497,109.4211611853291,73.99251447432647,84.50554650692273,79.98016247655883,108.4350011133421,102.5688315924707,104.60930592506348,98.15983462547463,103.66714224949693,89.87347780408474,101.76260455493865,103.8620850727668,102.11545907921844,114.91363717901797,80.70849599426396
119,Kyle Bradish,BAL,24586,512.2,105.68522159733253,100.17052580654902,105.357912170504,85.49150973362394,107.56817750563414,101.94415844643684,98.39667941000062,97.59453914010605,102.48796785835894,103.31797931158462,91.7076597872565,91.39307685537344,90.84173669252043,101.74389013914625,111.43270460959063,86.71814698020032
120,Danny Duffy,KCR,3542,548.0,96.73109618882954,101.43930691721148,95.475250540594,91.05899007259339,96.80837728870833,101.51403161927104,100.63196370106442,100.9313055265219,100.72549693555911,102.20219363952772,93.00567176452132,98.58714967535192,108.61989294140257,102.74630795487765,84.44567740763007,116.5078190970245
121,Chris Archer,3 Tms,6345,589.0,117.8838245161427,104.56849243437833,113.24749221807906,105.17647856699566,117.24582930912571,103.86443855894201,99.73568140446497,101.5144926024087,105.23996211212794,98.40188614436278,107.10417119749212,96.73551290934184,91.06003089119213,105.9897072049385,96.77683908361392,100.48639243079747
122,Dean Kremer,2 Tms,19350,748.1,90.22205945124793,91.75759307976296,98.45139429491282,112.15545742224593,91.12625586240704,92.67723634340125,102.17763512342668,99.5369786445983,97.66031025694014,98.8312617169805,105.76385816623427,105.32938530738335,106.37443532902176,100.15708038819429,92.3529157901367,108.277563902843
123,Andrew Abbott,CIN,29911,579.2,94.0852287120491,101.75616773766146,92.10823655460494,114.81892090193331,94.6048462071818,102.31757456879961,98.84861195044493,99.8527372698503,95.08073560566538,109.14216097632404,87.04513855582734,102.4243579374562,111.75833228017852,93.41748585692328,79.70524541000856,126.55171283150625
124,Antonio Senzatela,COL,15488,759.0,65.34382787211574,86.36118980654632,76.10915162434483,97.3543053687568,63.18511680850126,83.51133291565097,122.51700195102858,116.88053667867896,112.1990146360468,94.4103005548479,109.47701952669273,105.11622335824397,108.67962117006253,107.67104012779825,114.09786094886047,78.51129829234958
125,Cal Quantrill,6 Tms,19312,852.0,77.01332217887075,85.92588814985739,90.20225148400888,104.89709277528401,77.03034785016727,85.90587903560622,106.10910776564981,101.39205141683065,98.54984700348342,100.46080339256048,102.94645499819836,109.0743885565314,111.39243304263417,105.16198562632866,97.93220004430256,99.49988412602548
126,Adrian Houser,5 Tms,12718,710.1,80.26555246700117,104.04310937018914,77.4794974877895,78.56733841138063,79.21553883695348,102.59437766509187,106.8987797574049,106.91719804930366,103.19304164697402,95.2810345269356,104.93800170104645,101.45187683819634,103.902821601185,102.37162272450688,115.73512132745951,79.9440787178804
127,Nick Martinez,4 Tms,12730,608.2,74.77019719874717,65.32991934497656,114.70333405585487,108.36729515877298,77.13856860030866,67.40789465457513,102.95606727331501,92.70255921725074,94.26060011730078,102.56601428594618,94.45472981136861,102.3273857570928,107.03999790048077,106.92659968725495,91.6574388654141,105.48519238774337
128,J.A. Happ,4 Tms,7410,681.0,97.07621776763816,84.1985937805548,115.01898644803931,117.70027709045694,98.04884311959499,85.05940534204885,100.98776974398385,96.9874349484143,97.57467350684011,102.82846477838771,100.82085575094719,103.13478758483008,101.01347722851084,95.05118563986704,94.89491563192335,108.7654759292788
129,Rick Porcello,2 Tms,2717,628.0,95.0597087512394,68.61807677764975,138.406991835194,109.41058116678846,93.92508836928141,67.82300230756016,108.18504715091247,100.60127537904651,105.82250808651308,93.75326791847938,106.53830450589516,99.91302366078763,100.94554179640205,101.18332438407667,93.8757541015518,106.51625115860617
130,Brandon Pfaadt,ARI,27782,563.0,93.31665952026775,61.86290161833927,150.5907089582005,108.52329041315056,93.73758951018824,62.15326972491787,107.5819262603404,97.43430749626127,104.85420325682952,93.94115926983301,112.75329824899232,98.62600616040748,95.40559380612542,108.04148652851157,96.11390161020816,100.34788705263887
131,Jacob Misiorowski,MIL,31623,238.1,150.9155973432781,81.67592962901638,186.8306503945239,71.33182899710299,165.9374568762173,89.75625728494369,70.65086322132687,69.52459364715308,87.56835174667474,107.53664804100916,59.94027635980304,61.22391037981161,62.86054124219316,96.33895674482007,97.84917605311267,104.27149211825633
132,Michael Soroka,5 Tms,18383,482.1,91.08428249341772,81.73101969954755,112.10196922590232,82.98240585158617,93.48886579086594,83.7923703936747,96.93371837608989,91.49419231679296,95.89160449068966,101.25729821347993,89.77800286457826,93.95418706464422,95.91000059126311,107.37734197406222,106.02756005058748,87.87526622924585
133,Steven Matz,4 Tms,13361,776.1,97.41448228518448,86.23227584703983,111.11677166653828,119.54101483444528,96.28231983017976,85.23367582222106,107.0319715920627,103.3102109733495,104.48968286559337,99.8355906674271,112.3181946608052,107.06134259657583,97.29643979954575,103.64376276768377,101.92278873757006,95.90527050276421
134,Ross Stripling,4 Tms,13273,554.0,91.92863640253456,55.18443329385732,165.59455037272917,116.87834610679013,93.94716873312015,56.45660010848743,106.26665409060647,94.11075927112196,101.80784315837472,100.38294495089355,100.25825936435933,98.00179181695482,92.09331660535418,105.67211463352739,98.54279829681795,98.37471898326584
135,Jon Lester,3 Tms,4930,736.1,88.07994329877846,90.14904066258134,97.57746103902342,110.89841347463218,87.22035219861961,89.21849649794692,109.67590368941475,106.12688703269879,104.99803955711027,100.78823044902563,99.94493869430123,106.84149730106616,104.14742144301836,107.04277182718016,98.05618957736635,98.18518823689682
136,Cam Schlittler,NYY,32095,266.2,126.863067267818,80.93414902642348,157.80470546623312,68.9720488181649,135.2285234052601,86.1956493674954,79.85033167843963,77.35775369070463,90.31016594774634,113.89774509521,53.947720171419824,67.77813442457361,74.73858815892908,105.25519809153776,100.23849511647924,97.1434539541443
137,Nestor Cortes,4 Tms,17874,502.0,103.22349826718231,77.39232475154857,132.85624537831424,121.08504225002994,106.90416924173152,80.22648083191255,95.77130183866022,89.80407340371612,93.79191650397367,107.60891872387886,92.05491098131327,97.99263038306275,103.3600628767048,99.09706169981546,72.15147888874822,130.99826474744955
138,Brad Keller,3 Tms,15734,647.0,77.48318100497804,122.28748387730771,63.08387685962583,71.75930799881814,76.16071717336328,120.18430902537236,105.782088743804,110.4207335366168,102.29320558046955,99.35617670582174,98.03202250646045,103.69365435007225,108.30199296999699,98.87356365200648,120.5720442453183,77.11949035011764
139,Chris Paddack,5 Tms,20099,603.0,91.299805673396,61.934523114817175,147.67492711436822,118.34071827422459,92.02002097649046,62.3778767648541,106.81209825642553,96.67125590555332,101.9756754917174,94.05656469364409,116.13074228929425,101.17873168195665,98.78205000094404,100.19522149096206,93.1160304606501,107.84318432087095
140,Gavin Williams,CLE,30122,510.0,118.70197282076094,114.96986142749594,104.07713069838277,98.53605505805943,120.9504442776285,117.04888209469225,90.37479762302094,95.32916733514708,96.07977107517563,106.57888265084934,88.06052391935535,94.96886196548802,88.99917208365744,100.4923892221906,102.7462079623424,96.88068377216052
141,Zach Davies,4 Tms,13183,851.0,75.86479924000442,98.89276074827904,76.91738216571153,97.85272864571117,75.40837327855876,98.25249371533229,105.94422954238891,104.97210178018153,98.7171033295691,98.43810669694918,104.66169071148708,109.27157456415293,110.09894020161362,106.6172732225221,101.14641381514605,94.38476154776659
142,Gio Gonzalez,3 Tms,7448,470.1,95.60246781838082,116.87943983496068,81.9274453772514,79.2937416707206,96.12897057664074,117.45210881179861,96.07532978238801,100.83260142614445,96.64434519726261,106.24845339733811,83.99264691296413,94.87399006427849,102.35556000463858,103.4405007986928,102.3954224549594,94.78099518292424
143,Anthony DeSclafani,3 Tms,13050,607.0,93.80050933542115,72.11566204525423,129.66512527997205,120.96865355264188,95.28554339191336,73.28413728657665,102.82269544808204,95.17725361959131,98.44897591595728,99.80609238508345,101.09242252122303,102.64742563399871,96.89047914088114,99.48303157466042,98.02929608187108,102.88058358778056
144,Casey Mize,2 Tms,20492,568.0,86.09605038782018,75.82964018454994,113.40970590963877,106.54637902324613,86.61127144058179,76.31324824412913,105.67178115068549,98.64100376726597,100.58799741765783,100.57990441817539,100.86195948428227,102.41918502174754,102.84999751476421,98.9535722585506,99.91107166474967,100.47717789076242
145,Cristian Javier,HOU,17606,517.2,108.29026316317913,112.5275724840322,95.79903567680171,108.93319288942148,111.08609687555521,115.4841088141648,86.68206145531255,91.49630750678254,86.45616595766566,103.8960058167457,95.08929264811924,103.08292143011292,112.63280316706881,95.59758253801355,63.25765150439852,142.68838004574712
146,José Soriano,2 Tms,22100,453.1,95.81089616243713,117.20470432036707,81.93254423057294,60.917126315448996,96.41210609550993,117.90617375359793,98.35864557214407,102.01068126757463,101.86813335185614,96.61052346308882,96.01608891084041,91.03622475999887,88.15953034005895,95.08737171080057,143.709100697451,56.335345148890134
147,Madison Bumgarner,2 Tms,5524,811.2,87.30635949655063,74.28320081461652,117.84174517100863,115.13542144859636,88.06721827446657,74.85737810949622,102.91204691515381,95.86368603772753,96.93564025894572,99.95322022772403,103.31713626265697,110.42695436172572,109.22656639482703,103.21630861950251,84.95711047270701,116.57254361694855
148,Tanner Houck,BOS,19879,423.2,95.4758824552173,90.63250431846906,104.99008741083959,74.05897414890978,95.51397705615291,90.66072111252679,100.84321376866798,97.96899611991778,102.51878819796949,94.92028287133448,96.8638116885749,91.73518820054616,90.47705067686788,104.20808387630925,126.69338650541937,69.19542976643307
149,Taj Bradley,2 Tms,22543,561.2,113.56547146386242,106.80080448745784,106.26365299681564,116.4186753603507,113.76606383437083,106.98544255418115,96.2589496261228,99.18404851608746,98.41837479121132,97.86111818940878,110.16690865884017,101.9807668055762,93.56391239534021,101.60580910050821,95.58583891508366,103.86941896430119
150,Jakob Junis,5 Tms,13619,624.1,93.5564216487595,70.78479946373751,131.3418540615164,114.46743732486324,93.66516868860438,70.9266347999077,104.73454429841256,97.0147364296374,101.16749291685242,99.79387070760791,102.15617317173202,104.98420259092181,99.16118628194131,101.92804743037995,98.51291424823468,100.59361759014689
151,John Means,BAL,16269,390.0,82.80089559013703,53.399703196790426,155.29080224071367,121.20649542688957,87.85784099406645,56.721700859459915,90.65468015943836,79.14783042614634,81.12589067832296,108.4467383434634,81.18684985519181,99.06594689895944,111.92357130046882,90.07503495319126,76.52866012935715,132.41827560751702
152,Dustin May,4 Tms,19716,440.1,97.79083451508498,94.1193427301737,104.43456982851313,87.30969932537354,98.95146396872096,95.20140581539307,96.88167333782268,95.00933933691138,97.47293383890492,98.06741936909752,100.84714084788037,95.44597489343978,97.2386690622256,103.09956173651051,105.26092481016572,91.94250051133547
153,David Price,2 Tms,3184,390.2,107.74029561929402,81.80558240563906,131.73076267773706,92.72929665689928,110.08010472442425,83.55719249815097,95.99418805366528,91.63379120077018,99.07718327917905,102.63698707791377,84.69417194176881,89.78620580068433,92.02832491825633,97.57922337875341,98.60595499169291,102.917235566009
154,Shane Baz,2 Tms,22264,465.2,100.52863698563385,98.24899259471815,102.23705195503135,95.27691346631816,101.082058812835,98.78835997974168,100.05196415229163,99.21285731034175,100.86170476294333,99.13354347579279,103.87093210301279,97.9445367928486,98.54051019906942,101.81858772948954,100.57108804596997,98.49764308428183
155,Spencer Turnbull,3 Tms,16207,338.2,96.26909647047194,106.89574588245412,89.608870822256,58.496176551189514,95.78773901355521,106.39176939146478,98.03341644165478,99.79671654572569,102.12218072100048,95.16506383294029,97.73604376901694,87.48032887590006,99.12087432843022,92.51716661711367,117.33213075964721,84.22448857760727
156,Nick Lodolo,CIN,26378,517.1,110.16478312735487,86.48127777742232,126.51646760190845,117.67500715744359,109.1771200852865,85.72008339932711,101.71823770420751,97.32723625863477,103.71657448748334,107.43870785625089,98.91400133550631,101.52134205944111,95.96848657426196,100.527960761539,102.32789824487804,97.15100485152519
157,Brayan Bello,BOS,23920,586.0,88.10697454891164,103.14903383421618,85.45305720452681,90.53193037370005,85.83329852608551,100.46023144528513,110.01133346480758,110.0162055117013,107.63889628309558,99.99723749080077,103.08549607669383,102.91726705221939,98.99191644384018,97.9569026610486,124.52306135452935,74.72060363940382
158,Cole Hamels,3 Tms,4972,483.2,94.78807693567771,100.25199977676695,94.63422372405194,94.17989607290839,95.45538185291826,100.98686473242458,97.73998791469135,97.225028104296,96.75566879197649,102.55664865349779,86.57768773322107,99.59797958851489,100.67746916104264,98.98005345024401,107.28243845865602,91.67285052697243
159,Tanner Roark,4 Tms,8753,571.1,92.76825938773324,87.94507247195104,104.81083647431313,112.80890322236145,92.0474104082024,87.2756367516994,107.56200277026558,103.4505729507967,104.17670819369545,99.57606460575869,106.080138730912,105.1768017377936,105.40976379957476,104.45628353242229,93.76252078682359,104.65377290191714
160,Mike Leake,3 Tms,10130,568.2,69.51133174634153,47.278896866526466,146.74589694102394,101.36167696054414,70.5756287326192,47.99148403261964,111.54555275064382,96.69557541475866,102.14633179338955,97.67622765126858,98.88474670415991,103.15775643689574,97.99293833363711,100.10405009374999,114.68711895984293,82.05634457386769
161,Luke Weaver,5 Tms,16918,484.1,101.6495034146987,84.56771756363894,120.24325920162933,122.07498778776207,99.46569760286701,82.69310904562079,109.77508865318535,106.22599843932893,108.43221457123965,96.42418939027075,119.29613265969293,103.1197806223723,99.41729627623785,107.28935186421276,90.26954482068608,107.60423276578548
162,Tony Gonsolin,LAD,19388,389.1,96.70573218577483,96.85779442590001,100.091171650457,96.85713402084602,102.06211111892539,102.2214574920971,80.75931686040153,82.22176499685936,78.03831784953651,107.83200176723982,78.12079151210217,96.38228571588373,103.82287765177112,87.91987642829756,90.07172795841201,118.71066430327201
163,Luis Garcia,HOU,23735,346.1,107.7889460525596,89.40558596057214,120.4941435113047,102.65813628209624,112.01652038173233,92.92269884485196,92.20229059694422,89.86879981161785,93.88470951875128,104.91842948707387,89.05310839201621,93.19528858129631,94.5459869334496,102.55415524344006,87.84253689678255,112.15624382788015
164,Ryan Yarbrough,4 Tms,16502,409.1,79.9234581112492,53.981152228556205,148.4223140436308,94.63741632434002,81.5824135492805,55.02689971016878,104.9297976663878,91.84896045871078,99.1392434388659,92.34638272002746,110.3370025089272,99.78566732999566,104.01632817956438,113.3676960991956,91.89923509264722,101.46811871060856
165,Parker Messick,CLE,31986,226.0,107.03502674858845,64.75737796114187,164.88366018171268,71.60171266419187,112.98350697179633,68.37814337512697,95.08022991160826,85.31132690673941,100.5447514464255,113.6473601006006,62.7471996339051,74.7778098687021,80.12133258898403,96.91346907869412,109.36367070112121,91.70094115497959
166,Kris Bubic,KCR,21455,464.1,96.76370291660679,117.81309132281952,82.5760439624851,93.31852444286407,95.30567790347119,115.96676681131378,107.20260039265732,110.45877813674123,107.8119343167944,100.7700814496041,100.20250070678684,102.71917544532872,101.25027460236483,110.37014748659826,106.58488848654639,87.29596307192172
167,Andre Pallante,STL,26108,490.1,75.61518395350258,97.08104580101815,78.13639551330341,73.60460781515799,75.79586750941712,97.30109400640144,105.42008170732753,103.39932504959461,100.82955591809623,95.6861576845237,104.39388528415422,99.94015210184693,95.45321528541292,91.96281305036915,138.1953209640083,61.32306486510557
168,Aníbal Sánchez,3 Tms,3284,506.1,90.04485600693248,90.69174819020913,99.44356294302254,111.76255451288826,89.8636229805395,90.50031687496875,100.528067821516,98.6670650704141,95.66553804514629,102.50520990801402,98.55720743827709,105.72981306932638,108.51257338349302,99.39267980483895,91.30097227618064,111.15704656556188
169,Shota Imanaga,CHC,33829,492.1,100.41045229152266,51.07029032225698,196.2669917862229,147.65231340157356,106.99578640225833,54.42916500688908,92.5737173921222,79.99442360226864,86.02677917554523,113.08170840860872,84.50387540957195,106.04558338090635,94.83628722244184,88.25908034042075,81.8425931724385,126.42015997913762
170,Eury Pérez,MIA,27768,344.2,117.34011563597309,102.30891223118226,114.38383574244521,103.6721493899482,121.976416097985,106.34567970391298,85.16986025553052,87.42842267330143,88.5359885525086,101.21314652108792,88.95056303882696,94.37350714421814,98.20848664803489,92.58530366108388,78.34886760949374,128.4974561007522
171,Dinelson Lamet,2 Tms,17186,300.2,131.855525734814,108.64533612659153,121.97641273301261,100.82254583261785,133.82497582655367,110.24904074724529,88.13447867982434,92.14675920363688,98.06312981250687,99.69407920292996,96.51782480520477,89.15500727934952,88.33220437161104,103.41032937872112,84.7832191589429,117.02341530686742
172,Michael Lorenzen,7 Tms,14843,649.1,82.53086683283351,104.22427425553383,79.54465362514999,109.74479335275085,81.73169575860338,103.15379072436907,107.13066093078454,106.82014699295989,101.00476765592394,98.82194366179483,106.76515683326497,110.64125762182404,109.9206056927021,100.26846679067793,103.53669114077609,95.86175536241377
173,Bryce Miller,SEA,29837,515.2,96.31637567812899,76.91417136516525,125.08593473821436,112.17541891183605,100.35480555122372,80.12696494781146,95.03633380336977,88.7100739376692,91.84046543844005,100.55716497086149,104.65287186164268,103.52568816549916,99.1622555454457,102.22247660677053,87.9128136606351,111.74653777460126
174,Eric Lauer,4 Tms,19316,738.0,93.95019911422946,97.21761389185905,96.47082781320515,129.2770575696548,92.6355054216055,95.890785490861,104.96213883902598,104.41132164012417,99.98272084552443,102.944489088557,105.67432221148336,112.23512677669301,110.17062578433638,109.55705718384992,78.90241467023344,118.83395718049758
175,Dane Dunning,2 Tms,19409,520.2,96.25631284258354,107.55592279731394,89.78934783390515,98.42743894006261,95.18284910177809,106.3015241966909,104.77732970844393,105.68780368923254,104.41044255638015,102.52715813931779,103.97891182398217,102.67222375722056,98.09908418277588,98.71007532216598,117.51844516984582,81.0831365892584
176,Chase Burns,CIN,35333,188.2,137.3080320565172,97.44236060452296,140.5552183544942,85.83096925697407,141.55640775730055,100.47006059640549,91.24063544711167,91.7660224019512,105.40650172952357,105.05758922114414,76.92618790985374,71.26475115402108,77.31930666850208,106.5882236632219,87.21215646669035,110.55144485623939
177,Alek Manoah,TOR,26410,420.0,102.05734633207449,106.34354912644552,95.13153607386575,87.44079366789835,103.01504223048259,107.49171147917073,87.99876616279761,91.10185633193623,88.79458305195652,105.90933183524622,80.44395004916333,99.41657254956965,107.37714330919178,104.92396111025768,89.45736972053234,109.1719954666879
178,Jeffrey Springs,3 Tms,17677,480.0,95.11886103859962,87.70755186995852,105.88484422190075,131.08784664835332,95.69965122366678,88.34461455592447,100.07762728355591,97.36905777283931,94.63860806762699,101.76135483383999,96.29103793691534,106.23196768698398,104.63278063160469,105.67722683902838,84.60225410666555,113.55431119622783
179,Michael Pineda,3 Tms,5372,422.0,90.52580993938366,55.05803390552114,164.6338967482353,120.48436468166732,92.56025850946935,56.25348604934973,106.09336638939548,94.02884999501512,101.14618187574516,102.96387501898047,96.40321445699088,100.26321659110693,96.29322521609176,101.84474259404463,96.3050410505526,102.96860652441391
180,Mike Foltynewicz,2 Tms,10811,585.1,96.11114811305158,92.99433873296917,103.18793285833033,117.79781938553818,96.68420737732724,93.58860116537906,97.57587680490334,96.26086688816811,93.42628704985364,101.31390085518386,100.0610373258522,108.41870892098157,105.7622209126095,102.8484651842139,89.39853007044032,111.53221624836816
181,Austin Gomber,2 Tms,16561,637.1,79.44797029807341,82.83285694727134,95.83591687301029,133.27861455823808,78.3448710737772,81.70380125041633,113.01967885731943,107.91958875208338,103.6146640085851,97.10003483500284,109.26194671988775,111.46279722924555,110.1016072331295,101.28481742699896,93.14304997738441,107.15936699999465
182,Iván Nova,3 Tms,1994,554.0,69.62076744155515,61.938514745843875,112.35970108588373,115.35743402029506,69.94666876858327,62.267709297827125,112.7067710923785,101.28591420298521,102.12675324284628,99.72924120101305,104.80024221875092,108.49847308893278,103.89765945047868,105.56729795758089,105.88087562367079,89.8083509940464
183,Jake Arrieta,3 Tms,4153,619.2,88.03139725848406,96.36298327380514,91.30743488131324,112.31422149958397,86.89903912247719,95.10133401544081,108.72652065860053,106.52648825730357,103.85024124000068,95.64937857010133,109.10758327218053,108.73653165982873,101.04772844108471,104.02853816338494,110.19371351368983,84.8342213877066
184,Carlos Martinez,STL,11682,407.2,100.51280769342425,108.6355532153304,92.45208077242665,82.75843080079646,99.05346616751143,106.95729331677413,97.44148919665633,100.6782973481172,98.77631758234136,94.93977041663288,107.37658175870423,99.82768983823068,99.13078223282547,92.17704613913372,114.25973388828685,86.62890358305175
185,Clarke Schmidt,NYY,19899,342.1,100.56155743339377,92.29087483547694,108.74673725724958,91.46539822216049,100.44532838616327,92.20075632968204,100.84460643993407,98.60203345709284,101.99871670542893,101.41128803550092,94.26819247810924,93.90734687673607,101.25625629084306,94.99428113851985,99.20472880239748,103.27849030054266
186,Braxton Garrett,MIA,21844,324.2,103.31395973411375,74.45493374478053,137.3254533679404,90.86430755672362,103.26199142206846,74.4186779854363,105.5632901084028,98.3073212258505,108.20352600822571,101.99145667290803,95.81006901602544,91.31773321340498,86.73996690981303,108.33647165494251,112.000395994112,81.14430591568609
187,Griffin Canning,3 Tms,19867,617.1,97.581330365309,108.07786847817214,90.65196671762581,120.88178411056552,96.88238290484858,107.17740541312895,103.90493735812451,105.43153193820277,101.15096043903465,100.07893444882737,113.2769501573863,110.49708826669821,105.32455437224789,97.18550796674,98.18138584080435,103.76511659216403
188,Brett Anderson,4 Tms,8223,454.2,59.94765171601452,71.95089510971141,83.30229853765822,77.94459305099687,60.30414246141886,72.41985644445865,111.12993212872617,102.23302744541185,101.33022161073866,97.26463246192843,101.87692540191979,100.71517611793749,99.30022711109446,100.00559672246357,128.25784270054032,66.55835045915565
189,Reese Olson,DET,24968,272.2,98.86957915280533,91.73043021701469,107.76112938353928,71.48211463693919,101.21572625420487,93.90253638118186,95.59464505691426,93.49753707760223,98.3065161179323,98.47461574324711,88.86178246821244,85.18835267415227,91.4238503728444,104.93601539140325,111.32230173951194,85.4274890774245
190,Tyler Skaggs,LAA,10190,290.0,103.06017566705037,92.4619075598509,111.37825071919903,85.78435291831336,103.74719221912115,93.09762296041255,103.20711027911562,100.27145466336303,106.65823332642657,99.9377151335546,97.56794080092101,89.84115886046784,94.85985918451091,110.72005765940935,97.46493775592026,96.78571594302109
191,Zack Godley,3 Tms,14862,397.1,106.54270550461887,117.85662213150192,90.42388182291883,84.22726846470371,103.91868238001499,114.9139828029007,103.16028690425476,107.85448782324727,107.26306816043578,93.60001842501221,113.10672083228062,97.6796264450102,96.30795671605156,99.71080591600791,112.18248265632835,84.17631973765795
192,Spencer Schwellenbach,ATL,31846,234.1,106.30129817088809,50.015153020891034,212.68237548661784,91.05688179042855,113.3368537323575,53.320691393367525,90.1795174094841,77.98448234436904,92.08615601050977,102.03213134565898,77.4890530045136,81.39011260019295,78.16807770849675,112.18729765390599,103.64127196362203,89.61213831220464
193,Johnny Cueto,4 Tms,6893,603.0,82.97766546082924,80.28810015696911,103.16030292893514,111.95892937362346,83.39786112523142,80.72924111216565,107.95153658972696,101.2640099141557,101.61102697281092,102.03369018750952,104.73949066657822,110.52062333411378,107.37236652774335,108.44105858971886,93.02361516270629,103.64408663920042
194,Cole Irvin,3 Tms,19244,519.0,74.59686195264383,65.64266334920421,113.41054858420078,102.97186444338764,74.62430911777648,65.68844755930314,109.21723250915083,99.58533325052582,101.04235064860028,98.2894508011959,106.21891224329853,106.77818355077726,111.39012315992514,112.6593692825472,90.0165866482427,104.45867984729024
195,Bryce Elder,ATL,27779,581.1,85.88014604908643,95.83477810669177,89.64701877769592,104.52057078986338,85.72128215627639,95.66545658902747,103.12282277506826,101.76540029817667,98.24047018858283,100.26713333882888,104.6001120582596,107.81476212884625,100.04079530041842,101.35918504760477,112.15217444474877,85.36741041075672
196,Michael Fulmer,2 Tms,13218,339.1,79.42369348060811,85.28311324032178,92.83865979648682,87.75361947926908,80.24260679948196,86.17122327670502,103.26630080408945,98.53929214722575,98.36746958650795,91.62095712122559,105.31555462483612,98.83807151224816,101.4357354661245,107.86673667577038,108.34386086162056,85.65633303002464
197,Tylor Megill,NYM,21318,401.2,111.38419775061917,109.95505990553933,101.17498320341043,107.31890729133337,108.76563488293665,107.44304022842819,102.841272729121,105.89381270106975,106.06851437161052,99.6835688463006,108.68262118173922,101.21909549091527,96.65399821403597,101.79237619508457,98.34937275821567,101.14744058284901
198,Davis Martin,CHW,21448,369.0,85.03120337653083,94.60849533415359,90.30080075690205,89.72164590044905,84.41042009972956,93.86436889047314,108.05941691787446,104.93973968626531,104.89735481076634,97.83384824122304,106.79623776966575,100.80000678788082,106.84412098596476,104.89142939137204,103.68116324288488,93.71020612553903
199,Jimmy Nelson,2 Tms,10547,189.0,121.4819206214065,84.95524817130254,143.31176071753214,68.85000571441893,123.35237760258397,86.22830992952034,102.60916683189323,97.39170478639164,114.79264489470127,99.89090495871005,87.83377114960994,74.171840899267,77.36075376725242,112.3048872930456,108.85436880178085,80.94600049617388
200,Jeff Samardzija,SFG,3254,450.1,88.45171103524136,66.54849132206367,133.43814649091317,111.20355396724572,91.2484847434944,68.52154783409739,97.89926983319849,89.25481721491866,92.19644710093098,95.89432005659556,106.73174653191639,106.34267328066444,105.89088170408316,105.02228950684342,83.9001487163104,117.31311970481411
201,Domingo Germán,2 Tms,17149,477.1,104.08229240153769,83.68403094190397,124.68636659479398,136.1218010452966,106.02528497987014,85.19165713248952,94.37477282276735,91.18525590745065,90.12971142105103,98.58872679165104,107.35431358497917,107.46659048647467,98.61986855714572,92.98193531671039,93.69715802660717,111.02793438534107
202,Ryne Nelson,ARI,26253,505.2,81.83841378975421,74.93888809670831,108.69943682964349,115.44949264596774,83.52639546071293,76.5378476925609,102.80971693828278,95.52120607888662,95.43052751820382,98.16146280978954,104.17826089842752,109.47725112509893,109.27680409499617,99.96454332126102,86.9354690046452,114.91590668494574
203,Braxton Ashcraft,PIT,23793,198.2,112.07169225983864,60.50056555620094,186.10977295399155,89.11184492863612,118.50572953409741,63.95885308200192,95.49061657617148,84.0391441911022,100.59181632501264,103.60779621554934,78.59351995405525,79.02662211447937,75.68580444355422,102.5702675709764,111.4901072856177,86.16898473267975
204,Nolan McLean,NYM,33703,227.2,118.01786437348709,100.62770708643434,117.03407438345988,71.12786110249132,122.64165628946677,104.58127226550289,86.42851380280821,87.47763015811313,94.88780509805703,105.69585854530918,71.20261727999063,82.92836444893776,83.38293006426252,98.6970727346759,115.46421490260148,83.7941029852989
205,Erick Fedde,4 Tms,17425,795.0,80.95629630797507,107.66880566960731,75.28252405925365,122.52957172615382,79.36560275000241,105.60886702758879,108.70856604838899,109.92946976732296,100.4796419912215,100.52920263674005,116.57231042410285,117.56986788786493,110.039634305298,100.87113317006012,103.43273746228101,94.89971051258296
206,Vince Velasquez,4 Tms,11189,521.1,108.33508997103777,109.79242817336458,98.76068100656789,132.6924560151339,106.09784389427818,107.5124680870569,103.77722854772512,106.35324739672856,103.22130340271431,97.62715899434554,122.40352759020402,110.76566171674912,106.45028082779268,105.91383457662418,81.93340807492685,118.7987989594406
207,Kodai Senga,NYM,31838,316.2,119.57648163738415,135.44405426905473,88.29875910597613,93.27674780668065,120.21219460868286,136.12314388024078,87.99749942059168,98.9559641229757,94.1743438650195,106.61988388987909,88.17282629763095,97.50111955171488,96.36333545426395,90.71168190311658,100.6955740531974,103.97258280810688
208,Noah Cameron,KCR,30184,308.2,89.61023739187772,85.86941752133828,104.45065388432018,96.35109894464654,92.03652634252926,88.18410760013519,94.74662887913854,91.47132489844115,91.18387353879332,103.76787332596751,87.01126869698035,96.90876305789158,100.08010465675436,107.17405019399958,96.70400505763294,99.86435375151704
209,José Urquidy,2 Tms,18413,382.2,84.66615619442841,67.62667733065302,124.54092979894942,118.7286771179109,87.4246397118041,69.82730570948907,97.89284038487021,89.50030522858515,90.5052546102749,105.61840570245535,96.8747225589549,106.63816708025166,108.40645363711245,101.43704341931092,84.50018252288889,116.61163423449115
210,Jhoulys Chacín,4 Tms,2608,479.1,90.33729034280486,106.53356847468206,84.80044700637869,95.38237617544429,90.595261306943,106.82638891367688,95.26072242998038,97.43178643354587,91.94965229836934,100.04949412752855,99.17100040275615,106.5588663109641,108.42052122196384,98.97862223672,99.66817351412293,100.78116835243178
211,Joey Lucchesi,2 Tms,19320,387.1,100.79018026535387,94.84838836154047,106.55104114331668,105.34094034915566,102.19838984008926,96.2010655104696,99.21317201904198,97.51286749249809,99.0112701096933,103.23347996691143,100.17910675826502,99.52686991366777,96.74074273039594,89.23243366515918,103.47378434429567,102.07380003976196
212,Cade Cavalli,WSN,27473,222.2,118.18418803829027,78.21334065238082,152.06798919331194,86.67293133255068,118.47754805652472,78.38036791334125,101.30738304181179,95.06848124893354,109.50945378260329,102.84292971056657,82.6677593033904,83.19978726407054,80.02012774220687,93.81041662730915,121.62958755209384,79.47117490479492
213,Jared Jones,PIT,27863,223.1,121.04577695128714,86.8719252663824,140.22314101053894,105.88927500038008,125.23096614466,89.83681527826104,90.46887869009943,88.07275087800095,95.74184427547505,100.44915631848895,92.29015841342368,88.44813362661839,87.42816952259608,97.11313020253009,88.40734084822068,114.4658683424199
214,Andrew Cashner,3 Tms,8782,446.1,64.32293106431685,109.54241207205622,58.794594098781594,89.55871939851829,63.83019291331693,108.65630171238682,105.96513130971137,107.07914469939372,96.69314689164824,98.26051556926716,97.88557268139165,108.11199158242829,118.75389721001252,96.01079708336397,107.93026459493345,92.95909385912783
215,Chase Anderson,6 Tms,6895,596.1,88.88165433726769,98.48248976707139,90.52255795225834,126.02827401898016,90.37561449042985,100.05777967518912,97.1695355514168,96.0576602123913,90.31489598507181,104.15013167413028,99.45987643379722,114.8893392317716,115.60133596165723,96.67343957791124,83.73692474488749,122.44528537570578
216,CC Sabathia,NYY,404,408.0,94.56564991555776,95.82757421092609,98.68033478911153,110.93308352619556,94.22077499842712,95.4766117529795,100.5278938565418,99.77710354336718,97.1525160001996,106.75083127494945,91.1981278842357,104.43808224645286,99.36158277736433,100.6367129486031,105.68719249553746,92.9740892264638
217,Ryan Feltner,COL,21446,444.0,86.83016001595126,110.36312780831594,78.07941842228759,115.41944690289488,83.85854397716874,106.67220323172286,109.80082434631765,112.55813794730622,104.39083481870483,90.11978419340444,116.18371883468656,109.13715982685561,111.57217375276718,95.37130920262406,100.73992379012202,101.60641018932633
218,Kutter Crawford,BOS,20531,354.2,101.96523580110069,84.61755416072279,120.72961912612435,129.4078449821331,103.61791652972086,85.96580714289689,98.69214769138227,94.61836115206941,95.75505375120247,94.89269701590872,110.98136188721692,107.00626810471203,105.81385988835544,94.17048898785538,78.95966859173595,125.63085301458705
219,Will Warren,NYY,30182,333.1,109.04625353322359,103.27697211310989,105.75764977884607,107.54954247803161,105.38673601049994,99.79033370126541,107.7164467474937,109.51941030689025,110.45723049099452,93.92317475908061,112.4421758096043,96.17201201707215,92.92665188458929,108.61378529133019,103.11045676401196,92.45454671870506
220,Grayson Rodriguez,2 Tms,24492,337.1,105.24417183592819,98.82631965095639,105.75477628246874,106.39986062148701,103.96046502392271,97.69406966719978,107.99888570062699,106.65345207148124,110.23721393815637,98.24201899857954,114.17627017300933,99.90219713306536,94.56627364356385,108.68704510891598,103.04021434170743,92.34580036006147
221,Ryan Pepiot,2 Tms,26221,347.0,107.27897628416254,107.63290670006509,99.79552106393814,112.53533715047335,111.02086857303574,111.3779932236064,87.81630170930487,90.44438084849553,87.37631506405887,105.06665432099969,91.72844357599989,104.3118704230961,101.89255940222873,94.04325982083975,86.29196328033785,118.32277271919929
222,Triston McKenzie,CLE,18000,425.2,109.15829554907897,111.29054888635554,97.7127168026455,129.73427533943425,113.44395513928728,115.7188135104247,85.33040085358041,89.75658084465388,82.52149441531664,105.16944671772268,98.89095047097213,110.8145988500973,105.31267228570228,87.92230807770139,78.77856135998034,129.93995012303984
223,Zach Plesac,2 Tms,19979,477.2,78.48457000055566,76.44735941738688,103.80783939133164,114.1407473178701,79.80151025631824,77.65914764938641,102.13273236208968,95.56619887305334,93.52944936156521,98.85520378725504,102.8621456833752,110.01331033800393,108.83108155187894,97.32626014404941,97.89676094036632,103.90341653006257
224,Sean Newcomb,5 Tms,16943,335.0,104.72414166183816,139.39539722640058,74.90831130348487,80.90427572404019,101.3003932171156,134.8790438843589,101.77636614868094,112.37488250473812,105.86662625150265,100.49037520461508,100.73526178390578,101.09241335742995,107.83603637321735,102.46496977118169,98.59643673813973,100.89418520473146
225,Brad Peacock,2 Tms,5401,196.1,118.29838634206975,100.52760748414113,116.67117871033179,76.25409101638739,121.54650604477135,103.2482633424136,89.69893440852795,90.62576715773825,97.56625864108227,104.19440959338795,86.96484299505578,82.97597775819645,91.81618759722126,93.72127978367678,96.11627857870181,108.0352307542474
226,Landen Roupp,SFG,30076,280.1,98.81256313531195,122.82238173874708,80.34702048393665,63.60355336507777,97.36974672765541,121.03552450108988,98.54620819625454,105.52253146409501,102.0129534163124,98.49472108394576,96.08504616723906,93.96677814216363,99.76526346668258,97.86009182203453,112.93972475132514,86.76363892831831
227,Paul Blackburn,3 Tms,14739,436.2,80.96636574773449,89.29390743888598,90.3122194567922,98.07132512496351,79.5592801027888,87.8202673982353,112.81307851954953,108.79211456495452,107.64442748808014,97.76828963862567,118.69137276484865,107.81397551838005,103.1646434787809,105.37724074376638,111.53769425804356,84.06854950987453
228,Payton Tolle,BOS,35466,159.0,120.50207490773658,77.06492415897786,156.89218366754307,92.01010478526759,125.63901232518097,80.31458888108492,93.2030543328251,87.16396527769624,100.76801747725075,106.61811079082521,78.52433859199364,80.73451055095406,87.27751508939527,83.07148468881651,88.40484028006021,120.53025732643043
229,Ian Anderson,ATL,19951,272.1,97.7053202813837,120.65886965245511,81.69551552934506,81.50314903310179,97.29892672374473,120.04669978769546,96.3855864617056,103.0295739116206,97.4523797844208,102.60029704977052,94.91630221950926,97.83476700398663,96.37138866501147,100.71425676973169,112.83314390182151,84.18699513316578
230,Edward Cabrera,2 Tms,21690,499.0,112.46186960067652,133.13635117038694,84.21284411107979,113.60321257685399,111.86206102133227,132.46271295633295,93.48623752231234,102.4278064157558,95.75233885422725,101.48722929354454,102.96344893106635,110.26634666013601,97.1988774023228,96.64335401399532,110.13708672153047,90.26762900378318
231,Jason Vargas,3 Tms,8044,420.1,85.02911324148143,98.93195989456255,85.91565119316131,110.88223468245373,84.69142130989404,98.58386259881755,103.26805863560078,102.5716803930657,97.58238721716172,100.44986450912694,108.77463561630663,111.68051645206232,115.07064499541848,93.80266585751829,90.82913872191314,115.05293802662639
232,Zack Littell,5 Tms,15823,489.1,79.9256130302433,58.435945502598905,135.49882777253768,138.66556502761088,80.74154806309524,59.10488876752692,106.51995423103602,95.29182139533681,96.00419595272214,105.15142999289557,101.8350640777677,114.08636266915806,106.7206927505228,102.7209037957528,89.99199764933626,109.39282751874254
233,Janson Junk,3 Tms,23301,238.1,75.21572622474542,57.71317731699713,129.32526420751876,95.86279791906722,75.95100284694156,58.303478158782994,110.52076884164867,98.30994683196676,103.42847096732746,92.61778757705787,105.86793714653261,97.48808134643397,105.19107159489039,93.78857583951815,99.95255371879259,103.11996170907756
234,Homer Bailey,4 Tms,8362,368.2,84.03626856436456,96.21011933388888,87.15890330750439,110.35186304702009,80.87377783140717,92.56467781803795,113.23338081311303,112.45838179101607,107.8410977455384,93.50770551544734,124.06601301257847,108.62884107681532,106.47797391874559,114.37330978784723,100.45307863973076,90.97670277322992
235,Matthew Liberatore,STL,22294,408.0,92.95590235854944,94.52399369181235,98.60871985591795,114.07144378625458,90.69081151006657,92.2084760773998,113.32966066749368,110.96250783023575,110.50936858553311,95.41412357947137,121.29386222008311,108.43452438292086,105.05956378627626,116.11693499328746,89.09592895645714,103.75669499826228
236,Mike Fiers,3 Tms,7754,574.0,82.46159176334199,82.36328083152836,99.87149194042249,124.84195261061267,83.83689263113403,83.77202612440793,101.47093003942045,95.79137868815995,92.89658738217986,108.81877345829449,97.42661949565615,116.38190563961673,111.07307643752334,93.50864524873332,94.18161191162427,110.51636046319211
237,Jordan Zimmermann,DET,4505,407.1,77.86064838941486,65.73579543326127,118.40213584348326,128.7392011158311,75.88931847317244,64.07484106500831,117.52123501439272,108.83782763434053,108.47553028155905,90.95253520880533,128.43492789345126,111.40994602563677,111.36905746772281,115.69080257293665,84.84043436811682,108.97400397518189
238,Daniel Norris,2 Tms,13475,279.1,93.54195331047073,98.73472527628334,94.99972047167003,97.19180820162495,91.67884859597937,96.62978679078958,108.82421132973457,107.93428779855796,107.89889409810539,99.48760209422613,108.37145814830977,101.15593057884642,106.42144041134688,109.3386953220882,93.32633326926766,102.58836714634425
239,Emmet Sheehan,LAD,29839,220.0,122.55305014473501,85.55015431942408,142.7788773625457,128.21545074766954,125.80927586104109,87.89136031083808,91.50311243542852,88.74136728036216,94.31942872197698,99.30869754982815,105.37705614776272,95.52609566577597,91.08198565468908,94.85550709416347,82.077898144953,122.92672853590936
240,Joey Cantillo,CLE,23335,248.0,113.53313112499148,131.02385222063273,86.33650312859724,87.14823282190754,111.82870676525822,129.1154411468125,100.58511091403093,108.86115560690868,107.41913398805363,101.08460942773831,94.73750356195283,96.37431639039501,95.93568877464516,96.03686818508811,106.89312320544711,94.71740984428256
241,Clay Holmes,3 Tms,13649,277.1,83.30499884747596,119.738122410543,69.58781506724809,61.89196183034189,83.14565692444509,119.48316520318298,96.15787110198374,101.53904821693231,94.97826158650334,101.12493979812247,91.05652965961255,98.60991424869984,101.30607967732426,88.82361784254313,134.38753348271743,67.78755096424699
242,Mitchell Parker,WSN,27636,309.1,80.1421687010622,92.14488743302087,86.72856474080731,109.54886158902946,78.14628273758068,89.88322668458545,108.42341728875536,107.33223349577852,101.28730387614063,88.49378047858237,119.81129196702521,106.9294724787835,112.78756569822636,113.20666753739428,87.78961157505508,106.86296765291647
243,Sean Burke,CHW,29878,262.1,107.38682816711396,117.22975380991649,92.05523070791233,110.21915167329097,105.80215491326076,115.42562650990891,99.2748828653466,104.31075760877455,100.49782217471264,104.78083403665015,96.03124300318642,104.21724505843291,105.8980694121648,101.4264127231836,86.06523249232501,113.94782962484638
244,Chris Flexen,5 Tms,13896,578.2,74.3788640749777,102.31272049319354,72.69030642816175,118.11208071877964,72.12629425707027,99.21514377827312,115.46343196849169,114.91787188873023,106.0768653866957,99.44294609380047,122.30901268972463,119.20828590957242,121.65426797057458,106.0789947194742,88.50072234288169,109.6305184167842
245,Graham Ashcraft,CIN,27552,328.0,76.30418656068692,92.52545589301756,82.50182074068914,105.66059917038703,74.17752279613923,89.94494443981958,111.26921894982733,108.76715385851166,103.40134529259177,97.86838903755127,111.89166220370807,107.4620531416206,105.52848550932498,103.19347874638667,116.24915276231798,79.035818384433
246,Joe Ross,3 Tms,12972,286.1,94.0207105711576,92.93747993039919,101.80210736235816,113.88420701961861,92.91921220136365,91.80526420589116,106.1138293470057,104.03867400523299,103.10672597252837,101.07952762903317,101.63206650374427,104.64409609042022,103.8990310580068,104.00264951469731,94.26182773025455,104.86086545068267
247,Colin Rea,2 Tms,12317,511.1,87.18335489977129,81.49848796656002,106.59518796886186,132.6363593504663,87.606893954144,81.90257048314682,103.51020691865718,98.4074206561088,95.98691245124931,101.8482332513074,110.84263555349486,114.94747868837614,105.60887220992574,100.17663294743588,94.56255096932529,106.11283681302403
248,Ryan Weathers,3 Tms,23796,387.1,94.37478800262812,90.665147526796,104.05673993031739,123.99883347984684,94.17477565046435,90.52016718764412,107.2452579442471,103.41684653049228,103.2457024928646,100.86903204307566,110.40198053653744,109.55310659287282,99.1634880067994,95.29435432006754,106.92679937431262,95.27324509030876
249,Trevor Cahill,6 Tms,6249,287.0,98.73766306297865,107.37230711923316,92.1861070765055,97.34402667290408,98.22056529252727,106.79007216830878,100.21108723347419,102.15614654411627,99.70650931018812,93.34784716063449,114.91993511863741,102.73150681640071,95.0939238401237,93.93863950200362,116.59212279995543,83.33321886455752
250,Jordan Lyles,6 Tms,7593,778.1,84.46384511005091,87.26502564958946,96.54191214859144,144.13908839958754,83.30810682635625,86.10683236544692,110.58443571559162,106.61628549512294,101.10598948349387,95.32024901716099,126.7868660043013,121.00786265691316,113.28073325267788,96.45956699614153,90.52384666232837,112.71388519485865
251,Jake Irvin,WSN,21504,585.1,86.3431310771752,99.28128634494523,86.77717477133318,136.32951760798318,85.72904737998932,98.6170494099459,103.63939094427283,103.17490584546852,95.55337395481362,97.4298489261659,117.28806681534813,118.59855979012464,109.53540083599147,94.7296856844469,99.48879461275791,103.34381149568969
252,Logan Henderson,MIL,31475,123.2,123.78210299217403,58.63206147927657,212.32333005589533,105.98422364211456,138.99827755035142,65.82075835386355,75.72208246565238,66.9195511385474,78.7961622164186,123.5834672132486,56.06252525447013,78.159054799103,78.99229493546727,102.97201840518832,69.3995577036037,131.85369488394414
253,Chad Kuhl,4 Tms,14975,512.2,91.82664457200627,126.94420285733132,72.26959871811212,117.01052190552257,89.28651931500463,123.45475282346482,106.47510078631939,112.73947259791022,102.64794860039575,97.73926475731761,114.80180136256261,116.24425605120398,113.74700977529758,111.53323689619943,90.29460980352711,105.23873473505483
254,Chad Patrick,MIL,30113,144.0,105.60051939859245,101.87305651620817,102.79691925871649,70.24303836118759,106.85831276955244,103.12802554999966,100.90897620109074,100.55970327192159,106.6595822512516,108.94711916443418,81.0789470081068,85.3640740170014,102.58753951752534,119.93148174105505,74.60611588639925,117.65094676635215
255,Jason Hammel,KCR,4538,282.2,80.39141385147845,78.56101703550326,102.40531973763089,99.85263714181023,76.19411330480742,74.45022459702037,115.9448447262661,112.72715837040947,110.11290238425495,90.82707337489235,126.7493197682541,105.07090602508657,116.27448942410045,104.03794825269199,87.8525917999738,112.00523485869442
256,Michael McGreevy,STL,29869,278.2,69.8173213855027,66.57906386680789,104.41622845177685,94.38542002767252,71.65272067873768,68.34943643040955,106.77431274895378,96.40503998197974,98.38129162184374,99.56828510093949,98.69433568365378,101.8380495101388,101.12207633047038,105.32042768210759,109.28334148539729,86.96829767876729
257,Garrett Richards,4 Tms,9784,272.1,97.20165692306088,113.98993905245301,85.35801255751933,101.47253075586531,95.44092764006375,111.88159231730089,105.1833627482366,108.42678820098513,104.38867135210248,98.6540106686875,100.62273433681418,103.6475510206019,98.82835606106534,102.73413577227176,110.73632423451905,85.98295833755759
258,Brent Suter,5 Tms,13942,202.1,84.71289181437477,64.90105327288626,128.04999674647166,104.9583091744652,87.22516216250813,66.83978232029362,101.18344691502979,91.56845096765954,95.92786208578914,100.93434619494018,92.48998103430802,97.4274042013638,96.49088931550143,116.74710465061271,95.10322919720936,96.2589294627993
259,Ben Brown,CHC,23590,157.0,111.98134126870912,85.50631359150636,131.4188946200603,94.75397361252307,113.90894027228464,86.9566038621962,97.46629849502723,93.83078462687895,102.02255406730116,99.82959049510846,104.83255576734894,89.90974160114138,91.06843182951111,96.60873097250206,96.62982592263965,105.8481625087237
260,JT Brubaker,2 Tms,17578,315.2,104.09130541140861,94.02941645567044,110.64290191590625,121.7569473230646,100.63461268551457,90.88700830760172,108.74458515375956,107.67599402423131,108.08361669858829,96.1772559572832,119.94717364257374,106.43049667361457,95.34195772541733,108.74798121006457,101.71493586212917,93.10255482758997
261,Peter Lambert,2 Tms,17969,316.0,85.73693307017155,96.82247489577503,88.72102208764628,110.02595954277972,82.51768708945028,93.22719221343941,110.57924317609704,109.82528207739955,105.02711230404822,95.3103587154785,117.58479229386612,109.42027805050586,111.99319029870118,104.4337541961639,95.8505254389832,101.16887752588968
262,Keider Montero,DET,22630,281.0,72.21152342652498,77.64566174607351,93.34996615377283,104.45405180203984,74.74376071287818,80.33140794726886,100.27923338104247,92.87334586644948,91.12140819519261,102.912615689829,93.93548291337672,106.76836400092661,112.63089782790841,98.04184716480287,94.20259028950065,107.03289955962936
263,Trevor Richards,3 Tms,19309,284.0,103.67107817741118,110.9916658790288,91.56929795170063,104.43947450760325,102.8194479898327,110.12699502875662,100.97808068931285,103.84747529712743,101.75834239031263,103.81720975840176,107.43701882948791,105.74992776167491,108.68805156757846,106.73941267677094,80.0269119771303,120.47436213110252
264,Bailey Falter,3 Tms,20070,409.2,75.06306170751128,86.1594109977126,87.05438294507584,127.8416715239731,76.11624520077339,87.37971582894838,108.11839126646932,102.44479926731935,97.83190336072258,98.24125688685722,110.97532913983987,116.0208374760318,113.47812645694216,111.15332575047661,84.94437105814751,111.33126869793135
265,Randy Vásquez,2 Tms,24719,366.1,64.28628993308435,93.36484922487934,69.16098227200071,95.75891881144629,64.44492862683036,93.58064077978317,104.45675061593431,101.45223694394487,94.22361198168547,106.47215984190768,97.97372087463006,113.40762314057702,124.81898941384587,96.18806611999571,91.69277087669418,111.17622886519696
266,JP Sears,3 Tms,23429,569.2,86.17266002019274,82.08694780389027,105.3002134105762,140.34202390455056,85.84006972459586,81.73672835586193,106.31188043008753,100.80351597833285,97.64830920757778,103.18300736271996,113.29592043652407,121.58028591936133,117.97155850524119,91.13619665986454,79.76695090719737,126.2023687226185
267,Mike Montgomery,2 Tms,4869,233.0,80.12169628451187,81.42809602286465,97.93810438916289,85.08716941455998,80.12639326364437,81.43237876841876,108.46782463918309,101.96532681838877,103.92974420073028,100.25345884737543,96.87178381270162,100.68328001150418,99.01489041950326,95.60403529144556,119.36804074964216,78.14133728568036
268,Drew Smyly,5 Tms,11760,455.0,98.70306537996183,94.67121213138275,104.39116368022006,146.03948864286582,96.95400948565404,93.05821313820985,106.82575346289407,105.60842001692347,101.4505975605561,102.59221830310364,111.8124645861284,118.09266677830892,106.11306636345832,99.05142557341074,86.48714825694915,116.59757360606558
269,Marco Estrada,2 Tms,1118,353.1,88.11206624641848,102.47931722894805,85.96059891108536,133.29052286110903,86.4347817911537,100.5428336464058,103.79483949606742,105.32005693723995,96.13134974619257,97.13840238089514,123.71397177561832,117.48537031646816,128.62709863782013,94.08045983271751,62.52205638077443,147.31529807624125
270,Bubba Chandler,PIT,29868,168.0,98.75814534588781,127.03138484735936,77.1898388165498,68.68809344024865,96.89425877208967,124.6789708052008,97.30015187687152,105.67053780528803,100.17584165935129,90.288689819655,109.04345096460268,95.3576274352318,109.06740546915724,100.15066410890722,96.22123397776078,104.04470028671729
271,Luis Gil,NYY,21052,261.1,105.11767302785462,153.69744027618825,67.99102373433395,96.61682610884003,104.303263915174,152.5999771234312,83.43575644972229,100.46382204482765,83.4922343094571,108.16024710877707,90.64887359479279,107.82918334163409,116.80565705565526,92.38300308563328,84.96689211608692,119.98632846453894
272,Dakota Hudson,2 Tms,19206,508.2,66.62070583748113,129.68026348538723,51.76788324327456,78.50825705609317,66.02270223619921,128.39872061028188,104.91479737482044,110.33603313092344,97.11260989464135,99.75586211039041,102.08412859287264,115.83751783079856,113.68249917545123,94.05944719280129,126.07724873389532,71.90186331383333
273,Kyle Harrison,3 Tms,27758,298.2,112.85239058021936,91.63570507211433,124.18302323205354,127.25363964454436,111.66635398056077,90.615409402442,103.8841371645135,101.74692813317859,105.59350460381378,103.82991259337733,104.48776028456359,106.12022836385758,95.14950009788983,108.67605610793811,88.23731427304308,109.12034036669344
274,Matt Manning,DET,20369,254.0,72.3872827084834,94.36200912362848,76.53346458876977,88.42733761705098,71.76534351033058,93.59113909527994,100.95302930990128,100.37435558107923,93.18785127111192,93.24372341468555,105.73524350370398,106.10299363717714,119.77364963149654,93.69138976892361,96.06456715513352,107.31297202528125
275,Julio Teheran,5 Tms,6797,635.1,89.02912580192067,114.36707086526204,77.84811072856097,120.04961266993253,89.36290046703186,114.77505198265645,94.19284813236595,98.41465886204122,87.77478526769208,101.38109622757298,102.20766499311979,118.31358997849564,116.88796210755552,95.11825513574527,89.0643267416158,116.81194584677579
276,J.T. Ginn,OAK,27889,236.2,98.21979848882317,101.7069699829375,96.06069889682074,112.99471815160378,97.70340574107558,101.23916542345488,102.26928528915597,102.06209808737994,100.5157960625134,103.24491542293941,97.4655268554842,103.78161632420533,97.28599180532343,93.86617609071786,117.09427868756252,85.05029496127202
277,Jack Leiter,TEX,30146,255.0,102.71644056178782,120.6721447717642,85.30873800111472,107.56770645653391,99.44787826425403,116.80044102371421,100.62515130975814,107.49080197593513,100.41476104471631,94.24471666496224,122.08846020788692,106.98580063601929,109.14248784255332,98.81318869999983,91.50495433368488,109.55864902431773
278,José Ureña,8 Tms,11589,710.0,70.72758489723827,104.2731002149083,67.82905819620949,109.61251530552892,69.60133446518303,102.64344915841053,106.59069943306186,106.8141266644476,96.51010283644673,97.54887621465112,113.27201469552331,120.19918652457501,115.72829296275094,95.33738351987863,110.11443217939,90.97507891487105
279,Kyle Leahy,STL,24763,143.0,99.5473737020006,75.33312012044435,131.1487359773933,80.69649588733515,100.49631518733777,76.053257955052,109.65022640365952,101.06247126002918,112.67296430866674,108.6424051310398,87.04429884401111,86.26572300117711,86.46835881999775,117.48643335140203,107.54800159481424,83.0738898525308
280,Logan Allen,CLE,27589,384.0,86.6675596740741,113.55590556075643,76.37097332949081,110.36019829059569,84.28161934473715,110.39354994574478,112.91876723800105,115.02610354372163,108.4065257836644,101.48297721788786,112.0564057574754,114.58583738298319,110.56473407312495,93.26873761577309,105.6005966068863,97.40269803287033
281,Foster Griffin,2 Tms,16432,172.2,97.3694543987707,68.64184443240394,141.9264897895947,102.63467711188825,99.55373091964603,70.17307173160954,102.13679150606254,92.72439670736915,101.09569652794839,105.80319882199775,85.19294238850254,93.45274619213603,89.73835099270171,104.6513517967798,107.12524583348673,90.00192450319837
282,Walbert Ureña,LAA,29357,146.2,99.92701686595768,117.28781987810235,85.19812006195485,52.922077086366635,102.44956696329666,120.24862316763374,84.58627885297348,91.21895155831238,88.97027742678813,108.80384126887579,72.99653986498639,87.50788160823129,94.36428921633211,76.93265652321723,134.2726198208721,75.63120368224554
283,Clayton Richard,2 Tms,3551,401.1,74.22814997981301,92.18388484314201,80.74306743073348,96.58118141659065,73.18109040485137,90.84121366837982,115.06974254100444,110.37491420768639,108.0584843270124,93.47516354483905,124.63262825951743,109.78297013228399,97.15909882912737,100.60427387497826,130.64419427214128,60.50008660168904
284,Christian Scott,NYM,30107,157.1,117.20212265429014,100.50366416603256,116.58085443556574,99.40170936194097,117.21070956237199,100.51307350135896,94.7225319660669,96.16835211257305,99.94642411044615,104.60206417601661,99.48137411516004,94.40672216202097,99.34546145631363,109.60110611701725,76.15446447256461,121.87305025137229
285,Johan Oviedo,2 Tms,22487,336.0,91.67356304384913,136.9977130988746,66.83589086130394,83.69092790797397,88.11736386966678,131.65966578237192,94.97958511380095,106.65846747912433,93.25300610717426,99.68829798709848,101.78029417144856,110.38191016805943,116.19265623915143,96.47659136422438,102.68587757304522,98.36110529420937
286,Slade Cecconi,2 Tms,27500,318.0,85.3997008051631,72.28355597724011,117.57590957729572,122.68786953633695,85.24157438575615,72.17317315345926,109.99356416924113,101.91645342060067,103.24500356091617,96.46737544516743,116.4410207865023,109.9926321157048,103.94470240280182,98.8196762009013,96.48954183056755,104.95876160730808
287,Simeon Woods Richardson,MIN,24494,290.1,89.34186562760999,113.8543079314931,77.99772928715628,111.11209932033472,87.58869081839923,111.70217375862424,103.95532564267911,107.75239587136592,99.34495266267108,96.69412670868543,115.13570526686665,112.74821173494215,117.11041821652545,98.31714745737857,84.26520911611466,117.5119851329494
288,Max Meyer,MIA,27474,238.2,107.64782007267226,94.15526937891987,114.67039713153342,128.43750630595113,107.22366177824271,93.76071877524701,100.270715027,99.41646410064945,99.54178499836705,104.06919901125464,96.56673847290823,106.67400954288054,92.92113569953335,91.5420207814947,108.32222655949641,95.13127976515487
289,Drew Pomeranz,4 Tms,11426,303.2,107.76601108670496,127.60244716603302,84.55429054596598,106.56478301463552,104.24404263391358,123.41199034972747,106.89094040979211,113.60746775173236,109.71870895751641,105.28868534254067,101.78144849191659,108.07487669185615,103.3973707817596,109.75087544402137,93.32243294496632,102.42206258831925
290,Matt Harvey,5 Tms,11713,434.1,80.27632265483508,92.42744501056961,86.65058688397818,136.33354889485497,76.45041409417703,88.22464955876508,116.00307829889304,114.41735253121519,106.35827249720775,91.1423505175816,141.85367609780786,119.35143040066622,111.92969218136898,107.62668133468559,98.40637197903564,97.86864187525889
291,Andrew Alvarez,WSN,29914,109.1,103.78065452591305,124.3530160583774,83.56738327213705,49.34128865031571,105.2864715980006,126.14890396304548,87.54868679801606,95.98002515801136,93.64892712756956,106.33270245298891,73.17949376261625,81.66439522275986,91.59748233451586,100.72460123988975,122.59017908921564,75.1232987145509
292,Ben Lively,3 Tms,14932,373.2,79.57319219102565,87.18205323351796,91.47090966462443,127.63303044058445,79.85390301285675,87.43405610638479,105.91271978872288,101.20944856990228,96.76129077829623,105.89329754105108,102.94510609287066,116.60199353942649,116.86428982553876,95.68674903808856,88.10477865465985,116.29436804787954
293,Jake Bennett,BOS,31959,109.2,85.91206437685976,48.264333283857525,178.0032151993712,84.93269122043236,91.09946916040798,51.178551315824116,100.5039899913211,84.8355650481684,97.70121821761538,99.30594119572507,88.58918082271728,84.9601881560924,90.61976835277082,103.13453665566563,101.70558450837281,96.66426464931371
294,Brandon McCarthy,2 Tms,4662,165.1,84.12105060145876,74.90235703990446,112.24106069536171,96.74265267239016,85.21590895847594,75.90162279736434,110.20117418060143,101.57486927679717,106.25979482276706,98.15456811480782,105.49221544402555,98.1300738120943,97.15563929205358,113.53998769167444,101.74533498098981,89.56703208463126
295,Jacob Lopez,2 Tms,25098,209.0,106.70382382097527,117.65374848045485,90.26359157003488,132.02540549661597,103.70485245798922,114.41905320338401,99.97363107848602,105.83542032675457,98.23764154696919,99.36804178685408,108.5857569964016,109.27508828407642,115.02590032060348,94.6490181773061,72.07030359328672,131.9649487552381
296,Stephen Kolek,2 Tms,21487,166.2,70.5563050854479,71.43484837634836,99.11190414997242,79.1200278559477,73.04553660128667,73.97322513344623,99.73762579255038,90.7684655599904,93.0163510424525,96.52427210174797,92.55911322953378,97.24102413324745,100.63891483645142,102.44642434436375,118.86206373409875,78.44328761880038
297,Rhett Lowder,CIN,33876,157.0,82.89559518433681,111.08794784696403,74.99101886895288,83.3007170496262,79.43494249263445,106.41348856105266,109.93850559878615,113.28215776481218,106.38510781436676,94.99746779870621,118.09470710404884,99.50799734276383,114.24589003461811,109.70589738150942,94.98430246736096,100.55756442155376
298,Javier Assad,CHC,21741,328.2,81.46181348275267,110.37842131566815,74.07408052624663,109.27073887793728,81.96823550042524,111.01097676561264,99.81868656854122,101.80209451054736,92.9578672847256,113.86510201213311,85.9078411939199,115.41529537309204,110.73234604489267,95.2384122913737,103.15800599991012,99.0988862812464
299,Steven Brault,PIT,15291,210.0,82.28975526983486,120.58065752590113,68.36859662881349,80.00690877467414,80.5385769880148,117.93574247934401,101.07827776922691,106.60394151242294,97.78569696881397,97.84351253644643,108.24545609832963,106.60845563587877,117.21577418495711,87.96258925254004,105.05806268481128,101.1914246313589
300,Cody Bradford,TEX,27597,146.2,81.87796911735423,60.51649303500213,133.38812032243635,104.44221765314646,82.59774463362331,61.17432955827024,106.83616907439585,96.38300700387828,100.45773573609888,98.21719424389474,106.87124298271596,96.94934319396471,106.57056780021709,111.83198218406945,81.13009710935933,114.1453614922719
301,Randy Dobnak,2 Tms,23798,165.0,63.45646125454697,78.89651541333225,80.4729463881971,65.93072348759001,63.282409994243615,78.6383287393078,110.26375616590877,102.65572129553323,102.70110535175563,100.24926774033503,96.06493150330923,98.27738980567511,102.16075401222623,100.42899309064327,131.35624409769486,64.9190666847557
302,Matt Strahm,3 Tms,13799,141.1,112.13954870613856,59.699302582306736,186.60548364619694,120.03183018204835,113.00190761103492,60.17208107803981,102.66149152853703,92.59740581514629,104.16907440438912,97.52458740715375,113.23046415032631,95.91907941492164,96.43634610532466,100.45859114933722,78.16040355635856,126.61638667036384
303,Grant Holmes,ATL,16944,291.1,99.31916849268845,114.45810048808778,86.28693656785161,114.72083542522572,99.17707847581033,114.33990991995732,98.2194220153695,102.11847588838903,96.21568504093348,111.70625559280774,90.60703749409933,110.45289303825808,101.06276677228311,97.14280819361754,105.20273198446301,95.82982052937032
304,Cade Horton,CHC,31872,121.1,84.73481283271008,81.11835369826589,104.36714854971476,64.10913544010793,90.42213272564888,86.56653924823448,87.659392509851,82.65386450984477,86.43392571682543,110.66065721750331,61.25089269486793,88.87575029165288,103.21680419580322,85.83353106771447,103.26666245138041,103.82436375186307
305,Hayden Wesneski,2 Tms,27581,202.0,88.69595939354961,71.80621187249011,122.89190195047281,115.93901156647317,90.59017036527517,73.37297595242109,94.99508240130726,88.63261493474383,88.65960608355756,94.5663578577078,96.00858718006164,106.6234262141195,99.47552886624631,103.92487001744155,97.74557160468133,100.81264183271621
306,Luis Perdomo,SDP,14682,210.2,78.54025949371403,110.61845451072254,70.9666094415846,74.58060072193771,75.14172555957411,105.82237649776205,117.29028833491499,118.59392618685159,113.70623345384512,90.99450012011474,125.55090406330174,103.42960270310215,102.90666707930589,93.1722599364252,128.28501980425713,66.93727967119223
307,Jaime Barria,LAA,18356,295.1,81.32508749786498,91.41133648740646,89.45538484959934,126.09265192442022,82.19287422607255,92.29933768437883,103.31376305651511,99.89309105604943,94.16875370855357,111.80342517907759,93.51120603077679,115.14859884404353,116.35150668846339,94.96014952139575,87.27453614563956,117.54320674780578
308,Troy Melton,DET,31807,135.0,87.65366309920891,80.7673523816842,108.1807312031887,85.80630069884866,91.8114950359587,84.63391955617678,88.8309516751762,84.45062861647651,85.61730322179999,110.28109049799752,67.12226061663343,93.99164111453914,100.80149656221938,94.48114278028766,103.50767998918519,99.10544934339984
309,Tyler Alexander,5 Tms,17735,268.0,79.89399799449443,74.10328588756944,106.74765710820296,124.4585298871566,79.39445767938365,73.52140875874329,109.16518664771489,102.15248075200721,100.66519733263189,99.48703002367225,111.61132365294127,113.68785004896806,113.6149669069575,107.17101818723951,84.89669224378534,112.85861838545048
310,Sal Romano,CIN,13690,218.1,81.09165863178337,106.28455500182683,76.3230934492771,113.02313548352805,78.13404299724472,102.3889298821026,108.02106167669547,110.54713491675182,100.86445474299212,93.94353201012964,119.84316240696631,111.6173629774549,111.01533806855039,98.99321673956068,105.90807565679587,92.93370714019886
311,Yonny Chirinos,3 Tms,16401,225.1,87.58342356891785,81.10708986905775,107.25324596313379,110.86101949922451,87.56732394674968,80.96125299907213,108.25982327131558,102.11715986330776,103.562162711317,99.52805873966578,112.3783967352929,109.48816197272193,99.57576424644962,108.52721164543861,104.96007790401836,89.2187457598825
312,Shane Smith,CHW,31687,154.2,105.77488158057331,119.60894336653065,88.1773345259648,87.08971892118582,104.2887820252586,117.97200685765183,91.69443475246445,98.69910108326431,94.07954331882739,94.70377869219924,102.41557502889546,98.53235407279774,103.489230959358,103.41964617167585,98.48666602147092,99.89391053772074
313,Ryne Stanek,TBR,15947,83.0,128.00445345575213,104.06216698688253,123.11233480005632,75.8690723396165,137.59373992279657,111.8291555300539,76.28760648422748,79.763831508589,86.10478706769909,112.49261466549969,64.40861652036611,78.61689300511111,91.0683671330619,77.50436168775295,79.90944327879362,136.3935941471344
314,Anthony Kay,2 Tms,20387,181.1,93.55451572388847,98.60142128326758,94.90160775706815,93.34734300884865,89.0325640393306,93.83657022050346,106.73539713952809,106.62587058111978,105.72214410348535,99.9641640323085,108.63144305177727,105.69515524040582,105.47737629134055,117.26175032899886,106.79715446256881,83.64920809887649
315,Austin Voth,2 Tms,15047,178.2,92.70046595956782,87.47579680250288,104.12834534440624,117.89015027615861,93.09630465805841,87.88877849549621,101.36853660725554,97.75189119975855,96.51615601985209,105.23182148022843,100.149394271793,107.48602674160573,114.32681879551856,105.17057353426655,75.24185542459784,126.65659282281034
316,Aaron Sanchez,5 Tms,11490,346.2,83.77609257274355,135.50581934742058,61.839313916253126,89.55855167645953,78.6762480693893,127.30301472071221,111.94008160403108,120.77961543711191,108.51968662490283,95.07534450092794,123.25814415548646,113.14148858034572,113.80445395980055,100.49373816650322,114.7042309378252,82.53640141729879
317,Gavin Stone,LAD,27792,155.2,83.00784299753488,82.46273664768857,99.88485651530303,106.74750173667485,82.63150083357617,82.17550160922659,109.04541750144459,104.09443125744453,103.24699714244157,101.38192366818926,107.9134829476013,101.43117480635938,102.762413335959,101.21407317057196,102.4743708836441,96.39749181649367
318,Robert Gasser,MIL,29812,137.2,91.51533214150011,73.2827892562752,124.30165284636362,101.11589249968308,92.36657439554364,73.99590357247699,95.20681674379557,89.16213232870574,91.54461105894167,103.51594596035909,88.38349653255975,102.25591861352292,106.02915034268906,115.23918171447991,83.91801353611797,109.78098552597714
319,Kyle Wright,ATL,19665,267.0,97.525882776341,113.35000936802986,84.60440306768933,104.84046173444665,95.95686510881616,111.77895928627916,101.81305000905371,105.25104854506475,100.45063079176535,102.0341852243018,105.13198480017068,109.91142105264576,96.02003986634405,94.70243603906002,121.6395189515001,77.05937641463561
320,Bobby Miller,LAD,27483,183.1,101.94583558764822,95.8462209730014,107.69010735001294,130.76732193259656,102.21555733411508,95.93337390972692,103.85718071965601,101.8389637076075,101.85394591770762,93.6772289471507,129.01773329816794,106.97294378533783,93.69102364343749,101.58223721965113,106.77972664931747,91.16748675142935
321,Kwang Hyun Kim,STL,27458,134.2,72.76610833561841,87.04393039045894,83.52870444809068,74.85103795862861,75.11137195594162,89.86048162928894,95.27774098795311,91.81992304221637,89.04400145804405,110.69941154494805,72.9674117292001,98.67902746846342,107.13251639742957,96.79834165616876,107.49358532515201,92.70614324216267
322,José Suarez,3 Tms,19911,293.1,95.37316729560551,111.80244724765447,83.97327117182785,129.2652969512964,90.88388972049465,106.66156911242868,109.83804294130283,113.42633441380474,105.34288876235016,94.66844312645469,130.13829535466792,116.70509255843159,111.23855541974991,102.77341941792623,96.13502319820608,102.88098622290971
323,Clay Buchholz,3 Tms,3543,164.2,79.11011502898774,67.83039235980732,116.61809191243164,98.47316367609994,80.9191865258106,69.49107694923676,105.9043625603838,96.00121488586475,99.48509012819122,101.97938692981572,93.44050544598768,100.30302229594685,106.2245089909658,94.15978108363441,98.19408402405776,106.1498804024296
324,Connor Prielipp,MIN,31857,116.2,105.8818463046925,97.54221743095786,108.54976428738881,86.48979043913356,105.77050843473896,97.43964683115992,101.90243356636186,100.8351318037297,105.8136435872499,83.46330200910288,122.22246079988625,92.34219732067841,96.71773816881588,93.02933543757392,102.50793514311304,100.83563794122989
325,Ronel Blanco,HOU,19407,275.0,99.8332505917032,125.10014449692038,79.49202701385927,127.80353990376395,103.3531761147017,129.59246968964328,83.52669586834719,91.96584045618292,77.73283795953515,112.35754149309874,87.92791333733875,116.82355701256655,106.66986072879403,89.14047646361962,92.6465846516094,113.29285013240225
326,Tyler Wells,BAL,20000,249.1,89.81582016964005,75.3430950466565,119.7346534477088,148.72983417323542,93.98006797577476,78.79892094426395,92.22829114314561,86.28499206754019,82.20044620735958,105.70377697316542,103.29654792552682,117.21223187095814,111.62411151448734,77.15137972121,81.32466540957324,132.1773168604158
327,Connelly Early,2 Tms,33666,114.0,113.02139881371183,88.68108932944128,125.6127789951679,102.13032053570268,114.52930854031835,89.93436462281736,95.5329301961345,92.6039620026605,99.54909098831726,116.14411209239015,74.22510776455069,94.53044485988265,92.21526773714395,86.24344585639196,104.19208475748725,102.46655665825968
328,James Kaprielian,OAK,18331,303.2,90.34644651758418,120.0885570002791,75.74085046368127,105.11051630886908,89.14080532463772,118.34098308740981,98.5222648188384,104.31309350518787,94.53211429125764,101.19013447211177,110.94786793193025,115.51402440786654,121.43555929966537,90.63042355516836,84.16418393587624,122.68420819133318
329,Ervin Santana,3 Tms,3200,255.1,80.76940570405736,84.40413316907461,95.6121895282828,126.89574402890842,82.60517403158805,86.35448979656336,94.76712096500852,91.27114598977843,84.84941894280772,105.80849510323364,93.3311895368088,114.98279741952854,117.44025336562129,80.60974867901169,88.35946235671649,124.48111751207402
330,Zebby Matthews,MIN,31827,247.1,104.5404148570264,81.5485880745173,127.8531505613851,146.26542333273713,102.04908171035771,79.63166847546233,113.0718992184817,108.22314084688416,110.68152545408493,93.57130218503615,130.60583955883897,111.37859257817222,94.95938500822702,108.65633285027256,93.41530951566527,102.65696001562259
331,Matt Waldron,2 Tms,25550,194.2,89.68909597619226,91.34673291677359,97.55134013062683,120.40153756528883,88.5773418660682,90.27318333332339,104.32697169573156,102.18711822631687,98.93164678870338,94.98262388592732,128.25642806046773,111.82523905285262,111.49326138547154,86.61893153733517,92.95921272821312,115.38103124097738
332,Cade Povich,BAL,30055,214.2,97.00349664158902,111.0533860510793,87.56350435382654,120.85162257518982,93.90560708995639,107.4778668406726,114.7375592384676,116.30179243949219,112.90272639531464,95.44608172885724,130.31538453297307,111.75241082694556,109.18691967735556,95.27267229114807,93.20469321460554,109.54203066874103
333,Danny Salazar,CLE,5867,101.1,149.7019582207926,126.98801903883333,117.74989447423908,107.28878080471725,150.08530061863945,127.36505361357298,96.5099396840794,102.89411505427155,114.7968933108601,102.83309413015651,97.34344757271167,88.14952015895483,77.51355527760701,116.85882252878741,91.18311377876923,101.19207002721464
334,Collin McHugh,3 Tms,7531,118.0,105.4510099300803,86.88152790462298,121.26121208273608,88.20370457953483,106.63269841862663,87.89740531463931,96.28036550663252,93.24965844652155,98.93987464340462,99.10173687707092,94.1145873550594,92.51851179453509,99.65305301681308,111.49440716722245,84.69471456038374,111.59381355049413
335,Alec Mills,CHC,13834,195.1,81.68741985489069,70.83183642731414,114.7649708044207,117.03984912874255,82.95248129051225,71.95947383734675,110.30783340090393,99.54795435045249,102.9203063212794,100.22100590702692,108.86570397088896,109.55179593059682,98.06561267751347,94.21697003030023,113.93442942056447,86.46016006205151
336,Carmen Mlodzinski,PIT,27572,108.2,83.65065105161334,97.54842329700222,85.7042699261928,71.23225217588676,78.93518282738417,92.07108332357915,123.86945064730124,122.95959795831833,122.13884339984486,95.38328075701632,118.69479350447035,93.76588328580085,104.72798720220692,132.58124884444226,98.397534734489,85.2476420150914
337,Ian Seymour,TBR,27932,102.2,134.65578658424445,57.6134173529862,234.7828246006416,158.47885411132884,137.85090223969522,58.945681239872016,96.21981214573091,86.41947342717317,100.42994345969332,99.67748597550128,98.96528364563403,93.81371083705541,73.14027294100502,105.53095277424049,81.57656537314844,116.54312887687112
338,Kumar Rocker,TEX,31843,206.1,95.9160869078094,113.77291120231314,84.20526749878915,111.30373733863861,91.7842204672239,108.88850305604811,107.99505946714967,112.56327657900455,105.70744042530673,100.69745302823449,119.77779558405699,109.75200931830385,104.23761047876094,98.66829880869979,109.32104022726541,90.81803935820771
339,Garrett Whitlock,BOS,20191,109.0,97.14650298777886,60.656913004239854,161.50012722398537,112.95580298026535,98.56087144982469,61.440758011481364,111.60556513603291,99.32513151697624,110.24968159371981,100.52607855335967,99.64675793459531,95.38784630463896,91.71638779780395,93.86046600927249,106.27819310893057,96.40883431790309
340,Félix Peña,LAA,13403,118.2,94.82812121276159,92.05408241839524,102.82508219011748,88.4428673517819,96.2448743373421,93.48075759007173,94.96612971140348,93.15884815670061,94.02768090686256,94.59869566611454,99.22138925742576,95.65120795124409,99.16993701438528,115.7411467232146,96.9810467453491,94.36216488780636
341,Jaime García,5 Tms,8137,218.2,91.16433162505538,123.27036803060685,74.1073141789214,99.50907888236893,88.98449234459649,120.27036927279202,105.27171430346517,111.0551637660816,102.94495630963256,93.44557241086396,115.10517918837567,107.57508500836695,103.10847416717516,90.30829014198292,116.31518503440236,84.96587542583968
342,Quinn Priester,3 Tms,25977,207.1,86.7480450894361,101.00406843054198,85.39564185993845,107.70765866914303,85.02154290019807,99.07346442792726,108.50572128839097,108.13810393016281,103.91518091275024,105.5887854477154,97.3749357484683,109.82754681902395,98.36742778825584,83.58568604815929,130.375427283506,74.31530068253788
343,Ryan Borucki,2 Tms,16350,108.0,77.28821159251416,101.54943774181655,70.21588861829635,59.392509014131164,76.35430352550216,100.36583780834287,105.18232518057494,105.46151675355058,102.48030298016899,93.48302713797854,95.9292606359067,91.7925137142136,109.97137516793337,91.55512525089739,109.23699621005021,94.13857302144659
344,Kolby Allard,4 Tms,18694,207.1,79.82873977275892,83.40643760602202,90.18816397244312,126.2549622558226,77.79336253445673,81.43321941958594,110.69780315642407,107.05288792595428,101.68460875071852,89.94072509629989,128.44054918766957,112.55706810031477,113.61425054875077,102.72503193542266,91.79249582391962,107.60625530633195
345,Trey Yesavage,TOR,35456,111.2,105.9639936544938,128.80978468367138,82.23794855274485,83.41150865646732,108.87774221026707,132.35721932792134,78.68836160854813,90.40144016535181,80.0323062085186,103.34496176118823,87.95407662359285,95.0641319558109,106.03804839365274,90.38218490236024,87.41367465819619,117.84203791938477
346,Tobias Myers,2 Tms,22191,160.0,92.85461775912665,94.3253469186043,97.60992007451804,114.38413821832782,92.09171286438166,93.61524456957555,105.28264945428371,103.64496594281236,101.80643015452968,108.24111216619671,93.26861395835458,107.51460930313394,106.25864011640078,111.27528279091526,86.50284304743698,109.48320720296778
347,Brandon Williamson,CIN,25463,169.0,86.00468199800734,107.94082765862547,79.28547519950574,124.37996774605502,86.3648925672153,108.36137381355107,100.30581333513669,102.03876717560416,93.21591135749416,98.93983494797396,106.12474786645923,111.67841906427536,114.90768475491797,98.2517069181284,85.84625183612256,117.24809360941917
348,Gage Jump,ATH,35418,98.2,114.58811859349242,123.38385503484974,92.87124267487899,94.40153879649941,110.31999820210146,118.78811261963091,111.77909414646075,116.89287318379928,119.52909211894602,92.70710246816147,122.04888723367269,91.344567839633,97.84014151659451,118.82892254594199,93.3935885448507,97.56734454058139
349,Chris Stratton,3 Tms,13761,218.1,82.00891954437601,111.67690093828178,73.4461753770185,92.18188333842996,80.72635714981558,110.03759595562595,108.92683400243514,110.7152899368344,104.48250758815747,98.88997991872495,112.11532410247641,110.25779195371098,108.88209594279249,123.60776421312538,95.6496941825018,91.18332675411988
350,Daniel Mengden,2 Tms,16980,194.2,70.35595488492862,75.68562307811911,92.59455784244895,109.41696155431899,72.36040808511777,77.92929512804517,96.23627801996082,90.7635380097184,85.89971728244359,98.40996406425717,101.29089718217985,110.81341308350129,112.64761350362438,107.41404135314517,88.94262095327902,108.67786292934969
351,Justus Sheffield,SEA,17285,167.0,88.05136929627524,118.65386564350851,74.73520552024776,86.73932702139139,82.54842803840597,111.09252128169919,118.72450701147584,123.0225303613326,117.61030734824938,95.70897195541261,128.88182131565526,108.52155814702587,107.40876425683446,103.97807383081748,114.88231087214164,80.71319963299474
352,Doug Fister,2 Tms,9425,150.0,85.39490364326075,99.29180409125125,86.02545309491789,95.443062185439,84.04940197657385,97.72330823000502,104.01514166469512,103.78564750157754,100.11421269807101,92.17910342706914,100.1884854007911,103.77216946156756,98.55934952153298,104.75252465991431,119.64807238038316,74.14230481099958
353,Albert Suárez,BAL,6175,125.0,88.43311055247294,92.39041038254034,95.80610876305983,99.92721330896322,87.85109362652913,91.77315127685894,108.15777769117356,105.40118027103638,104.84377908745468,110.08376961126807,95.05879980065521,102.10703485748813,109.4291688122401,122.3825163033728,79.07427703207932,111.09104859974633
354,Spencer Arrighetti,2 Tms,29921,274.2,111.05235695391087,138.46381277440764,79.65530079018264,118.38818931080051,107.03877268471285,133.5671294171899,99.4657482893767,110.16995009022304,101.28434661933088,98.95166378506138,120.25157409167596,116.66523723448145,109.84738462555887,109.50163548209066,87.61949043877492,108.33509928596305
355,Griffin Jax,2 Tms,20253,174.2,96.18723195406427,81.9112663077952,118.12465329826863,125.62714753971605,98.53424550773224,83.90649021242625,98.00022560523341,92.89066302530948,93.07180178322041,96.01016926477291,101.16582497768403,107.82653214973995,101.27067205311482,93.65028137812924,95.3712739333167,109.45045444783005
356,Jeremy Hellickson,3 Tms,4371,292.1,69.04276627241882,80.93096021266851,85.41707083963637,134.6281640211039,69.60374108987398,81.65480338981178,100.11763530946396,95.08712314632093,86.65087097172591,93.34363833077711,112.96561346761588,121.41775545390986,120.54685965204328,102.11209860167885,87.69737372854279,114.29498157208712
357,Matt Moore,4 Tms,1890,293.2,89.09027158968522,116.47702978826766,76.59745289022788,119.74958873473594,82.43064641897764,107.69192322906278,116.1929621501985,122.64720756466852,111.14754151857625,90.86911170889356,141.0078334361173,119.55273027732042,122.60132072408898,98.24246103843481,86.39046097199277,118.36268904953637
358,David Festa,MIN,30056,108.2,115.4177832579323,96.76569667156173,119.25343701111946,112.44432354200067,115.49489055711229,96.83229531035748,95.86888637810809,96.11996430195407,98.97237522734514,90.53383582905798,118.06947624136414,98.80723202326777,95.28428765580823,111.84692613293122,82.92154654430435,112.20251446763605
359,R.A. Dickey,ATL,1245,190.0,76.79284120044746,94.05682824005821,81.64515181934237,99.97948401188188,76.8660355608678,94.14647308084203,103.83175583654136,101.26583566769605,96.9628960958922,100.7240461683305,96.22562380954803,110.27264663257435,110.66113131096088,96.30934626781621,104.2633133694778,96.62486404872396
360,DJ Herz,WSN,26389,95.2,123.12698423667705,116.8495840829522,105.20739002429293,116.21877892264637,119.92097821104173,113.81873851130533,95.05883878707452,102.09332068013764,99.88858659553253,96.63229869725538,109.46418330062822,97.39455399243575,97.4327184210732,94.13388327770753,84.36211665820325,121.05165019296966
361,Dan Straily,2 Tms,9460,337.1,90.3404668896447,101.57399799256655,89.20896637437443,138.03229067732016,90.10780132312745,101.25340265774634,101.5728583550685,101.78797566927531,94.09030462906404,103.31774826934878,111.70013403820084,122.60445861011654,118.73134323625044,105.00430582178606,74.03379768980176,129.87613252017997
362,Ryan Gusto,2 Tms,26440,160.1,94.55432613960656,94.63642914169202,99.88728879311225,118.78052179222196,89.57537282840809,89.70277813438571,117.21242386470445,115.96532744154318,114.5343897880074,99.54745414023773,125.49997921679748,110.20949546904313,108.24125483930304,105.84449039773615,92.98851274951697,104.63049022704858
363,Brandon Young,BAL,27819,214.1,87.95997174383109,103.84392866342658,84.75799769634033,121.47638817709947,86.76491781582426,102.42455296295464,107.69858314993553,108.08439878757885,101.87568917027392,102.75212164752563,105.97671189003582,113.91393622708935,107.48122820202985,90.73022975768114,103.9998675912937,100.40430248998035
364,Trent Thornton,2 Tms,17948,152.1,99.10202190083488,116.55258371886936,85.00817250139822,107.65517181607629,94.61264453831507,111.27239111849248,110.72883953722383,115.31836263986372,110.53343486702802,98.17173064832019,112.35326462332443,106.4515616926733,111.65479073496283,134.02635084137077,74.21991809944191,110.08042222981244
365,Osvaldo Bido,2 Tms,23150,126.2,94.97610593459714,110.19294115917744,85.95376337510456,100.70295724058963,90.99363672227094,105.59060457665497,103.79544683000165,107.32718923174771,102.0221743966214,91.64547440407627,124.99426367146393,107.6374062333982,118.78042001050459,118.05298320847409,74.47845549213045,117.85655123030168
366,Jake Faria,2 Tms,13699,148.0,94.05530710125505,113.54680192091836,82.95703410808977,96.34967015199592,94.52862179333941,114.10204272801403,94.81443074440573,98.2320747912989,92.8326800188703,102.05222154764509,103.69495284568639,109.41001564269732,112.47196447886864,106.63941584888181,85.4893899197186,113.28843230678112
367,Joe Boyle,2 Tms,29608,112.1,117.77973957320052,170.64949533837162,69.50223219780324,74.48846271064818,112.10176341852764,162.26063774975026,93.034024817442,114.10879658952035,101.49527822931455,83.07914643766682,133.8867664365201,101.01613531913387,110.14873274386396,101.25730438121727,92.87580607842112,107.13824274014789
368,Wei-Yin Chen,MIA,13071,160.1,86.09903242793263,94.75708906887537,90.85813571680823,111.17253780270815,85.85552653170265,94.49176435909568,101.08411021470182,100.45195250759184,95.24676291084133,93.63044674661899,122.29421673608834,110.62045555823721,116.19721286442477,92.71966747257,83.81579472768827,125.46538703717245
369,Rafael Montero,NYM,12760,95.2,99.80786603243195,133.82883581203248,74.57874390136755,68.73421679337042,94.6793558319538,126.95219242276268,114.93130541055943,122.21925322104097,119.77987521286417,98.80656720081726,124.27413544147576,98.61404467316557,107.54808942885954,95.87796933215772,106.69184209080352,93.71513893751077
370,Keegan Akin,BAL,19362,108.1,106.03213189775647,128.53912999052503,79.47833550188702,123.16493552282918,99.90216360051917,121.00562331113926,112.71621538243532,121.0463344670939,113.38085943322595,90.69393864356195,137.8836741623131,105.99320313005718,111.83304200498453,108.53782536359671,81.90898609311004,115.72778285445062
371,Tommy Milone,7 Tms,7608,138.2,98.82464572671599,59.93466127635184,161.16989377890147,152.18718182408998,94.65949740766396,57.41848939156245,120.25625594662563,111.1485847198583,115.3540405733861,90.8016747678643,135.31863492123532,110.36433572476523,101.0036081726102,121.52949605959688,77.28176281319095,114.95440419426384
372,Luis Ortiz,2 Tms,27646,264.1,90.46573180020007,123.97146567496785,72.47001852071774,109.66889080186782,89.60914508386215,122.96657762111532,94.57677946684686,102.1117569289824,89.81720360333233,102.74564442105773,97.8938816392925,113.82627840426912,108.22581743548263,96.15884499629091,104.8908060526841,96.75613960979514
373,John Gant,2 Tms,13684,195.0,83.04779715748309,157.2243569064798,52.611917007773826,70.85074711239325,80.72634678484218,152.93368813925377,95.48548648128099,111.78634873312853,93.0554845259866,99.79871626590915,100.603202039363,112.67274412091795,118.57048108745236,105.34883477781057,107.03267375663063,88.2176525230626
374,Tyler Chatwood,2 Tms,4338,273.2,90.92396195813562,176.9130346597882,51.70369216215237,87.52915807513321,87.59925758958704,170.15489824663504,100.33085705926617,119.68307250911363,99.47789489203684,100.56401689469696,108.43487732732797,116.85726846726658,112.64287958626441,100.83639354000769,121.24146095968966,72.04717315416116
375,Emerson Hancock,SEA,27470,292.2,82.53899426210491,79.00359980164679,105.66971500818107,125.8342189658691,83.45699488867874,79.77297280454593,105.01703510568905,97.94719679473829,96.78090010077169,103.80514195698605,112.09470402348047,118.95104576955352,107.38719356383602,97.38511464385678,100.11530397819739,101.20385943351621
376,Wade LeBlanc,3 Tms,5221,244.2,77.61882918815418,78.5311902156436,97.85608842151632,128.3379653204835,76.97384903435584,77.87619536289006,109.3383692540017,103.65096659371953,99.09177407718634,99.39425105007736,114.21846106980432,116.55869316080424,114.92278070804859,107.94893438587636,84.30327734507901,113.81582408084603
377,Justin Wrobleski,LAD,31204,169.2,85.56531675312439,72.05736512222187,120.62587151244732,146.9411671309872,87.72767416369447,73.80512854938256,100.67974169730623,92.76246563123682,90.85090491226082,102.22566509306483,109.48252662668153,113.73558816024511,103.79445760611813,96.90278435435233,91.868273544641,110.65041493883143
378,Joey Wentz,2 Tms,19962,174.0,92.98577704920271,117.87968343952184,78.76623667922473,116.74261272119877,86.61228470274435,109.7992050362431,116.65438450754198,123.27194614281571,112.78657067090438,87.88300851693957,140.9147159447805,112.70097989583402,114.97754417518803,107.27599962122414,89.03458023163343,108.28648945736157
379,Caleb Smith,3 Tms,14875,307.2,112.89099588281321,132.86604514072374,84.56362781395299,145.13249301143227,111.3611110685484,131.09102176630242,90.61697833162246,101.81136113491749,87.2566997631793,100.40672382120212,121.50069032721612,125.28214192314255,119.21169408999694,94.38128546215586,62.688038973337456,150.0488586291633
380,Hunter Dobbins,2 Tms,30240,93.0,88.84513476590166,98.17497996049086,89.93176689821078,81.50505269708333,88.98463017844841,98.41705142227684,102.34182194860242,101.4159103584993,101.0234274483902,98.24477575780051,97.42332137795897,97.75811728352299,99.58769537303384,101.67379653813325,113.35025116944135,85.0352622987814
381,Josh Tomlin,2 Tms,9388,208.0,77.72848288354274,31.826930008710196,237.67118473619263,152.9101906969752,77.83106672029815,31.88139253160957,120.42624871768714,101.78047598870302,109.06896427041615,96.09256656574311,122.70481034695567,114.87091751173233,104.87595000317154,110.96488726899132,84.97422534835351,111.61366185547352
382,Ty Blach,3 Tms,14361,359.0,57.03913369864285,81.84185929330016,69.7443836918948,116.46618439643441,55.29521389446589,79.31895891232814,123.04320348661133,116.69905384964167,108.59559596210373,92.92227036818814,131.0492174672194,120.8205672783198,116.54132275548618,112.53475477280348,101.78991045261054,90.11310772630236
383,Shawn Armstrong,2 Tms,12857,35.2,122.19151299242183,63.53356601871197,191.82216498496493,44.37248282941419,133.69381624276434,69.55327772496138,86.78360081733891,77.31170400070204,101.04256552674732,114.30387617248788,38.87448057980803,54.92775133349633,59.9921647637292,87.14243329372461,135.70909386682413,67.63007326988149
384,Adrian Sampson,2 Tms,13339,224.0,76.89057289629771,68.44153324598014,112.75804478849733,136.87937093617936,77.30964224680665,68.73906546625433,112.130640093639,101.84480850600262,100.99704543473686,108.0952011252541,97.01558344655982,118.56941017225,112.53785748957397,93.26843437713713,93.38176402475176,111.66874859462881
385,Dereck Rodríguez,SFG,14509,190.1,74.87887759991474,88.71546316218772,84.41172104878764,101.45200050858263,75.43598771891521,89.42969840694958,99.20403157244444,96.44157650025866,90.37504817722848,97.74397882045261,96.14209064995917,115.5742666337523,114.17531220356368,105.77382774042815,93.74642796719392,104.36417550827449
386,Francisco Liriano,2 Tms,3201,214.1,91.37374079770329,151.1224015767981,60.48295161242453,100.78767619270343,87.75104108181606,145.12310588435903,104.24415764884212,116.97368980859525,101.96422024353755,91.79498940990956,117.60822888708661,114.10006288864072,112.46425463375226,99.01993193072214,108.55604774556964,90.55193835728544
387,Cooper Criswell,3 Tms,24975,96.2,81.02210077898599,80.5615642962391,100.46143229937539,88.48448798864908,82.00834877809066,81.55101775962619,109.54712357313947,101.28034604401034,105.46324467912605,106.76471472748152,85.42445705241111,101.38384852961093,101.40360326946566,78.873507179297,125.74029718317232,83.00028738547127
388,Sixto Sánchez,MIA,19680,67.1,70.09801326755279,88.09554023327469,82.08974040517478,53.73733746886546,70.71075343210916,88.59104695914496,112.20365464001934,105.45597074444686,108.23427684349592,93.0502798099869,107.04397572022968,92.8549793833164,105.17540875950716,89.9740855477941,123.15162001232605,78.9128780516547
389,Roansy Contreras,2 Tms,22810,152.1,86.2887297813435,124.5784645757951,69.34192306296838,103.12514479112755,83.62292573808409,120.7033546186169,105.4348932027081,112.37263681331504,100.88674656350467,96.94970034508685,112.33266535547105,111.21769403119971,119.48727980186214,102.46540428286943,83.77901809706594,117.83527260471229
390,Mitch White,2 Tms,19225,95.2,89.21551428308946,110.51270756528342,81.67315904203375,90.78770141329728,84.52816542421058,104.56046520082943,111.44308715461348,116.06642781775301,108.75486136774941,90.8012444159748,139.07314031366164,101.5279146212398,108.56681710467714,101.93783687816871,102.13312018530891,96.67535589162549
391,Daniel Lynch IV,KCR,21537,310.1,84.27882282922955,112.42114665841541,74.60596314919421,130.69803424072302,79.62102200241573,106.27753540726961,114.08168553739837,117.89511595260609,106.29318730405117,96.32609659160047,126.33721758997868,122.81756871634832,118.2199638378701,100.80592177982466,96.18935147237559,103.64248536340091
392,Miguel González,2 Tms,7024,168.1,67.57343134223555,101.60661898967136,66.53464918393412,107.44287631878255,64.81136465528519,97.44624417843896,111.37225201636407,112.56518149786561,101.19976531670072,94.53845752536353,119.38241896202759,114.66626656839205,129.9960964092595,100.71331173584683,84.33599493298384,118.06636955755614
393,Adalberto Mejía,MIN,13188,117.1,86.69631201472198,126.73086031482154,68.45472875760926,82.49914173921778,82.79426510804062,121.01378468656641,107.91724947441301,114.7475084537444,106.216657406214,106.86257793123106,93.99860120970382,105.7480165126487,119.22271058836449,112.59861368965905,89.27954807252469,105.59230341805959
394,Huascar Ynoa,ATL,20468,109.1,108.54361506270548,89.74076517626631,121.39194141418719,121.09260284827744,108.73683549695892,89.89184927356473,101.7541031124394,98.68159995905529,102.55917716888972,94.07813563273619,121.12962272162946,103.36821258090804,85.72497827243363,100.21465683738897,112.35779951113902,84.83439353691692
395,Brad Lord,WSN,31972,103.2,88.83836030947417,99.25587984722314,89.15482960505776,105.17658559223703,89.33502081461681,99.82959221364787,105.02839328729547,103.37770176942307,101.55708248180173,99.35343249184022,109.41303433128294,104.56700929137625,100.60355799624172,98.01972976423478,112.90756770294159,86.70781321133948
396,Jesse Hahn,OAK,13287,63.2,88.57379597761633,114.40829967269075,77.41902854652064,43.21127335859452,83.10251736325831,107.34120008214931,108.1276435496644,114.34981489842568,110.63118291869733,81.75299371272536,130.49395993052826,86.4318549663528,102.69975759110963,126.04438833914908,106.45863492631256,77.90726043014999
397,James Shields,CHW,7059,321.0,85.67481155569986,113.1536547717615,75.71375900837383,136.10013185011456,85.03473886440938,112.3087006235998,98.38206316311322,102.19492921144042,89.29759341476846,99.34211984245678,112.40205429952357,122.6477064855416,118.72181421952422,98.04429643245335,85.27825360388506,118.27050286624647
398,Matt Wisler,4 Tms,12804,48.2,100.26146053522594,93.90806910334713,105.9215442771533,66.0022380276346,109.16502535863333,102.18484437730746,75.6227083727765,76.88184345137948,78.25253917520925,114.76966491168434,58.05967104939268,83.15467543472026,112.72307760097014,117.332932870212,49.68788429129025,150.8159295041904
399,Ariel Jurado,2 Tms,17030,138.0,62.56105037501113,86.08420122715808,71.20304188079825,113.55363632096554,59.97480314592154,82.45853375892966,122.21511855899938,118.13770351229249,109.66717829900044,83.31046651305026,133.474063121318,113.24431466950877,111.9639788987383,107.83202052000784,110.42569642886339,83.32569248282874
400,J.P. France,HOU,21212,158.1,76.46620312347221,98.34764893986602,77.87679551792478,112.87523584218575,75.17877410684092,96.65981576946841,109.6937006472569,108.76367741254623,100.85263569632453,102.27639538415715,107.45104338726489,114.39350194756017,115.80580286242261,99.47418636254257,97.35091995227044,103.01143933496759
401,Ian Kennedy,KCR,6986,275.2,93.01739439963038,103.92560417149879,89.49528117947769,138.42751300165867,92.7372717796859,103.61696147656092,100.3810253526245,101.70808860300787,93.37978421060896,97.00435610591727,113.73412020742599,121.0606918112501,115.09038028365548,100.05273148198714,77.17505766186748,126.4561387684573
402,Matt Shoemaker,3 Tms,4776,216.2,89.970950703151,98.03710961977335,91.81745826107495,126.83100323830949,91.34394113323016,99.49839278783858,97.08651099262494,96.46104419324165,89.86856564084648,97.12386937557817,112.54601731445675,115.40870365711983,106.89185603567216,84.06266424924299,102.5180646496936,106.2471954086156
403,Shane Drohan,MIL,27814,94.0,107.03163853431326,103.42177959451766,103.49042349886926,106.39346514507521,105.58368856992371,102.02266254806678,112.34019539855605,110.6251087802409,116.07336278958813,96.77776148284227,122.21665871261061,101.11534502077325,98.33031009822577,113.366690516403,90.78658386603931,103.32525419120253
404,Jordan Hicks,3 Tms,19618,172.0,96.87346582065227,132.8567732585365,72.83859381129065,79.04390745536686,93.35732716594981,128.0096199655174,105.56362513943039,112.78346441830978,107.69141597218142,95.13922906070087,124.58903963969922,109.23923940150117,104.30000612956412,94.64878608665016,124.60527883523824,74.76543541865308
405,Zach Thompson,2 Tms,16094,166.0,81.01794253300118,105.2281114333818,77.44447322535117,119.92321753689761,79.54957858615097,103.26915276427187,105.21069290616776,107.00429789785022,97.17275900123312,96.93389484979167,106.93431851986129,116.25648339777061,110.26168174255787,98.45743354831379,102.77125940600895,97.74614027115354
406,Asher Wojciechowski,3 Tms,10836,152.1,100.06255273151707,86.59770783967893,115.76066955853112,161.94165287739276,96.5491284421565,83.55416651901625,108.72478041152817,105.65739011190362,101.97063251575665,99.91722205861467,126.71419526514296,120.63572620642827,120.17783210365641,95.58801954817714,69.37380227404417,139.30868259618154
407,Trevor McDonald,SFG,26448,83.1,89.9169580912168,75.90618937728635,117.29449612768225,73.96744908312196,88.84312612358289,75.03711452214714,100.84448728228593,94.60078340089665,100.33120111597384,90.61955804332172,108.61689760903568,97.9747048351315,91.61710326678569,106.74616799338175,129.94569909877066,63.96051953342092
408,Jeff Hoffman,2 Tms,17432,210.1,89.888418205878,124.86298551377071,70.7091511689093,132.10045038606094,85.78109285541653,119.12043250417217,108.69353665400929,115.53758296129088,101.9755721827868,96.94908354042124,117.30305386166069,119.43461909239569,120.90733042100788,100.61050511254183,87.97753146953774,114.64981499429237
409,Luiz Gohara,ATL,15166,33.1,118.68050241987834,96.67565152875413,123.20300724821107,43.837162555078116,118.57284122907869,96.3997054931298,109.60665629105586,107.32514484849769,123.94733545277938,88.15862671180614,110.63676898702617,66.04434911536705,96.58237762008945,96.55983079747344,80.76523093713533,127.3145617282702
410,Spenser Watkins,2 Tms,17489,145.1,67.84313239799586,88.98080389534098,76.06177573647979,111.08240196709613,64.97528472531721,85.2555092925509,115.98293558159433,113.60164448617003,104.8114744305976,90.85843874322009,133.8768137565377,114.96051743950213,120.49494172904807,113.60208458918162,94.1524859134847,99.19504482609756
411,Jerad Eickhoff,3 Tms,12664,206.0,95.40697902592312,105.31510447746064,86.58331719342625,144.9440577010881,90.68082785675733,100.12587970309963,110.81539142583073,113.12018495508327,104.55960638746798,95.49450346260885,130.0581922830399,122.09863708178752,117.47086233995802,106.7256462029791,80.29116387939493,121.20754066704002
412,Gabriel Hughes,COL,31614,61.0,96.5039363833972,99.06862538030447,97.41119879382718,88.28108457182785,92.43941154248863,94.89607985725858,111.12241550263676,111.55854147245603,111.6575283356364,77.33240241947186,140.43312440990826,92.66333138453587,101.66167596958627,116.96062894590402,96.04936413019108,95.82584033890298
413,Joe Biagini,TOR,13194,106.2,84.09259178163826,102.63380364068813,81.98942691588364,98.15303435277032,79.67870005302453,97.23595720082898,114.18900231793924,116.48008019667076,109.89725841407297,82.14686835151169,139.64701000512358,103.88196099725539,99.44323317738386,89.11131555312743,126.16904874979511,74.96262778152305
414,Andrew Painter,PHI,30091,116.2,96.32847678067608,96.84112175290879,99.47063220175806,131.8811332963683,94.30503969613436,94.80691490593446,110.50884270948471,108.79375430892398,106.74603899399624,97.60247366735442,124.6739366146421,110.14830469543617,102.84667150450541,97.11909394190425,99.47658010235851,102.0043345840362
415,Ryan Bergert,2 Tms,29863,72.1,103.93067014612156,135.5678169535403,76.73901044110389,84.35917318721586,103.29755421368023,134.77927114386375,90.52330968615446,101.97901639089322,92.45117499830546,103.88579579762363,92.86181339978683,97.05886849156818,111.18305045858007,121.35521077026621,70.41806916309638,121.10674706104672
416,Josiah Gray,2 Tms,24580,382.2,101.72108979003724,131.28265983695266,77.36452738310645,158.05571923634324,98.71235358272207,127.44809375554485,100.29706863389637,109.24751467756832,94.24726537214056,108.36193365239863,114.88794096468901,129.52741432128857,117.0187124624027,93.9922356489045,80.00808794317092,127.28383606641549
417,Mike Burrows,2 Tms,24728,180.1,97.5956730705239,96.76679338912668,100.26674709627343,142.2126986912592,95.7450320677803,94.94794908674541,110.43633914672569,108.47104964743369,105.93249180501478,97.80152824371051,122.71137192144268,118.02470554284935,104.47647518197793,99.29282935975252,96.513173466813,103.95168630284488
418,Blaine Hardy,DET,6499,67.2,73.66019220029305,66.81104155112051,110.25152693768179,98.2597399421985,76.24069277284849,69.15159590676942,102.07173376954202,92.35736848583743,94.25857978970194,94.70677730746317,97.85951015497946,99.73243534354454,110.1753755341495,76.18412936994933,101.69507703250125,111.8508796381278
419,Andrew Suárez,SFG,18300,170.1,84.30182210628806,83.10543701046147,101.45141493024276,122.74776994897363,85.4430291781579,84.29104288532221,110.23697991159366,103.1353926341742,103.52425723103713,94.14428395347329,120.93629235298505,115.24419143816635,95.2191190887256,103.94132860065896,113.96476403103885,79.56095579542074
420,Brandon Sproat,2 Tms,33850,109.0,108.02395963645608,119.37329187394046,90.4751908283148,112.92574451542339,107.86350457511944,119.19712977304148,99.76746830260687,103.28179272674586,101.67766302476167,96.97297082634658,123.47013688038797,111.25706709009933,98.9948698595836,108.0960300867005,105.68647673390016,89.54448419304167
421,José Buttó,NYM,23313,79.0,98.27827520117825,148.78867259050998,65.99246899380714,78.92970714420106,98.45020229192247,149.07485939272664,85.49384080048229,99.73058658313128,86.25440069747245,107.51411429323483,92.30078468862592,105.38906305901348,114.29656368058757,95.32782765851422,93.24358538187712,110.48726814764503
422,Yariel Rodríguez,TOR,33838,87.2,102.27975757981271,138.20178147184728,73.90664228260103,106.47355923668462,101.15860288674254,136.7068934449791,97.52497438222223,107.43811685806514,97.53878689023455,96.7926312201932,115.32154820162638,109.56474844247393,109.71802814167374,106.99368726691705,90.03078774093967,107.1086913295679
423,Jonah Tong,NYM,32157,39.1,133.37323151358052,111.36086270119631,120.90026045482078,78.9592210172049,128.57059158224166,107.30110524250537,105.47957965663643,109.4603915565185,120.75311956717675,74.17545984033232,139.02442727037158,80.06048112990096,86.92717610679252,105.63965691758916,94.19100639930558,103.30826703632408
424,Mitch Spence,2 Tms,27707,169.0,81.53287205699537,81.28090640004343,100.21613333892712,136.16871707250607,78.1104691212118,77.87766670465342,121.71511511407651,116.4278152287987,112.83360797853197,100.20093856868142,128.10744378446773,119.10046217154733,105.4142735358043,95.2442960750565,110.67434618064978,91.02667467293912
425,Wilmer Font,3 Tms,5257,55.2,107.5160803586746,114.25584619356522,94.13763350471353,93.57338576040289,111.219307480665,118.03990974483101,85.25249260093072,90.52238702526388,86.21242983831398,109.6843173852933,86.63766817843452,98.29062414222969,107.45122619170645,79.5508043430699,85.68951016311253,129.51316164003444
426,Alex Meyer,LAA,12833,67.1,120.79396654501534,174.74933789472948,69.12413260317236,61.2872858486864,119.0384457660095,172.20967058091412,77.5577189047404,100.32018085248879,86.16322794481988,103.03715106972093,87.62819152147571,94.20831356053499,99.69382720358065,110.53123281321677,107.3646659493551,85.42934065305458
427,Deivi García,NYY,20276,42.2,94.06956439054103,62.03203298510024,154.15757458255607,110.75110319704437,93.58177822450797,61.60164257321979,103.10753127839978,94.26297506531138,99.2186361528271,86.023707539138,121.14823489926819,96.20091752087762,113.15970341984573,93.00769873119305,74.00994118916212,134.19239633114714
428,Jacob Latz,TEX,21306,48.1,88.69915816657819,91.71750844306123,87.62107778914334,89.89297781989136,98.83201719266893,102.12493078695533,81.52665871162942,78.93832837613266,77.6741699008472,110.71824347109025,68.52890862672014,95.35120743839623,100.85602594679189,112.12040707229266,83.71242715464,111.60495771123324
429,Robbie Erlin,2 Tms,10354,76.0,82.8914705389789,52.0225621319761,157.40982116081807,130.82837287072613,79.42011345369599,49.955514865081895,123.11647904813353,111.95495534869286,114.59201630234801,74.67759910519146,162.66442687102852,106.44330638119949,103.88555419903177,120.72980182681003,85.42592877400953,105.04279594742268
430,Robert Stephenson,CIN,13594,68.2,102.79016690760146,187.40247759968057,54.96576113144748,65.18265347424538,97.28594266877253,177.1641431784467,94.82589737871608,119.74950273862905,99.1239542048971,99.0884038219879,93.52743486850467,103.35222435918111,122.83823563634276,113.63607679060843,83.46883607048534,113.14645634324603
431,Luis Medina,OAK,21649,123.2,88.36218497837748,146.83648141430723,59.63004912004979,84.70003318609562,83.20139556626829,138.24179451956743,107.69187774267466,120.40835906496952,105.85664560768117,93.29124868883558,131.42770881332243,115.58482734847965,116.78252829060547,110.87830234108,104.86136750653534,89.12153715312856
432,Daniel Ponce de Leon,STL,16110,92.2,109.68722309872705,141.84538003138573,77.52541780247071,102.39640009719746,107.22483499214034,138.7125165086918,88.32017615336683,102.41695528629182,89.12301866885514,102.04162716496646,111.71046021135275,112.8319710221239,117.60943493785213,86.72942239753307,81.67913277055077,130.77506266785895
433,Jacob Waguespack,3 Tms,18318,70.2,79.63517474723665,108.80068292516174,73.15745904975276,79.15445609543615,79.87692993534272,109.11086588402677,100.01923416343797,101.36407449227782,96.06881052948577,100.3067929967485,89.60945455388689,101.5770237289938,116.09760196454482,105.69703801291676,94.22890705637816,103.4773013777672
434,Bartolo Colon,3 Tms,375,282.1,62.18405922225442,58.79839074667756,105.39356696332453,148.37811951311522,60.20231039766368,56.94392433887274,119.75186289977347,110.4064098608255,103.9881520965943,87.99953379409865,134.39735179243468,121.88269972415983,115.02662135837733,101.92055755803516,96.64396216548192,102.74356648109897
435,Quinn Mathews,STL,33851,49.1,99.7997736381159,106.51914754338874,93.69186214497459,77.97026492785056,99.66410303042085,106.374340198566,104.63584387999478,105.39284283821455,107.72276115004944,106.98552845677729,92.95662737055186,92.52320741418139,98.12154565936181,110.99325007132816,96.98241517061862,97.78997256906631
436,David Sandlin,CHW,31743,31.2,99.17568102462326,66.8588025303962,148.3360126661427,73.53382980146273,107.13297607546528,72.22317308663257,92.43271246726562,82.55507852764985,94.98293927309103,69.59119377721873,109.94125382135196,75.94793373093263,83.08418948339028,94.24362812006784,111.80494637392933,90.52116674606545
437,Brandon Walter,HOU,26056,53.2,101.62759207555467,20.71236468411593,490.66146039178085,139.13430212860322,109.01016539321016,22.216980828644108,93.30391417219641,72.67496436707722,87.73642060128736,115.88698510184759,82.82859646754494,97.02699253674325,74.63816015643263,100.85550963078711,108.19848108465993,90.89835858658226
438,Matt Garza,MIL,3340,112.0,73.7578350376512,107.16763542554868,68.82472847457257,110.8975808229721,71.65371454271641,104.11041477185867,106.11191590851408,109.02074740523584,97.03322424858047,90.95742328792518,115.51472569182111,114.35534598697853,119.24734223269773,106.72693379288812,89.94742598922856,109.12529311269599
439,Austin Pruitt,2 Tms,15290,68.0,76.52636966462694,49.19692194564155,149.4644583483125,111.67815253805568,81.51483130484097,52.37980261339504,91.1284823161393,78.62815810751069,81.66495282825866,104.603955090504,91.40521325267216,105.69035173119575,103.71207951916786,66.37146057049405,107.66077737838312,109.18690801830002
440,Scott Feldman,CIN,6283,111.1,89.61756208365247,83.85170935469829,106.8762481147696,137.8114134356047,90.7599261404114,84.9205717932901,106.8587205757743,100.36791431992545,100.22496976458228,102.44312607487139,107.41055363568084,114.08417828121733,96.17804215347027,132.6361076000091,94.98066451882366,87.26043937116256
441,Jonathan Cannon,CHW,31730,197.2,78.26635344660858,101.95098867486358,76.72526774555341,135.30834967788604,76.13136993600729,99.17602968956012,113.05852399751902,112.3444516526161,102.91672870709701,98.80696913068132,126.07664163342301,123.72863420486759,118.60632974679724,107.9852002126743,90.3364359433806,106.26976932140069
442,Jorge López,2 Tms,14527,263.0,83.9102019988684,107.37715417964897,78.17137565275794,129.65588443248626,79.60721846996275,101.83332239431644,118.13050888190524,118.76873218315576,110.62608081849102,91.72305279936927,141.72609360825177,121.92425950275306,110.5423100335272,103.60492881145476,109.781958017571,86.85119108112302
443,Josh Lindblom,MIL,7882,43.1,113.60189519393403,92.54036967918968,122.75928159146498,93.06616891938444,114.50323290087398,93.27460279111249,104.40054111140601,100.49679433031942,112.06199774157828,93.07577620368835,120.75419242102612,89.61083822836899,96.3135909816009,148.40295103890992,62.42898050162724,116.3036585351201
444,Tyson Ross,4 Tms,7872,210.2,85.47816750799359,139.70806931972075,61.40860686927261,102.7296234681711,82.06626134981889,134.28458333324275,101.3523312812229,111.91976796789864,96.43060269819557,92.10798188957597,123.27122532222349,118.74071887098232,113.38602139199857,115.48201774462154,105.95211549146303,83.09476825906226
445,Kendall Graveman,2 Tms,15514,148.1,77.22473203339923,93.87234982049627,82.23861259353717,109.50692341399105,76.26031989478184,92.7006495075478,113.78006290899417,110.29566309235248,106.7966599502451,95.17047938932079,124.8944566065105,114.23669086292995,104.4202321497426,88.09597812790389,119.90339679667237,83.39044944506784
446,Randall Delgado,ARI,5985,25.0,102.99275172765896,53.345663777943464,193.0667707983508,58.44954449925402,111.66812676347304,57.83911931769927,105.59452624761263,88.80234820090268,113.11768646340086,111.29192863629824,55.22039715653777,65.86703163609656,70.59784946372403,144.07331244600238,101.24102778253683,72.34602766905627
447,Andrew Triggs,2 Tms,13533,110.2,93.8188315633005,101.0301358015907,92.62314906406885,108.72307162615454,91.63779497647737,98.69486006029904,99.80564753947547,101.66278753725786,96.52037391655942,92.45263434002847,109.12426770757196,110.60518121708155,103.43310264996525,83.6735380209461,113.29082225660345,93.59047171529053
448,Aaron Ashby,MIL,23550,112.2,114.63551776907042,130.78342224437014,82.69810222038771,129.39813964775635,108.78267145142975,124.07461622391172,101.71575088509537,112.17222610330107,103.19126994739855,87.50174808652808,119.83837757143428,110.70056611031619,88.82781620552065,77.8586484770678,131.29912906800595,74.83720253430498
449,Alex Faedo,DET,19874,120.2,91.2383923092144,123.89337221755805,74.26740794355354,121.6055209251419,88.65238635011747,120.20102562077435,102.44563036561345,109.63709083977879,97.05672175478934,95.48787861653886,123.2397000012597,118.11835556285206,120.07993445910739,104.68474054125419,81.22783024543097,118.24683863383514
450,Lake Bachar,2 Tms,19222,27.0,118.92898240491824,136.23931568407025,81.47118447389096,28.492839838688777,121.34498152091138,139.03973599178937,81.03206321345768,93.50589345586722,94.82719312531049,111.04524717753068,62.23015528444239,74.69175546478905,96.48670025511414,95.40791719308163,102.58059680566518,99.5743369290701
451,Chad Bettis,COL,10587,168.2,71.783299634895,102.93782581388113,69.87682929943398,125.42455932548519,70.3004511909897,100.74703130438694,110.99405313716187,110.67755851751208,100.07127510796947,92.96065978449955,115.91547904264192,116.58941913658697,113.53403947905478,88.93703285922793,112.89945060523472,90.45517108319173
452,Zac Thornton,NYM,33891,84.1,79.95644625701088,56.08043850906914,142.57457282930918,127.71098380238719,85.46219354995127,59.942098050782825,102.23517974034301,87.03915152063242,93.24722031632184,114.86796341725145,83.15941189257971,107.66807614772227,98.76209363283162,116.02494422926164,88.61130147119374,104.35850673311455
453,JC Ramírez,LAA,8302,149.0,77.08525742001102,101.64500993683544,75.89815171901455,107.19389962082715,78.03316112669432,102.88136179501602,104.16197031394768,102.36417037198255,96.93819289143612,102.89787157976559,101.88970735833917,112.97960812094823,105.41118840825219,94.58334580750358,115.57091573703899,84.36654539913366
454,Joan Adon,WSN,22925,120.2,94.98004552958702,154.81805301869915,61.820185282925536,96.65756671798856,85.37484252464628,139.01321843170783,117.44752875657869,133.30284178653406,116.80813689316751,90.39865461611724,158.17117008800892,117.00858047912268,116.87222962743769,112.3748573453848,103.5436097379111,88.8861007613261
455,Brendan McKay,TBR,20186,46.2,115.97570866857927,88.01919188752234,131.76184628129909,106.54441711199307,113.187649868448,85.90321191965505,105.95799809222903,104.94612812931356,111.05826972248536,86.38888697239909,123.32619070449675,94.65265579726794,95.73910306497214,104.11625309456167,83.41556051646536,116.8345857762373
456,Wily Peralta,2 Tms,7738,134.1,71.11608304588273,116.32624181756137,61.373887858712486,106.18373501072631,70.01812600709941,114.44271952137595,103.6867605511205,107.47424395383848,93.99187822977926,104.55567380734894,90.70794036995771,119.4723279288719,116.03576491744137,92.4479492725239,113.37251936716058,89.23764078611018
457,Jordan Yamamoto,2 Tms,17585,91.1,103.38804042298531,126.92934500007644,81.36346962864036,109.0912077225131,103.4674942156659,127.01945747932457,90.70649133019495,98.64776410793519,89.2315340334535,88.83046719012839,121.59393696908793,113.54907128007356,116.93324320929823,98.85133277421969,77.09233202812877,129.12244379326933
458,Hunter Wood,TBR,15091,17.0,142.5536477426534,131.94138607849786,107.78507668578246,0.0,131.1230945410988,121.44886855625823,124.68935152484781,133.78534155182996,155.10485490451578,106.00720904173942,77.42297887466749,45.4994453309359,69.79992918150812,143.84061400623276,107.69457466415501,65.58264495058458
459,Nick Margevicius,2 Tms,20395,97.0,79.81261314167153,99.3021865174758,80.68591824810866,109.47407679684792,76.27654514804084,94.85993423908972,113.68790765433215,114.08423286460302,106.29630980018013,85.4687098814827,139.0015988531453,115.00432267191742,114.73606411275013,107.36837725170285,95.78997306701693,100.27666901710519
460,Jesse Chavez,3 Tms,5448,153.2,84.61585577587294,88.74573730851287,95.51144887581594,127.6415542399023,84.8596444036149,88.9126833389599,104.70132142544944,101.07532081881769,96.98950664950095,94.48650861005906,119.37489592020434,115.17068688501996,109.63362157424395,109.30869155832563,90.58950246113962,105.96357201706917
461,Roki Sasaki,LAD,35323,153.2,98.21946638745476,122.49312989443875,81.09250042268611,140.548316455426,96.88251156667178,120.75754933189629,98.55149243954035,104.72916550261237,93.04528992123932,106.15435381996832,110.49911334156113,120.56110853468952,107.0447879406518,101.96140880194781,98.62762323446027,100.53545717406145
462,Jonathan Loáisiga,NYY,19753,38.1,118.88005137873385,122.39500589219156,97.66213961256798,85.40679165687772,117.65706709315937,121.17466890730584,103.44297904172204,108.03696570900696,113.02348190874147,107.48347043274097,95.03077238989752,88.54382200170973,80.98683293425222,122.1586769115011,115.76778008455997,68.62290241940877
463,Eddie Butler,CHC,13453,51.1,60.60855174871889,140.29215035199147,43.201669388626854,42.69852559582034,59.90268915870198,138.6582665896689,96.18899318803146,106.6781323535266,90.83417012842065,103.48542970224004,89.21742936883537,103.54087012863862,129.26698329562356,108.85539153878416,98.70093041635911,96.461370128947
464,Mason Miller,OAK,31757,24.1,112.25778940395745,124.35348667932016,90.27313857716334,30.213063582815064,115.2545736221786,127.67316997535538,79.52698026167262,88.62153629583868,90.93552709690157,97.1743899604818,89.66736464562698,76.67420912441791,110.7497718650873,143.62538305947686,47.77096314825302,134.52647563543937
465,Kade Anderson,SEA,37238,35.2,93.92339120218368,66.78069987354182,140.64451569110773,87.04939799358206,97.83833422988486,69.56427132701279,106.26388477076156,94.8543831562534,106.47248121701638,104.4109543734769,97.55221682255349,88.39638692943572,87.61004490301168,123.18503120320636,98.20559471919624,90.38078014620179
466,Buck Farmer,2 Tms,14814,54.1,113.09005122547005,113.36441243235853,96.4088828676783,113.92667102683092,107.64770480676266,107.91357754949813,107.62625146648799,111.90792347019769,111.3186948875367,83.79527889503822,145.94499226989817,104.80114238809027,111.39445432128328,104.71232153537483,76.69315616275975,124.96844944797176
467,Fernando Romero,MIN,15885,55.2,85.7288435611205,96.44091503675676,88.89260848148108,79.62763427978079,82.45343229591745,92.75622649460237,109.58750519889125,108.15939538577236,107.68240229845205,97.8102026636646,108.812604314799,102.69497848996019,107.33310090342678,106.58265955514645,109.0397574310162,85.65861826121463
468,Jack Perkins,ATH,31468,100.1,117.93732731513427,125.42371578416716,94.40900126571246,161.87036598599775,111.51874326973416,118.53547468047098,112.02024366862248,119.08286828334344,113.11759319609666,88.38247976873681,146.33513146405548,115.94980638981917,102.59267872818558,109.63648140946114,85.24607101517059,110.70979517555917
469,Roenis Elías,SEA,12673,15.1,103.74429164151798,92.13745769254182,112.59730410656863,0.0,104.44101436218283,92.75622649460237,100.91182770397901,99.40898838913184,113.00005179467189,89.70084775486113,99.90585211007834,52.61742383603069,102.4016511060048,128.9426577259845,64.30867504220097,124.73856024221544
470,Alec Marsh,KCR,27451,163.1,103.26768656258429,102.68944930705912,100.1523640083462,149.32864140806663,100.33852702527946,99.85862185676537,107.53894579730196,107.48803935552252,103.86506329950203,98.13808906725478,123.89298089447536,122.33568749568856,107.28667706329286,113.03028741659608,85.88668421398297,108.60833654475823
471,Diego Castillo,TBR,17496,24.1,120.89848018877085,23.223691527931816,394.0905643729903,111.80352518230504,127.10798636261309,24.36022078290966,99.09761897366597,80.525378652761,103.85876532091139,101.77479591842042,87.31001548411726,77.68405240476345,65.67412683096924,68.48564134945309,119.75025606568559,95.41143105367136
472,Edinson Volquez,2 Tms,3990,101.2,91.5021052834899,165.98334370049125,55.26584582500027,75.83095604383402,88.97713631835919,161.4560062209707,97.43585407887898,114.33017003776551,97.45716215011403,97.2192368706011,113.10735412792913,111.88631974222015,114.98228116658899,109.37472583554498,102.09927744490311,91.85853507751696
473,Ricky Nolasco,LAA,3830,181.0,85.67842749889542,89.77299462955162,95.4389748314589,132.99602261842313,84.2112551098578,88.23570398209938,112.23702262299294,109.05686670918388,105.00862634046742,104.15299114952292,115.25837239821716,116.25992049525229,109.07259943538618,102.69343467854351,92.7377214299041,107.12072502211043
474,Brady Basso,OAK,25582,37.0,79.03510694507099,89.83831210827675,87.65565493227862,84.155234422192,71.23309060025166,81.00061866347201,131.73461213357518,133.09366811830998,126.17508674880604,96.23672048307654,131.67027419864004,95.70722340149656,110.65593063221509,108.16738410233057,103.79916470789506,91.9877139554522
475,Junior Guerra,2 Tms,5702,200.0,97.74286592996364,132.28504217431018,73.73128742404593,136.6135803063401,93.69852870257431,126.97209096884099,104.88782650779476,113.80115240700243,100.39222067085083,100.3608799472486,112.30278594320184,123.70589247378786,116.13947734004694,102.0872486262509,88.842651101883,113.34947941468624
476,Odrisamer Despaigne,3 Tms,16017,75.2,65.80320757551371,122.11723127673028,53.83978049153541,74.35347704096101,60.939375550781826,113.21303381691874,119.99837210371479,126.4502818107688,112.09667707236974,85.27070851126207,142.72218901264003,110.43624085860843,127.67567518051486,140.44947092224976,82.12111926663167,98.35774378992684
477,Drew Anderson,3 Tms,15130,58.2,92.81319003156035,117.79605228339409,78.96405045522492,92.61363249232573,93.97097789716487,119.2839530334837,97.11759849239327,100.9581992859843,95.67642596319429,108.22859724132536,87.98936583226177,104.04819432624919,105.1668297985156,82.30695781208114,114.76646830438982,92.89806471946834
478,Devin Smeltzer,2 Tms,19487,101.2,66.05845332182356,76.2081146587578,87.08715175580018,131.34238492286627,68.93610175021888,79.4228489469378,100.42625108302346,92.62629415533868,87.14765774496662,107.08043611221892,96.91374117403366,120.16463304254685,122.17430247064041,88.48645108635436,85.46463041348625,122.34079412448556
479,Glenn Otto Jr.,TEX,21366,159.0,89.8462800433901,129.25564028093058,69.97322713208831,119.23101792069986,86.40292529173465,124.15811984259004,102.69637843397862,110.21248005868817,97.7403101607761,93.06467287135753,133.123911025731,122.02475905770136,116.53918189897475,105.57244655305868,102.30749632108036,94.3189110010961
480,Jackson Jobe,DET,30203,95.0,99.25755552809021,123.55204729662547,81.14777099958059,112.21204813648995,97.56295295046512,121.28538597873693,96.50081833481401,103.64589670180573,94.36261406098741,106.70406813133893,98.11716456395045,111.6460968652409,105.80670995803881,89.06472863128609,109.5664496667497,95.42170179446589
481,Matt Cain,SFG,4732,119.1,65.6291172944814,98.3467649303744,66.73235922115218,97.96014088389728,62.386019641520505,93.48690392519839,118.94988252281675,119.0646136267817,109.00100415410479,93.55970719909824,121.7429706343535,117.80868692292715,119.09642317035892,117.99288782659063,92.93737248771383,98.57366288648262
482,Mick Abel,2 Tms,27756,51.0,105.72192646197833,97.30455670027712,109.07520048112873,121.53608376794438,104.75947447195313,96.4295420845219,102.63321143819249,101.48731916641911,102.73011601298283,108.95924929943223,99.55620705363863,105.39255059557094,103.78797544689414,109.13552441893124,83.41426671757475,113.49573335245802
483,Nate Karns,2 Tms,12638,48.2,119.68036859744313,80.20278924152487,148.80154585367154,127.19208403150787,125.17108341440306,83.96558737475284,93.383286500889,87.78385082353773,95.81651752858063,121.95814635068136,70.48370331927967,99.96234573403818,82.87371277545606,61.634540323712564,117.5726559917952,100.61525570382095
484,Michael Kopech,CHW,17282,274.1,103.18098510846187,155.7990900298396,66.12940761200532,136.63079569985575,101.24474557039818,152.86329867104072,89.55330234472834,105.54175399522376,84.77868408346261,108.39509782115138,102.90804141146619,125.80736703988948,122.99330012815784,84.88861916855177,84.37186196311319,125.11343058081556
485,Drey Jameson,ARI,26260,33.0,101.22676925267801,117.52838498324454,85.056460951347,71.69367918661557,102.19283822681562,118.92968990387243,95.96838414822095,100.37561620850917,99.54164834099947,121.94783845176221,57.54585563061881,94.28245429015766,88.55790570422167,97.19287390606273,127.89021020805768,68.47230964833443
486,Carlos Hernández,KCR,22713,103.1,72.47023181963365,139.28335058131984,52.89478524454076,92.26639568442138,69.7321076033793,133.6767291575917,113.33300587075783,121.37929694023708,106.04316837561531,94.26944444900883,128.07194352468318,119.7884560690954,129.58488575630852,103.80344781899487,94.77313745636711,103.7344846627227
487,Connor Overton,2 Tms,18376,42.1,68.2775991787605,110.33033475469401,62.290306181363064,86.60301771832472,69.63196412147985,112.50323240080876,112.8059124111014,110.50021644567522,104.77173026766846,87.32962843444072,129.65107603681994,104.68435223014897,119.40539666858625,108.23610612842545,90.86232261947819,106.2799593602999
488,Parker Bridwell,LAA,11502,119.0,65.6144665964984,70.62697902899913,92.90283425582476,128.4379261775141,68.23897152550687,73.45197685425931,100.55764525161585,91.5209734916537,87.20874742607803,107.26658678874799,97.46138833280112,118.81159713077668,117.31203613082032,101.38473355277273,88.23436155187501,113.21724022653927
489,Ryan Merritt,CLE,13688,19.2,38.59946399637876,56.98040013316212,67.74164997820556,0.0,38.166993363014726,56.34198699962841,122.68003376135633,110.67334840866528,114.35756604645498,109.29932277184469,40.15169161592983,69.2595068443221,100.45001425176719,126.96155126451028,124.88534524119497,55.54431884921872
490,John Lackey,CHC,1507,169.2,93.58379278977009,83.31985313592374,112.31871885308668,155.02335914524633,93.90274298113101,83.6038178187458,97.90737253651562,94.21074833707529,89.04241548609329,105.3672968389874,105.51847220482891,122.8339535515508,107.01033744687135,95.4378280134961,91.83307237593984,113.3373155953705
491,Jack Dreyer,LAD,30249,12.1,104.17125255092832,44.19539067950027,236.0081190388467,0.0,109.55731853599579,46.4775348772168,102.66676591329775,87.37394575822918,114.90250724367965,59.60839894231523,139.19639901055743,39.96079734602039,76.06568654588881,155.13317837801137,85.69603211067879,87.17871290493157
492,Félix Hernández,SEA,4772,308.1,88.61704169245156,98.06130211772968,90.38355211650733,134.48388310342864,86.2043208752308,95.39435694362119,106.27059901874316,105.89069980173731,98.87408745370645,91.91010180018854,129.60694638239585,123.76944929609368,105.12770634664837,95.76997472940427,110.30185382067795,90.5369390735851
493,Beau Brieske,DET,26079,101.2,79.28334369633278,106.76219806096694,72.30993815706377,122.79066816274708,79.37943303513315,106.87153092559176,98.83996621597032,101.2077815853148,89.91572716509631,102.15714063010901,107.08596411897638,119.05386039720807,120.33384791191345,91.3474733104481,89.13020593450813,116.43142851577328
494,Shaun Anderson,2 Tms,19453,88.0,67.71202481932733,96.00983892690981,65.55193767300217,99.2886003359451,63.279011085348515,89.78121035366217,125.46464418248826,125.1318507087154,115.44729954559104,87.97347579199966,140.36948947378633,117.58714714744625,112.02485214139458,134.01581880355846,97.10380151627608,82.77709586767051
495,Tomoyuki Sugano,2 Tms,35321,311.1,68.71360314167232,62.51489950013946,109.88048492807332,160.68887204317645,68.36666680661831,62.20208455408566,113.06405617973401,102.22037832885809,97.40070427235523,101.08112460822154,114.64190941420037,126.10092817303544,112.56240375878616,103.61437773322162,92.76137055552475,106.01237204611414
496,Adbert Alzolay,CHC,17859,130.0,103.28000530976855,94.76387515851782,108.85268044667771,155.7643223140658,104.16036578095425,95.63279636630983,97.50696765266704,96.43540596938988,91.03046080681227,97.40019812072968,123.49925806979238,121.86324294650622,94.29636162996941,104.47722756145403,100.39215654977744,96.71400920650306
497,Sawyer Gipson-Long,DET,26048,33.0,114.67179634424663,108.79194765493361,105.49243546807756,112.43731160230037,115.8148282076239,109.82499772874677,91.9422217944523,96.25588117766581,94.35348660807063,89.50270841049824,117.40838282371453,97.0553229778403,95.55797086935297,114.4642684472674,80.9511507984485,113.2852887079995
498,Fernando Cruz,CIN,7048,12.1,212.62858398496317,45.270413887069516,410.31412301112533,129.88223137986802,237.4968114046554,50.64634111932905,55.62963466502925,49.95277110702154,79.7599313838326,89.66521544888396,68.02207582989746,47.19730791071927,25.06680165826386,104.77572571244119,73.32970339763293,128.8250579794115
499,Brian Johnson,BOS,14272,110.2,85.20867258305759,106.19462287204283,80.03536112437776,128.02982410542262,81.12325262183815,101.18583835214014,113.77726874897269,116.56404726361053,106.792562733168,108.49780839064773,96.04591388573469,118.13714943370752,120.47006091185881,87.43085818312751,88.45038710423194,120.77982375119669
500,Tanner Banks,2 Tms,16990,17.0,121.54731552220494,79.45585371461749,89.85012759627183,43.246152426436815,109.78205724297132,72.01642624206993,118.58705059756602,118.15925349334364,131.74980027909731,78.32541129092542,161.37559941999652,65.17606023642007,96.2584821457619,136.61728537283443,77.8070166584649,105.32799230954876
501,Spencer Miles,TOR,31621,22.0,90.41015184613917,60.14759576576319,150.3138261683579,70.56276455438697,88.34750601464107,58.77536834668315,118.84205888648435,108.34434107960251,118.93515874195745,83.34491439982327,138.69208717817855,77.42602199565141,84.39950252184276,93.82882363581429,126.72539532619456,75.1395598301951
502,Josh Fleming,2 Tms,20418,115.0,71.89663296712754,93.95021383244247,77.42183711936367,119.53397743375753,68.98681712614405,90.05105260330409,121.68782976518551,119.37362136861005,111.14499571615717,90.18172923723404,140.4542678275792,120.5138348483656,101.89721375965391,88.92040840729321,131.22061147331564,70.93938645443083
503,Sam Long,2 Tms,25379,35.2,93.85532703961842,59.539749966416835,118.59990796298266,107.4297791112039,93.24073721078865,59.23688926983803,107.10993761197246,97.86509055783333,104.21333491030649,92.25579004410315,112.70161800996196,97.4616984275388,105.1524164622513,71.02840732989736,92.22343912504425,126.36033099996224
504,Max Kranick,PIT,22175,38.2,83.16403076098061,129.75919932600627,64.09104791001732,75.83235136527409,75.42443339429748,117.68325972591111,124.04574911978095,131.9985962669361,121.58330939402713,90.22578257708192,147.66205431423086,109.51769861675571,136.0403498678452,112.2852848091456,75.95159198552544,122.19633668077454
505,Touki Toussaint,4 Tms,16929,179.2,105.11209531417316,161.17457725811175,65.48216950002578,108.73364665986051,100.52375284985327,154.09183173436762,95.38704022888464,112.21866086191106,95.51711757934832,94.85118316759838,125.67882299329071,122.183825373399,110.83589571438601,102.4166293481666,110.27772375947367,86.33008853333601
506,Tyler Holton,DET,26231,30.0,104.425996031126,46.89092088065687,139.31296709540908,125.5810443180073,112.34767814043794,50.4979850908764,93.52070266625316,78.72525014312608,90.95238121728883,115.10383692671466,80.26729571346706,93.58158243786993,76.42786544758651,87.89338429389115,117.84465951448242,87.24763942331025
507,Scott Alexander,2 Tms,10591,12.1,76.42708762843503,21.868686365543024,233.24397781729152,0.0,74.54563469109296,21.398118574579346,114.92567425508258,98.51341509739923,115.41559112874037,60.606252450752486,121.67602723103356,49.14276409935554,65.66736592555118,137.10805722143152,133.9825761168623,38.18651031978103
508,Chad Green,NYY,15552,21.1,168.42569057403537,115.82125383119535,145.49370857534282,116.532947285792,166.32634340329128,114.35663321601248,96.80222262040566,100.9910427974622,125.06052618048076,109.58050429860418,92.81556126451295,84.19804888005113,70.91785611394646,131.50838600067897,75.42896436720413,110.75249509142904
509,Michael Grove,LAD,23221,83.1,106.77724994509302,79.25811927129793,130.60376117642258,165.18663942644784,101.06885166834417,74.96655612251325,122.48308923080384,117.87284313209838,120.15543468227294,91.56792665348735,142.79666909796015,115.06952991799265,97.72749985259428,103.37086652443222,92.33126876041617,107.18202693672025
510,Pedro Avila,SDP,18864,35.0,106.62859721086326,161.50633427013307,65.98721339306239,62.85088901714233,97.4387352728314,147.58616669268022,101.88066853079324,120.71323864775844,108.14607455785233,94.57468284266068,98.21348274389018,102.77616831809716,106.84199179191656,88.14289184553155,126.20683898708498,75.69059836844103
511,Anthony Molina,2 Tms,26952,31.1,102.48135047827722,78.57221765130822,135.1626826873867,173.38248461243307,101.5702437069983,77.6852797683471,108.92542077700386,102.90833258713418,102.47878370597947,79.29524139837783,145.49671073991217,119.23459285477355,101.07688771287839,102.9878973969556,82.36718633051171,117.42957756069916
512,Davis Daniel,2 Tms,27582,39.1,95.99781115240758,94.32943118186098,101.04287142181376,119.03934503805387,90.698424222977,89.360221527379,124.4272021278063,122.78606316228229,122.66703981037634,87.91113314879632,152.95580522361888,107.73869329128969,110.83178671702298,101.85315126573013,85.82378035179993,114.3686264576228
513,Nabil Crismatt,2 Tms,17732,29.0,77.15923539190574,68.35734690281421,113.07247910019238,80.56629880973412,78.65732403922033,69.62666212947013,101.50759427261602,93.28217146037005,96.48858316744611,100.77743574462244,66.20008201953118,95.79242997483439,100.81179185444915,113.22721705064065,100.9822644233765,91.7810399240057
514,Josh Winder,MIN,24606,53.0,82.6844686097525,72.57719286970803,113.92624660090749,126.17828528272004,82.38512970555001,72.31444167145278,107.16773789907883,99.4135894571716,99.34622625421336,97.99964369225889,114.16228086382337,114.30480399768801,118.89675447626308,106.70512554815366,76.80923307794843,122.42572809733294
515,Jackson Kent,WSN,35462,32.1,89.37693878582822,186.90267172755492,47.82004304127984,47.58597676579036,81.74293070169192,170.93863409343254,110.01750512121848,134.79290998059398,112.55598815960064,84.13760421677668,149.84594390830728,101.96909753378023,118.95957368773354,103.5937002046979,116.71918742173368,80.07707199818196
516,Brennan Bernardino,2 Tms,16835,17.1,142.1672917887828,127.46781124154789,110.87153469655213,44.3830836250289,135.97571974258244,121.85339153308796,95.5108171055338,102.78398990065854,120.73384667327278,108.06947095561085,68.563945658528,76.0432666391826,81.03334491556483,102.41618358971922,132.02582485743346,64.58593916046367
517,Hurston Waldrep,ATL,33527,66.1,96.77476811703039,143.6990894555229,67.30129842178036,106.23864925476715,95.21795542391864,141.34174991242713,102.98234516259264,111.63006960843971,102.37328252922109,96.61358685413438,129.86430664873245,120.13746936722981,104.82754372815958,97.73095268247887,124.82492350010146,73.72445188100876
518,Austin Bibens-Dirkx,TEX,9559,68.1,64.1558842578142,74.11284188773058,86.4714453235176,133.0843424809663,65.22253002513769,75.35847929348763,103.2226101884485,95.2220391544528,88.73318966008414,107.9881261693338,89.19455458238023,120.73068583651515,117.72609278492698,117.68267947300434,87.50228366389629,104.22172443646687
519,Jake Woodford,3 Tms,18674,110.1,66.33877593026361,84.24367128416665,75.29198387556977,121.77728751710369,62.529694849975606,79.40656273758078,121.95219989861359,118.53388598336755,109.35559442674645,87.97569723124717,140.42328193358568,121.76618153982146,116.55431201410367,116.71356388607184,98.68982661806395,92.25752808899462
520,Jason Alexander,2 Tms,19666,136.1,76.75947998522118,90.43677487153425,85.27128002278346,125.00777155788502,75.4770099035918,88.93245018079841,112.25504304102058,108.14709228787467,102.64119479224433,101.93230694390884,110.74125871481594,119.97512550320803,103.60628195643288,110.08934729557747,113.67033726061406,79.13593293017854
521,Tanner Gordon,COL,27669,165.0,82.745808076033,65.0623110293145,126.35347349091684,180.0121467199788,75.90116481057258,59.70356796557571,138.21179713009118,131.12989496073487,126.89499627058413,85.77295817617626,156.22812842133735,124.87656389325804,111.93081438166655,113.71915897751495,85.73787039385833,108.61605148126723
522,DL Hall,2 Tms,22207,45.2,111.15964887075391,169.30026552608203,65.48493603776983,87.6941963799111,103.06155265047572,157.0033002504541,110.58986970256919,127.77095390889357,117.339340303822,98.50900341903012,127.22080329786748,110.99539446226306,114.52521027964892,126.93531816530275,86.41378738858982,101.17161141272788
523,Luis Cessa,2 Tms,13345,108.2,72.99625572627052,110.3620217299138,65.72400626598252,132.38096975118202,68.83904050690994,104.18759205344801,118.96689267895752,121.39442915181327,107.85411584834097,91.46446633612551,139.25651047359312,122.30380123134826,116.46273031449023,117.28186873808583,98.66343798263077,91.84097828971558
524,Kendry Rojas,MIN,29423,12.1,118.83212298584398,150.2064322163388,79.11254008860944,0.0,127.53925691384865,161.21243895824446,50.72526903691406,74.81143883763153,64.23966907358815,106.34961932382909,52.55265534407299,67.73296905569295,105.41172408499229,81.99195690004129,77.8162428357781,132.10250272634576
525,River Ryan,2 Tms,29514,24.2,102.13355456006124,137.49488688380725,74.38202169349472,63.93773489422281,104.94418428741675,141.2684099111072,91.29029546230947,100.4856089319338,96.01044671972177,123.73561890597738,44.069544660663205,89.82581968242293,101.48846649617532,92.28992188091806,106.20235043453474,97.27797024804008
526,Zack Thompson,STL,25918,60.2,98.52355288499012,100.16071770273408,99.50653135658438,152.24982692618846,96.81792561008258,98.25176681017044,107.92103736104228,107.63159890564151,102.65056571179724,99.70477659716578,127.83219671551497,122.59933494960558,102.73755501179312,101.86467262801759,93.96817982699528,106.1433068876724
527,Heath Fillmyer,KCR,17466,83.0,72.49768078182588,108.41171964061796,66.80185482069095,110.0595779535486,71.21452838774394,106.52665700818595,110.15930678162991,110.5497834732465,100.85731556303779,94.45416677147483,121.64705004105578,120.92743198031289,112.90269946302833,111.52433429893189,105.13252894704179,87.33392111980103
528,Paolo Espino,3 Tms,8246,185.2,82.73401682185651,66.5093700002267,121.63120887006329,175.5865208869557,81.25194265033265,65.26379130842982,118.78627512778728,109.08833800154072,106.34307473971525,101.99702684539183,128.29733116780395,126.35797592271882,106.56491284562766,102.10434255653256,88.96174784232281,111.9338295620764
529,Dillon Peters,3 Tms,18790,149.0,80.55648519182577,123.47729189751857,64.18936323663328,114.036622336713,76.6469933931615,117.45209583221494,109.38846812767935,115.8052637978624,101.58438180666238,95.09401758663233,125.38354134645621,122.26791871373288,117.02470922846116,101.27044699699606,104.621957189639,92.73114601482024
530,Mitch Bratt,ARI,30003,44.0,72.9761171824863,161.23125098948762,45.26176914763547,87.4212038779464,70.69405794246836,156.1893346413595,99.80326474497495,116.42996910059445,93.03590147257064,101.94317777677162,111.84490305373127,124.62598452126767,142.75147277321815,102.0240981841724,66.7688610070405,135.02732063018468
531,Sam Gaviglio,3 Tms,12778,189.2,80.51260405383854,90.57059977987947,88.83491249659396,136.19057585408626,79.02699921724872,88.90928301393637,111.24291183172245,108.30894737695016,101.82629831310489,98.60928682983139,117.58516941808197,120.82512031758621,103.34708522105674,89.2179814823546,115.67005262105894,87.78564967320052
532,Sam Hentges,CLE,18548,41.0,89.3378279469793,181.6214529790622,49.18902770082003,68.44764270710509,78.88377126764271,160.3686397325493,127.30989606606778,149.95945137197248,128.27163289714966,78.48781962119752,186.59551261824646,110.31222581209204,127.07129921462735,95.41546988060503,105.00585846318702,96.84563874497391
533,Kyle Cody,TEX,19686,18.1,65.48261032018557,140.31987819502606,46.666667284788915,36.57994088399592,67.85656426669044,145.40691980625408,87.5664170743867,98.96847015575861,84.59572408351728,116.70777458565055,44.26997569289684,93.49614206534284,131.22690995673742,68.73773816168874,105.08004532077007,112.69435200740669
534,Vladimir Gutierrez,CIN,19278,149.0,78.93793702845097,123.50974920092881,64.34101201036387,136.7433152377697,75.49665019115498,118.05614419736787,112.02542411222443,117.14002272948827,101.6494230681855,101.032758433213,124.26714643173199,125.23023354782694,128.19252613530745,82.3849866629477,94.13535231179712,117.23371607300894
535,Yoendrys Gómez,CHW,22872,45.0,104.88488172312375,86.45494034384828,121.31739404212907,149.33747720796424,104.70771047805133,86.30890138537399,95.58871766766748,93.60534966906766,90.03137789942289,95.62337221801488,112.64521505905198,115.05006406471388,101.0524930139574,96.56716466569269,87.60117866810377,114.83572173497384
536,Francis Martes,HOU,17303,17.2,128.90764155357536,158.5775257706959,81.28997997384667,38.930907479938654,128.06030673341922,157.53516234987,93.16015063752997,106.20896936605175,112.83279849916892,102.28248449088633,96.3755126764037,81.90975581584522,91.6198045289717,149.49450736441133,96.71353486216766,76.47031818759461
537,Casey Legumina,2 Tms,25921,11.1,64.67626407545109,71.22263655025026,91.69360317557818,0.0,70.97160108270938,78.05623098709201,83.18603411433051,74.82484182617681,84.14448638158488,114.99589445069572,38.055530023698395,70.55226774016771,102.94411375580522,62.115118708379846,139.9702753820001,77.0930389172683
538,Alec Asher,BAL,13560,29.2,80.42074334368716,84.99046024054378,94.62325709520988,115.9179162866614,78.43107433456298,82.88773153064788,104.4235812795816,101.19690059594548,96.71382728500191,76.56232749556311,156.67758473980194,110.77481908408826,114.9355290114328,84.16711998581856,103.22969490512943,104.9433090575113
539,Alex Young,2 Tms,18333,116.0,87.99447227612147,96.77503340182093,91.41828357803904,133.0198684356767,85.80899638835764,94.29830728868981,106.75609227266014,106.39394330377638,98.6696651974348,95.39032725809372,110.29932846873356,120.86801673914135,108.66157493545325,96.06376973724495,99.44985956550579,103.13808492079221
540,Derek Holland,5 Tms,4141,361.0,95.62764212632227,132.04870673436272,72.09083983373391,138.89619458207613,91.78255071154878,126.81274635460169,106.5040522475846,114.68754786399886,101.00530469506425,97.05588944139592,128.36875893435305,128.84009854210635,116.37056168060649,105.15523198325836,88.06402619370763,111.61329073912786
541,Anthony Banda,4 Tms,14706,27.1,90.0613605391306,99.22123845113599,80.21564151861419,84.52561952973431,84.41732589504595,92.87501952970908,125.24636682382824,123.59021550358942,125.21842470247448,76.12693349925269,172.5118706250641,101.07706647793385,119.49182770803296,131.52461439038595,72.04679254455286,117.20693298026015
542,Yovani Gallardo,2 Tms,8173,206.2,72.81418153863501,130.63555054454753,55.76474521733582,126.34204955706414,69.9398106492493,125.46887291021285,111.399793262115,118.46238215064639,100.77312288203044,93.36265414728418,137.96390160993275,128.3054695297304,120.70861550991357,103.49153962372752,101.44984186264179,96.31418124679895
543,Eli Morgan,CLE,20203,92.1,95.04518067692914,72.12221957586463,132.03534225636838,161.02199359299206,95.6348868842579,72.5444348197723,102.99303613503264,95.8177101426367,93.76999949512611,97.73889060917901,127.052177857393,122.80987720985502,113.96877633165457,95.10515380696266,68.74761306280455,138.0528971763496
544,Taylor Hearn,TEX,18325,110.1,86.43241443335421,122.51283255054466,70.54542884124079,125.4170004170781,81.20416530862396,115.18800191631931,120.02468931075343,125.20711260902664,114.0420675528371,89.05978321192751,154.47437027602928,119.83842285088733,120.0165489494599,110.56447633405165,89.98755421504192,105.85333958973303
545,Ryan Walker,SFG,20423,21.1,167.12264608097612,151.71395850359545,103.66399011510245,103.12980184266407,162.40217707683888,147.51043605162982,100.64575496382959,112.77080028877657,133.12708807345203,130.86427944328284,49.48140319196958,91.74370925475397,71.3788422833926,128.59425705885494,100.75154843386383,83.17552340918812
546,Jarred Cosart,SDP,10304,23.1,68.96834173953272,182.89936883111173,37.70835367155289,0.0,63.976530660748885,169.66141819220394,110.28761630306208,130.03197443470626,111.4782997030617,95.99811177034503,100.77133055492521,97.67236892984195,135.47782843478004,99.29376906410147,111.03854682944257,86.03311389879056
547,Ray Kerr,ATL,23809,10.2,128.0487583864329,105.80731043122475,118.30842111214113,0.0,113.65770297600399,94.05663050928051,130.39726241497254,130.6959258573309,153.99830260644626,86.01644964290142,163.61352538291095,66.50928787329082,89.3175090394859,185.86069292037027,93.78331423974609,61.75649593435608
548,Chris Rodriguez,LAA,22310,10.0,91.57126512573457,110.31820561941765,83.00648426588543,0.0,88.74424283879581,106.91242570434171,105.32168469906912,107.59589634851683,114.31009462262993,92.69037737002041,81.69975602260338,65.6862185431461,104.02061345524653,130.15648732943708,102.5735194185908,80.50293734931684
549,John Brebbia,SFG,12777,22.2,92.32462551919915,72.04046135711204,126.9949738154786,97.06333525356055,98.18033975668689,76.74282913620021,87.5938242181837,81.01146675669052,83.74998847776442,132.11585890190423,38.00329698955289,99.43439677183024,103.9580272125021,100.48740665438685,79.34583306459106,124.08550668068989
550,Kai-Wei Teng,2 Tms,24282,68.2,120.14431356782622,146.72193460921608,81.85410644732409,101.80992582415564,108.1490900519432,132.07467107434536,113.24189981878988,125.58764746342234,122.00233654723488,86.84366513971969,153.59648357490653,117.47021331975156,111.98367904741323,128.02066815110456,92.85922499377997,93.57165579834718
551,Elieser Hernández,2 Tms,16933,229.2,100.63485729905126,73.30837357689146,138.38411631369726,183.40361961396508,100.62890818469697,73.23861457941592,100.74584174694614,94.30329388979001,90.73266315647274,107.20471704809404,112.59790241424886,131.4441835647551,112.08177719728387,79.49950483971409,76.32628331609511,141.03383752414916
552,Aaron Wilkerson,MIL,16904,14.1,74.06475250083011,75.57556071110162,98.51666437038273,50.97345127541253,80.95447482717972,82.37134911854872,77.60675169541746,73.83222345833754,74.20200936405065,86.99619272569608,88.37688367382401,82.15001629828988,110.29774651259285,79.47424958553009,95.80363342286007,117.49811709484791
553,Chi Chi González,4 Tms,14663,178.1,61.14376733176312,101.0334938936188,58.434150815545586,136.80177832710058,59.03144688118572,97.61107476216814,119.88458326835863,117.61078207646428,103.9274674831439,92.49399437142951,131.65446500453328,127.4969051902764,122.71781692461356,122.26249728071612,93.92500175169904,94.22651255188073
554,AJ Smith-Shawver,ATL,29960,92.2,93.10121152700583,136.1763441876866,68.10712508993876,122.22333040971063,89.73926373207264,131.28819839480371,98.66686868600027,109.89521895513623,93.40306527128439,101.62936333843152,112.03663974455715,122.450463579567,118.60515533942679,100.050027913882,88.28527177235324,113.70327331884967
555,Bowden Francis,TOR,20548,141.0,94.14446203919933,79.85832595974723,116.78933856312838,172.59516294616571,97.07520235146184,82.42880328063514,92.25939898737751,87.07576239188293,80.08167813111996,108.22361131707,107.18714363317345,129.97109149954946,109.02177720971527,94.11674833061844,82.51051420231161,121.43125128954824
556,Lucas Sims,2 Tms,13470,68.0,86.70512559465364,98.40398792653353,87.87097044006238,125.87776840334793,84.88454359700366,96.36955950593389,108.5943987323472,107.10350835501876,102.27712999038641,90.97669810838717,133.0318814179839,118.28636599261483,118.27791544847761,114.97642145769042,76.22273171317909,121.4474539276921
557,Brant Hurter,DET,30133,12.0,104.67480160072522,140.79659643045693,74.37394479186192,0.0,94.90867358110326,127.65480284701421,87.17241785346359,104.94550134452683,97.2081306794387,83.97129176147335,55.18910909481103,74.65649925741461,116.22671628906976,117.33837963147352,96.60817071139518,94.99281208635153
558,Adam Plutko,2 Tms,15846,189.2,75.3110108720835,71.41261417676668,105.54579539887482,159.8486259372419,76.33851447973599,72.35537971847238,105.62419508299514,97.40479533427275,90.89866814359694,102.06335139099502,116.69989447511156,128.84805656315766,125.37028368156862,101.83705680594134,66.6440643168784,137.59700534887662
559,Hayden Birdsong,SFG,31635,114.1,121.1457480314264,175.22105701329178,69.06543699133702,117.92876314794026,114.91897310274919,166.23782304854782,92.2013220990358,113.81380759401547,96.35619372375749,95.82272373113084,130.4840441794871,121.65992092422678,112.50331527013829,93.93068719345133,89.06500829818337,115.56150956205956
560,Sean Reid-Foley,TOR,17034,58.0,112.00742463143891,177.84579220788171,62.76173051259193,108.57127013539076,103.75747288858153,164.91884120539547,100.13362718661615,122.06361390039714,103.1683296560581,96.89522906994982,102.45068024657914,115.99899260381393,117.56450845020584,93.93557164064636,95.28671274376119,109.01283904958802
561,Tatsuya Imai,HOU,37124,58.2,128.47759812579304,180.44280685225215,71.2012860797485,119.07467808989868,121.28261433240861,170.33767211862693,94.10570273816636,117.95554541007458,101.59044809208868,95.11366435240701,142.13229101462213,119.38655563381688,105.29780935394459,90.6373671680879,105.87243907188824,98.50657580597975
562,Liam Hendriks,OAK,3548,10.2,88.74206181232833,130.8130728313241,67.46184400503769,0.0,87.99821551139789,129.9340822042802,90.3088284394694,99.0884628617447,98.1056003607242,101.44840740342009,79.1978481040226,75.72523602850323,118.05355366372626,94.47834275807202,94.33757730774026,109.7387414495926
563,Jeff Locke,MIA,2929,32.0,87.16831338735155,125.02885476575214,69.71855610821926,91.32738061886792,78.79214852503728,113.01459551001119,121.71888748191961,131.8159384696618,118.77127258083209,72.27873391280467,197.1867233145237,108.60280230801533,115.48638906473454,97.08724110215886,104.03611584427044,96.46137012894698
564,Tanner Anderson,OAK,18029,22.1,82.30319989519721,85.82962362377079,95.89137060209616,111.31501579981106,75.41775477310017,78.64916318575685,121.47645639625297,122.935485049756,114.86442829314582,93.12132917220251,135.93706273437348,109.06286213092476,96.46793333270608,95.59365670829145,125.65128738118716,72.8240017774126
565,Robert Gsellman,NYM,13696,127.0,70.5424498633208,97.9499392039989,71.76665628692037,114.15640634153814,65.09507856181499,90.39716239011435,113.36661522655108,116.21338795874847,102.72808446222402,87.01067065671747,134.90930580671562,122.49699301129588,114.5225685364664,106.73217286591799,108.89893354398748,84.3969404696557
566,Tyler Gilbert,2 Tms,17964,75.0,63.00795137438939,80.26273506799895,76.64624091419579,125.23607787710557,65.89396958923845,83.967370621322,93.37991197377136,88.135870055187,78.98239445386048,95.69933992095187,101.44887831877428,123.8493258673488,121.16002780180663,98.60222433166886,84.78526654427823,119.31364042314743
567,Jared Shuster,2 Tms,27472,64.0,63.818378159181336,118.4288168064991,53.305692386427836,104.60835320519108,61.40504417344833,114.22462448861243,112.04522022323123,116.21265281658692,100.68435865725777,90.64405367296824,140.25172425025352,122.93780818351543,134.6662338231162,88.11657011557996,86.15077783554386,122.98138000334372
568,Chris Mazza,BOS,14151,23.1,85.75103413787436,110.25132877100575,77.77777880798152,86.22414316566189,80.32864312006544,103.27968062442746,130.36203444156814,129.6015632456175,129.33384739691584,99.15773332588824,107.35616572289548,105.47142885349994,119.95729446345929,142.28711782766294,75.65763270661209,103.2690062142154
569,Aríel Miranda,SEA,17526,163.0,93.0704077358294,113.49538689894412,82.0219181573969,147.68271241283946,93.95579064179383,114.57085862199953,91.24331816074239,95.84599730910469,81.58184431881142,104.2098385950487,114.25081201665022,128.65861328902523,122.78154221583405,82.88426426633883,73.30469987502727,141.09390592204284
570,Tyler Phillips,2 Tms,20629,125.1,78.23796225118113,91.74599803250378,84.8436285259774,143.19511935444834,78.75263281982899,92.38137502512667,105.66168577905226,102.355759709142,94.52303408319814,102.72759522161854,113.23500821661696,122.92053766055693,105.23988747627588,96.2656143520677,110.72005548209303,90.2204226383504
571,Aaron Brooks,2 Tms,12272,103.2,68.17472606333091,90.68907930127266,75.3211650519698,132.04223454879528,64.44792013415828,85.66593517335296,120.76868698089204,118.59238316670952,107.85481137188664,88.00466511435395,144.16658347148035,125.91455336655066,122.43628553129545,89.34640814091986,104.7219652446893,100.79966041685731
572,Robert Stock,2 Tms,6576,39.0,102.77759724454354,161.9961635470893,63.49244633337968,95.83977521041214,90.09621343051619,141.99618480338728,121.24989193540692,139.6234402064547,123.91692203059672,94.15640329939386,157.46005691422425,121.04490437625155,125.2334823870226,114.96574138449711,90.53220495316681,103.02979969008345
573,Mike Baumann,BAL,20206,18.1,58.30080452678633,48.41863412584942,120.40985415130454,91.19249432472509,56.975205349563595,47.31772575065433,143.1918484043799,126.27991536653305,130.80586456804758,94.25919920949507,141.9703004882278,99.96995295887953,102.63160826598462,76.67987368947308,132.3687739177576,75.980075917345
574,Jayson Aquino,BAL,13150,11.1,86.1190102695793,74.15834766697415,116.12854281978096,121.37288508599005,85.12463534586934,73.30207479470732,95.05035659249434,92.71422535862534,87.04244455650174,98.4372782676435,89.15796652638805,101.55399780101536,111.01059217268079,66.82186921671116,99.90827619295597,118.4945471706198
575,Richard Fitts,BOS,30160,61.2,73.04395699482394,91.3875452203214,80.39696412477733,121.08444222781019,72.78362517512717,91.00321085080145,104.47061580737129,101.98723491856023,93.55006280861333,105.09623852704462,90.45083118799283,119.21119376877738,113.20764206401346,98.76846922787098,100.6713151227,99.9005437717762
576,Tejay Antone,CIN,16233,18.1,113.82191745771347,136.7073719571549,70.70934619668384,109.98729670258305,118.07211210036812,141.90626241681645,88.87430679227386,98.29154102685888,91.86654286403098,121.0496496462855,72.03367428199562,103.31138087352655,93.80803645782827,41.93203755742663,136.85572705098886,90.54588490013334
577,Casey Kelly,SFG,9174,15.1,61.650869951448165,17.75046334064011,347.3197883587758,107.31905023703277,58.18162101794554,16.751598378368048,133.72591423655317,115.76743907766125,120.18490248948694,108.25507285589879,75.30549770185877,99.82787494099829,109.3885964738697,101.2473378573082,96.33477855300195,103.91415216399984
578,Konnor Pilkington,CLE,21453,51.0,92.2143449165495,162.4503201730483,56.764645518667336,98.34484735576355,85.73411863746433,151.0343588419982,106.20199089463769,123.66153600458847,103.95168045142856,96.37981479379538,114.71545479686584,120.50318209951136,125.18100445364308,110.30104897128548,92.32790788878602,103.20370666564081
579,A.J. Griffin,TEX,11132,72.0,87.359392290117,105.05764085930839,83.15377139608373,171.94489052917078,86.15534650846848,103.60966411399303,97.60266315903493,100.07247974696651,84.21179595303828,101.33249228569932,115.14887472433638,133.26204043634596,138.99501048149108,66.82186921671116,62.442672620597484,162.93000235960224
580,Matt Andriese,3 Tms,12022,98.0,99.14832481283284,99.47636185529092,94.8172538743138,144.15883026925852,95.86576598995083,96.23706192461846,106.93742695769247,107.50985275260257,102.17207660788516,99.32010760719808,121.93444917766901,124.0494023178397,100.90488258187555,103.19824274746374,103.90290353398164,93.7300322406021
581,Angel Zerpa,KCR,22717,28.2,74.92117911962775,88.56611596437895,81.56102683265364,109.61272211210948,74.87679217787611,88.3237394506928,101.5599731674345,97.81051263786664,92.98000223855357,103.5346039927549,79.50648361113386,116.38162951321509,106.75266964182367,109.62271441188678,114.82714247427015,78.44465759506085
582,Blade Tidwell,2 Tms,31701,52.0,86.45631219577605,123.5274227542956,70.58683354941908,118.53758011975471,84.17768919732144,120.22040388662339,102.192128679583,107.6014512590489,96.08663889807927,93.99502505396494,135.5136178679962,128.0603819898938,124.3860151789986,96.27312766454546,87.54723798816687,115.33410261123637
583,Jefry Rodriguez,2 Tms,17018,86.1,77.89344014806363,157.71414601861125,49.31493337539014,102.70654671366182,75.10121610654441,151.85625664471246,100.47494061936439,115.80480951729679,93.72082763258585,92.24942186420235,125.50689888475702,124.21009031430923,126.16507569894529,93.4046656379437,105.56143622201337,97.93464050835473
584,Jackson Rutledge,WSN,26215,24.2,76.56387716486256,89.00775890240207,85.61293778999406,118.92444152307833,74.68137292442981,86.87731255462928,111.03110030341593,107.07826722812311,101.9765454106202,88.70610069221267,142.69345408358737,116.78425957489694,128.6775458140555,117.56409288753017,63.758080724480614,133.166397630019
585,Noah Schultz,CHW,32056,60.1,95.43148556809957,135.9801008963645,70.18047909555109,115.78531955467788,90.26215799426815,128.61433599858262,104.87557760708984,114.69710216844493,102.02770970511057,86.81858732245797,155.07943739795326,121.31179799464708,122.92055182120968,114.2030823858149,81.98497009581253,111.77904076844641
586,Charlie Barnes,MIN,19865,33.1,51.890385550710725,115.83412031910953,44.79715022819131,63.14294693110841,47.89371831612531,106.91242570434171,120.81016774304989,124.5038276670136,109.38293537165453,87.86634291691124,139.11915568682807,116.741578970144,145.625084971249,92.56819144909628,95.9076009339277,108.72523126470178
587,Ryan Johnson,LAA,35325,95.0,83.74835118379207,111.43133531341391,75.15691308417895,130.72680591128534,82.54365515354777,109.82842512834677,100.28316201927996,103.59852783706644,91.4885836476596,100.34601172672204,110.3964779820972,125.26426753829259,124.1900274977842,89.27695610675268,83.88292722628636,122.15321187906889
588,Valente Bellozo,MIA,23899,93.2,69.93582165505576,97.8648074249256,71.39131445813614,153.20847952663118,69.38622810694267,97.10816457304497,102.0172176012484,101.79780187905374,87.28413710806264,116.29338497224143,87.09011895254662,134.1272767930961,134.84469875023012,91.91112849958965,69.09587539656431,139.70183774393567
589,Yilber Díaz,ARI,29271,20.0,73.54594915109128,115.44853602149341,63.70453444989942,80.09402823329467,75.21000884364692,118.0606863137013,98.18224897751001,100.9411325850892,92.14705545903514,101.9836242814377,97.9569509079785,107.50003557332414,113.66926860643136,142.44283282656787,81.40517586047612,98.79425138340159
590,Coleman Crow,MIL,27926,16.2,64.21898557034783,78.82417015731961,81.47118447389096,92.31679481671765,60.15196151445436,73.83218997235755,118.33815676904172,114.69221274291046,108.06830328685793,77.4338504750965,143.06267539194312,108.31876213214417,126.65152783844773,103.5937002046979,87.34088838807392,111.93569195436504
591,Cody Reed,CIN,15232,33.1,110.4889513494611,137.99175884015858,79.74009026433326,142.57063692983533,100.35759052843594,125.61792793712073,117.1887168970825,128.8018739502909,117.57506180379733,90.9682964577463,147.26565719780734,120.51538241778897,88.014382141969,87.91320013193817,145.34586008426635,49.58007478705144
592,Erik Miller,2 Tms,26252,11.2,117.00797232340483,148.43384011663673,66.73808369728424,68.65202794120547,126.03351765459033,159.76690684926498,92.38858351790249,99.70203891410458,105.09777030868864,122.73593221015172,19.25304933803774,91.6959587401024,92.77970450797567,38.67226219666326,126.05331225593166,103.63033364156296
593,Chris Ellis,BAL,16125,29.2,62.07988660719638,180.6974752130843,34.869170769171106,70.94713247799892,60.32292410292307,175.1129054184983,87.83690929715291,109.90901495180549,79.1727868075745,112.14022612624564,88.00599392850371,124.16744786281477,150.1843570741114,132.22567276172842,74.41686075007208,111.31049360208205
594,Jordan Wicks,CHC,30094,83.2,87.98222448800331,104.14426553357514,84.9513905900406,139.17856661012564,82.5235987820447,97.64590617430744,115.40791938257102,118.18138051031862,108.0953465590675,92.77551750227003,143.4239523248373,122.8564269426709,107.03541275892142,113.95867475843812,99.26968035232102,93.26047735730873
595,Mason Adams,COL,31663,29.0,114.41313084702452,108.72298917298781,105.23361326519729,159.16688154329552,114.28872719747172,108.60477027985304,115.67288296793717,113.37390712214344,117.64192174620418,104.80675015051956,85.33599054180632,113.85345825632429,90.58043526209381,123.01751899307874,95.28096932386424,93.6385116107773
596,Caleb Kilian,CHC,26213,19.2,90.39621861006579,230.28073425073674,39.43942380605129,0.0,76.35900730128445,194.28304254864713,122.54544944818555,156.99246184191284,129.41968530423281,67.82332661420081,226.3452643187839,108.34817007987563,145.27995124572288,89.27760765218528,109.87190858082884,93.95959913899695
597,Peyton Battenfield,CLE,25777,32.2,77.42648182382807,67.36775332048477,114.9310792325769,135.033899877324,80.43609697334372,69.98637754141889,101.28366113624784,91.94807590815303,89.73900700352127,90.82312264825264,110.67148770341812,114.54854006177825,105.82764776959036,85.32200949237495,101.6906640659819,105.69630483607932
598,Artie Lewicki,DET,16731,18.1,57.97601677719957,123.1656986245815,47.06267830066301,77.81163042780345,51.55290804615929,109.5236803960366,142.20659097626978,148.89695020446808,131.47740956894506,88.73406108660423,145.76504758013004,113.8958038927606,126.19889596003647,133.6980235784888,99.93103691701076,80.65345186772369
599,Chase Dollander,COL,33482,111.2,90.14712485145807,142.71145147348452,63.147318053896086,139.31776417282055,85.7266482276706,135.71548165210635,108.83835477410327,119.4316686661714,102.26327429657118,90.4163540511899,129.19251671884808,126.0137010725185,118.86294882055999,93.33693394555675,102.3206216085781,100.87924738968181
600,Cody Poteet,2 Tms,18769,59.1,85.82312597072513,124.47506161956323,69.25889866010215,126.55528774412319,88.39279550745438,128.14804445133404,87.08005400692281,94.91568839867043,77.75781340958862,105.47791684321739,98.36481818481488,122.44687845143721,113.38802439383421,99.57558517188555,95.18436342162583,107.41998522700311
601,Andrew Kittredge,TBR,12828,25.2,119.71600616721148,75.51483861301729,159.52306728568465,159.2163189834609,116.75660583683707,73.4774123702072,113.56707246805166,108.45157230164675,115.73021648795374,91.27666156792125,123.18462861942695,112.69900704312465,69.30329513587321,137.42368354848878,108.79118405470585,68.09529220064067
602,PJ Poulin,WSN,23394,15.0,78.48987823900052,70.06593526526987,112.02287865160005,102.57422559311105,86.70179285719031,77.39650312574862,85.9626233133605,76.4614819677467,78.34951988297199,136.09585843590105,42.13060242236833,101.93698768290477,103.11592288315883,86.32808315860258,102.08675271088173,104.5553165442878
603,Reiver Sanmartin,CIN,19754,23.0,84.31683127184031,134.2296148653271,64.71461977631037,141.9586122874756,72.41965117813554,114.995722281104,153.39437230500732,166.03702006871046,146.38379848788983,70.13982010647037,245.42172546853743,119.9309514990216,112.27040554568677,134.77681599393912,101.33708319550993,79.16276422533257
604,Humberto Castellanos,ARI,21183,75.1,66.85522178089606,73.06828817699636,91.13876191585106,134.231547760959,65.48830096645855,71.59845680320139,117.27011979549027,108.4142472412025,103.51513512391138,94.9597115444291,135.4869015873165,127.60666190371947,120.84900678677907,115.88429207505074,83.7236212906381,110.83221381659318
605,Luis Morales,ATH,32227,54.0,93.21254399400463,126.69149422083844,72.82953951950289,168.11594832768856,91.99248948907646,125.19567609162792,97.36924850847518,105.0168944335038,86.42606225147898,113.22196767948564,97.40003422101552,130.10071834033278,118.24437140094922,97.68968043225715,83.25322140450922,118.7939352662536
606,Eric Skoglund,KCR,16155,98.0,67.24130257747015,99.98034111164648,66.83527965440697,122.84721919605464,64.54486581611025,96.14280217037158,113.95289776005151,113.28262634461397,102.00432763430231,85.97924462743417,146.2244811801413,127.69674417174235,127.10410332629596,97.23995558474931,93.65589493356741,109.20741988759384
607,AJ Blubaugh,HOU,31764,11.0,143.0248387133506,151.57684345999377,94.35797315226554,135.76134291633116,141.83810433393737,150.31915054093255,81.13383841060558,99.27840116416266,87.12713990266731,85.59834128397348,40.4103133313415,106.83490525775619,92.38043483807908,117.9233647451348,65.1149229575481,127.93102351812722
608,Tyler Pill,NYM,12751,16.1,91.95783194006742,97.98185049882969,93.85190245801311,89.4636059313364,85.98445745125971,91.61716591540728,110.93636698719773,113.26832332178218,109.33448624723358,83.03284950183154,121.31525751595609,101.87544779707507,93.37653914835741,153.67819987708933,100.15241475250474,68.09037879539265
609,Tyler Beede,2 Tms,16981,135.1,95.86992769537885,117.65496583392965,81.72944161373132,125.60805033305182,90.20026066651432,110.55962014237095,111.26464078869385,117.11839529895241,107.35686117515397,94.973636150685,136.57667801384076,123.96090561917273,109.66218325048138,100.19327932784674,102.08920685094334,97.05970372098662
610,Jalen Beeks,3 Tms,17192,47.1,105.1883487712918,124.55793086210869,80.56149117278787,133.30797345011774,97.25163596508095,115.2843474341387,114.67332918809659,122.96056779983644,113.61418554255668,98.57242776852202,138.6378107649358,122.10976253246214,109.15046259707992,107.72083920880253,92.58540366833489,104.01631237850924
611,Joey Estes,OAK,26257,146.1,76.8299550781859,66.33558557892297,115.3895353281599,168.5149170942028,74.44140882151564,64.29685259668997,114.09841623179923,105.23809946194727,99.82404927556243,93.10875407418825,146.8122692198354,137.56489647175204,132.6454044295599,103.19078082344586,59.359933156083365,141.59314575400037
612,Austin Cox,2 Tms,24604,10.2,85.91841115339301,154.73531985138035,49.037260460306825,68.92355815959972,76.56710919496528,137.9143329495156,137.07807994377163,151.6710027644354,136.6200140372166,92.22562781201216,153.92636117884646,104.65984836988518,119.34691721583921,154.89011901304391,86.11838448031783,86.79127456361329
613,Edwin Jackson,4 Tms,1841,218.1,82.57615743262416,108.52600067248042,76.31621734358708,149.23060106450095,79.844055356227,104.91715723597758,107.83901211041685,110.71511353317804,96.99973932055363,92.76159198403799,125.11674482650318,129.52269697432297,118.04229455712996,98.34507086264207,90.27562215787505,113.05484503018559
614,José De León,3 Tms,15463,18.0,158.34655249781875,119.66830174363785,123.36482358481322,204.38175782735618,153.66151695486383,116.06213692367933,111.86722260345634,116.4094024099269,128.26456905206166,110.12141836752778,126.25651017864422,114.50636507686744,80.98451174818983,92.19698949842059,71.07169149623988,137.54899542001652
615,César Valdez,2 Tms,9013,15.1,77.79832725619066,109.62537548619697,70.96744283431059,89.71038676014234,70.80583084843191,99.77226966784107,138.5169108469132,141.95065142003162,134.12200576316306,63.12008677024723,216.519872750667,103.80578759291123,92.31906411978576,170.82099654348474,109.21791109143857,49.821570844911214
616,Shelby Miller,3 Tms,10197,67.1,93.39404434348134,169.36959357752318,54.368983651876036,118.09993004772781,81.62324175716734,148.38654134216432,117.96881391501046,140.1439597600585,114.48639354733882,79.8293007157415,173.83490615891188,123.2192063242784,125.85981088106105,106.10133385790262,96.3693981077549,100.62900202072322
617,David Paulino,HOU,17418,29.0,127.1437393966892,67.62330189324153,188.0176407503059,189.73227289294846,123.10559269584299,65.47555203499627,118.25949700764133,111.28748723650641,119.97411485987581,95.34176635943345,154.1177656754541,118.25374302542204,93.605456908033,95.32179890752793,69.58972551647402,138.660034899839
618,Chris O'Grady,MIA,13818,26.1,105.92610238053572,151.9338708733112,69.71855610821926,110.98016118072653,102.36244960995546,146.82238103977537,102.20713748481793,115.21825049872643,103.6277152169306,98.28378114407616,132.20382011873988,118.47772500564469,122.55449309573294,124.095146315026,65.14261406591395,131.18746341009398
619,Kohl Stewart,2 Tms,15502,41.0,60.434063108297345,127.62287993988062,47.64582338985213,81.374150197938,55.14547072996569,116.60195106088737,129.9252355746706,135.33932763416476,119.33649255978831,94.8928706155747,141.32072813389777,120.88869857049477,122.9621896275368,89.68457627396035,127.8570025254635,73.36302673846808
620,Aaron Slegers,2 Tms,15231,26.0,64.93575467394122,64.74323081598197,70.57508297728701,136.18749588978005,69.47167097121323,69.15545283255523,82.59078558790831,75.54482620531644,66.86171067835097,75.85343860450845,118.73726255333553,120.4416985188573,110.97457340813207,90.54613464196649,99.06368208669868,106.34045583387154
621,Riley Smith,ARI,19826,25.0,32.15675644594183,63.377120555084645,50.73874625892587,87.9655217981687,29.84184101063662,58.81470022910247,146.2979535783167,136.1052103101797,124.20886258692138,76.4727738344411,188.30049954300932,117.23057403145563,133.33435312683258,105.62560618313957,101.07119176509343,95.403658627961
622,Matt Wilkinson,SFG,33760,22.2,75.55174696691996,57.95894805983425,130.35389515822553,169.69998875832303,78.65030654448759,60.33598286533541,94.13262470264682,84.33250851822032,77.95972127658905,84.44922503557638,107.14443580037268,128.4033148253207,123.77484867752342,72.95330978444844,60.3893465733938,156.4431663460861
623,Keaton Winn,SFG,23499,80.2,93.71298983843785,84.9332438719184,111.6791785313384,134.817765326092,93.82840042344051,84.89675217968693,103.41067762284581,98.29214892574491,97.90219170851746,76.1529563477381,167.01176598817472,120.8490910940618,95.5751897553965,89.85855723626436,120.11847534999592,82.14284452168772
624,George Klassen,LAA,33464,27.0,93.05372353754674,205.83843884283408,45.20716573101431,57.4955859332042,85.70638086037224,189.5858293524105,92.8814149549708,125.30146017330372,94.60751263564798,104.8375393404282,89.01567861982375,115.22453831081488,124.643712821174,79.86229524927097,126.32506942175014,82.48158244978305
625,Kenny Rosenberg,LAA,20009,24.0,63.59821618766548,106.3373975133921,61.14564272070901,128.2178562509922,63.055928675711456,105.03683430784936,114.69447554649199,113.73838010375992,100.6813618696075,117.83745367834462,90.97142137386606,126.76172645601223,127.07878435359234,83.61786748329348,99.74197359255633,108.69832945830697
626,Luinder Avila,KCR,24452,51.2,91.17764488964605,169.03415487222392,53.94036821706153,105.16128654438926,86.58376288427607,160.51755836872348,109.79317115401095,126.49568852741334,107.65682472332357,91.33393466660407,146.66738147568742,122.8769143640428,119.90958805222536,88.82461980422815,113.48202064005923,91.45557881054707
627,Mitch Farris,LAA,33628,24.1,103.44810792723457,125.62191107587924,82.34877653836914,122.74313836583246,99.68434982805208,121.05140323116375,105.04696973162618,112.19819895952854,104.0324058539311,76.58798952662133,163.70535652351407,115.74768104367507,115.09305882892006,153.3003746796765,51.82616314561427,124.27585123485072
628,Tristan Beck,SFG,21584,19.0,66.37278771301017,58.77210862046073,105.04993594143504,118.18644257114255,62.63946131665817,55.357628636827585,133.22161724752777,123.88339280901113,121.16400377484385,88.35088246405445,157.69220548742263,112.47691468775949,121.8421269102253,113.28083683512298,76.58578616125591,120.14870164003423
629,Sean Nolin,WSN,11341,17.2,91.00969132978274,59.78973852441713,152.2162388148317,165.97268861103112,83.70272516259426,54.989353011238194,143.5624655266446,131.31935429616772,136.6297488456135,110.04811354225636,133.01577113267712,124.03158857074088,100.65191049926221,173.8352450373952,71.2884580068676,91.92036049544974
630,Jimmy Lambert,CHW,19541,19.1,75.27288114552023,117.20390037634927,63.98398797159071,115.81592235557162,71.76175225437956,111.79673231511953,107.4110315807423,112.86317799329491,97.720081639684,111.67510303667028,100.88888282522188,118.06998972913647,136.22345254962852,94.11179823675334,78.87707063913305,126.96915009302214
631,Landon Knack,LAD,27487,88.1,104.14702842951715,106.68488239415832,97.31605838131206,179.34050650703156,104.21428923316086,106.79731491656412,92.02341965197857,95.55788154886503,82.76291139657697,114.74286295301054,100.67208486694427,128.36602381929356,109.976111819364,116.28258315996867,68.1449764483823,127.73761490987891
632,Allan Winans,2 Tms,21238,44.1,92.25554688255032,74.71116173667404,122.2771865629082,153.7521525027753,87.06658356318754,70.36570012829348,122.64458079710006,116.5536563494211,116.06638113727212,81.94532186191779,171.6800538994346,123.2970424303569,105.55840951868254,85.18188096931476,106.84362202466309,100.05584915805477
633,A.J. Alexy,TEX,22343,19.1,73.67803425736224,185.44871991937836,39.729599272694635,72.57810192568786,78.88377126764271,198.5516487446661,57.762361452145726,87.45479835050645,50.010666397400605,115.8629717820433,64.41344313025259,116.66065340226532,140.14010494228515,122.02170717640153,54.24561111490751,139.76204391978294
634,Tommy Henry,ARI,26285,166.2,79.16731522780722,114.98027068421841,68.90001240971692,130.61202000994248,77.06587560142984,111.90971725035763,108.17363726639645,111.12655576428307,98.86648393638862,103.21913062266772,117.14317232190703,130.13141243555924,122.33464327321698,96.17473734334305,90.65652050676756,113.17943335072142
635,Daniel Castano,MIA,19805,72.1,53.44313331865119,92.11948068830668,57.32876641580111,114.70343222538683,51.67666829022769,89.19219252402328,118.34751080713434,114.91319622436744,102.27741844818303,101.68213693100255,106.2778679960102,126.01303596945793,119.75508548586643,121.84798940058205,101.88783161099617,85.20629272169245
636,Dylan Covey,2 Tms,14825,218.0,74.64017435859839,128.31524199726485,58.11327188656898,129.2340104791798,70.1731587829403,120.66485642220603,115.27279259629762,123.11980259097781,104.73483587074826,81.11446601808728,159.88822731072023,126.38233988498538,113.33138551291411,98.27096139891407,115.99985377891737,82.17279476772467
637,Keegan Thompson,CHC,19795,94.2,87.53367158182701,117.79117041323255,73.80506658822917,136.20169264840484,82.40453866100698,110.95352865772892,113.60139410348731,118.64062888173679,106.48732611461624,98.99734167629201,124.67398158755243,129.13314362274429,120.30412697876605,109.48951107540682,85.74276380139987,111.68243127169073
638,Elmer Rodríguez,NYY,31811,26.2,82.43979105861646,158.78966796497767,51.91760443314995,58.214286309116225,74.99308325282571,144.44634617326514,103.98680152567381,121.10102504613332,102.78347051774102,96.96582940382278,130.1730750736129,114.77978174485858,133.43999508967332,82.24501841316678,117.0846245200815,90.95376484408962
639,Craig Stammen,SDP,7274,11.0,74.10556730167248,149.56909804251976,50.04085147531524,74.20563208744032,63.11444529572452,127.27566434307396,162.02752014501584,176.44666973092288,155.8555541365452,87.93956428406172,208.51372355159904,110.24391706983728,100.91867840739248,118.80019006201607,140.12647468184895,40.42759257362955
640,Kyle Muller,2 Tms,20167,108.0,88.1697267755789,148.92454551577444,59.34967587167736,117.18532404491549,81.16225104422993,137.0698101977836,117.55198134413321,130.84854734881537,112.74142946319958,91.2554850504182,160.9415694469259,128.41314188559346,119.72569191727708,117.49393681114087,97.58756525812198,94.23719477860585
641,Darius Vines,ATL,25928,21.2,77.4867083517785,77.30792588123124,101.19258494588578,141.62840287801743,79.63568294331122,79.3459339100489,92.9872648671627,88.30010501351005,80.59337457308249,109.19564882506741,88.20034366000743,122.82733999883075,121.04105738148392,51.94025134727083,93.56707924170613,133.88512390867805
642,Cesar Perdomo,SFG,30334,20.2,51.78950888954829,76.2814614678441,67.89265370108541,111.67355159895062,51.36571983192273,75.65725575100994,119.76391769396993,110.99247336887667,104.46602651062933,112.47994029125795,96.14721545391112,120.34300912651125,116.37511766270063,109.42996467667265,100.64891119385875,94.59354254394327
643,Josh James,HOU,16794,22.1,135.1096410261022,202.61705768028614,62.53625080880063,126.21491616606978,131.7014074437806,197.86739010290034,77.10598550930304,108.79006965505586,81.3213460414426,112.0213273601317,103.4332299346687,127.5608685943861,111.61610320983418,56.558568947008666,103.83803665575833,120.9564265568051
644,Zac Lowther,BAL,20243,23.2,94.58065196646217,128.18665081829,73.78354156967592,148.22287844758773,86.77214878488168,117.6036694508126,127.03749597722774,133.1418069053778,122.47510138138924,88.82827827817734,163.74696557629107,125.08838771088877,112.4479417582165,104.12518996116704,107.30768185693668,89.44770807645989
645,Tim Adleman,CIN,10968,105.1,94.72237315253037,111.4181639036359,85.01519734299599,166.4702297134897,93.73891725439505,110.2613588128606,106.07073685618029,107.49018932599812,97.6871698428891,99.54788115142517,123.1499847227317,129.9885479919064,117.13484717700528,100.52281261988145,78.8482187136233,127.25359896029025
646,Colton Gordon,HOU,31312,73.2,93.95572452142113,49.039567425000484,177.10265728956202,193.38551817861548,88.91492930615391,46.386364205313015,128.45461685942365,116.35616816579993,118.66367497795824,103.1101074004314,138.63137929815505,129.99498375906512,100.30623772670602,135.03831930492242,74.74639919412294,109.17244330376126
647,Jesse Scholtens,2 Tms,19205,64.0,76.42714520113951,93.90824261380004,81.50566471989211,151.2565139833116,71.63951252389691,88.02350877967243,125.51870803016114,123.92042801572116,113.31590885072127,98.0539585821689,138.21913776544744,127.19039142849856,119.49681737983852,93.13856747969879,101.03896484403194,102.30972996455958
648,Hogan Harris,OAK,21520,75.2,80.27208620106117,127.65157333966837,63.11714552929685,129.9169127274046,77.27926000425435,122.80065977488401,116.2727961038212,121.62573558142012,107.53786794811349,99.87618343837342,117.9600065540383,130.8118655655228,123.86467196425669,106.40437659357251,86.48893003913527,111.39465600755771
649,Miguel Díaz,2 Tms,18815,15.2,99.37983148553286,188.36884994022657,52.92362199272426,93.2705961002865,92.53766581446763,175.34352215885417,93.32510940537968,120.73084786253219,92.87132809908154,118.30025290563577,83.4932499785778,117.67324123756228,109.71152549577955,120.01337674033603,111.41884948106515,75.48930039317017
650,Mike Mayers,2 Tms,15451,28.0,85.59445819747756,92.90412245290408,93.14005830528235,168.33383097704186,83.19023174164342,90.13754984923759,124.670314062905,120.24583949537218,114.82909789623722,91.81894822986285,136.99536845811267,127.32935700597642,102.14830940444111,96.12654453797546,111.87246566858934,88.7640829316863
651,Connor Phillips,CIN,27649,20.2,131.90615402932383,169.65860020030493,77.74799260576386,177.4275950929526,121.65519197197992,156.47374380985906,88.29667424557212,112.65144004330246,85.78522397302964,89.14215939445135,152.04231214773856,128.62422752285147,114.42799117180158,79.22324751148894,78.60687528298548,136.79366209212438
652,Andrew Albers,2 Tms,7853,43.2,76.06783129877212,82.8057052385666,91.4683447249544,159.40415608808115,71.30438754140326,77.57332011926795,115.86287693126107,114.4713920236571,102.18912975669767,99.84819744946383,111.83461184918485,134.2905285602438,115.8082829141823,145.67741698323383,78.11615825338117,100.35681313877265
653,Tony Santillan,CIN,19926,17.2,113.76211416222841,165.81140388314972,69.18919946128713,124.47951645827334,99.76196904604568,145.322059634973,104.91103250024028,126.95984546093975,106.46473936021835,119.46547663160733,80.77354879900844,123.30513566386533,129.293184168373,107.78123044638343,75.12395894421424,125.75546492250096
654,Caleb Ferguson,2 Tms,19349,25.1,98.94066843716342,149.80679562136024,57.78864229862934,120.01169087678403,92.0338043880287,139.59077181131764,102.84025527433501,117.14742360275187,100.41698402981045,94.80168082216002,140.6860439733596,126.1053869596906,117.63216563521235,115.78946864374187,96.41363309895166,95.18092783337474
655,Cody Morris,CLE,25388,20.2,103.43690726511132,157.4907124493615,65.67810226434793,121.34484663595337,101.14699409536871,154.00413506028806,101.95711493881883,115.8853461141096,101.47364039218236,122.30963284436646,56.617625196948474,119.97523898094113,110.43345642727483,130.8846121006374,85.49073652668238,100.11167906357146
656,Matt Peacock,ARI,20339,34.0,70.9340215719305,93.20164787512446,76.10811940741586,129.36106146789513,66.42216233250922,87.27342527367585,132.05584510519753,129.64567158556554,120.03192738488333,102.47866653511295,125.86931787634315,124.6358043643239,101.76680922416135,81.37565941377161,134.32034328392655,68.96076995213598
657,Andre Jackson,PIT,21298,27.0,97.08193110107564,169.81972625096407,57.16764161045166,108.64702552544063,97.64965238292528,170.81280903177895,79.61008013576466,100.13461736507834,75.34523115886073,94.57597920123467,119.8229620689476,124.72939738857245,120.7913610532537,131.91476599997117,75.05237594218521,111.74693516853263
658,Hector Velázquez,BOS,19341,66.2,78.9888564674492,125.30575413764915,62.856935728328914,124.64225060549322,77.21334952123769,122.6077336215897,112.81141716955798,116.36011763130598,104.64020241755428,96.14229769081048,113.46000919346467,126.87083266437746,119.96756173252133,103.48412827984706,96.0488408766657,102.80863206950069
659,Adam Conley,MIA,14457,100.2,75.66727031451461,111.2839949736602,67.99474564891652,130.64053160125874,72.03701022385195,105.94496033779252,109.7974491194929,113.20828586068272,99.48379910209935,89.16466746088498,149.13967302595623,131.54960943716696,128.42991993727077,91.56060938047922,88.55410586468314,119.90058166221644
660,Hyeon-Jong Yang,TEX,27513,15.0,94.96279950129696,165.47731894989107,57.387198978141406,140.31766341537045,90.65746849767062,157.97507812102418,120.39358095772903,133.21397537720395,117.09814571098678,82.91111742328819,152.20658010001713,130.76097799881526,110.77380371689726,113.50856455418754,104.59196081965167,87.36752881262727
661,Chase Silseth,LAA,30074,73.2,114.97924863575774,116.17031977220333,99.72102999678685,181.0839898756004,111.87929819171892,112.90200846039997,102.57430303051962,107.7796416087665,98.79866405107822,103.36341822736475,128.25534644750425,127.78569785986633,90.72241908758335,126.90197419428951,100.18447074897114,85.76768193475557
662,Andrew Sears,DET,33664,10.2,88.32835230110587,148.86532170292548,59.33440506645707,72.76786178996795,74.39789975481484,125.38745315001631,110.91925496071873,129.75110522410662,109.02389551346101,70.53801275051968,100.91638905969921,123.28253076014293,163.4672644326197,73.20710393579424,69.47878807253348,145.16758530469107
663,Mike Bolsinger,TOR,11137,25.2,88.72864137034156,207.38646416509852,42.78419995160026,80.38980047370862,79.12669358007719,184.94371871265304,106.25791439052922,134.5129775775967,105.50599340182028,95.3611132614868,128.55390243465874,126.21513847838224,132.73265437937246,67.99125199599486,127.07083890998673,85.63082518939905
664,Jake Thompson,PHI,14371,41.1,83.05868096887733,116.15589510034707,71.50621137551263,141.4102057058444,79.67671716573078,111.42628252962076,107.83678038521624,111.00294891056855,98.68570793385788,110.96555927631984,75.05617834255084,130.73568597912606,122.52810863854957,75.94562174179052,106.73472717628289,105.43452086553593
665,Jose Cabrera,ARI,30412,22.0,77.84119166131873,95.54444503080748,81.47118447389096,139.87392620471425,73.88362134092668,90.68681115383713,108.25251840804384,107.74116543637098,97.29678939715477,102.18248091626785,126.43336866943535,134.03145140374494,121.90941239044402,63.74996931689343,102.61027447323654,115.24739886583157
666,Max Castillo,2 Tms,21956,26.0,86.33003465123335,102.42403038070978,84.28689791434186,160.75599435765244,81.4843670302108,96.67500917207514,119.58879646959204,119.74819169302147,110.38469583801485,76.67030949786835,172.36172594132822,133.97246199439178,115.11339967650318,99.96783556842104,99.11095383487287,101.01054957858054
667,Adrian Morejon,SDP,20039,21.0,99.37053929437802,113.64104031256103,90.42668047843756,165.83450020463553,98.47349827003796,112.35167863875391,100.38632905631087,104.68066930384958,91.52900993256286,108.41305128885183,102.1743358337895,129.06123452748525,96.08851523153487,109.39577649588624,103.90768487327729,89.90726798411617
668,Cody Ponce,2 Tms,17920,22.2,75.114712401434,113.56258251030131,66.2485839634873,153.64081373480613,73.70709284060926,111.41466759451907,117.1268038997751,117.98248482899471,103.32189208592413,103.30487630123417,129.08293606813518,133.97311394263696,128.21193074596312,85.11568365997016,87.04159720588301,124.65281434952064
669,Denyi Reyes,2 Tms,20526,14.2,64.47768605655577,112.12228157467956,57.85248777867652,150.0069784022064,57.765876197424326,100.33607904610558,128.73158141140019,134.74642844982924,113.14331329445136,85.15983523810408,190.50047799674925,141.75489716684288,139.5981943879616,119.4020006652581,77.63834907104837,115.45498618568362
670,Chris Rowley,TOR,18820,13.2,55.54560495970385,184.4915331522134,30.107399960206177,100.65070378491345,50.69053816887652,168.36570523284752,101.17756966209312,126.31104115456706,88.30392926021915,109.15816987692604,105.62590583635402,135.2184524087357,152.9956889193404,84.16711998581856,93.39829548937145,116.60367660878204
671,Shawn Dubin,HOU,24977,10.0,72.0530219608208,170.6160845152872,42.438665121199264,78.0681380778845,67.84199285008246,160.4862542792539,90.45325351857603,110.40336138238264,83.84365609089382,113.84692404401804,89.05043114403658,134.5872236636958,146.60136994736192,153.83322619551896,72.10023301317015,103.02873277725169
672,Huascar Brazobán,NYM,6107,11.0,87.60158199675597,244.20168556556897,35.26112726297247,69.93696916572905,87.398582275786,243.8431390287778,46.02039429907178,97.50964654253602,40.17924096562666,112.06770993762156,79.69443849989273,135.748830369196,143.08415302211233,38.36803711285107,123.44092103487041,106.1339636035938
673,Daulton Jefferies,2 Tms,19345,48.1,72.47835659084267,76.7384654546807,89.30822897927746,144.58878305160076,66.87847873276668,71.07041975224918,127.33961079885863,124.13978705141311,114.32520760712673,73.55861447923166,183.3447471771737,129.7211309895132,118.16284019831241,82.02063883498575,107.5601844169527,100.93711251865878
674,Corey Oswalt,NYM,13677,63.2,76.83983281575343,76.82237030835886,92.07048083320014,166.59260827633,76.77807556298387,76.66755452885916,107.98582383436428,100.46223181482297,94.3206323637115,103.5337811499625,124.91909380890549,134.4175803349085,115.45155750218034,89.3251323053179,95.2697372637933,112.70682601594974
675,Zach Agnos,COL,31552,10.2,60.20530026406674,123.16276851359834,48.88271068433457,144.24499499628328,63.789056710872536,130.4941037028351,65.39740242499673,78.85089795270773,46.42934511583525,138.18964099243217,35.69342124834538,132.60065011645517,140.75485388991206,48.559546970952134,81.88208301269583,145.30113870637854
676,Chris Volstad,CHW,9901,15.1,56.11174725883876,91.3544795718308,38.70951427326032,134.56558014021348,58.33357032665268,95.02120915045496,84.00511784085786,83.4392582181889,66.26067041602364,79.9322362325679,137.27991659078563,131.69968264676194,112.1143434670607,40.36586385336022,147.04122115477387,78.32419851769711
677,Noah Davis,COL,25862,25.0,92.26666080051035,151.03965173691415,61.08770845929703,146.67347409795707,83.043233663609,135.9409898149142,127.44250452166187,138.18576220201393,122.7923632129541,93.93614171304901,144.91329601399343,135.70879828769756,127.24321986272959,75.83763856342576,109.90111039152963,101.71836390231795
678,Justin Nicolino,MIA,11754,32.2,62.399957387902894,106.1470047070655,58.78635647142944,111.82950741417051,55.74515560595806,94.8266835839664,130.49415859075594,135.92198798613862,118.03584674441827,94.27962710969653,126.5548141993681,125.34003962478212,113.59844083096726,141.6919352390873,102.77948128386987,71.74812652784233
679,Jared Koenig,2 Tms,27517,31.1,71.17109907182774,131.97488239420568,54.34422572506239,106.71462444347029,66.32716105331406,122.6993981780159,103.50009666134623,114.30384521407373,93.81928761527686,97.30839119436175,138.15768607691993,133.79748501401122,126.52591461207389,104.09595344559995,110.90630139748667,85.6053763587049
680,Carlos Rodriguez,MIL,30161,12.1,76.66953018568331,70.20519806203185,109.20777334268472,194.82333200509598,70.40335409953006,64.4673474000188,143.940025507152,138.5055184507172,129.44467314483506,86.00866139237453,178.80665245067823,137.8008080028959,114.00217916574321,159.96253963464105,63.432604397451165,110.2249913888007
681,Jimmy Yacabonis,3 Tms,15157,38.1,74.12884612412627,144.65069765733813,50.68834035540301,128.78755491248228,69.40694813183171,135.56650887952426,106.78505792444028,118.7183196977073,95.63372004505499,102.06658230876889,117.906787529852,133.7358666599702,140.46235535310956,69.87131698504612,96.70650801833858,121.20620710344517
682,Kyle Tyler,MIA,22092,29.2,84.99693086374248,175.11858088708266,48.53678814017013,107.99195743717537,79.26896172877031,163.31728261146552,126.95980471229743,141.33504650454222,123.5608243655244,104.2423709648019,130.9407855198451,128.32927245075928,118.89532918764462,114.7557347367036,111.23688613751182,79.07445012741708
683,Yefry Ramírez,BAL,15655,56.2,104.59390743664454,178.89015645078848,58.36367513714269,154.3756192538088,94.78063808810897,162.19303552861132,110.06690727338264,131.45009482614648,106.50185402774403,89.15795777398165,165.89401839633456,135.9791826135226,132.71838812813814,96.24229413882117,74.8440481063314,131.4469893988065
684,Braden Shipley,ARI,15158,12.1,60.89100066876686,237.89288627254135,25.595973386670234,59.23941847765256,50.381518217781476,196.83375489638286,119.85974903879955,162.0043256366102,111.4782997030617,85.99830853546597,159.9046661860674,131.27566854151277,171.76670672259823,54.42769576939208,103.63597689276168,122.18440222120965
685,Luis Patiño,3 Tms,22815,92.1,88.64185995221796,139.6688654468503,64.12427879113024,137.9031594652806,82.77617681647853,130.1781891975432,107.96368437508089,120.1976525693072,100.52849549257859,96.75234570939469,140.97407393493816,135.41644360298972,134.46693184407997,89.7359406191297,78.28021821775467,129.93580876971708
686,Josh Rogers,2 Tms,18510,61.1,58.316369264668424,106.49214355624217,54.95799218424141,147.6789871587955,57.10827840615791,104.27575409282959,108.2429777473817,109.55476454577828,90.45497814381469,109.17502098302533,112.31093109192778,137.22047094704826,141.16382757990567,92.061158098761,78.26100888865815,130.76887140415357
687,Yohander Méndez,TEX,14391,21.0,65.6498541011397,161.4599928091224,40.66013758152786,140.7176311084092,61.93168930561639,152.31548897405509,111.85407408151893,127.02264894377906,97.5909538226712,79.79667244736714,156.31351924593253,138.31571832793725,143.10968552221377,94.55794925120983,84.21374131757624,121.53099717517438
688,Logan Evans,SEA,33699,78.1,77.65944938218166,106.42630125461893,72.97016589183762,123.91834019743338,76.26246002246016,104.51183528894717,109.42392680377723,109.53818225707926,100.2149076992053,100.073217328885,113.97242126885526,127.76286466868807,116.30614578226083,108.45740744649784,95.75500623661353,100.25614886524035
689,Connor Gillispie,MIA,26171,26.0,94.74067368095943,119.446989184394,79.3160870426128,179.72482042171458,85.23514735989406,107.46261977926308,118.05258435278014,127.63823646129013,108.9262600099194,70.55118993850338,203.34293302792508,138.52579336288727,121.89132944151666,87.88275247601406,88.27456541126729,119.33439530867535
690,Xzavion Curry,3 Tms,25595,68.2,61.37433868617093,102.7982605185718,60.44390873558947,145.58563083894688,59.484803274016706,99.46910730003677,115.28964821915571,114.99179944497888,98.94567613059793,92.36597691714867,137.38188616546208,137.52616059566668,141.31832123232002,98.61586719377064,71.95752566090076,131.00166035889302
691,Josh Winckowski,BOS,22387,90.2,59.764578727004405,100.63520729935456,59.45785178641585,126.64011871814847,58.10559396628039,97.82819193460392,114.77933581447712,113.56667168942145,100.1704236553069,100.60177811147526,118.19201501623525,129.68116528269215,115.06386207277022,95.96583495768726,124.97895127084801,74.68848184692334
692,Bryan Hudson,CHW,19924,10.0,83.74836715752544,26.46494718472389,316.45016035443774,232.857167443457,91.56664616111723,28.93556541708864,109.45979107965664,84.57850174904898,89.93553670302339,81.32617949106074,130.5552611930916,135.42519082640757,87.19775123136834,35.341360609081654,125.78056485305231,105.12135484077032
693,Jack Kochanowicz,LAA,27688,240.1,62.73908296514282,118.73104994214681,52.67805561510664,110.59031463208899,59.56761343647682,112.76897567012215,118.21771864015736,121.20509998793297,105.93654895941684,90.79995396365916,144.55036471303146,131.286764832922,119.32681064655945,86.41543977316786,132.01848977882048,72.99090528663015
694,Jharel Cotton,OAK,13654,129.0,88.27010635269463,115.10189923578318,76.68866033442634,149.28547053204858,85.97688429908233,112.11159525389596,103.86106119537064,108.2179026777926,94.52747746605905,90.473519615205,132.11077102185496,132.5638048582964,122.52735205392786,82.62228061234,85.39628295787553,126.95040811362104
695,Phil Hughes,MIN,7450,54.0,70.06726309021839,77.99833012177463,89.92984010617525,154.72831182452487,65.98603683361229,73.44189117177339,122.30470031301239,118.44163572869381,108.49127634225117,94.25480246189976,136.41435687247255,129.79967738240737,129.23598970247414,118.40843863109596,70.30764952502567,124.84029330454823
696,Braydon Fisher,TOR,24609,12.2,99.19143696006378,230.87253634201969,42.987469068023465,117.89802311632923,99.16087878833365,230.7846444298538,67.69965827268605,109.70418833572415,59.920681317705736,109.14829354021023,104.34433184068722,140.80621330898208,126.76705340481439,82.6064567796156,109.69353643784083,98.51534226932233
697,Mason Black,SFG,30171,33.2,90.50209419346916,111.4478525977747,81.20578014989177,142.74184327749384,83.42418984000676,102.73183841009883,125.6499019652658,129.1554573898424,119.73632265897247,101.0160377230741,146.78067625986782,129.55323294684567,125.41457408091372,105.1182403456995,74.00470528541717,127.37110099274108
698,Carson Spiers,CIN,27685,68.0,97.55380124565148,95.95406523384875,101.10365211921433,210.69441243793005,92.44859321900027,91.00186460736758,116.65039613313577,116.97468116920643,105.84964441266811,92.4783182756983,155.33983371560524,137.08632678752485,109.12964145973557,91.47434513397388,90.37055465411667,115.71401707514792
699,Scott Kazmir,SFG,4897,10.1,77.79860669807002,127.77645666290047,60.88649552593268,141.87987823276225,71.49607753749804,117.42518209540927,117.10998976771008,127.22444903521219,105.38933795253938,97.42690136522063,129.4804218363814,138.0317325331893,116.73435673548869,84.72642195906853,114.85362700578801,90.78202789161554
700,Drew VerHagen,DET,13424,32.0,90.38926055427314,95.26858664910802,95.48244317553464,189.9342460118001,81.82626777312791,86.06505428906326,136.45614816274056,137.8042989353866,127.55013983529592,87.83272790039919,174.96744182419084,139.03029899832134,108.72578978680244,94.728022698895,107.00860346396126,95.42740027578293
701,Bryan Garcia,DET,19457,20.1,89.36270796830061,145.5204840849325,61.40902562330621,123.3341103354832,91.09250110856887,148.337316920075,82.533113056479,94.22808770302392,75.23474563390974,114.33291764096872,92.02549139511837,135.92792464758907,126.1533610622381,93.71984584539473,96.19592579788177,107.52735912128418
702,Yunior Marte,SFG,31097,14.1,67.2059185301556,109.98721973471899,61.10338835541821,161.0176735201636,66.36119628977232,108.60477027985304,125.73429156710685,122.69400123155718,110.79730084460687,102.90717945362886,138.6308640333076,143.25906495925972,113.58904170799488,123.86203244807648,98.38795739185046,89.84804687570268
703,Casey Lawrence,TOR,11121,11.1,47.84389459421071,148.3166953339483,32.2579285481471,121.37288508599005,39.95313327641937,123.85523040353105,137.59037632619808,158.93867204335774,120.35498506578017,84.50747474960433,181.96056047706034,138.51964305668812,127.35551559596581,94.68801016947658,132.7238936144792,64.13202221703571
704,Nick Tropeano,LAA,12385,81.0,87.57452433659937,118.28046738269045,73.9396790183438,153.60236049562278,88.81168732168155,119.99991727603812,98.12156473963437,101.39487687707029,87.75816308227006,99.74534316844617,121.45643746245709,129.9706810308666,115.62971865423441,103.72438219523809,85.57551452027735,114.61341652816917
705,A.J. Cole,WSN,11467,53.1,100.1992739610933,145.5440119122944,68.84247546918083,157.60220624930773,94.2403449977224,136.89074654234906,110.14191570211682,121.78768552813169,105.27512610002915,106.90471099769641,121.76295388096337,133.06184052890333,122.77008900843373,84.15404743847274,89.00093364929441,123.5195122951665
706,Henderson Alvarez,PHI,5669,14.2,43.88894718945428,200.04619580844275,21.939405754257024,99.62988380225994,41.25053906505236,188.02030263763635,99.25885467275587,126.13967180897194,83.60872477729627,111.56537312363372,98.71021312706078,143.50026392101432,153.62958800355054,97.96985248287561,102.15546308308716,98.39059762991653
707,Drew Rom,STL,24602,33.2,99.65796698851652,152.2146534535938,65.47199376099883,152.48233607557816,84.55311085165458,129.1439402086186,135.856030792856,156.150517942732,132.21294134304847,83.2931305912327,187.65240020587447,134.0517218265416,127.8793380017213,82.84784046400947,91.50521707996376,119.5507632584867
708,Brett Kennedy,2 Tms,17877,36.2,65.86004912983458,111.14250588236139,59.267303876947544,134.6365870753938,60.44121026734036,101.98128998505578,119.06559489021092,123.56365703343755,105.43207660916877,97.28428879897886,147.18550380260328,134.79848937512494,133.1722254121661,102.22667085084684,91.02835184185271,109.3185931895401
709,Bryse Wilson,4 Tms,19990,261.1,72.07901420517287,101.86528827045808,71.01621608413751,138.17970700425022,68.73398907925285,97.11588151147464,117.86521276966866,117.51241818649541,105.52464391252659,97.36293460114699,129.954568597353,129.94132332494792,121.88153172779435,110.83368401570353,90.61623024257112,104.97607999945842
710,Thomas Pannone,2 Tms,17281,63.1,73.89184473554818,109.67056899647991,67.58294277141637,152.68003531047466,70.67525468852395,104.7315809444912,104.88585656595473,109.39739741112054,90.8522741921782,77.07265915982005,162.59585305847355,135.450640539945,136.81921814391214,88.5800779464537,75.69695090306865,134.84495711406996
711,Erasmo Ramírez,3 Tms,10314,158.2,88.60372066490338,72.56325170020945,122.15136257605145,167.61256396659056,87.76602363225327,71.86901525247188,106.9415450867222,100.57804727667474,96.10521186890219,92.67621195726457,133.6099504956514,128.31035000688985,106.19944496145875,97.03748039270516,93.07730079378874,109.98530957564354
712,Gabriel Ynoa,BAL,12938,84.1,53.043192584568764,65.3161773364218,81.09781713816474,163.70444303958266,52.95603178193633,65.24076513497509,111.2469570554649,101.45987201332909,89.6537174092497,97.60252127308135,121.41041679154702,133.0324728003955,126.14685951848924,76.47981054487519,103.54885247067622,109.40104543316357
713,Enyel De Los Santos,PHI,18403,14.2,71.02329662346892,129.97690271773635,54.6605160377487,157.29073960638297,68.1683304102317,124.99859239887734,136.8266720490532,135.81885382298185,124.13234129372377,90.12718063401975,177.3293510470403,142.23928461719822,124.93956410786775,140.0227596517935,84.27397081567825,94.85621279084333
714,Kyle Hart,2 Tms,19646,43.1,89.47929936136583,110.58463699302644,79.85698243664686,174.73212145974026,84.07779106123142,104.08725537215598,117.11783661899513,121.79160736512713,107.03579036066813,85.95529046034687,160.74260445848356,134.4286857346432,127.10305857223385,70.30416258895981,78.53553645766891,139.11142243326898
715,Jhonathan Díaz,2 Tms,20298,24.1,77.57716730359192,212.7851811645308,36.32575637529782,92.9979937297916,68.20271852859008,187.24923975632842,120.38758230035911,148.87619978682275,114.29791508983878,116.63820533627126,99.48939118022807,138.88142524219703,136.11191252354948,116.38088691879051,115.8053068973437,74.26242494763842
716,Sean Sullivan,COL,33502,22.1,76.67938719635352,129.41281910770903,59.251770504246736,172.2328293866422,64.16209237351562,108.28721300689041,140.82240655515966,154.06416926575585,127.82762737587554,87.63245519945445,187.52364546098107,147.18114518188287,164.48108234576515,106.08993388840486,45.91853935283014,155.61032243395078
717,Garrett Hill,DET,25097,42.2,52.60736607161205,124.82928988818453,42.14344893308896,117.55282356891587,51.09290032784334,121.23568788516185,96.98359713692523,104.77967013345348,81.47518571635081,100.32374589360266,109.63974528606991,140.00373915931308,148.43175333255508,85.53585913571108,89.79107548119045,118.95472253663533
718,Vance Worley,MIA,6435,52.1,63.5504653888073,112.12783104748453,56.67679824207141,111.68703041928927,59.25129332410125,104.54240917779758,128.01609294243278,128.67856501003268,116.57445054663025,84.3756989170916,178.78038759598388,130.98410705977108,121.44301044366021,119.07937838911833,105.5172929982237,81.5391690747336
719,Bryan Mitchell,2 Tms,11479,61.2,56.31844531325072,159.1494074470897,35.38174285685537,106.73892293265126,53.26622625447389,150.51908205495252,113.27074373564277,127.38150266524077,99.71051719561311,107.26826889699188,111.77156789413057,138.0495676082536,130.30733108662778,104.12869045918376,117.21727487358812,75.41009241659822
720,Dietrich Enns,3 Tms,13932,14.0,74.9177943486955,99.40840006374162,52.84046496526871,209.13160678507364,70.5438189903103,93.76614716944934,113.12649460917001,115.74238936598076,94.13777406534956,85.59804516707995,139.61507907478335,153.16189416481808,111.79857034445654,84.47856561380227,114.53686693082486,92.50911998725964
721,Brandon Bielak,HOU,19866,98.0,80.39224742407788,126.967025151409,63.119114574364865,137.26619577628244,76.95918750552634,121.58675679505797,115.23656821402588,120.48751706158316,105.27785155418724,104.93893355232291,104.45616491909914,132.91587091253226,117.86499216596155,89.11390732157662,111.7466905299243,93.01899546913106
722,Jacob Turner,2 Tms,10185,12.1,69.48963242429713,109.41637384865828,63.81762842329023,178.37892509609432,62.321947194127546,98.0794783777699,128.09949944333502,133.258775812978,112.0217825929225,73.19004976179342,182.68258196587982,147.418930906277,119.87082164563176,99.0332910110979,112.28594513250228,84.81988363000347
723,Raúl Alcántara,OAK,12790,15.0,72.29742044125464,130.73838366026692,55.29930608253787,137.55589784738766,70.22065869648996,126.98288872258262,89.09108658669531,100.07246914290498,75.22186566611262,73.82795863182653,170.42289461819288,140.69778095624906,110.38381222231351,94.68801016947658,127.80819379108127,69.96220585566176
724,Drew Thorpe,CHW,31967,44.1,58.79018483081763,136.8936441683745,42.94587934708407,140.87482623495652,57.877540955116636,134.76854404997337,87.99013155417344,100.90552613439716,70.42206733978892,84.48630585117301,136.71439921622974,142.03431270029702,142.75409682411393,84.1228381398076,87.19689104551097,121.44125821686546
725,Dario Agrazal,PIT,15821,71.1,56.46623281531493,68.77280853686017,82.10545729710003,139.0734390169352,54.759918634657566,66.69461358307134,115.88181954078907,106.14345127008802,98.02375778033215,103.49259807669398,116.27596448404276,136.23699550635996,134.4080657244023,94.8758273178035,91.91564802083172,113.25028774164122
726,Easton Lucas,TOR,26058,19.2,106.6626053755682,155.43051212153088,68.62398046751255,189.83580065982267,98.76134667531964,143.91666846910576,110.53201720179018,126.92252443843097,103.26179544019827,76.69611379044025,202.04239822222388,145.2048981476491,119.44124850244553,121.25453334180555,69.68715726367233,121.42605617289226
727,Rony García,DET,20430,42.0,90.80102678844226,82.7005346553226,109.52134089492225,187.22415189886706,90.460781196242,82.41865049717569,100.5517570779486,96.13306147700081,87.10239128643644,87.08365075376308,141.462771948539,141.88197595554217,116.87562257486718,120.11348221751933,69.90072323110914,123.17411343644973
728,Thomas Hatch,3 Tms,19264,25.0,82.76502523034928,121.48251396008176,68.01105802514603,185.7735306222027,76.54606482374679,112.33357051694479,122.66247470328808,127.46357743895811,110.32635772595442,101.008990020032,158.75417997162106,153.51569109250494,127.01035538632549,80.78628358733788,103.23542454461365,106.75571583524129
729,Brock Burke,2 Tms,17968,28.2,57.16663888414527,105.07716282628277,47.46138543031178,156.13052009934833,54.18009224015715,99.82393816186158,116.13300464160032,117.2104321964731,96.96289830982636,77.12975270710643,168.36666651333735,140.62520864990265,124.57628283539883,77.06019253219571,118.37306818603591,91.50629331074636
730,Carson Fulmer,2 Tms,18311,95.2,94.72297211145512,165.62447938870255,56.9544937624621,131.08335467592437,88.32717233616299,154.71542909806232,96.93385720689922,116.19043616953124,90.79875503909504,93.72996991720304,135.2656758368449,133.4275355643142,129.35980842225328,91.46468143136285,90.81123345139895,115.18749494123377
731,Chad Bell,DET,10297,15.1,106.08862807662362,164.43806322929544,64.5158570962942,179.42077352028463,86.89806543235974,134.69256418627802,153.31499076347788,176.21460176279786,152.65613914593442,92.16738784259078,212.2234181477197,147.39439380956318,122.14059866525278,98.89636653962889,105.01722211363777,94.66098481209083
732,Alex Wells,BAL,19845,37.0,65.99730819872764,89.44719374547377,73.78354156967592,189.61845201920764,61.98010590303483,84.00262053227895,120.81016774304989,118.3970288004915,100.8618481964382,93.69788149907109,159.86486157621115,144.61630654956969,138.51224637356898,113.50856455418754,71.56292048606437,124.81075556161458
733,Jackson Tetreault,WSN,20565,21.0,44.673131550079475,135.4041383379618,32.992443122838,155.47846723082733,41.45038012534093,125.63598151303327,110.71980684718116,122.84961914958245,89.17088158536856,90.91404485377116,128.15479613721016,152.64203828995707,144.56366015685663,103.38230891317714,92.73158101426931,106.78571151940588
734,A.J. Puk,MIA,19343,13.2,92.25276280871125,359.0168055490396,25.695946634605733,58.60538923853048,69.48902481971943,270.4279676821618,131.7417182607832,204.5336365167293,132.96219143681432,78.18969207366584,221.07345848468435,154.74182799326965,179.480716589845,149.7521646359858,74.2296436021824,103.18935355458827
735,Taylor Clarke,2 Tms,17611,92.2,83.19539325402509,103.17340571618175,78.57122637539378,143.20704299144603,80.23448411520901,99.50813207548896,109.02935640866815,110.10553482304337,98.52651323225994,96.56184768170772,121.97448252309337,131.99487248124737,121.42225745190731,92.62066353835287,91.62865106367796,114.81814296448347
736,Cole Sands,MIN,21461,17.1,98.20138052257725,119.49470649386795,61.92506784511399,187.75852181429934,86.49341819054175,105.08715882310602,118.66928301550483,128.64326881321793,109.80095744339336,87.70183477760214,187.16142582010465,147.41672695596276,123.21267295234664,61.24893651583013,110.51026363577394,108.378043347126
737,Jackson Stephens,2 Tms,14420,21.2,89.12832976441271,112.42131950167895,80.44448781923876,202.32531665857806,89.15439138774074,112.13669683476941,104.99501327768017,107.22857703336925,89.86339095831511,91.46618352069301,152.17222886909374,145.25016257524857,113.2966954095836,128.94129474017606,75.54560952956548,115.04745412568944
738,Ky Bush,CHW,29823,17.2,64.91323851762736,261.733761831576,24.801245332861548,88.37901899119248,55.615659931984496,224.24541579737812,120.67218041715213,162.78155750039573,111.19273790492987,105.06087418611185,139.77160553081444,151.98911112286245,173.12368406654056,90.4753636295483,88.81664754522312,116.57597608551056
739,Mark Leiter Jr.,2 Tms,15551,75.0,93.96316539716845,79.88488200270561,118.88474483576934,190.799751012059,91.50974989748772,77.63926178504613,110.32672911535815,104.82743713495866,99.47001706709136,91.94122568204835,136.28626002097096,136.19943748813225,104.20698706443552,99.14032738622181,99.76235670914849,100.72696863228934
740,Karl Kauffmann,COL,27488,12.2,57.94258295650177,149.05229537970976,38.87399630288193,173.69228067631056,49.12998143376725,126.38263985323148,158.0230162093374,171.9416749858154,139.0064916887387,70.1821747726398,228.8104788752884,154.53625051349422,148.9530400032888,102.69680262182324,91.70802116348305,108.2949823984027
741,Pedro Payano,TEX,18313,16.0,63.823139462703374,222.493059575175,28.68545274039207,116.53300979897364,54.31319796333207,189.3405797438502,136.22285209808666,166.9598260659858,124.35465171337722,89.1466383540303,145.1041715424483,147.03532459056302,137.98419103061897,117.99842033116778,118.17204422255531,68.48923997558146
742,Adam Mazur,2 Tms,31900,63.2,68.26663655601341,148.4136044689174,46.10905571612477,124.41160572307552,62.1891117597154,135.1582549277394,114.471417348853,128.9437102789437,102.45476379783484,87.99560228416637,153.22548825019365,136.59710940738867,139.4004283150896,102.94013294532714,89.77826986014416,110.30585392560704
743,James Marvel,PIT,19675,17.1,52.285565669807674,94.34219664519354,55.42118368108464,152.6242014656341,46.20368164446595,83.36826668705024,133.41656855025056,135.41456435748452,113.14184977630377,85.2948583709438,191.40814760677378,148.95026585341665,124.48532896595744,99.31309702379426,120.44521573830063,74.97386829573126
744,Deck McGuire,2 Tms,11596,17.2,120.54544371672398,142.15143660946163,85.49748427835479,208.62397862461205,105.90613551065022,124.78192834045939,113.83376202885268,128.1674605948827,110.04174882082526,84.86172401576113,177.93066957278117,152.79967349547803,132.46977680250575,88.5014075232667,68.08751729606048,147.0037599081786
745,Packy Naughton,2 Tms,23292,24.1,67.51571890425399,124.6746958341828,33.53797343740799,153.58722185364383,60.270963187331105,111.52072062541308,134.65913597467974,142.78001373257663,119.77969310946561,81.92926339172124,200.49033023396078,139.93310794723305,113.56789052384624,123.8583030905374,116.04110716473149,68.51667537766932
746,Mike Vasil,CHW,30105,11.0,104.8848908163989,151.57685660135328,69.195846965747,203.6420320297854,94.01320486294382,135.8653861111313,132.30347513547613,141.82629967338428,127.78647185724536,107.71926081390528,160.28569540334703,162.99733579676302,113.19623323032839,139.36397660988683,102.60533317454312,77.53395363959645
747,Brock Stewart,LAD,16727,22.2,79.85652841274239,177.23207680847844,42.2512643049906,137.0645561429981,71.0075201861554,157.891337938456,107.51091330217967,132.5218908523687,97.28294047177107,83.82728671553095,128.23116014335176,142.7559994833722,134.40918420710497,99.49254669923437,93.78564292260589,108.80406077658611
748,Gregory Soto,DET,19677,23.1,70.02304076515202,140.83064946006792,49.72145141916566,159.81656034814543,61.745530293054514,124.18288942694302,120.6030962522276,136.74792924690834,104.92423738316205,84.50895199786423,183.01501811628782,146.46033929653368,140.69016233611237,83.29300247564936,94.53763537804424,116.02882986678267
749,Chandler Shepherd,BAL,16166,12.0,102.11696227383649,68.45936214122375,149.1643542947881,258.96208964419355,99.60835546030673,66.77759136187397,124.00721590450823,111.30648436678302,108.30889020197372,85.68526705317869,175.19056765464123,161.5530915125988,115.29532939657936,91.77654893668888,78.78136273625552,129.3685643374412
750,Conner Menez,SFG,19199,14.2,102.97248059007897,166.66523148345615,61.70204896968495,180.37398410215457,104.2944764058635,168.78270437042562,92.09611664757246,108.63150954707754,80.11069589840467,98.30971305755044,144.85471244842702,156.0297815193626,114.21731008123908,90.18598683718122,89.4695133853068,119.44366297195587
751,Alan Rangel,PHI,19524,11.1,122.77158882124495,231.835792239337,52.95626990802912,203.63998650998764,104.26340004981853,196.8858414226192,117.05187245633472,155.17181567352537,116.07336278958813,111.6683967503945,146.67522046350084,165.59665859412712,132.52814907314723,129.49212525587234,74.43825728426893,113.01199677162776
752,Jackson Kowar,KCR,21549,27.1,104.2274610894078,201.80160503322776,51.64847909877315,154.00718892646378,85.55000558759951,165.63897056056558,135.7866348186346,168.70437494522298,134.01873162653166,66.08154285362858,263.2582886638676,146.92363754983074,135.3776186374791,125.95789121588716,81.44795580890415,106.76016771281805
753,Louis Varland,2 Tms,27691,116.1,94.05366426314329,80.42135219946236,113.77812766166923,177.61409454567843,91.30556971397404,78.04178884989624,115.24732068237728,110.04123744617974,105.8877871315649,105.16936818160691,125.23788595159739,130.02353104961338,102.10684602992353,105.37167334406321,98.1307009332245,99.50227594304532
754,Lewis Thorpe,MIN,15906,27.0,79.12511527677445,170.46685421075935,46.2299807865456,145.8642706042492,74.61592023450847,160.41505679117196,122.54075216690647,137.2453659593225,112.17003470475049,95.90457133848459,135.7613687296301,146.36976311451096,120.95092824190644,112.57352101995566,108.55663970551119,82.93293200667328
755,Kohl Drake,ARI,32070,20.2,88.04215698672684,88.99503016570452,98.9292954093044,186.12256882079922,81.80666769623032,82.69205303838028,118.33815676904172,114.69221189610512,106.71260772591167,98.70688638368307,155.29657423499032,150.77211394257756,136.61244097044977,87.6562077459824,62.29909519887915,147.03978475094672
756,Walker Lockett,2 Tms,13804,36.1,78.48711225579758,118.72140703987894,66.41516573112595,163.6892506850255,71.67616144174318,108.20880488904308,129.32187523587152,134.30109654777684,117.57205650434793,80.3063458355589,209.20220686941474,143.73166441332776,119.64730462606123,113.28783620291219,99.47891266287431,92.10798101070789
757,Seth Frankoff,ARI,11346,13.2,80.88208933556326,173.90064375941895,46.510517407186555,160.91254736046287,69.39325162663599,149.19905565363837,125.15702122835681,147.12038384239713,113.23226542807718,81.38011760769378,219.1968223037966,166.8617075031834,139.56048582126658,66.99298454803844,117.5246413629527,97.88337060049022
758,Carson Seymour,SFG,30084,10.1,62.17958928235704,81.96655814959416,63.222967934716515,226.10542619605826,58.2184814819405,76.69962616980733,120.98713012859498,119.4992678200417,98.15333319575156,82.77474821988218,191.70773880639075,164.27837696701448,122.02179880649301,81.7072078082015,102.61542808521975,106.5508137662924
759,Humberto Mejía,2 Tms,20739,32.1,95.65367030614827,120.01308260413252,79.54625767476276,175.7215584001763,85.97279793526053,107.89909926743442,136.17979269146065,142.18222202447578,129.43744049727871,94.82272163043727,157.5617911179834,142.09752171351948,122.24442087039445,134.81422543868314,67.33850938139491,119.72203182035628
760,Ethan Pecko,HOU,33515,20.0,68.04554182615962,158.78966796497767,42.852625868144685,155.2380968243099,63.769628233730614,148.8114820284959,106.65312976992185,123.02326353892907,90.98864603209861,95.86991220975598,142.63099895278947,155.00754539485789,146.96274840090427,102.48994612505162,78.56447592126246,121.15909989912923
761,Ken Waldichuk,OAK,27681,137.2,96.17125809732416,125.39953589652453,76.1732308056074,147.84781886282678,91.74981077843728,119.76911854564283,107.7003221863724,114.42551850255578,101.5213973097755,100.45847197678215,129.8721321850154,134.40606251527979,118.28564660856013,109.02447271496361,84.44531592074307,112.4174635774569
762,John Lamb,LAA,8493,10.0,116.65474074894824,113.02199496638569,103.21419543102127,295.5070253276593,99.56710069050463,96.46647671198417,131.62412309214656,144.8058197959081,120.29037771690882,92.6874431389127,169.65118884754966,171.44296387576964,109.4601307709479,108.0662274455028,80.84519149509828,117.6106424984074
763,Erik Swanson,SEA,16587,40.0,74.12614959993938,41.12456303890955,173.82542111615652,203.99238217425167,75.4444315910052,41.862271690791886,99.98533549408202,87.38880857705163,77.75524292374453,65.74026431472092,148.2179308387638,144.81469344307453,114.42411811257372,92.96845216758962,80.58048247190898,126.15170731538299
764,Nick Neidert,MIA,18699,36.2,60.60053151664019,165.64475839414587,31.435962344078344,102.23035289689177,58.86313685021778,161.04025039041184,103.13443759406454,118.22299776155727,90.8154319596207,104.4147836828587,116.6725242047811,143.2970073883539,152.79031240650647,93.1384227300178,84.336443584984,123.20786958649732
765,Trey Gibson,BAL,33794,37.2,97.27408703553183,182.67837398703819,53.24882505355538,144.24778506713852,89.27748006288775,167.66093687769012,106.79725562096229,130.64417003113172,101.45019436715712,97.6798134119616,152.94295845198403,140.61566496570953,107.99661777420388,113.37383418191817,131.27186962146308,60.70060538050047
766,Zach Neal,OAK,11294,10.0,80.93647603219172,137.5424856548404,58.84471256707937,220.5553526291809,80.21162395086982,136.31067751537427,89.00952957745235,100.121230416565,65.57850511795785,99.25669831975554,109.09528795128196,177.88506695176028,115.37869767335378,192.2773888924038,74.12735646933977,80.80566941007213
767,Christian Bergman,SEA,10925,54.0,66.05074729883373,77.90940105125085,84.76857151576212,167.46498497834273,66.8406421355679,78.84270077320076,112.72788006905962,104.45682528043905,95.858043058445,102.54099869625253,127.26333326529765,138.99601502907126,119.16439290040522,108.21829905015308,85.24786200516859,113.04776052697798
768,Miguel Yajure,PIT,21111,15.1,58.983182203849736,141.74366053168603,42.81081716667141,191.22939917798774,57.62370439279842,138.13022440112638,113.41886030633424,121.42772939760074,90.27596034315945,97.76178562916441,151.70432594116895,165.921781070315,130.32186818983573,107.01848382762967,101.15883557575451,94.88240494480044
769,Colten Brewer,BOS,12997,14.1,83.75677547873624,161.53092291443642,51.85185252569139,187.15307045124578,72.63519572255922,140.08215933462833,133.16551905321478,152.95989584077697,119.9618294696031,106.78525128471203,147.87871140823972,158.30424089925776,115.79246067802593,111.35513593329087,118.2150511040814,71.91948653482812
770,Brandon Finnegan,CIN,16208,33.2,94.66436363599009,224.25966217752577,42.279683157209455,143.89652358320419,84.04273893911363,198.9240395711649,109.95040415167378,144.63955224032435,104.19461815269706,93.67520409145163,146.26639242527716,146.03889604722266,136.9816705046755,103.37227961543081,97.56140129025674,100.86204664072407
771,Jeff Brigham,MIA,16631,16.1,77.16843487808873,216.62810087690647,35.62254239280333,100.74849486207773,69.51570298229167,195.1452508772338,106.66700490423008,137.0308445158454,99.90370019438602,96.93051745346496,159.15913754463054,153.90997670878807,182.20530471086812,112.53236289757321,37.11838000239578,172.78631131086698
772,Drew Hutchison,2 Tms,10732,117.0,61.03404894426126,116.69356107418432,51.887009328364954,137.59370057757388,57.11017556375315,109.39574412514077,121.53925415532056,125.9651010987936,106.33049160817052,95.87777588448859,128.16578535892563,136.35859609825843,131.5279014443291,106.96435138735367,95.37737885032162,101.7383767211
773,Glenn Sparkman,KCR,15200,131.1,62.502680103395036,81.58272384050538,76.55642428668428,138.12959916222658,60.58552402911294,79.09800142152521,115.78926305968234,111.04746079577019,100.05955015932939,92.76787392140402,129.9829197439335,130.81660851057833,125.84813859254065,106.17138428266195,88.73778988546196,109.47643224542587
774,Matt Brash,SEA,25756,20.0,101.54056084148877,251.5078875984882,40.37271577796165,125.38967099970304,90.02082479438963,222.9744085770358,130.4605052395549,163.65585597760142,133.1841530147394,90.74041081092126,209.5463629382262,154.88421580799388,122.04879185325812,113.43333075713223,134.34258610542503,54.60637032633058
775,Jon Duplantier,ARI,19546,26.0,92.85599043708838,123.1825806644252,75.00151549109768,191.84511902540967,81.27976316610885,107.77068458977857,127.98779083453495,138.54965078630747,117.32859882941557,73.86963424008977,226.48257384533096,155.06211844259806,120.33818379684378,102.66681306926198,97.78100707510619,101.09909879709404
776,Hisashi Iwakuma,SEA,13048,31.0,55.97219647064876,108.44658552464537,51.61268568477725,155.30504595672798,57.93204362157316,112.24380348856502,94.14078380213553,94.4232168525797,74.39525175769379,110.42643395938777,103.54861709098091,149.01080190847807,134.21597364960277,80.73172772690336,94.30117908325313,117.43656010316516
777,Ubaldo Jiménez,BAL,3374,125.0,102.373153593178,121.02639683236929,84.5874571084745,176.0715599912114,95.10930277853949,112.43900953072168,118.62873962319058,124.89044911305349,112.83279849916892,91.76554830727086,161.6730771541717,131.228808926543,108.13748666702958,102.91246243944616,97.92722702792439,100.84442341751519
778,Stephen Gonsalves,MIN,15492,12.1,51.59179053318156,297.82830674418034,17.322662150031558,119.80017628157842,37.71481071675614,217.71947802033597,167.0264734410687,228.6408270309332,149.1600683689669,74.4893403182357,270.9668035739083,181.3149918261369,182.00302079469205,181.8422098075329,72.55337700091886,84.43840992145472
779,Taylor Widener,ARI,19266,61.0,105.43199494064773,138.52923392008267,76.10811940741586,156.2229309958163,100.56591147838094,132.13559012478902,94.64314421298272,107.75841654099266,88.0467886692101,114.02159334991882,101.7271763829852,139.38367349629067,123.2512270294363,89.1234018125619,78.4030746606168,132.73844713234212
780,Reiss Knehr,SDP,21541,21.0,53.023555300433486,153.36646125447967,34.83490031439499,139.65843034887453,47.52113975492566,137.41461706156983,116.9934523229955,131.96120116803078,98.42859381138808,87.07654327676875,191.74067857679535,160.8318143943372,168.445472095874,144.7185684262731,52.7959647817404,131.62563259054184
781,Wes Benjamin,TEX,19243,10.0,91.06037662734539,163.62307917035753,56.33621548683334,277.5397215351134,74.85459954542326,134.33223154870112,143.18441079113236,168.07663365232978,125.05828065327249,84.71231482558848,247.67020243446282,189.6094481974478,127.18676864045386,131.5618252338464,85.41615061240032,97.820604399178
782,Mike Paredes,MIN,30187,22.0,52.34271948987005,84.20663407206848,62.15985290981186,176.40691138596742,51.14855613723363,82.285515459659,109.96305448691945,104.8493623350992,87.94501174581362,116.13378433646149,108.02489986736572,153.15887121466363,129.98405569618947,102.48994612505162,97.27030354472264,101.61730978949674
783,Jake Bloss,HOU,33168,11.2,98.29719157454537,74.31369446686065,132.27330841787855,334.5777209447246,87.9738624981041,66.50915141905162,129.95465583385618,130.09605669582805,107.58926954689976,115.1628812928158,174.63612752463982,189.9932192566827,116.91530365023802,116.03465417979272,60.268439509004445,134.17446504106258
784,Jarlín García,MIA,18282,34.0,67.9636900392138,104.06642036315547,65.30799438037425,169.39572064708346,72.69111160124345,111.30506922435299,77.9237443613894,81.71817534825705,58.929371543232314,114.76277291292267,90.36038403186456,144.9826895675217,120.89525549383656,97.47121333525307,89.56215160180531,115.01032410825647
785,Sam Aldegheri,LAA,26443,48.0,69.73377597789387,166.34423884133497,41.94754073680414,128.32290145591068,60.95933539431423,145.40628143389984,111.81502689053598,133.35365976346884,99.35076805292297,89.74455930610684,147.08105325670957,150.4836550948236,154.86823048147596,105.71206082651243,80.82716615920506,117.38678555668962
786,Carson Palmquist,2 Tms,31612,41.1,90.66704125364204,161.09057558868028,56.83774482657037,169.34921940151702,79.06492164220153,140.40985308375406,123.54590691813696,141.50745182306133,115.09311163487406,83.40319277350025,185.63411010129315,146.82787042467916,139.8874913007882,119.50663463664168,70.16608452650935,123.23339909906288
787,Andrew Moore,SEA,17553,56.0,48.18740125393015,34.906414130417716,137.84300076499463,181.8598152861067,49.953981824025604,36.20493783984375,105.145981806577,88.35064602454369,81.32768337926089,95.96237335824313,129.21314576833424,142.8424272863546,135.59510435842003,105.0800632384561,62.23820648937605,141.87422753406656
788,Mason Barnett,ATH,31741,47.2,98.90423024466452,158.51413096876732,62.40702491651621,193.54775541023434,87.94793362654278,140.95079129659035,122.44362722588549,139.58921097268262,114.24474121417884,83.89549921678848,181.97474998932418,146.55294983854887,128.99418871725234,107.7316819711822,82.96586088496719,114.03383794314108
789,Zach Logue,OAK,20231,49.1,80.1636027305486,95.96485624716038,83.53433632582096,186.39005629024527,77.45977935909931,92.72807082599076,112.60772459446353,111.65709644211086,98.32387135316328,88.83420937233836,165.7477219539416,147.8967291922742,132.2720079974247,99.2955832821955,65.75417703800125,138.64718740645014
790,Victor Mederos,LAA,31533,13.0,80.68067824855673,171.0097721087109,47.17898657613277,229.74996493532961,70.543818799842,149.52381050952545,125.52782546546521,144.00823026010409,107.233402957129,93.99033541739733,204.28188720906246,192.79951952586362,159.9329711277278,106.95374947942476,61.86999317697165,136.85644352556676
791,Ljay Newsome,SEA,19942,14.2,61.50607618865149,55.14848482768899,116.00096200558802,280.68156829805673,54.534178311822615,48.69247779878048,147.65828128938819,139.9435243307069,119.23432253121315,85.00329894394618,234.9442894122574,189.24423640453554,135.9412838854238,115.22872858101789,74.67189239705073,120.45111451864385
792,Nick Kingham,PIT,11694,86.2,97.36652021246246,97.38436273974791,99.98645115506581,191.91615202377386,89.73397734489649,89.77684538348396,115.27109484205376,117.8820560902061,105.6353184688675,91.98811749703817,150.3092300113217,138.94266340089823,114.57548993212774,102.92456703051869,86.34788259548807,115.47867673769991
793,Ronald Bolaños,2 Tms,20041,18.1,82.31785089784096,205.62232904578656,39.86390740241025,145.3094279693226,72.6467772985086,181.50551503126266,117.46750221404972,144.4791684615611,107.46338149941997,83.39992113295988,181.93924245740902,160.87723435432207,131.01839739400907,129.58235060309607,105.89777606143859,74.73274259294026
794,Logan Allen,2 Tms,18555,63.2,68.50447342126404,107.83705412019067,63.48280194533663,142.62458429622893,65.33989095369648,102.880662188913,121.4380558455621,121.31254721952732,107.60247127370788,81.3318823887956,167.16903265326405,137.30716962905112,115.74339690562864,111.04468741652549,108.90170048245007,82.34833310735635
795,Lisalverto Bonilla,CIN,11266,20.2,51.91168518751871,167.78076833650272,30.940187618658776,176.762789759561,47.98239799556167,155.08113945791618,111.3635930474822,128.9066741416279,89.84818185022884,87.14495260340642,176.531576303274,166.4593409542898,141.2917136129507,96.48546030358428,104.30893777590747,96.46137012894698
796,Darren McCaughan,2 Tms,20038,25.1,74.38981820453739,67.85140660242382,109.37083323288796,209.5470873630747,67.24309277029997,61.348190811533584,132.69944048685957,125.38392894576404,114.8177537404683,88.41601482319906,179.29461622674378,161.51991955989058,138.08458318083873,69.00652590881619,85.92797885005984,133.07017649675018
797,Tucker Davidson,3 Tms,19871,72.0,73.58300480338806,180.93927359282839,41.03550367897942,121.150006734884,68.47071400600177,168.24503649221384,99.98708140567909,123.51010870865473,89.20358110178086,91.28519683232086,135.7421672998194,140.217552815699,136.36288972536616,99.37409647110704,101.61904098340302,98.56200207568804
798,Bryan Hoeing,MIA,26304,37.2,72.36966614956445,108.80059149829427,66.26236169622501,181.42483732520088,66.56167965692423,100.12483189013865,127.64241063566793,131.3479181359113,111.8838502624197,83.41495751241004,182.41846669828348,145.29758997114305,122.50717923923779,93.39048542093703,101.01139206551892,102.7076084801973
799,Tim Melville,2 Tms,9149,36.2,77.74196962423102,126.98393715336896,61.26923504728802,181.0942287882679,75.79782636571116,123.80112990935845,108.30894199226108,113.44722659339143,91.35705692033945,108.72486228683628,116.47130823020854,146.9699939120601,120.5723450518135,97.01809675006679,100.51358800954253,101.29080365995652
800,Mat Latos,TOR,3815,15.0,72.29742044125464,149.41529561173363,48.386892841575396,229.25982974564607,66.20804945597817,136.83054105350766,123.80627669424746,135.09783334292175,103.02125080358901,111.56224867576687,151.22940117777358,179.12440391076237,139.34453489713516,69.22745657774023,101.65667112798937,115.0878290545523
801,Troy Scribner,2 Tms,15570,20.1,100.66379364161382,176.75984644563957,56.53900493030473,202.95125885434055,96.0008967809798,168.30805131865884,79.28493393776718,104.39805304779438,60.050977762111465,108.04101584447051,104.63261217784411,169.96314985117885,143.6489682900166,60.5611331646603,73.86705590942367,152.32927035438738
802,Luke Farrell,4 Tms,15101,18.0,81.66850862607943,107.17530915645435,44.13793629165983,259.30273850450635,67.18080598631327,88.33594673325496,149.09566820049508,161.90457694270552,131.3094607560949,72.08421876168899,275.55367631923974,177.3735274708222,145.55982270295488,130.79301798058108,56.38650821412848,135.49896633736066
803,JR Ritchie,ATL,31760,55.0,99.24751936818137,157.64833430083235,62.9550061658541,153.8613188251857,93.25960139313692,148.13690750116203,103.5458871729115,119.55793841971489,97.50162474325404,96.87898111099035,136.45252020965725,142.59828340836427,113.94943213956567,100.35639707330108,111.65738592640339,87.18068322382713
804,Héctor Santiago,3 Tms,4026,114.0,78.84473410596964,145.16103859075113,54.38585954133623,147.33228711776013,75.05464021326318,138.1383842024246,104.57881737844836,116.40140789702617,92.84414284253177,100.99862365554331,128.52929149443798,139.69732070638187,141.06236462040263,83.9224010080425,77.75450745298659,135.4781212692745
805,Gunnar Hoglund,ATH,31318,32.1,74.60883632480065,94.54019989661717,78.91757751121918,230.93425218699895,73.53812471628866,93.18345381147135,123.44386742551121,118.2129462413133,102.71831230630248,101.73974266584504,144.60548751762929,153.63874297008658,114.78120903281268,92.466892177264,99.04555623921517,104.7816000808241
806,Chase De Jong,4 Tms,15036,87.2,81.83444199040633,110.9392495931818,74.17821143981195,163.94134785367967,77.4053633628879,104.91604691272087,120.3944344075186,122.88652235320943,108.919032626781,94.92988957767635,149.05077577771476,136.8723377875359,128.56027354104444,116.87595542401448,67.65692385306527,128.98625896264696
807,Burch Smith,2 Tms,12784,22.2,93.57333601504423,112.19096834105564,83.40541044096956,229.79985001884572,83.81069068282598,100.48591261640449,132.17973093846584,137.9464182149269,119.58861971587487,68.57993996629054,237.40801878564346,161.12317636795032,110.50191391325777,123.83266075044868,91.96534467328009,95.96219373557273
808,Mason Englert,2 Tms,22288,22.2,110.65033578967605,71.58884663833668,156.60144893613077,308.19328564678085,98.93529152826873,63.94031997528828,134.50812579730734,132.58179302226608,120.47854023893633,99.57697417916755,180.49813768163153,166.61413734927746,91.67374130254026,132.9304495047736,84.93424376081474,99.1819947095639
809,Julian Aguiar,CIN,30031,31.2,63.039390049306284,109.37230606714611,57.637435918727185,202.34282441835748,60.51335912312834,104.98968106635944,99.77870831047765,102.9844836205933,77.86906118868986,97.19109778108162,148.80125062933112,161.56003366343322,143.6155229954169,78.8610839613126,86.64976688097961,126.79476128506666
810,Jordan Holloway,MIA,20631,12.0,100.48987187978571,352.09514217692254,28.54054477778094,183.26151831050169,79.19565517125646,277.48473960024154,119.89832285741745,193.3312800097313,112.51861669638762,75.07158124750045,249.07464887972563,202.49654986274624,174.37384778207337,103.80894946193018,86.91625818773413,113.75634960161844
811,Adrián Martinez,OAK,21023,60.0,99.47344194437889,98.2837711568198,101.24252585579876,193.3714980329749,93.14418864377821,92.0255833210341,122.42155109875456,122.22154437240162,114.86188766319243,94.54226857253168,163.96764301765518,143.87824973424398,104.52595307610905,119.87579135888812,95.70403960412528,94.42199912838905
812,McCade Brown,COL,30004,25.2,95.97108154955947,186.99731210383166,51.32217397321227,182.05892703757297,83.20573925221423,162.12434141516147,118.12352941549213,141.3234132377557,109.93173317924175,99.21036348534022,155.27792716933607,159.97492345451323,147.31791880333788,99.52812159467344,82.00816105088927,120.20324329546523
813,Daniel Gossett,OAK,16164,115.2,78.50764867789802,94.62711782398631,83.01216010019155,156.80581550950257,75.19339101004239,90.62389909086079,118.0656442421556,117.1300059331152,106.38620404356134,95.33195877399741,140.8156865428339,133.37613805063836,108.44470201340167,114.15499639915743,99.51976616442779,92.78925064260862
814,Jacob Nix,SDP,17775,42.1,52.10388499395858,83.5809221172698,62.339449177758055,155.4858685168329,49.301268214179785,79.08518027799381,124.2393149607073,118.50210334108834,104.66101925126156,85.12444749319923,179.7298743462963,145.1237349425494,137.99211347943174,97.56658634153119,90.31715392778848,113.98020003293985
815,David Holmberg,CHW,7725,28.2,68.09409714573788,166.13768385694036,40.98654450868936,167.94619159645458,62.72341524969215,153.03415709556484,104.60087089126169,123.05425533646346,87.4771134431759,91.40604412535643,124.62190071879415,158.69955650533802,142.39571909781066,78.07607843066968,102.14306664714603,109.60745624243077
816,Shintaro Fujinami,OAK,31839,17.2,80.17293591247214,186.85019608872403,42.90760288897675,166.45689387042546,64.21196504310053,149.65172298777225,135.486024451755,165.65779260548132,122.98657353269475,51.03027988942207,345.8115285688293,173.18197727416685,161.83010497980328,70.18796985053048,99.21661567758132,116.166783040686
817,Dillon Gee,2 Tms,7396,16.0,88.1124824757574,140.07684172330787,62.90296069404802,300.9035310249725,78.24587692471916,124.39140074004928,132.49443646226482,145.41780889017804,110.53008832571652,109.20965970275407,174.463754790766,194.89634439459698,140.05103617615447,80.9152088970633,75.61240001255408,139.50039882909203
818,Nate Pearson,2 Tms,20160,19.2,71.21696351528153,241.7611800356479,30.246913963597756,170.49972521092664,64.00654671331793,216.66142771690627,97.61422898977624,139.16974483295797,78.43220140837934,86.23368849113021,149.9583040748612,178.41930759622673,163.9038035301265,83.3329650223869,87.60188143562067,124.12183476942357
819,Hunter Gaddis,CLE,25636,38.2,66.15093130287298,101.21404506952526,65.44097772769348,227.3859407705717,61.4309050650755,93.97226235589022,117.16027700330247,118.82710373676939,94.77023579457658,87.46852303742601,189.78165814393438,172.98727596786262,154.43102497260705,91.4482027641953,59.14123041102728,149.3734127304768
820,Rookie Davis,2 Tms,14962,25.0,85.30041243632492,193.20754055412817,44.32751676371206,201.80349023334597,70.41405472434454,159.41206211329202,136.23017755915177,166.38131519069486,123.60064075052281,90.35558884867191,195.13790028338292,169.35173398011997,139.90327899179255,112.58109604787663,90.66576424112937,104.21801695862729
821,Hector Noesí,MIA,3292,18.1,82.3893753827811,178.39251550816607,46.18431973423721,216.44886536781783,74.35075212607828,160.9869981429783,109.61793740344912,132.15825972829887,89.65957906801431,55.88424485652832,269.47325590757947,185.6354589656253,150.04961381440467,80.8941265664042,80.7940041508754,135.7885851225052
822,Ryan Weber,2 Tms,10160,34.0,41.621139491507584,91.77075086550597,44.43832048698454,174.63067416014428,38.5307973022619,84.8759541919851,122.02191608412856,121.5079850935633,96.49362863820859,97.89485681546614,146.04867378192313,160.24523882752032,143.4452983345297,85.01298907279303,103.94256662140984,104.13089030518903
823,Manny Banuelos,CHW,5365,34.2,94.26179749968672,165.88227623486273,56.824515891636,197.20956241000974,84.80711386468187,149.24389537579802,129.51864772248638,145.55461204707086,119.67596184693335,98.71390368038509,175.36270008369686,156.84727751500535,131.4087402432615,121.24608283004996,71.55371471375204,120.64159689051263
824,Steven Wright,BOS,8185,48.0,66.93011858327714,88.04829730249259,76.08500503264042,175.13162693937267,63.80815760188775,83.92858436144178,123.73566448023358,119.58473133181944,107.06743907958058,97.55157151091049,136.4267004017,146.72154240417595,116.1216320169301,97.45022729498778,108.91405901415474,91.39370560351007
825,Didier Fuentes,ATL,30661,16.0,127.14996408004305,122.29517646519801,105.7649307100942,340.13451559175365,99.65468162032411,95.77027707969727,157.9188152081636,178.11334890729867,152.48930491076547,71.4944827217381,320.82035980944295,197.04854543922247,114.08592318175054,145.89764594087907,72.45940241534802,106.8792264740718
826,Carson Whisenhunt,SFG,31676,58.0,77.52402316087262,153.5455733140753,50.486845161922155,146.8858424468835,72.10222385567806,142.8073866614097,113.001797129474,126.97614549540626,101.87858666800906,97.8801121743237,144.4996148532348,148.1623652546026,133.00273550798332,104.98721369040412,89.48531837796587,109.0786301476013
827,Thomas Eshelman,BAL,18361,54.0,56.34472922582708,90.34076366222152,62.81760877502223,208.1966976106342,52.701782848704596,84.30277626138228,127.2914228453335,126.1075890123814,102.55010362090107,88.20468010077165,154.39377834669847,152.25478950068734,141.93896527574583,120.12716837623981,66.89499962387329,126.46608216563857
828,Jonathan Heasley,KCR,22224,118.2,68.19447645673775,124.1653933746229,54.999151238450914,151.57969022820808,65.09628444571587,118.49557692746058,110.22721806953075,115.93276886214015,95.54281321711406,96.97190340052471,127.34759155821122,143.94640743964274,138.7502132696814,86.84277081370607,90.47422174009506,117.59347334018335
829,Jhony Brito,NYY,25386,52.2,72.99650880700305,109.68578499586089,66.55056776493228,181.46960269808042,70.61734570008727,106.11081214911012,112.27338389883195,114.06216674181626,94.96431627208075,94.43841196387318,149.31753647271597,145.0984099513498,125.64327431108026,77.52788828615118,101.16203942541154,110.2759723805822
830,Bruce Zimmermann,2 Tms,20370,134.1,76.75814598061093,73.46222594715996,103.48445957763168,201.4860183404331,73.22138369301811,70.20349402037431,127.54962033973302,120.0032659491479,111.49658758997631,100.06106077720587,146.10988210808776,141.97661654004466,113.25759834164738,108.71743073719,93.64200085778901,102.37065564671374
831,Travis Wood,2 Tms,9884,65.1,72.39486127502406,110.64054939082455,65.09914426569308,178.27147943238825,67.18664760693346,102.73145223457074,121.75484950858734,126.11441832533934,106.66778768027729,86.02708914108783,164.66117176574284,146.21139030328465,132.88235782498182,105.666918611107,77.68590167380792,126.13973438462978
832,Chase Petty,CIN,30170,17.2,60.61030652476895,187.33716058914254,32.311936845238364,262.88733202122086,50.69137703417734,156.6890780202237,133.6835884410121,160.98637255211023,107.69422060934728,70.39203016606798,261.6911015606969,197.21399748653937,156.96469223267275,152.93299889015117,67.46356508292892,108.45685565050186
833,T.J. Zeuch,2 Tms,19269,40.0,53.830064395176336,125.31108933059998,43.21956548718842,185.7273330252025,48.01716964059501,111.46534481895678,131.48855467916002,139.80252598546355,109.6384923191563,96.28362213796406,163.64131364005112,159.07187434629384,135.00405391650858,83.66655672834179,118.84008127598658,87.15173574798875
834,Spencer Howard,4 Tms,23252,112.0,87.63624438690016,135.42005198901722,65.3799368505163,162.02582572815768,78.98785267235696,121.93425236343349,122.20723065014583,133.88736283826566,112.86531885608233,86.79686423280353,169.80050989714306,138.42573678582173,126.06372741024039,98.69503855790241,93.03714167833104,108.83085995015212
835,Justin Dunn,2 Tms,19268,133.2,85.9357391139357,174.10010090174103,49.32271720665264,148.8384002130416,84.03177950675355,170.34993749497013,85.9644933525071,107.77972207226863,73.7528124814761,113.36480168397689,105.23083872950465,145.80859856641416,140.52008953358933,86.1986897795918,76.7003965072325,134.92014832514883
836,Nick Tepesch,2 Tms,11716,15.2,62.29882790347011,160.93931378618575,38.709514273260325,263.4048553199897,52.138838830718726,134.69256307880585,128.5975412721982,148.51177134653304,102.18819486717186,102.28248449088633,118.31149367968925,209.26477761157577,165.48793392115678,86.7511987102976,85.11922215123552,124.99095870469033
837,Joe Palumbo,TEX,17035,10.2,134.02847304081277,154.03351891218756,87.01253999286268,407.8651696363121,104.39180745429123,119.97330067468309,155.61689838997114,180.87298319167286,145.4949425046514,84.15517299617126,284.6271589335248,237.40452329262092,122.96889076049044,117.99842033116778,78.78136273625552,114.14873310999778
838,Dylan Dodd,ATL,29928,34.1,45.807589251941764,94.26885686388545,48.5924953786024,192.24193918999035,41.084304746870565,84.54866417161765,141.1837182749288,142.18143007265874,116.59723960961755,96.50807282802859,173.2082681979899,161.21883268543985,148.45795760107842,91.28604682972562,82.37632772259221,125.64751177665086
839,Robert Dugger,3 Tms,19191,53.0,68.58601630294908,155.23848646315628,44.460375682846106,144.83160096923072,63.20928021670041,142.8977653226782,108.83774776146689,123.5985913779502,94.07355263911785,82.900028033029,161.44992827974457,153.7440956407416,149.60387871246357,92.45995566558662,84.97134328899119,122.65148850244717
840,Nick Nastrini,CHW,29833,32.1,77.38485442373711,286.01833862665325,27.055903999485327,169.01348533616374,65.98039687357806,243.86689097519155,103.093949411504,155.6493763770607,88.02758417473613,79.04168231794961,194.39649793844544,183.30403546963805,181.3165262335995,75.10333554301877,74.89670136893814,138.95090220864589
841,J.C. Mejía,CLE,20617,42.1,86.52403263898537,143.3268068815141,60.368352179956034,182.30246997617311,77.32171639964703,128.08320424757477,125.31495365889245,137.97449440002887,113.43078620245586,72.14109559327972,230.9180542162431,156.34004622627364,119.24108764110461,97.61736574112122,113.2817439251569,86.25314704497814
842,Drew Rucinski,OAK,12499,18.0,33.72353525355427,213.9550003567949,15.761976559451721,204.2179407408051,27.229735273331183,172.75584921376444,138.93831257480454,175.42610607083466,108.72726065933882,79.40535862801256,218.19059902287177,210.42122045807267,176.7148168559465,95.90248155107386,106.51633652353934,95.00125993637046
843,Lyon Richardson,CIN,24581,17.2,83.33463550122688,258.7471733737529,32.23289059461612,292.61386195585885,71.64284806892763,222.4656238441775,103.60386331331519,149.01596845439155,75.55025219602769,85.05931231209985,225.5269741823458,215.8811663726297,157.05442353831086,61.61808137239504,107.56730300183794,111.82071545880439
844,Cory Abbott,2 Tms,20277,44.0,94.42051149502156,160.64005802308927,58.87655853886975,218.83435362699797,87.2913454026853,148.49004120921958,106.03725872456815,122.48063518925127,91.44739195228317,104.51683592092729,142.36914478501,169.84137325041536,144.95156446192726,71.76173241363027,68.55338845336935,153.08162235260085
845,Matt Swarmer,CHC,19705,24.2,101.42008505211908,115.27649912383875,87.97984832756798,364.0087181355725,99.17100273075789,112.72013255175237,98.16395246244929,104.58819197175461,66.31043486314334,102.22090523067978,148.82585299138506,207.88034594079733,118.0341660920682,81.78531971389138,69.4155097057575,146.4280785340676
846,Bronson Arroyo,CIN,978,71.0,67.99697517231004,71.37800082964266,95.2632092500985,236.67949357092297,64.3739004621827,67.57477279033164,123.99112743174818,117.7777622852348,101.90934693885039,93.06097149812082,165.5731228733339,157.92286050855085,134.22163008411536,103.84804363184814,67.51143647230109,140.06190956729293
847,Connor Seabold,2 Tms,19695,80.1,78.79169157340287,106.83873325383912,73.55387151091085,206.8272566673307,70.78399661956574,96.02574183914945,130.73819367653584,134.45778646531969,114.92982204488868,81.60425920303312,180.27395420978627,151.269671918168,139.03914332839733,95.73726164414707,72.37583401892654,134.60355588560418
848,David Hess,2 Tms,16130,169.0,78.971992376212,100.69772185109136,78.52710763651109,193.0737974267793,75.45749518897762,96.17856293368013,109.50564034053163,111.10616543553517,92.22470869866248,91.14675032097372,137.21457213078457,143.29902108196828,128.3382944829102,93.68113339159956,79.92291001752227,127.03367159723832
849,Caden Dana,LAA,31508,36.2,99.97987355407678,153.69724022124637,65.3831209351473,249.00596262816546,94.62474442181393,145.38317859328535,108.99005664148301,122.33768204703783,92.05399983222325,91.16556398995442,176.2641767464543,179.01637190470447,111.64598802268559,86.90705132049548,113.93526411589508,91.68836318067709
850,Tom Koehler,2 Tms,6570,60.2,90.32346553970284,141.35574010953843,63.773291619697744,180.6476155184974,83.08112852631533,130.04602144353484,115.53814053215473,125.76210460571413,105.30678840262726,91.2354999149453,179.14132344729455,156.94491506622276,129.3526377046423,109.48369220480207,84.0601958660834,114.9554013431655
851,Wil Crowe,2 Tms,19800,126.1,95.4122519582301,133.08692372454865,71.43954808242721,178.12509201751047,89.83270953809775,125.36562430754717,116.82538245245715,124.49643900576271,107.86377909467633,101.29239360999331,136.2382643145426,144.0129173901747,118.54969217791503,90.86103498243327,95.8049370179071,110.42705012466494
852,Chris Smith,OAK,4544,46.2,62.74384128825884,108.05929101253884,58.06427140989048,221.07200880197254,60.16019900287787,103.60966411399303,105.15431465259113,109.36492760596369,80.59485607083494,86.13261851864112,164.3363850565988,172.93023102845532,138.56952262280095,89.06815590236926,81.79602276925266,127.64843497814174
853,Ryan Carpenter,DET,12699,62.1,64.77466587677517,70.70938850539835,91.1082062537952,214.4638870750411,57.781702646168334,63.18026537129731,135.46506111536127,133.33191772492233,114.32635503015483,79.73773388878436,190.54438523451526,157.51403025670447,124.38422950189918,132.4094830278864,83.00033738213934,100.92208011980837
854,Ryan Castellani,COL,16377,44.2,55.19649789874563,169.5373414620192,32.65388104306902,196.98757876464325,53.546353746511244,164.39295185251976,102.10058952931671,118.12172742308343,74.73070512572575,106.27050218927265,118.3216609399777,176.19512275578126,158.05290159603646,91.1791470276981,86.15783834588174,122.43721875264157
855,Kohei Arihara,TEX,27505,58.2,65.30800535718542,111.54985723304192,58.913083913016315,188.5431142613142,59.35770578449332,101.27303428474555,130.6471347101678,133.1334180731359,111.59618510029065,90.00104740319263,184.96076068443145,159.14183412923933,130.96094338908543,107.21096474770376,102.51633832247926,93.44102207072457
856,Ross Detwiler,2 Tms,2859,64.2,73.992578172543,105.4119269441033,70.38191611640445,223.51480630192307,69.75725602168741,99.44430262955137,119.05458168477882,120.16126962768337,97.57549080207912,100.94426817511506,155.12275656990627,164.50201810772438,126.80703802456698,70.47690254586959,104.18415670134569,112.5637254391975
857,Mike Pelfrey,CHW,5203,100.1,69.1749282150884,153.57258763527932,45.043798402433225,150.80876490226234,64.90417109636203,144.09124250051605,107.672693935157,121.18408149721158,93.11444536339182,93.73622155094485,140.33048764484346,147.92655290550954,130.76225101019517,80.91520867229883,114.11871461672658,93.83062530340631
858,Bradley Blalock,COL,26419,85.1,56.00117506808727,140.3599085118744,39.914198580584035,174.44385168762358,50.1563624934924,125.70406060416424,131.13603565584967,142.29059426751323,111.4015036582862,82.96865754349447,176.6099911690555,152.85058729029964,141.74655726843568,115.8217285952249,91.16189505294412,101.7515643285109
859,Matt Koch,2 Tms,13420,78.0,55.205824765814334,76.76695270764309,68.4114734365411,200.42059751214393,55.606934859905124,77.29157195057141,113.93914024324123,103.86721190786474,90.93668578629445,110.14586028675923,113.26439683325455,160.41496935960407,123.94455414046843,103.70200228383828,99.11235559687697,98.83108073417853
860,Elvin Rodríguez,2 Tms,20962,32.1,76.06445186439072,118.12783304197237,64.60631663212239,353.1160356122554,68.29597324445814,105.98436195647682,139.61221775347582,144.35898811342855,111.14589689173093,83.18835691641092,254.367722148431,220.14984815525474,147.86465198855618,93.91370012824567,64.79536886563552,142.302650247247
861,Jered Weaver,SDP,4235,42.1,58.28821721040695,75.60802285973534,77.09263414613775,276.13956372263567,55.468657227668636,71.95065371037033,115.7074648756697,110.12888977500334,86.06780491780498,80.21366891270796,176.72857000718383,189.0416179036864,128.44137130930628,107.76683773116315,90.31135127322855,108.03673455599598
862,Amir Garrett,CIN,14375,67.1,97.1930214454919,142.60719845575815,68.15435772922645,249.56794314058115,91.82513860714735,134.7311254030693,103.70328100138673,116.4981124653414,85.42630575071577,90.76338619875901,168.56912864992114,168.98635877930172,119.0948537194062,89.28287007186239,94.08192140778834,114.04299900614222
863,Adam Oller,2 Tms,20132,110.2,76.57107874869193,145.4212673732043,52.74933332705453,185.71623036369496,71.35181837154154,135.4436139353087,117.06058048561462,128.3350215267422,102.07713199060302,93.59403749091236,169.0384057087824,160.3188466927437,143.17981328634147,89.79883115747427,76.2705018997023,132.08014483394172
864,Chris Tillman,BAL,5279,112.0,68.46896734671219,162.95371198625872,42.04728427896947,180.81730768488836,59.78828211423123,142.27728752744173,133.31151891839295,151.38953770927,117.04842524033698,84.1501386286971,197.23966883272985,156.4428283646294,138.31699602925636,117.32857277635222,92.57872609715751,99.06072285493282
865,Corbin Martin,2 Tms,19884,36.2,94.74007293519209,200.96684316531167,47.021150032780874,302.34788487898874,82.69763675490736,175.21676549880004,120.41196477459741,149.23546179940593,96.75573034620054,112.47886783233128,171.111824169654,218.19503431805006,139.98015164423123,103.82378858172983,82.70418314604304,118.84233490764333
866,Roddery Muñoz,MIA,25311,78.2,90.81945588287435,139.41878741443458,65.14147882832367,264.7175594983243,84.45787707134204,129.65299605762868,110.04075900696664,121.40573379408681,90.30515204192041,97.24202761602209,159.1140063000205,180.4547723351084,128.6452061210086,105.4131020373915,77.8413547149293,122.7685163435732
