rank,Name,Team,playerid,K/9,BB/9,K/BB,HR/9,K%,BB%,K-BB%,AVG,WHIP,BABIP,LOB%,ERA-,FIP-,xFIP-,ERA,FIP,E-F,xFIP,SIERA
1,Zack Wheeler,2 Tms,10310,9.768224252632002,2.310280362849819,4.22815534,0.9140186872439818,0.26775284,0.06332616,0.20442668,0.22242494609387958,1.0922118328143833,0.28564500484966054,0.75858599,76.7964133909608,75.4734006992308,80.42001866348814,3.2130840968760834,3.2096594630290824,0.0034246338470009796,3.3921482207868903,3.5403557222522086
2,Jacob deGrom,2 Tms,10954,11.479967454674327,2.0163532580645933,5.69343066,0.9419460475630217,0.32547465,0.0571667,0.26830795,0.2009782125389062,0.9632052465531593,0.27615658362989326,0.78642871,67.52187559375007,64.12587392073569,66.57317616021385,2.7228127937368596,2.6928028397062542,0.030009954030605357,2.8262937361393528,2.9394517860142586
3,Chris Sale,2 Tms,10603,12.143236299536019,2.037135316304863,5.9609375,0.8753315812247457,0.33531092,0.05625137,0.27905955,0.21243769285544742,1.017683484838063,0.30461777260380285,0.77664504,65.25749179101636,62.14093349329234,66.43288058300975,2.9045093377002926,2.62766274664773,0.2768465910525628,2.8276710060123897,2.817884487489175
4,Gerrit Cole,3 Tms,13125,11.051720329482338,2.2594894599863564,4.89124668,1.2166481707618844,0.30723092,0.0628124,0.24441853,0.21323792486583185,1.0448390694720286,0.27914197008185154,0.78875587,76.40695917234436,77.08213881719396,75.87118303815512,3.19445061584278,3.296892532865274,-0.10244191702249372,3.222083425440056,3.2034230161415294
5,Max Scherzer,5 Tms,3137,11.162309093369696,2.2311298008823677,5.00298507,1.185495834498691,0.30968219,0.06189948,0.24778271,0.20893141945773525,1.0234336698574842,0.27514231499051234,0.79260127,75.16999926661889,76.86541772871557,82.86485761871349,3.156882166024604,3.281044224012224,-0.12416205798762014,3.5026545961927646,3.2350347983668435
6,Aaron Nola,PHI,16149,9.85470942874418,2.431956189496954,4.05217391,1.2318386785930224,0.26697221,0.0658837,0.20108851,0.2331582200247219,1.156647762589252,0.29165714285714284,0.74196597,90.10950916240644,84.50720406323667,81.06922493888675,3.864695596787551,3.655113085546196,0.20958251124135518,3.41790948023137,3.5707890085207863
7,Kevin Gausman,6 Tms,14107,9.46201617561145,2.509418347814259,3.77060134,1.0954253812284962,0.25159756,0.06672611,0.18487145,0.24576,1.2326640486046285,0.30726897500573264,0.73193152,92.43418776634876,83.02800394045701,87.42738484739857,3.856344454324808,3.53370549337631,0.3226389609484981,3.686427481504569,3.7726191982497976
8,Sonny Gray,6 Tms,12768,9.519270380233362,2.863169939720901,3.32473118,0.9420752704888126,0.25549496,0.0768468,0.17864816,0.2288656069364162,1.1849487062357469,0.29033098775084704,0.73733895,83.58412852953171,81.48807235422224,83.43874781105745,3.5589510218466254,3.469632814770612,0.08931820707601323,3.523327794485173,3.7739633300992916
9,Justin Verlander,4 Tms,8700,9.911392433066158,2.239698363451487,4.42532468,1.1416644255255957,0.27358491,0.06182256,0.21176234,0.2126052233973667,1.0447077864151417,0.2659813684548667,0.78980434,73.20805267913298,82.01053934211936,90.06548894049979,3.0686776278458683,3.464777597664676,-0.3960999698188079,3.833915019564654,3.6077788743248984
10,Max Fried,2 Tms,13743,8.69674498255642,2.4286122956607024,3.58095238,0.6938892273316292,0.23787431,0.06642767,0.17144665,0.22985619721524767,1.132495751274585,0.28991463800189693,0.75442834,71.02986356112989,75.53396486627076,80.37397459554182,3.00685331843706,3.1575870960886023,-0.1507337776515425,3.375394535222645,3.664145705093606
11,Logan Webb,SFG,17995,8.33159775896894,2.130994808688326,3.90972222,0.6437380151245984,0.22574178,0.05773857,0.16800321,0.24908661078873845,1.1896410062392004,0.3116279069767442,0.71126658,85.54838665372449,76.23355233551712,76.89349383158718,3.507262289299536,3.06722202414076,0.44004026515877603,3.213542768898409,3.509750164810007
12,Luis Castillo,3 Tms,15689,9.387456207623833,2.885270952563202,3.25357873,1.1682692200562659,0.2509068,0.07711717,0.17378962,0.23145912383580544,1.2003933456358153,0.2853579446245947,0.74511755,89.94946453536494,91.32464861672268,88.0230117447186,3.7054195464410857,3.8396134821608507,-0.134193935719765,3.700114400744357,3.8673867214005297
13,Blake Snell,4 Tms,13543,11.310045197437713,3.9346327601680233,2.8744856,0.8581709312300627,0.30615823,0.10650888,0.19964935,0.20393603936039362,1.1829085687290697,0.2822014051522248,0.7814356,74.5391867277697,77.68328864106658,81.07167374098086,3.068365876756545,3.244596343382546,-0.17623046662600084,3.4581999637928824,3.6987280094268247
14,Dylan Cease,3 Tms,18525,11.170841734256705,3.860399728573065,2.89370079,1.0030959924638674,0.29464823,0.10182401,0.19282421,0.216520369119964,1.241204637139634,0.2921506511791623,0.73458283,87.73201040265775,81.97677561574598,88.47995985147546,3.67041942697006,3.511677582346454,0.1587418446236062,3.706569458737974,3.737627835586336
15,Clayton Kershaw,LAD,2036,9.326524580064843,1.942682966368317,4.80084746,1.0701219729994966,0.26045977,0.05425287,0.2062069,0.21918476934342201,1.0371951430610507,0.2709950599858857,0.7997936,68.02728272842356,78.2251912367972,77.31188048622222,2.807012252252526,3.3422041919539747,-0.5351919397014488,3.278655212172046,3.501073024653098
16,Tarik Skubal,2 Tms,22267,10.469388046192027,1.9187318317739146,5.45641026,0.9938046923546942,0.29303222,0.05370421,0.23932801,0.21462125660598944,1.0123906987023616,0.28112449799196787,0.76233734,72.5474545423374,71.25807475091652,73.16911186982541,3.010933028322143,2.9974010030502556,0.013532025271887349,3.060691522598045,3.1271758911981546
17,Charlie Morton,5 Tms,4676,10.263312857014371,3.4056441630118703,3.01361868,1.007116561824522,0.26906375,0.08928261,0.17978114,0.23051377222113695,1.2471165612066815,0.30076067875950846,0.74445552,92.21223775671173,90.34766717155459,87.19098221512901,3.8628220759453704,3.756749583978422,0.10607249196694823,3.7090507330270372,3.8221619908308306
18,Shane Bieber,2 Tms,19427,10.000715065480765,2.094744371823674,4.77419355,1.0618519857170696,0.27363973,0.05731643,0.2163233,0.23401858631371444,1.124061495991403,0.2997920997920998,0.77412281,76.74084567863353,76.59532291484783,75.10063956649313,3.2627815561124502,3.2418698462798363,0.020911709832613923,3.1990316286700065,3.418152977085916
19,Framber Valdez,2 Tms,17295,8.522765351620865,3.208217740100027,2.65654206,0.7495835841355203,0.22730908,0.08556577,0.1417433,0.22964277790104282,1.2184897595447401,0.28593272171253825,0.7381295,83.78393930132272,86.0478378978773,81.44533962953324,3.4630761587061034,3.5860699670178686,-0.12299380831176521,3.4115650354568157,3.7041768301602334
20,Sandy Alcantara,MIA,18684,7.556338208608092,2.6901409093087523,2.80890052,0.9507042480541402,0.20360531,0.07248577,0.13111955,0.23329886246122028,1.181533674536421,0.2737799834574028,0.71834061,87.02850247814332,92.44415268187582,96.48009478891247,3.690140933187922,3.878180222625481,-0.1880392894375591,4.088679681148845,4.2777731338283
21,José Berríos,2 Tms,14168,8.511258407157117,2.598675536078783,3.27522936,1.227814588147315,0.22630745,0.06909667,0.15721078,0.24148071267946722,1.2132450515026327,0.28695442488545936,0.74483686,93.07583695299836,96.69630576511034,97.39595522189823,3.9218543640822006,4.107338395672759,-0.18548403159055837,4.13912914693429,4.12309899194096
22,Corbin Burnes,3 Tms,19361,10.27184859131567,2.5403496516157036,4.04347826,0.984008955961814,0.28306586,0.07000553,0.21306032,0.20889690411782386,1.057642279197052,0.27062556663644605,0.76467803,73.54860518995945,78.13344503152443,76.68067255592693,3.062476852738299,3.2726241156873277,-0.21014726294902886,3.2143909889998774,3.401160797078882
23,Patrick Corbin,4 Tms,9323,8.306358625712859,2.8323700254692423,2.93265306,1.3121387669010571,0.21348982,0.0727975,0.14069232,0.2712765957446808,1.3956326678786086,0.320704845814978,0.71451221,110.03882639027118,99.51907003971888,93.76374047724089,4.658959674547366,4.236027943687336,0.42293173086002955,3.9635814314257725,4.2096396328498304
24,Yu Darvish,4 Tms,13074,10.038563923063156,2.4957316483308243,4.02229299,1.3193995338309452,0.27296304,0.06786255,0.2051005,0.22219609687279568,1.1118634625790897,0.27584985835694054,0.75188662,92.27768233689443,90.52679500346565,86.36237065673194,3.8548721319759545,3.8397639211264356,0.015108210849518855,3.666054923908395,3.6334474562082386
25,Carlos Rodón,3 Tms,16137,10.120754880881389,3.311320808342065,3.05641026,1.1207547351311604,0.27171188,0.08889902,0.18281286,0.20988593155893537,1.1490566223819474,0.2655475009538344,0.74824917,86.63343767784423,88.69175386361427,94.4478199457563,3.600000058300091,3.773374904120965,-0.17337484582087415,3.9571503174132925,3.8053356322091036
26,Eduardo Rodriguez,3 Tms,13164,8.804347834990965,3.135206790021173,2.80821918,1.1166489937061712,0.22969188,0.08179272,0.14789916,0.25127785728889795,1.325821846515803,0.30613409415121257,0.74596501,90.82494242851436,93.40729414209495,96.95808726259379,3.987009548040624,3.929620771852744,0.057388776187880186,4.134619665124855,4.2322478731922715
27,Lance Lynn,6 Tms,2520,9.24096054940738,3.0703836664160002,3.00970874,1.2818106568532817,0.24133904,0.08018684,0.1611522,0.23763648041104687,1.2602815372937304,0.28781834918686716,0.73342314,92.38314994818572,95.4550374616717,96.67367654188999,4.0019321088965825,4.140833297925071,-0.13890118902848858,4.149233022738569,4.133949515124483
28,Nathan Eovaldi,3 Tms,9132,8.856000291053194,2.1184616080849574,4.18039216,1.2046154242051719,0.23976608,0.05735493,0.18241116,0.23896792862310104,1.1501538839537504,0.28814713896457766,0.75068997,86.61477683005158,89.3874176378693,84.74075409634155,3.6803078132613183,3.764188609692079,-0.08388079643076063,3.573759888323798,3.7016932807204777
29,Zack Greinke,3 Tms,1943,7.585981414088372,1.6920106536708737,4.48341232,1.1707751442461969,0.20841595,0.04648601,0.16192994,0.24576467857971687,1.1315711059304947,0.28380478706869755,0.7458971,83.61824443843312,90.33902420268524,90.89650379064378,3.6085535267862237,3.7985027037175785,-0.18994917693135482,3.8552590933446296,4.056099953196539
30,Michael Wacha,6 Tms,14078,7.694551036070607,2.7145049884881045,2.8346056,1.1534919416730622,0.20519433,0.07238902,0.13280531,0.2448489697939588,1.2409823484267075,0.2842926304464766,0.75482326,90.75089978484665,98.17947483374387,101.59589855853248,3.785111281657713,4.105803163558916,-0.3206918819012028,4.272357869022466,4.383296893459315
31,Cristopher Sánchez,PHI,20778,9.004269653777078,1.9596774637665617,4.59477124,0.7813093156193481,0.24503311,0.05332869,0.19170443,0.2437037037037037,1.154174599211824,0.30836776859504134,0.76456311,70.2390530004548,70.36226723132181,70.19539106476908,3.035578816422713,2.998551257340244,0.03702755908246891,2.9133641255460008,3.1994092497425317
32,Jesús Luzardo,3 Tms,19959,10.28520616956721,2.947784945794964,3.48913043,1.0146361226468172,0.27545767,0.07894737,0.1965103,0.23267481969269363,1.2080696758531695,0.3036133270764899,0.72052402,90.26756863212785,81.26048809761423,83.68783771309741,3.8662976462962932,3.4327660408209884,0.4335316054753049,3.5212527894323813,3.6173503718976447
33,Brandon Woodruff,MIL,16162,10.418158122358697,2.298123115226183,4.53333333,1.0253164667932202,0.28945645,0.06385069,0.22560576,0.20764060841881854,1.0240069949326924,0.26939655172413796,0.77289801,73.82550326128126,75.76101141583045,79.95379464919381,3.134875634103409,3.224634966888664,-0.08975933278525483,3.3930183418106896,3.4076661908865655
34,Pablo López,2 Tms,17085,9.270466431183491,2.3409326702485473,3.96015936,1.0725388728230396,0.24881101,0.06282854,0.18598248,0.23923056082362504,1.1751295476148087,0.2974438419829589,0.73489279,91.91747885075954,87.21631381505121,85.85163228925032,3.8145078172575935,3.6129169947823665,0.20159082247522697,3.6039345758508707,3.7197107614122777
35,Ranger Suarez,2 Tms,17277,8.388457182146496,2.8182563655432893,2.97647059,0.773639002306001,0.22271127,0.07482394,0.14788732,0.24672419303291787,1.2611543736004176,0.30521739130434783,0.75341028,80.02446204471586,81.54601240980885,88.60642056835334,3.404011610146404,3.433101185502929,-0.02908957535652501,3.665105700802073,3.945755975589892
36,Luis Severino,3 Tms,15890,9.114765217349229,2.7815436597676073,3.27687296,1.123489947267698,0.24194324,0.07383357,0.16810967,0.23625361746908707,1.2130872638508747,0.28977910894795955,0.72683558,90.97680175294828,89.29415468352363,90.40569318777435,3.8597315930325755,3.832613511439783,0.02711808159279272,3.783537548155965,3.872112343212077
37,Freddy Peralta,3 Tms,18679,10.470472755446329,3.383858369357443,3.09424084,1.1692913737046662,0.27989581,0.09045702,0.18943879,0.2080802746237127,1.151574837739444,0.2652648604933279,0.75250192,88.68901098850857,91.20718518586504,93.44865438096615,3.702756016731443,3.811844231269402,-0.10908821453795925,3.902150120425946,3.753687208190914
38,Kyle Hendricks,2 Tms,12049,6.909919319301484,2.1158552544351443,3.26578073,1.209060145391511,0.18366966,0.05624066,0.127429,0.2550979608156737,1.231710496952463,0.2869768650896803,0.72336125,98.73249263578305,100.6612098615647,101.1800862451755,4.0981515393212264,4.206099450013042,-0.10794791069181553,4.280156249533264,4.440643160212438
39,Chris Bassitt,4 Tms,12304,8.362634299365205,2.8495453173103855,2.93472585,1.0564893865746077,0.21901793,0.07462977,0.14438815,0.2446877012234385,1.2590245193686445,0.2941349837901562,0.76156131,89.68813316303532,95.36439491250881,99.41712078777006,3.690272786908489,4.011385227311809,-0.3211124404033203,4.205030294224102,4.216661336227702
40,Logan Gilbert,SEA,22250,9.59627970789597,2.0267624727420324,4.73478261,1.233681505147324,0.26387206,0.05573055,0.20814151,0.22147477360931436,1.0633159639603127,0.2716236722306525,0.7472885,93.06889303399865,89.4567861180256,84.81245075255272,3.6041123971803968,3.576628550326985,0.027483846853411986,3.521472837520479,3.487844033993846
41,Marcus Stroman,4 Tms,13431,7.393331432760864,2.8920035669096915,2.55647383,0.9082325251451924,0.19516299,0.07634069,0.11882229,0.2539573296627667,1.3012688225764453,0.29936689779921616,0.72279291,90.04070760369052,91.352924078468,90.56331970299433,3.760401332180095,3.8960066518754357,-0.13560531969534084,3.8663138502928596,4.200835414206917
42,Zac Gallen,2 Tms,19291,9.10823820744479,2.898075793277888,3.14285714,1.1040288736296715,0.24407222,0.07765934,0.16641288,0.2307142857142857,1.1960312797654775,0.2831407205982325,0.73579449,90.14371449460383,93.30610354559008,90.87136963362722,3.82351176087923,3.8131839258136484,0.01032783506558177,3.820901451420544,3.953173043376774
43,Corey Kluber,5 Tms,2429,9.485830057181026,1.9190283598394393,4.94303797,1.080971671048798,0.25929615,0.05245684,0.20683931,0.2343362831858407,1.1066126969538257,0.29309462915601026,0.74544451,81.98859533563464,80.23343269670674,82.61068209157149,3.4615384971787355,3.368544212090951,0.09299428508778451,3.485737544880087,3.5249710709400004
44,Tyler Glasnow,3 Tms,14374,11.509188832530912,3.1344688828869676,3.67181467,1.1376064671481658,0.31678881,0.08627582,0.23051299,0.20087815587266739,1.0865083043211796,0.26954976303317535,0.72843823,87.33151850543791,79.73374942969156,73.84540014607946,3.642761134165935,3.345779869949899,0.2969812642160359,3.131218558876628,3.328451452492872
45,Jack Flaherty,4 Tms,17479,10.295327157860125,3.2971962793146807,3.12244898,1.2280373897447536,0.27321429,0.0875,0.18571429,0.22561429635145197,1.215887856969501,0.28694998119593834,0.75199031,93.994858776512,93.7264823977938,89.36365294498054,3.8775701141940506,3.9257313379562,-0.048161223762149596,3.7830027182427206,3.8269329657435964
46,Joe Musgrove,3 Tms,12970,9.0408093405537,2.2696198448681684,3.98340249,1.1489361870286994,0.24078254,0.06044645,0.18033609,0.2419047619047619,1.1824206660677872,0.29579637485537985,0.7396622,93.05551249456272,90.71306304202803,90.34429283625487,3.814091440546092,3.803801201740274,0.010290238805818142,3.817071464216361,3.8363826491855995
47,Germán Márquez,2 Tms,15038,8.363921199631452,2.82388139858762,2.96185286,1.3465374516425979,0.21709607,0.07329738,0.14379868,0.2596132956767326,1.3354231742639606,0.3052978150254415,0.69645495,98.27677282736238,97.03763763627477,93.30670007759615,4.678255831992569,4.283395550191309,0.3948602818012601,3.9352350507464164,4.166218714315342
48,Shohei Ohtani,2 Tms,19755,11.207270949206135,3.047205695993302,3.67788462,0.879001643074991,0.30859217,0.0839048,0.22468737,0.19767960731816153,1.059685314151517,0.2704802259887006,0.79731993,66.77594003218088,72.54078963819379,76.81740596647889,2.8274552852245542,3.101019908342811,-0.2735646231182569,3.214659219950484,3.314280720121526
49,Jon Gray,2 Tms,14916,8.77814768946251,2.9050632210004004,3.02167183,1.1962025027648708,0.22997172,0.07610745,0.15386428,0.252832131822863,1.3041305481271148,0.30594594594594593,0.70946531,97.71708720779736,92.54844697434172,92.9093105149749,4.407061852291629,4.036549220309473,0.3705126319821561,3.919711174341725,4.1106008764684425
50,Jose Quintana,8 Tms,11423,7.824172902363116,3.12345333341606,2.50497512,1.064460464373135,0.20459163,0.08167412,0.12291751,0.2491079393398751,1.3113669467824751,0.2934131736526946,0.72036385,97.36537868075668,97.73391770131124,101.48184768702764,4.110215953674368,4.096128575719935,0.014087377954433045,4.256485121890508,4.439325533176862
51,Walker Buehler,4 Tms,19374,8.843398364799718,2.7267144958132468,3.24324324,1.1422722887866303,0.23762376,0.07326733,0.16435644,0.22925114895917817,1.1709314501540369,0.2768642447418738,0.74945834,88.02051932065076,92.126793001122,91.42075516715673,3.6110543322932185,3.8902083231912528,-0.2791539908980343,3.8526325356960465,3.974959439137044
52,George Kirby,SEA,25436,8.519901731642813,1.5510874413914093,5.49285714,1.0414444249342318,0.23010174,0.04189108,0.18821065,0.2561436672967864,1.1731637552746135,0.31112072695802684,0.73228161,97.66118546698041,85.00661022741733,86.37309341708318,3.7447682513592593,3.3910027834041565,0.3537654679551028,3.58097179521161,3.6513526193348667
53,Kyle Freeland,COL,16256,6.762956213128736,2.7142515836215906,2.49164678,1.3538868281071896,0.17250496,0.06923331,0.10327165,0.28051622154507977,1.4280231084341648,0.31345353675450766,0.71387648,99.18833961449864,104.79656183827889,107.61377061785925,4.754798716893192,4.636913588673772,0.11788512821942021,4.529347037416152,4.665704168524488
54,Lucas Giolito,5 Tms,15474,9.334197167931112,3.4740933672482988,2.68680089,1.391191751090482,0.24676392,0.09184302,0.1549209,0.23041790363096598,1.257340279073707,0.27675891963988,0.7301027,100.3377551788337,100.71602695300066,99.71512001326055,4.259067483785387,4.375517337179561,-0.11644985339417424,4.249073441170218,4.202994368992405
55,Trevor Bauer,3 Tms,12703,10.984698394413503,3.0742574046312128,3.57312253,1.1665166436545313,0.29446254,0.08241042,0.21205212,0.21886249100071994,1.162466238641842,0.2879640044994376,0.77586207,74.35698278330656,81.5307737518008,83.96140251123092,3.3537353505067777,3.6062699596511205,-0.2525346091443428,3.6849842563382404,3.6468957181339516
56,Jameson Taillon,4 Tms,11674,7.859259456663016,2.281481538786248,3.44480519,1.3629629971969792,0.20951817,0.06082148,0.14869668,0.24656084656084656,1.212345709463255,0.2818965517241379,0.73732349,98.36943217982319,101.50420936791342,99.23541746125606,4.051851953623628,4.220753159107336,-0.16890120548370824,4.142507609237617,4.184231100964143
57,Nick Pivetta,3 Tms,15454,9.73719243167069,3.110274950084217,3.13065327,1.4379160573253669,0.25680132,0.08202803,0.17477329,0.24010852362649784,1.2677279249366156,0.2933511526896091,0.73131182,105.08653825673618,99.53269439981324,95.16439218546769,4.454413873236191,4.1901507835988925,0.26426308963729817,3.966119724462918,3.9070898771590565
58,Zach Eflin,3 Tms,13774,7.953907648417211,1.8216432482769576,4.36633663,1.3527053823838793,0.21065202,0.04824457,0.16240745,0.2616279069767442,1.2394789318584138,0.3026675786593707,0.71969697,102.26221513107035,95.35594113075558,93.28729856379196,4.247494900685381,4.064789079561516,0.18270582112386524,3.944705309827828,4.055798975392678
59,Matthew Boyd,3 Tms,15440,8.618303770614853,2.7206633281861072,3.16772152,1.3517219700165153,0.22693267,0.07163908,0.15529358,0.2457312546399406,1.2522321717987392,0.2899757197363857,0.71641008,100.78937811641123,99.11251210444605,103.14210331314322,4.373724590881464,4.266302925827823,0.10742166505364104,4.43905963872716,4.236021223100774
60,Carlos Carrasco,4 Tms,6632,9.321987103589333,2.522751037088059,3.69516729,1.3035776734395546,0.24579624,0.0665183,0.17927794,0.2592989028632593,1.290031302732349,0.3187403993855607,0.72960977,103.61924129047172,93.12554988505008,85.97680792633406,4.379645852491166,3.938163851803101,0.44148200068806487,3.655807739451662,3.789889911543737
61,Paul Skenes,PIT,33677,10.65454578298074,2.2363637053014185,4.76422764,0.7454545684338061,0.29913221,0.06278714,0.23634507,0.20739106453392167,1.0080808391557432,0.2824620573355818,0.78346965,60.74214998618172,66.13711165204408,73.3669872905263,2.6181818988894654,2.7253028965201778,-0.10712099763071237,3.0296776254870124,3.089646956017662
62,Jordan Montgomery,4 Tms,16511,8.191365245768715,2.59393232782676,3.15789474,1.071178532138986,0.21642619,0.06853496,0.14789123,0.25067385444743934,1.2648774823950553,0.29914529914529914,0.72560467,95.24064777154943,90.35293028892036,95.06192406632755,3.990665119733477,3.829586979056627,0.16107814067685,4.022392028159559,4.171929295955143
63,Kyle Gibson,5 Tms,10123,7.8055555785307345,3.2013888983119827,2.43817787,1.2083333368899891,0.20252252,0.08306306,0.11945946,0.26091269841269843,1.3703703744039724,0.30491715660074825,0.70760086,107.3177580876124,102.19082883008535,96.07471291350673,4.576388902359212,4.369126913606472,0.20726198875274005,4.088449538212984,4.385826269229861
64,Merrill Kelly,2 Tms,11156,7.874679664025972,2.8453432379781347,2.76756757,1.2150384637852576,0.2112647,0.07633588,0.13492882,0.24079892280071813,1.232982069790525,0.2794746487477092,0.74267782,92.55013799217043,101.40956533661577,98.47844246425483,3.929649715153586,4.172611327124935,-0.2429616119713489,4.161179454285477,4.341108219245707
65,Miles Mikolas,2 Tms,9803,6.413707720010493,1.6870355184732118,3.80176211,1.2708505447529481,0.17106046,0.04499504,0.12606541,0.26225387515710097,1.2213047145481548,0.28903743315508024,0.70426924,105.52592761921231,103.36968279568194,100.81337245148856,4.340214725939893,4.253474576978335,0.08674014896155757,4.223892304324428,4.409518265407066
66,Robbie Ray,5 Tms,11486,10.70334321338189,3.9657805531654016,2.69892473,1.4143195879568367,0.28393665,0.10520362,0.17873303,0.2198852772466539,1.2579626485847242,0.27848101265822783,0.79281809,89.35585607163998,102.79330345036105,94.36963462502725,3.7312451441072323,4.230854103892493,-0.49960895978526043,3.97085217752203,3.9305841053269153
67,Sean Manaea,4 Tms,15873,8.497624679026227,2.4931710143180728,3.40836013,1.2986935830209896,0.22505308,0.06602972,0.15902336,0.24244521337946945,1.2131828944270149,0.2855766141985223,0.7146431,102.12054548738551,100.16517708427305,96.58494146171088,4.176662696011948,4.145551923977772,0.031110772034176115,4.074572648659289,4.051193188536176
68,Trevor Rogers,2 Tms,22286,8.847752863716758,3.0536492184509165,2.8974359,0.8743354599838095,0.23219178,0.08013699,0.15205479,0.24154770848985724,1.2716288530776134,0.3004694835680751,0.71729435,93.77491031283662,86.28537603591936,95.83699800901626,3.8757855464953943,3.5599336318477475,0.31585191464764684,3.973483104258606,4.069122275807708
69,Tyler Mahle,5 Tms,16358,9.034065441339077,3.137396029967304,2.87947883,1.2570023181953693,0.23763441,0.08252688,0.15510753,0.24164448388050871,1.2763058768307094,0.2923336141533277,0.74710307,93.92375797664114,95.46662331241563,97.13258757194158,4.036714761684316,4.118326615613922,-0.0816118539296058,4.0883592646541285,4.138296471100045
70,Mike Clevinger,3 Tms,12808,9.178057380788394,3.1079136104256992,2.953125,1.0683453035838342,0.24884793,0.08426596,0.16458196,0.22440087145969498,1.178956812288221,0.2774869109947644,0.79096045,77.7318891992041,89.749718871579,97.92920123323398,3.3385790736994814,3.8333457141280625,-0.4947666404285811,4.180692402188486,4.102060218660582
71,Stephen Strasburg,WSN,10131,10.539400656243469,2.6059863907456466,4.0443038,1.0061086698448383,0.28693309,0.07094746,0.21598563,0.21645445641527913,1.099572316770315,0.28390461997019373,0.75516987,77.85030409087679,76.024742520465,77.6628872455448,3.364691289317164,3.3085939297202214,0.05609735959694273,3.3380920300515724,3.513607132833724
72,Joe Ryan,MIN,21390,10.07170301873335,2.0396927166084704,4.93785311,1.3943662073990108,0.27329581,0.05534709,0.21794872,0.22453781512605042,1.0819462307182408,0.27626262626262627,0.7441796,91.81072014704189,92.09745872411565,91.73922503554815,3.77976955394112,3.7884010565054185,-0.008631502564298454,3.791959435040722,3.47170102081755
73,James Paxton,4 Tms,11828,10.177443521449927,3.04511275575297,3.34222222,1.204511267831175,0.27118644,0.08113956,0.19004688,0.23483057525610718,1.2345864555423152,0.29876252209781967,0.74178935,91.01421657091204,86.08993157096857,88.20781870443524,3.9112781618338146,3.725882511784491,0.18539565004932346,3.808762533733818,3.828863660920376
74,Brady Singer,2 Tms,25377,8.299437193267813,2.9960252798973253,2.77014925,1.1805233938699908,0.21338239,0.0770292,0.13635318,0.2601419878296146,1.352434628835907,0.30998613037447986,0.72299791,103.83325834112489,99.77874272644145,96.82017964694649,4.471679522234814,4.227305883286396,0.24437363894841724,4.051715846499018,4.193617523758891
75,Drew Rasmussen,TBR,25385,8.124035645092862,1.8908011955048476,4.29661017,0.7851632083028605,0.23087432,0.05373406,0.17714026,0.20853540252182348,0.975667660204008,0.25298804780876494,0.78118692,66.97026379782413,77.72168993268612,84.34861381677547,2.6919881427526646,3.175677129346522,-0.4836889865938572,3.477476668701747,3.65764746428045
76,Mitch Keller,PIT,17594,8.383395310094867,3.0799865378392015,2.72189349,1.0752615723817331,0.21425245,0.07871449,0.13553796,0.2629144178874325,1.3779952919129366,0.3172099544339292,0.70034898,107.16617442333583,97.48394476420586,99.71685781040233,4.610867420552178,4.079706110549008,0.5311613100031698,4.174766352378834,4.2792203674666
77,Yoshinobu Yamamoto,LAD,33825,9.78900467959637,2.467310605717938,3.96747967,0.8224368685726459,0.27727273,0.06988636,0.20738636,0.1906519065190652,0.9650817455066549,0.24521422060164083,0.78634247,62.50048513330263,71.91025189883693,75.01875631206362,2.6077266564498527,3.035764914933579,-0.42803825848372634,3.1058699138624437,3.3089706089050557
78,Seth Lugo,3 Tms,12447,7.973523526900577,2.5405295651228044,3.13852814,1.1877800564210514,0.21026682,0.06699536,0.14327146,0.25674827369742625,1.2818737440181924,0.30174245643858905,0.7288975,98.01583805536802,96.35957164886076,97.18686697130433,4.10224038004678,4.066704614489033,0.03553576555774729,4.084012142794118,4.193488153461374
79,Hyun Jin Ryu,2 Tms,14444,8.133301295668737,1.985294017052999,4.09677419,1.1783680617346832,0.21995151,0.05368895,0.16626256,0.2460463405663847,1.1726754624026317,0.2896586345381526,0.7822649,77.13602666220788,88.74134095970881,86.13749499264321,3.2917455637588433,3.7962480665940124,-0.5045025028351691,3.7076995272689826,3.9921919110229083
80,Alex Cobb,5 Tms,6562,7.42750943411995,2.486988894607731,2.98654709,1.0817844070715243,0.19467992,0.06518562,0.1294943,0.2627599243856333,1.3097893680121433,0.3056822895064289,0.71201862,96.46862262203037,93.5218187450036,88.63772092037625,4.092936880363396,4.0029473416446315,0.0899895387187648,3.793510638628988,4.066323570673858
81,Hunter Brown,HOU,25880,9.97857558063413,3.2972684527312777,3.02631579,1.0267809655435118,0.268587,0.08875049,0.17983651,0.22841105354058722,1.2163899701352714,0.2945337620578778,0.76032816,85.5416574148251,88.03310132005672,81.50154176386162,3.5141940088320194,3.6517215281695012,-0.13752751933748186,3.4080863106550487,3.662990330994305
82,Julio Urías,LAD,14765,8.772675268609904,2.1854191040176616,4.0141844,1.1624569702221605,0.24126172,0.0601023,0.18115942,0.2206959706959707,1.072904729553194,0.26377187297472454,0.7755102,76.91209797262066,87.12806479787932,95.55559091997097,3.208381237813163,3.740044655101172,-0.531663417288009,4.04471348238897,3.915496324737389
83,Martín Pérez,7 Tms,6902,6.656509786732245,3.3955679136813925,1.96035242,1.1592797943185371,0.17030233,0.08687333,0.08342901,0.2702302979083034,1.4401662247699103,0.3047722342733189,0.72990354,99.15417898488786,106.35387748661192,108.56508557077417,4.367867096013069,4.587415107357103,-0.2195480113440338,4.620069660169636,4.879182112551483
84,Frankie Montas,5 Tms,14309,9.045309035027831,3.0027460321198944,3.01234568,1.1368421191565032,0.23597679,0.07833656,0.15764023,0.24611581920903955,1.29061786474289,0.3012948207171315,0.71343355,99.58636905127956,94.39985938105174,93.21079136170495,4.077803253496153,3.906948396434774,0.17085485706137904,3.9126474449668165,4.064431334881412
85,Noah Syndergaard,5 Tms,11762,8.053935269147804,2.110071601880052,3.81690141,1.0401761417718567,0.2126324,0.05570812,0.15692428,0.2576712904581757,1.2465602968853202,0.3073005093378608,0.70656934,102.75411370238305,88.75886691543603,93.36499791053816,4.175564226255596,3.7359059762813183,0.4396582499742778,3.934391472648871,4.075815118587597
86,Tyler Anderson,6 Tms,12880,7.388540771958433,3.045658028135537,2.42592593,1.36168308665319,0.19272804,0.07944515,0.11328289,0.2485043718361712,1.3052820120580875,0.2794478527607362,0.72566513,102.65816554752898,109.04402272566175,114.0113752626687,4.423455707530185,4.597397041252269,-0.17394133372208387,4.757800663536187,4.687121814125999
87,Adam Wainwright,STL,2233,7.165924458814025,2.86636978352561,2.5,1.0723831008295115,0.18619792,0.07447917,0.11171875,0.2625,1.3474387871274236,0.3028169014084507,0.73295558,102.69803097413529,100.54848311818301,101.79219805294801,4.249443315436569,4.200777208799287,0.04866610663728199,4.340258591077741,4.590547164562692
88,Kenta Maeda,3 Tms,18498,9.612301615395893,2.6672878828061903,3.60377358,1.3588070346371157,0.25689307,0.07128447,0.18560861,0.23394160583941606,1.192451029367757,0.28533190578158457,0.70046974,106.1641193946185,94.12216016488621,91.3472371724924,4.416122862570626,3.9964827058822827,0.4196401566883434,3.9053168004494494,3.90420045866472
89,MacKenzie Gore,3 Tms,22201,9.723596927617304,3.725023922072679,2.61034483,1.1175071766218037,0.24991746,0.09574117,0.1541763,0.250092216894135,1.3815414392974534,0.31655061596143547,0.72866621,101.97424193230805,94.6640146995512,97.03759635093601,4.264510145269412,3.97017951703402,0.29433062823539213,4.027161390203513,4.076939214759522
90,Yusei Kikuchi,4 Tms,20633,9.066516954014261,3.270886977668303,2.77188329,1.4575835868654508,0.23404255,0.08443449,0.14960806,0.2570231641202563,1.3688946384582936,0.30755711775043937,0.73016134,108.26561128733893,105.3994967426259,95.68067490238523,4.485539966722845,4.443561475494571,0.04197849122827435,4.075644701338528,4.197677230056665
91,Bryan Woo,SEA,30279,8.97362278970877,1.8833529311734454,4.76470588,1.1236811606160892,0.24824869,0.05210158,0.19614711,0.21465235650956602,1.0181711924831232,0.2584717607973422,0.73365231,89.22865741663115,87.7248011814902,87.63595073121455,3.4501759579479923,3.52257690811825,-0.0724009501702576,3.6590324849419384,3.607036871121999
92,Hunter Greene,CIN,22182,11.178344179908912,3.2331210858813466,3.45744681,1.2726114912511683,0.29802843,0.08619899,0.21182944,0.21238485158648926,1.1522293231598417,0.27723577235772356,0.75965825,87.84195785455971,88.27220456358486,91.99171048446908,3.8178344737535053,3.8179324558370222,-9.798208351696758e-05,3.7991576119580817,3.511926710457416
93,Spencer Strider,ATL,27498,12.228959162907584,3.2353781722338177,3.7797619,1.1554922043692206,0.32698249,0.08650875,0.24047374,0.21962350256702795,1.1833096092892204,0.30718336483931946,0.73265306,92.87060843345556,80.96627386404592,77.54214925503686,3.947931698261504,3.3402934925065844,0.6076382057549194,3.253291188498761,3.19859658016372
94,Garrett Crochet,2 Tms,27463,11.824300857014434,2.1241259024576826,5.56666667,1.1092657490612343,0.32385262,0.05817712,0.2656755,0.22214532871972317,1.0777972171729724,0.3054626532887402,0.77547592,78.87185447641981,69.6390043704834,62.72623301726368,3.2569930504351134,2.9215106367081103,0.33548241372700316,2.628880508899142,2.795155778253309
95,Shane McClanahan,TBR,21483,9.677296106714056,2.669005153986973,3.62580645,0.9987245092338349,0.26584674,0.07332072,0.19252602,0.21743589743589745,1.1077806338053457,0.27518796992481204,0.77545383,76.94110156319708,83.46185398599428,80.30297194224254,3.0994898562429363,3.3881286882932553,-0.28863883205031904,3.3433692108314776,3.58663017291786
96,Andrew Heaney,5 Tms,15423,9.472039191058744,2.747829191069517,3.44709898,1.6130601394674298,0.24628139,0.07144599,0.17483541,0.2463303976514545,1.267106672863304,0.2927875243664717,0.73344914,105.8178069995085,104.94179570303709,97.30436902956228,4.510941436533917,4.508905366280917,0.002036070253000233,4.132278710319056,3.9667661897662665
97,Justin Steele,CHC,17312,9.04864898683035,2.7000001009090564,3.35135135,0.8939189523279985,0.2399613,0.07160135,0.16835994,0.2382956338769069,1.2182432887735308,0.29793510324483774,0.73401163,81.27500499431588,84.90041203040258,85.98532452409077,3.338513638286198,3.4732975947938844,-0.1347839565076865,3.5790887632896635,3.814025262609179
98,David Peterson,2 Tms,20302,8.844174281044463,3.8535330795979443,2.29508197,0.8844174281044462,0.22661055,0.09873746,0.1278731,0.2536390101892285,1.4066448618423097,0.31698685540950455,0.71489362,105.7689703792156,94.1209694936931,91.63484495361105,4.32101086302458,3.90436227374263,0.41664858928195025,3.834072845834422,4.175494660073153
99,Marco Gonzales,3 Tms,15467,6.609747166054439,2.305251326432567,2.86725664,1.2750283885135878,0.17424039,0.06076902,0.11347136,0.26270207852193994,1.2874953327568317,0.2917131178000743,0.72626263,101.97364764952104,106.5394903109996,109.36176630165514,4.161692660108351,4.412191337376732,-0.25049867726838126,4.669751872634208,4.696441306653205
100,Lance McCullers Jr.,HOU,14120,9.924486795846386,3.972793052717964,2.49811321,0.8845086419258863,0.25859375,0.10351563,0.15507813,0.22626441881100265,1.2909495244681015,0.294194390084801,0.71311699,97.7944227478443,89.6913525683145,86.26194646210818,4.077734755997306,3.756747766900981,0.3209869890963253,3.6681249478576907,3.938224256323185
101,Trevor Williams,5 Tms,16977,7.181585492576496,2.8607964187461317,2.51034483,1.321885241765454,0.18491237,0.07366015,0.11125222,0.26570716855798504,1.370113227368837,0.30025445292620867,0.72510033,106.09098276796627,106.70804255949588,109.38549621166369,4.5082205633344214,4.561063035128237,-0.052842471793815626,4.657865725295245,4.707026394637541
102,Bailey Ober,MIN,21224,8.412606455892238,2.0518552331444484,4.1,1.4966473465288916,0.22725791,0.05542876,0.17182915,0.2407794015309673,1.1560125561898786,0.276668290306868,0.73938712,100.58693004058004,102.2715712111773,103.71397596555312,4.164059149616675,4.231370107209467,-0.0673109575927926,4.319648079614686,4.076594999536535
103,Reid Detmers,LAA,27468,9.919976944967246,3.201518791460017,3.09852217,1.1670561111726172,0.26045549,0.08405797,0.17639752,0.23785517873510542,1.2651869553552997,0.3008789722785666,0.70789636,106.61610135540923,92.84991712560206,95.76822785347953,4.400116959691354,3.862267912688524,0.5378490470028296,3.9566897530345497,3.849310139905589
104,Patrick Sandoval,2 Tms,19447,8.812825481047403,4.039861592196951,2.18146718,0.8734835875020435,0.22314376,0.10229068,0.12085308,0.2528837622005324,1.436741853252369,0.31475811390079605,0.69906445,97.69678721432095,91.97566831500355,99.02066780133099,4.133449119429312,3.9204787767942637,0.21297034263504866,4.143468765822934,4.434796646343438
105,Tanner Bibee,CLE,30134,8.370262576851415,2.5976676962642324,3.22222222,1.1938775775759856,0.22488544,0.06979203,0.15509341,0.23648907627443466,1.1880466736562005,0.2797872340425532,0.74972129,93.00933659460308,98.00915390895474,99.44697114155964,3.8177843414792507,4.019918068767421,-0.20213372728817003,4.149010789611097,4.0898727786558045
106,Mike Minor,4 Tms,10021,8.220855839448996,2.749139190251926,2.99033816,1.514018684486568,0.21635792,0.07235232,0.14400559,0.24828636709824828,1.2675848440292026,0.2842049656629688,0.72449821,99.39409760088272,102.94359891752713,106.12096119084097,4.568617784766486,4.575148630151556,-0.006530845385070094,4.586075033062631,4.407443845268843
107,Cole Ragans,2 Tms,21846,10.982278799195461,3.4860760503670236,3.1503268,0.9341772422552155,0.29570552,0.09386503,0.20184049,0.21730245231607628,1.194936743480926,0.29417989417989415,0.73182247,86.8569324801865,79.19636974794088,84.58299795861436,3.622784915087299,3.3055207271106006,0.3172641879766984,3.4927035372872415,3.5566819249890895
108,Rich Hill,8 Tms,4806,9.076013506203074,3.1127533758711547,2.91575092,1.2770270259984224,0.23990356,0.08227848,0.15762508,0.23523523523523523,1.239020269272279,0.2838678793681187,0.75126553,95.13942911729113,100.93598074784526,100.39274127974878,3.9451013481736976,4.223476748463737,-0.2783754002900394,4.248048784496824,4.160843571929761
109,Reynaldo López,2 Tms,16400,8.051244936711697,3.2547585914366435,2.47368421,1.3572475097893697,0.21003781,0.0849089,0.12512891,0.24857900719969686,1.3221084156847904,0.2872727272727273,0.73931952,96.2478248309508,103.17686899191493,111.47841922605292,4.190336971971064,4.529474647745064,-0.33913767577400034,4.824461249918333,4.618342938887013
110,Dylan Bundy,3 Tms,12917,8.384389398251022,2.7079311705162086,3.09623431,1.620226599932292,0.21867612,0.07062648,0.14804965,0.2531320269836171,1.2929080948954654,0.289237668161435,0.69864928,111.83907021473539,105.04078492928559,105.28491043725988,4.849349543853294,4.666506441106212,0.18284310274708204,4.522796031329052,4.330494608932472
111,Aaron Civale,5 Tms,19479,7.954450658091725,2.5386544653484227,3.13333333,1.3765148656555892,0.2105106,0.06718423,0.14332637,0.25064683053040104,1.2536565260979866,0.2883002207505519,0.73618207,102.89315646008978,104.13519858422262,102.687348108697,4.26493950178535,4.357526506735244,-0.0925870049498938,4.322616158676135,4.302855264096312
112,Alex Wood,4 Tms,13781,8.705060128939671,2.6154216530894976,3.32835821,1.119036130177596,0.22755102,0.06836735,0.15918367,0.2501861504095309,1.2621686584561256,0.3034697048161574,0.71375372,103.92222466187108,96.44392058671895,90.25857746406872,4.202891512178645,3.946114939914798,0.2567765722638473,3.7801250091195677,3.923074562782847
113,Michael King,2 Tms,19853,9.183191133509855,3.2974392873220713,2.78494624,1.0105055880503122,0.24445493,0.08777725,0.15667768,0.22572178477690288,1.2133946242475484,0.2804511278195489,0.76923077,81.29542766402045,91.97777554016062,95.8122981203086,3.2974392873220713,3.8293284313712608,-0.5318891440491895,3.996167098909133,4.028298133030998
114,Jake Odorizzi,4 Tms,6397,8.55043650899288,3.352085369528602,2.55078125,1.30940834747211,0.22416752,0.08788191,0.13628562,0.23672230652503792,1.2803103841949521,0.2782793414763675,0.72010512,98.09522168907938,102.9736535755084,110.73126697188715,4.203200795385474,4.367131112828855,-0.1639303174433815,4.766391073333745,4.538334651016081
115,Taijuan Walker,5 Tms,11836,7.475699615922835,3.2805596718810315,2.27878788,1.3122238687524126,0.19466736,0.08542583,0.10924152,0.24892703862660945,1.3254786553054672,0.2826503255457679,0.73015572,100.8637174768413,108.67725984232197,107.52487145553074,4.274668663360131,4.623140874884831,-0.3484722115246992,4.543348598186016,4.625250040973934
116,Masahiro Tanaka,NYY,15764,8.722090340313859,1.9720902791518466,4.42276423,1.5552256672986107,0.23367698,0.05283505,0.18084192,0.25148605395518975,1.19893112725311,0.29301423027166884,0.72946686,96.94885800147001,94.29340423837432,85.0013391228475,4.280878898646692,4.241037232859034,0.03984166578765791,3.7555932529140383,3.849947872565625
117,Dallas Keuchel,7 Tms,9434,6.543718025997233,3.059847132996955,2.13857678,1.0314091459540298,0.16858577,0.07883082,0.08975495,0.26427879961277834,1.3828522623531807,0.29901558654634947,0.7166157,101.23606996648942,100.1849180310168,95.28830715347766,4.274617904898368,4.307306388154794,-0.03268848325642626,4.082124548005351,4.42532440234077
118,Wade Miley,5 Tms,8779,6.98007950446952,3.597609470625558,1.94019934,1.087649374840285,0.17969231,0.09261538,0.08707692,0.2528224426958604,1.3811420632892506,0.28825622775800713,0.74898785,89.87347780408474,101.76260455493865,103.8620850727668,3.9442230076625715,4.509657922843363,-0.5654349151807918,4.5060071106199295,4.83908099495399
119,Kyle Bradish,BAL,24586,9.146294273820445,3.2477244542356667,2.81621622,0.9830949699307964,0.24368569,0.08652947,0.15715622,0.2366649404453651,1.252275735507086,0.2961595273264402,0.74795082,91.7076597872565,91.39307685537344,90.84173669252043,3.6690508699202935,3.7601393128647267,-0.09108844294443319,3.75806729234715,3.948800604358382
120,Danny Duffy,KCR,3542,8.326642161877997,3.301094821572934,2.52238806,1.1989050844518616,0.21629693,0.08575085,0.13054608,0.2503529411764706,1.3375912129424878,0.2970873786407767,0.73828607,93.00567176452132,98.58714967535192,108.61989294140257,4.187956116920886,4.256971273887503,-0.06901515696661686,4.765647294610715,4.586381905779451
121,Chris Archer,3 Tms,6345,10.039049040937524,3.3463496803125077,3.0,1.3140916552825372,0.26019802,0.08673267,0.17346535,0.24606643356643357,1.327673997972796,0.3087378640776699,0.71512655,107.10417119749212,96.73551290934184,91.06003089119213,4.431239302696928,4.0366432837734045,0.39459601892352314,3.8665687062429424,3.948092403641108
122,Dean Kremer,2 Tms,19350,7.829399016244925,2.958574743465824,2.64634146,1.3349666525394572,0.20706107,0.07824427,0.12881679,0.2457480041652204,1.2748330195421844,0.2817366682397357,0.71603727,105.76385816623427,105.32938530738335,106.37443532902176,4.31759484920419,4.407081193203197,-0.08948634399900701,4.424256144978599,4.420992452841023
123,Andrew Abbott,CIN,29911,7.980448673688307,3.338125417982463,2.39069767,1.3352501671929853,0.2091131,0.08746949,0.12164361,0.24139472507822976,1.302472708308403,0.2773365913255956,0.78520137,87.04513855582734,102.4243579374562,111.75833228017852,3.7573318658221213,4.454320744494963,-0.6969888786728413,4.680736785109184,4.579782388728174
124,Antonio Senzatela,COL,15488,5.691699840744298,2.8577076283736997,1.99170124,1.1857708001550622,0.14319809,0.07189737,0.07130072,0.2985705003248863,1.5283268090887467,0.3278622898318655,0.68281102,109.47701952669273,105.11622335824397,108.67962117006253,5.288537768691577,4.696376699263705,0.5921610694278723,4.614933013995851,4.9064816215552005
125,Cal Quantrill,6 Tms,19312,6.654929836321114,2.735915599376458,2.43243243,1.235915541031064,0.17398509,0.0715272,0.10245788,0.2576853526220615,1.3075117879473934,0.2870478413068845,0.7252062,102.94645499819836,109.0743885565314,111.39243304263417,4.352112845340157,4.533924438450207,-0.18181159311004969,4.629303846656452,4.718541940686232
126,Adrian Houser,5 Tms,12718,7.006569999154662,3.446269511338279,2.03308824,0.9629282458151073,0.18007164,0.0885705,0.09150114,0.25950054288816504,1.3923041448993292,0.3003748828491096,0.6890921,104.93800170104645,101.45187683819634,103.902821601185,4.409197757153386,4.30240457514828,0.10679318200510579,4.396352817768766,4.693040170040957
127,Nick Martinez,4 Tms,12730,6.358160138184969,2.1144579064196525,3.00699301,1.2864184465630053,0.17111023,0.0569041,0.11420613,0.2515937101572461,1.207557545624277,0.2750544662309368,0.73944779,94.45472981136861,102.3273857570928,107.03999790048077,4.0662652046531775,4.373462168581545,-0.3071969639283676,4.471726421355823,4.572501649425044
128,J.A. Happ,4 Tms,7410,8.365639000825112,2.748898755405408,3.04326923,1.546255549915542,0.21941075,0.07209705,0.14731369,0.2500940203083866,1.2819383618957911,0.287061288632792,0.74257426,100.82085575094719,103.13478758483008,101.01347722851084,4.400881180528851,4.54657225093042,-0.14569107040156926,4.416368226556434,4.341948826075249
129,Rick Porcello,2 Tms,2717,8.140127190750823,2.2356687354879017,3.64102564,1.4474521941299878,0.2086701,0.0573108,0.1513593,0.2701104100946372,1.33917194198385,0.31280128548473485,0.67708333,106.53830450589516,99.91302366078763,100.94554179640205,4.872611346576196,4.347694300682075,0.5249170458941208,4.4533754531098815,4.303646197657453
130,Brandon Pfaadt,ARI,27782,7.92895247241994,1.9982239093800254,3.968,1.262877510728176,0.20779221,0.05236699,0.15542522,0.2630638677981242,1.268206107819856,0.30649038461538464,0.67528736,112.75329824899232,98.62600616040748,95.40559380612542,4.7637657999619805,4.008165032857725,0.755600767104255,3.977420202153085,4.049644431575041
131,Jacob Misiorowski,MIL,31623,12.688111752723621,2.7188810898693476,4.66666667,0.8307692219045228,0.36324324,0.07783784,0.28540541,0.17122473246135553,0.9062936966231159,0.2525879917184265,0.77586207,59.94027635980304,61.22391037981161,62.86054124219316,2.4923076657135685,2.5475233473436463,-0.05521568163007773,2.6296687386845345,2.638843649503075
132,Michael Soroka,5 Tms,18383,7.8555630996662975,2.6869384473917974,2.92361111,1.0076019177719242,0.20987039,0.07178465,0.13808574,0.2363238512035011,1.1941948655074657,0.2793791574279379,0.73353293,89.77800286457826,93.95418706464422,95.91000059126311,3.843814723352155,3.9855914292094803,-0.14177670585732516,4.09426115240162,4.28975587656631
133,Steven Matz,4 Tms,13361,8.486045902278871,2.8518678851920796,2.97560976,1.4607128192447236,0.21837709,0.07338902,0.14498807,0.26219908913467793,1.3550880827561282,0.30685920577617326,0.72278537,112.3181946608052,107.06134259657583,97.29643979954575,4.625590594274958,4.477026632691107,0.148563961583851,4.1393209374025295,4.25777857117887
134,Ross Stripling,4 Tms,13273,7.976534625574709,1.8032491719731012,4.42342342,1.4133574591140523,0.21301518,0.04815618,0.164859,0.25709057639524246,1.2148014942321292,0.29539800995024873,0.72782546,100.25825936435933,98.00179181695482,92.09331660535418,4.110108473055807,4.082870463217961,0.027238009837846633,3.8583920903564466,4.010239552969404
135,Jon Lester,3 Tms,4930,7.663648603949301,3.031235811450441,2.52822581,1.368945205171167,0.19716981,0.07798742,0.11918239,0.2682926829268293,1.3974648969455663,0.3080110497237569,0.73219884,99.94493869430123,106.84149730106616,104.14742144301836,4.253508316067554,4.546951092801761,-0.2934427767342065,4.451718655529578,4.61117633606606
136,Cam Schlittler,NYY,32095,10.901250415849702,2.70000010299683,4.0375,0.810000030899049,0.30328638,0.07511737,0.22816901,0.1919917864476386,1.0012500381946579,0.25996810207336524,0.82651391,53.947720171419824,67.77813442457361,74.73858815892908,2.2275000849723847,2.8812402111092936,-0.6537401261369089,3.10663419810196,3.1843303120630972
137,Nestor Cortes,4 Tms,17874,8.892430570823388,2.438247091999961,3.64705882,1.4163347078529187,0.24183325,0.06630912,0.17552414,0.22975814931650893,1.1414343004215504,0.26978146194423513,0.77829196,92.05491098131327,97.99263038306275,103.3600628767048,3.7470120752058227,4.1193779293079515,-0.37236585410212886,4.255904648859902,4.022720928496569
138,Brad Keller,3 Tms,15734,6.746522629903676,3.950541086376585,1.70774648,0.8902627800285262,0.17265931,0.1011036,0.07155571,0.2592,1.4404946371294904,0.2993336750384418,0.71708554,98.03202250646045,103.69365435007225,108.30199296999699,4.326120696701119,4.395501964200639,-0.06938126749951934,4.650679740068724,4.96608413029099
139,Chris Paddack,5 Tms,20099,8.029850720869446,2.044776112935156,3.9270073,1.4776119356246749,0.21106316,0.05374657,0.1573166,0.2570951585976628,1.2487562149555331,0.2939169982944855,0.6821066,116.13074228929425,101.17873168195665,98.78205000094404,4.776119387877737,4.277703977789102,0.49841541008863466,4.1981327147290814,4.19235709675861
140,Gavin Williams,CLE,30122,10.252941483230336,3.7588236418727394,2.72769953,1.1647059172000038,0.27315468,0.10014104,0.17301363,0.21707060063224448,1.2254902327441117,0.2765787370103917,0.77287641,88.06052391935535,94.96886196548802,88.99917208365744,3.6176471670606176,3.8975515781040606,-0.279904411043443,3.7154610302052187,3.8523851792627477
141,Zach Davies,4 Tms,13183,6.620446414782614,3.2996474143964467,2.00641026,1.1950646084192258,0.17103825,0.0852459,0.08579235,0.25962695547533093,1.380728529884553,0.2901353965183752,0.71291314,104.66169071148708,109.27157456415293,110.09894020161362,4.462984643831091,4.615110121486502,-0.15212547765541107,4.702304127088921,4.956734009364705
142,Gio Gonzalez,3 Tms,7448,8.189935905464376,3.903614310081151,2.09803922,0.9567682132551841,0.214,0.102,0.112,0.23670956911024063,1.3330970438022232,0.2849503437738732,0.77385159,83.99264691296413,94.87399006427849,102.35556000463858,3.5974484818394923,4.090231177826102,-0.4927826959866093,4.345032529921063,4.629506299457565
143,Anthony DeSclafani,3 Tms,13050,8.258649223658347,2.4168039918425683,3.41717791,1.4827018354862382,0.21826019,0.06387147,0.15438872,0.25021097046413504,1.24546954180844,0.28779918272037364,0.72283465,101.09242252122303,102.64742563399871,96.89047914088114,4.329489359619815,4.398027374095053,-0.06853801447523722,4.155569355955603,4.2358050024400224
144,Casey Mize,2 Tms,20492,7.463028344440455,2.487676114813485,3.0,1.2992958051892087,0.19625,0.06541667,0.13083333,0.2541685443893646,1.2693662270208936,0.2893157262905162,0.72834021,100.86195948428227,102.41918502174754,102.84999751476421,4.198943760672443,4.318533487406963,-0.11958972673452006,4.3217198289881456,4.364344058229278
145,Cristian Javier,HOU,17606,9.405666359614244,3.633612327466501,2.58851675,1.3039278687080744,0.25256769,0.09757236,0.15499533,0.2089864158829676,1.176432699323285,0.25038520801232667,0.75143403,95.08929264811924,103.08292143011292,112.63280316706881,3.929169311040331,4.289023263425274,-0.35985395238494267,4.7174254473667405,4.393595335688915
146,José Soriano,2 Tms,22100,8.238970611344984,3.8316176578062215,2.15025907,0.7147058843576372,0.21705021,0.10094142,0.11610879,0.2357100766057749,1.3080882389632063,0.29213483146067415,0.70138151,96.01608891084041,91.03622475999887,88.15953034005895,3.911029422734848,3.753254684708379,0.15777473802646913,3.6593786887613065,4.004719767856139
147,Madison Bumgarner,2 Tms,5524,7.639835986278736,2.4616017256224665,3.1036036,1.4082135997930325,0.20052386,0.06461001,0.13591385,0.25086778163458506,1.252977454933958,0.28389290267743306,0.72494911,103.31713626265697,110.42695436172572,109.22656639482703,4.313347167869997,4.492842498606183,-0.1794953307361853,4.625124887220874,4.476077070077171
148,Tanner Houck,BOS,19879,8.348544803981428,2.9103069672912354,2.86861314,0.8922108950819846,0.21869783,0.07623817,0.14245966,0.2419950738916256,1.250983530141407,0.29520605550883094,0.68611987,96.8638116885749,91.73518820054616,90.47705067686788,4.163650843715928,3.8428429868677436,0.32080785684818425,3.785829966410984,3.974348707864843
149,Taj Bradley,2 Tms,22543,9.838575912666514,3.4931751611747557,2.81651376,1.3780415773441697,0.25787484,0.09155817,0.16631667,0.2310553231055323,1.2729970643424822,0.2832529290144728,0.70886911,110.16690865884017,101.9807668055762,93.56391239534021,4.486646996004273,4.186401916102314,0.30024507990195914,3.899247739349544,3.9428992143735697
150,Jakob Junis,5 Tms,13619,8.058195547937213,2.292044887517025,3.51572327,1.470368418407148,0.2095988,0.05961755,0.14998125,0.25982975273611675,1.2813668134267084,0.29844961240310075,0.72042395,102.15617317173202,104.98420259092181,99.16118628194131,4.526428268429848,4.466307419974407,0.06012084845544141,4.2939653296751565,4.235207661739446
151,John Means,BAL,16269,7.315384686938405,1.7538461710010056,4.17105263,1.6153846311851368,0.20152575,0.04831532,0.15321043,0.2231962238705327,1.043589753797382,0.23813868613138686,0.78018576,81.18684985519181,99.06594689895944,111.92357130046882,3.64615388181788,4.59283000477096,-0.9466761229530798,4.9338471540183955,4.587275247330795
152,Dustin May,4 Tms,19716,8.380015309440235,3.127176444742332,2.67973856,1.0423921482474439,0.22078621,0.08239095,0.13839526,0.23518850987432674,1.2399697449740836,0.28264462809917357,0.7072498,100.84714084788037,95.44597489343978,97.2386690622256,4.210446716450459,4.057667626662963,0.15277908978749632,4.117398723442808,4.2172367015952945
153,David Price,2 Tms,3184,9.261092391319208,2.649317475128629,3.49565217,1.19795224962338,0.24557117,0.07025046,0.17532071,0.2386968085106383,1.2133106117980388,0.2923809523809524,0.74188931,84.69417194176881,89.78620580068433,92.02832491825633,3.847269724752009,3.869382111347194,-0.022112386595185107,3.998766962004172,3.9657349789295946
154,Shane Baz,2 Tms,22264,8.639227351243152,3.2083036695891796,2.69277108,1.1209735713022435,0.22748092,0.08447837,0.14300255,0.24002248454187747,1.2734431566709394,0.28963893249607536,0.72207597,103.87093210301279,97.9445367928486,98.54051019906942,4.193987327113566,4.024437636456275,0.1695496906572913,4.079398982346618,4.134189617259606
155,Spencer Turnbull,3 Tms,16207,8.477361981919303,3.534448726003973,2.39849624,0.7706692710835731,0.21864291,0.09115833,0.12748458,0.24268104776579352,1.3228346109020719,0.30105263157894735,0.68442811,97.73604376901694,87.48032887590006,99.12087432843022,4.358267601989862,3.8551544114043512,0.5031131905855113,4.379081303591988,4.5097883962184815
156,Nick Lodolo,CIN,26378,9.376933427598637,2.800902192659333,3.34782609,1.3569588262573167,0.24268348,0.07248987,0.17019361,0.24773413897280966,1.2622423269886436,0.30241051862673485,0.77371318,98.91400133550631,101.52134205944111,95.96848657426196,4.244845559061349,4.3773198124459824,-0.13247425338463348,3.9570359789680616,3.7989852896725833
157,Brayan Bello,BOS,23920,7.633106050494785,3.3020478890470395,2.31162791,1.0750853592246177,0.19497842,0.0843468,0.11063162,0.2640034737299175,1.4044369057807307,0.3099078341013825,0.72486772,103.08549607669383,102.91726705221939,98.99191644384018,4.377133248271657,4.286844916890961,0.09028833138069636,4.117336502618633,4.334316563192394
158,Cole Hamels,3 Tms,4972,8.150241613375284,3.256375073837157,2.50285714,1.1909028841461604,0.21355436,0.08532423,0.12823013,0.24197933659597606,1.2818746322406587,0.2849663425579656,0.74550582,86.57768773322107,99.59797958851489,100.67746916104264,3.944865803734156,4.399467396470166,-0.4546015927360094,4.352944750677544,4.433382826031286
159,Tanner Roark,4 Tms,8753,8.018086258498915,2.9457409240457704,2.72192513,1.4177362736049164,0.20657468,0.07589286,0.13068182,0.2653606411398041,1.3704783978180857,0.30722525804493017,0.72383721,106.080138730912,105.1768017377936,105.40976379957476,4.64702445237167,4.588450100184966,0.058574352186703926,4.528706190673883,4.512988560359262
160,Mike Leake,3 Tms,10130,5.950762122862161,1.5509965107459889,3.83673469,1.329425580639419,0.15660142,0.04081633,0.11578509,0.2787532923617208,1.2889800933977438,0.3030803080308031,0.70737039,98.88474670415991,103.15775643689574,97.99293833363711,4.194021177017215,4.424855201945177,-0.23083402492796168,4.282946780316358,4.45057145058864
161,Luke Weaver,5 Tms,16918,8.863730568231139,2.843083389809988,3.11764706,1.4865795502274446,0.22542533,0.07230624,0.15311909,0.2685802152742183,1.39779771597775,0.31850789096126253,0.69844021,119.29613265969293,103.1197806223723,99.41729627623785,5.091534959528998,4.393350457592682,0.698184501936316,4.251950666383323,4.252405968962599
162,Tony Gonsolin,LAD,19388,8.43750011022777,3.1900685348258415,2.64492754,1.1558219329079136,0.23189327,0.08767471,0.14421855,0.19704433497536947,1.0736301510122397,0.2286282306163022,0.7768595,78.12079151210217,96.38228571588373,103.82287765177112,3.2825342894584746,4.14892302578119,-0.8663887363227158,4.392988282773658,4.3095729877110225
163,Luis Garcia,HOU,23735,9.329162947543239,2.832531368474131,3.29357798,1.195380210548716,0.25406936,0.07714084,0.17692852,0.2224788298691301,1.1491819415420021,0.27181208053691275,0.75900768,89.05310839201621,93.19528858129631,94.5459869334496,3.612127157962424,3.7910302549563335,-0.17890309699390938,3.9003311901880036,3.8761093378519353
164,Ryan Yarbrough,4 Tms,16502,6.991857008750181,1.7589577380503598,3.975,1.2092834449096224,0.18574766,0.04672897,0.13901869,0.2565543071161049,1.1995114574760093,0.28966639544344996,0.66666667,110.3370025089272,99.78566732999566,104.01632817956438,4.595277090656565,4.179806225575821,0.41547086508074393,4.476454203419529,4.4581329915306664
165,Parker Messick,CLE,31986,9.199115354795046,2.190265560665487,4.2,0.8362832140722769,0.25328947,0.06030702,0.19298246,0.22860492379835873,1.106194727608832,0.2895174708818636,0.82368655,62.7471996339051,74.7778098687021,80.12133258898403,2.5884956626046667,3.0534915694719493,-0.46499590686728265,3.3272957911822063,3.498743834304129
166,Kris Bubic,KCR,21455,8.373295551123423,3.798995203750442,2.20408163,1.1241924582526819,0.21578422,0.0979021,0.11788212,0.2582448295136948,1.4170855125100854,0.31100846805234794,0.73088582,100.20250070678684,102.71917544532872,101.25027460236483,4.283560918514529,4.28237537261835,0.0011855458961784748,4.209928268456535,4.449444542481918
167,Andre Pallante,STL,26108,6.405846578975357,3.138681275085347,2.04093567,0.8443236178592162,0.16762728,0.08213256,0.08549472,0.2561939905113337,1.3399048718200604,0.2929427430093209,0.68908671,104.39388528415422,99.94015210184693,95.45321528541292,4.276682673069508,4.056237779896477,0.22044489317303118,3.942332936427968,4.237762602217721
168,Aníbal Sánchez,3 Tms,3284,7.8209350219519385,2.9861751901998312,2.61904762,1.3864384811642072,0.20323326,0.07759815,0.1256351,0.24671385237613752,1.295589235959715,0.2808219178082192,0.74407918,98.55720743827709,105.72981306932638,108.51257338349302,4.2659645574283305,4.546816322107304,-0.28085176467897366,4.6405078230507035,4.588706480555079
169,Shota Imanaga,CHC,33829,8.500338875300956,1.6635071777470687,5.10989011,1.7000677750601911,0.23640061,0.04626335,0.19013727,0.225201072386059,1.0379147348336413,0.2501912777352716,0.81419091,84.50387540957195,106.04558338090635,94.83628722244184,3.454976446090066,4.322130237093862,-0.8671537910037963,3.9246298703933205,3.7562134844989052
170,Eury Pérez,MIA,27768,9.92263085378594,3.4206964259104162,2.90076336,1.2272727634945768,0.26836158,0.09251412,0.17584746,0.2078740157480315,1.1460348500717679,0.25741399762752076,0.72922719,88.95056303882696,94.37350714421814,98.20848664803489,3.8123792227703874,3.989528660822275,-0.17714943805188765,4.159759151085979,3.93693175028823
171,Dinelson Lamet,2 Tms,17186,11.55432308981022,3.681817979395485,3.13821138,1.2871396188130557,0.30369788,0.09677419,0.20692368,0.21750663129973474,1.2272726597984949,0.28917378917378916,0.72130141,96.51782480520477,89.15500727934952,88.33220437161104,4.13082017200469,3.873616488630481,0.2572036833742093,3.85917320057203,3.7792457559680246
172,Michael Lorenzen,7 Tms,14843,7.09650950428628,3.354209570385312,2.11570248,1.289014421677,0.18404026,0.08698778,0.09705248,0.258051689860835,1.3721766424303548,0.29109947643979056,0.71646729,106.76515683326497,110.64125762182404,109.9206056927021,4.587782511560075,4.6789115881878764,-0.09112907662780145,4.572508155676438,4.700817175156521
173,Bryce Miller,SEA,29837,8.360052001599835,2.495798405488051,3.34965035,1.326438313406237,0.22809524,0.06809524,0.16,0.22811534500514932,1.1363930579766883,0.2645998558038933,0.7278609,104.65287186164268,103.52568816549916,99.1622555454457,4.049127483029565,4.146378771681816,-0.09725128865225052,4.135313888260053,4.076226828575137
174,Eric Lauer,4 Tms,19316,8.18292685041693,3.207317081459989,2.5513308,1.5365853698249377,0.21047679,0.08249686,0.12797992,0.25465196416264646,1.3577235807447863,0.29121140142517815,0.74711289,105.67432221148336,112.23512677669301,110.17062578433638,4.365853669820061,4.721661991763867,-0.3558083219438055,4.630398845956197,4.53903777367044
175,Dane Dunning,2 Tms,19409,8.383482878260944,3.4225352781353955,2.44949495,1.158130624419553,0.21709937,0.08863026,0.12846911,0.25249500998003993,1.3521127024732427,0.3023415977961432,0.74120212,103.97891182398217,102.67222375722056,98.09908418277588,4.269526331815367,4.3130606630712,-0.043534331255832726,4.084003560032441,4.272144766698311
176,Chase Burns,CIN,35333,11.544170000331393,3.2915195455490336,3.50724638,1.0017668182105754,0.30985915,0.08834827,0.22151088,0.22081575246132207,1.197879899024286,0.30357142857142855,0.75910931,76.92618790985374,71.26475115402108,77.31930666850208,3.2915195455490336,3.101512326927174,0.19000721862185976,3.244254845439421,3.290445768817295
177,Alek Manoah,TOR,26410,8.828571829503915,3.3857144394699477,2.60759494,1.0285714752820094,0.23369257,0.08961997,0.1440726,0.21204356181934658,1.1642857671594968,0.25703905540417804,0.76642336,80.44395004916333,99.41657254956965,107.37714330919178,3.3428572946665307,4.1271979168689406,-0.7843406222024099,4.427795246741807,4.242610428428298
178,Jeffrey Springs,3 Tms,17677,8.137500388026256,2.8500001358985965,2.85526316,1.5187500724196468,0.21474518,0.07521029,0.13953488,0.24004305705059203,1.2458333927392988,0.2717795979151154,0.74051655,96.29103793691534,106.23196768698398,104.63278063160469,4.125000196695337,4.529514172539526,-0.40451397584418824,4.304222220124826,4.248082014278554
179,Michael Pineda,3 Tms,5372,7.84834112580908,1.7914691700216379,4.38095238,1.5568720168045187,0.20826259,0.0475382,0.16072439,0.26240286909742977,1.2393364760863976,0.29707792207792205,0.74280409,96.40321445699088,100.26321659110693,96.29322521609176,4.180094730050488,4.350386076238461,-0.17029134618797315,4.203800591149609,4.223288343402558
180,Mike Foltynewicz,2 Tms,10811,8.302961215878273,3.090546674799135,2.68656716,1.4760819939339154,0.2173913,0.08091787,0.13647343,0.2402482269503546,1.2693621776538184,0.27530864197530863,0.73631215,100.0610373258522,108.41870892098157,105.7622209126095,4.351366711284355,4.628306062095216,-0.27693935081086174,4.515121465244024,4.4467758571233755
181,Austin Gomber,2 Tms,16561,6.891213464740279,2.711297100881421,2.54166667,1.553347297379981,0.17726117,0.0697421,0.10751907,0.2755102040816326,1.4027196806643463,0.3035897435897436,0.6998672,109.26194671988775,111.46279722924555,110.1016072331295,5.1119247422868455,4.853540589191425,0.2583841530954203,4.59879248898943,4.686157245244041
182,Iván Nova,3 Tms,1994,5.978339350180505,2.063176895306859,2.8976378,1.4458483754512634,0.15580017,0.05376799,0.10203218,0.28036117381489845,1.3501805054151625,0.3026166097838453,0.72272303,104.80024221875092,108.49847308893278,103.89765945047868,4.5,4.73459358395165,-0.23459358395164998,4.510262467963893,4.73751233006492
183,Jake Arrieta,3 Tms,4153,7.639591256435524,3.2388381182226653,2.35874439,1.3797740862383552,0.19597615,0.08308495,0.11289121,0.26584362139917694,1.40236687829372,0.30458817025981205,0.69491525,109.10758327218053,108.73653165982873,101.04772844108471,4.61861220446102,4.700162645011988,-0.08155044055096816,4.315499001800802,4.542201129583871
184,Carlos Martinez,STL,11682,8.587898944810247,3.6647589327467895,2.34337349,1.0155356078695923,0.21977401,0.09378531,0.1259887,0.23951715374841168,1.331970616118813,0.2906057945566286,0.69012977,107.37658175870423,99.82768983823068,99.13078223282547,4.415372208128662,4.163304948575691,0.2520672595529714,4.201960169997693,4.34357780975841
185,Clarke Schmidt,NYY,19899,8.780915637865384,2.970788823589187,2.95575221,1.104186996378282,0.22971114,0.07771664,0.1519945,0.24297646165527714,1.264849125480942,0.29543039319872477,0.73329985,94.26819247810924,93.90734687673607,101.25625629084306,3.917234820484857,4.042938423041631,-0.12570360255677437,4.261760391561419,4.1738102233577
186,Braxton Garrett,MIA,21844,8.92607843951835,2.4671459040904753,3.61797753,1.0811088793205454,0.23232323,0.06421356,0.16810967,0.25826771653543307,1.2843943096201351,0.3179317931793179,0.73446328,95.81006901602544,91.31773321340498,86.73996690981303,4.102669593318993,3.844509762117754,0.25815983120123853,3.6545415898034586,3.80933157617918
187,Griffin Canning,3 Tms,19867,8.514039157481484,3.5134990358784894,2.42323651,1.487041085724506,0.22029423,0.09090909,0.12938514,0.2516750418760469,1.3639309304793399,0.29318448883666276,0.72102052,113.2769501573863,110.49708826669821,105.32455437224789,4.78185760899645,4.717881812228121,0.06397579676832876,4.484556536109004,4.485399539189273
188,Brett Anderson,4 Tms,8223,5.245601510438989,2.395161444389123,2.19008264,1.0293255794068958,0.13673891,0.0624355,0.07430341,0.27479224376731304,1.357038210457382,0.29838709677419356,0.70118662,101.87692540191979,100.71517611793749,99.30022711109446,4.394428435160209,4.384742857525849,0.009685577634360065,4.384391900711879,4.730414944904994
189,Reese Olson,DET,24968,8.614914746829259,2.9376529213325826,2.93258427,0.8581907410634511,0.23117803,0.07883082,0.15234721,0.229126213592233,1.1919315848103487,0.28263795423956933,0.71332887,88.86178246821244,85.18835267415227,91.4238503728444,3.696821653811789,3.6027846926337297,0.09403696117805938,3.823967756136782,4.036819381731737
190,Tyler Skaggs,LAA,10190,8.782759313866922,2.9793105799689914,2.94791667,1.1172414674883717,0.22952149,0.07785888,0.15166261,0.2580071174377224,1.3310345878102208,0.315527950310559,0.72289157,97.56794080092101,89.84115886046784,94.85985918451091,4.251724473497415,3.9639870290430053,0.28773744445440963,4.151209409854474,4.215906750384393
191,Zack Godley,3 Tms,14862,9.105704158886882,3.9412749344435754,2.31034483,1.0192952416664418,0.23103448,0.1,0.13103448,0.25340246273493194,1.4219797815840485,0.3156934306569343,0.68190476,113.10672083228062,97.6796264450102,96.30795671605156,4.892617159998921,4.102850869503205,0.7897662904957166,4.0735220467874,4.305812579896482
192,Spencer Schwellenbach,ATL,31846,9.025604747823326,1.5746799772798146,5.73170732,1.036984375281829,0.251606,0.04389722,0.20770878,0.22033898305084745,1.007112397393052,0.2696629213483146,0.73229874,77.4890530045136,81.39011260019295,78.16807770849675,3.2261736119879125,3.2711653730109167,-0.04499176102300417,3.185138633187061,3.3729638272111173
193,Johnny Cueto,4 Tms,6893,7.164179047825095,2.671641769918108,2.68156425,1.3432835714672053,0.1875,0.06992188,0.11757813,0.2627551020408163,1.3217246993325464,0.2962962962962963,0.74,104.73949066657822,110.52062333411378,107.37236652774335,4.313432801711359,4.544476591229175,-0.23104378951781612,4.510381344307611,4.58488941705619
194,Cole Irvin,3 Tms,19244,6.468208211340348,2.080924893728798,3.10833333,1.2138728546751323,0.16962256,0.05457026,0.1150523,0.26302971261568436,1.2716763239453768,0.2919254658385093,0.71088435,106.21891224329853,106.77818355077726,111.39012315992514,4.23121395058189,4.320289500145688,-0.08907554956379826,4.611653678364313,4.633149841058982
195,Bryce Elder,ATL,27779,7.291858053359917,3.1427753393462066,2.32019704,1.223050501518967,0.18961353,0.08172303,0.1078905,0.252212389380531,1.3297018813982582,0.28713450292397663,0.72139303,104.6001120582596,107.81476212884625,100.04079530041842,4.42775244853702,4.465126834748731,-0.0373743862117113,4.213449064902644,4.47355989627342
196,Michael Fulmer,2 Tms,13218,6.710215757991961,2.7583495605974857,2.43269231,1.113948861010523,0.17630662,0.07247387,0.10383275,0.25664388762338647,1.302553959171035,0.2896281800391389,0.66465257,105.31555462483612,98.83807151224816,101.4357354661245,4.614930995615024,4.323619474088261,0.29131152152676343,4.394611442719138,4.6085474498605965
197,Tylor Megill,NYM,21318,9.612448467514016,3.585062365506393,2.68125,1.2771784677116524,0.24472333,0.0912721,0.15345123,0.25111252383979654,1.381742786705589,0.3109475620975161,0.71688207,108.68262118173922,101.21909549091527,96.65399821403597,4.436514677314161,4.2373454757867535,0.19916920152740758,4.07986353654974,4.140598847769041
198,Davis Martin,CHW,21448,7.2926833791769,3.073170922328727,2.37301587,1.0487805528582164,0.18960051,0.07989854,0.10970197,0.25910364145658266,1.3441735251102722,0.3011049723756906,0.71054926,106.79623776966575,100.80000678788082,106.84412098596476,4.34146368392471,4.228920843091584,0.11254284083312616,4.401492930702011,4.487341681417464
199,Jimmy Nelson,2 Tms,10547,10.238094721491642,2.8571427129744116,3.58333333,0.8571428138923234,0.26908636,0.07509387,0.19399249,0.2578875171467764,1.3121692459586185,0.34274193548387094,0.72594502,87.83377114960994,74.171840899267,77.36075376725242,3.8571426625154555,3.2354020963772085,0.6217405661382469,3.348083575812631,3.6210276796080345
200,Jeff Samardzija,SFG,3254,7.614359980780533,2.2183568447943283,3.43243243,1.4189489727963722,0.20363442,0.05932656,0.14430786,0.24311926605504589,1.1880089208858515,0.27321981424148606,0.69751993,106.73174653191639,106.34267328066444,105.89088170408316,4.4367136895886565,4.385417862361736,0.05129582722692039,4.5945362087347315,4.470704776006372
201,Domingo Germán,2 Tms,17149,9.087988633140082,2.696228992819568,3.37062937,1.7346368345412604,0.24087956,0.07146427,0.16941529,0.23189983669025585,1.1920390807415182,0.2644497228820269,0.7111882,107.35431358497917,107.46659048647467,98.61986855714572,4.600558561174648,4.707692352001917,-0.10713379082726959,4.233476020401014,4.082166861332968
202,Ryne Nelson,ARI,26253,6.959130159063,2.4383652986998237,2.8540146,1.3526698007385882,0.18522027,0.06489815,0.12032212,0.25204081632653064,1.2478576670556274,0.2799732083054253,0.70553286,104.17826089842752,109.47725112509893,109.27680409499617,4.431773426104059,4.473172029609521,-0.04139860350546165,4.591136640606035,4.564090734869953
203,Braxton Ashcraft,PIT,23793,9.422819093500019,2.038590669266831,4.62222222,1.0419463420697137,0.25935162,0.05610973,0.2032419,0.23097463284379172,1.0973154713584423,0.28957528957528955,0.74819401,78.59351995405525,79.02662211447937,75.68580444355422,3.3976511154447184,3.3177306370541224,0.07992047839059602,3.177057310561666,3.3431124202353844
204,Nolan McLean,NYM,33703,9.922401614652513,3.3997073261359207,2.91860465,0.8301610912657481,0.2684492,0.09197861,0.17647059,0.2091346153846154,1.1420205488311879,0.2732142857142857,0.76332795,71.20261727999063,82.92836444893776,83.38293006426252,2.9253295596983504,3.4592027372051817,-0.5338731775068313,3.497492593745379,3.6583258458081573
205,Erick Fedde,4 Tms,17425,7.030188965979072,3.5094341054001807,2.00322581,1.4490566628749133,0.18005219,0.08988112,0.09017107,0.26266837716484925,1.420125844084876,0.2916842549598987,0.72620519,116.57231042410285,117.56986788786493,110.039634305298,4.845283216487991,4.931857496515095,-0.08657428002710343,4.582644451459566,4.804965670134587
206,Vince Velasquez,4 Tms,11189,9.443094824930728,3.6598466231907025,2.58018868,1.6227621819807831,0.24075704,0.09330986,0.14744718,0.2530773018217627,1.3925831490757075,0.302158273381295,0.70901508,122.40352759020402,110.76566171674912,106.45028082779268,5.161764812896321,4.810030916215273,0.35173389668104793,4.512842524809498,4.3505431632274
207,Kodai Senga,NYM,31838,10.174737260882958,4.4621054468118,2.28025478,1.1084210982526126,0.26597325,0.1166419,0.14933135,0.2164685908319185,1.301052685128423,0.2765685019206146,0.76547231,88.17282629763095,97.50111955171488,96.36333545426395,3.6663159403740266,4.126761912279468,-0.46044597190544145,4.106123927656155,4.2432402744307645
208,Noah Cameron,KCR,30184,7.697624443750383,2.857451498058855,2.69387755,1.137149065554034,0.20657277,0.07668232,0.12989045,0.22781569965870307,1.1825054385390952,0.26237054085155354,0.75376884,87.01126869698035,96.90876305789158,100.08010465675436,3.7030238801374953,4.078232290866374,-0.3752084107288791,4.162664765755729,4.295056333770782
209,José Urquidy,2 Tms,18413,7.337979179418634,2.163763091367033,3.39130435,1.4111498421958912,0.19822109,0.05844981,0.13977128,0.23689584751531653,1.1498257973448003,0.2625341841385597,0.76422764,96.8747225589549,106.63816708025166,108.40645363711245,3.9747387221850934,4.39182091416421,-0.4170821919791168,4.518149171673047,4.408120267280394
210,Jhoulys Chacín,4 Tms,2608,7.754520604032967,3.548678920489663,2.18518519,1.1828929734965543,0.2021537,0.09251101,0.10964268,0.23519736842105263,1.2892907541814296,0.271513353115727,0.72883173,99.17100040275615,106.5588663109641,108.42052122196384,4.205841683543304,4.526949899433449,-0.3211082158901446,4.600598501521441,4.681535323379013
211,Joey Lucchesi,2 Tms,19320,8.829603953266885,3.136832983397446,2.81481481,1.2779689932359966,0.23312883,0.08282209,0.15030675,0.24242424242424243,1.2779689932359966,0.2904761904761905,0.75,100.17910675826502,99.52686991366777,96.74074273039594,4.089500778355188,4.202718916542046,-0.11321813818685733,4.153210605939328,4.276609889437658
212,Cade Cavalli,WSN,27473,9.943114354464377,2.627245662764978,3.78461538,1.010479101063453,0.25949367,0.0685654,0.19092827,0.2453488372093023,1.2395210306378357,0.3157894736842105,0.74242424,82.6677593033904,83.19978726407054,80.02012774220687,3.5164672717008165,3.5439401183180435,-0.02747284661722693,3.350617135929266,3.4104625631393444
213,Jared Jones,PIT,27863,10.27611963701663,2.820895586632016,3.64285714,1.2089552514137212,0.27747552,0.07616975,0.20130577,0.21997621878715815,1.1417910707796255,0.2787769784172662,0.7239819,92.29015841342368,88.44813362661839,87.42816952259608,3.9492538212848225,3.6468973255362798,0.30235649574854273,3.6055793267669425,3.5170344172241235
214,Andrew Cashner,3 Tms,8782,5.484689801582277,3.52875262969448,1.55428571,1.1695294429844563,0.14122534,0.09086189,0.05036345,0.26512968299711814,1.4227034411784094,0.28612099644128114,0.71077571,97.88557268139165,108.11199158242829,118.75389721001252,4.4563104637856,4.928888294723221,-0.4725778309376203,5.211105746902431,5.381486974672166
215,Chase Anderson,6 Tms,6895,7.681945310885202,3.2750140126956557,2.34562212,1.524315277798439,0.20303151,0.08655764,0.11647387,0.23879272081668887,1.266070445256129,0.26597687157638467,0.75622502,99.45987643379722,114.8893392317716,115.60133596165723,4.3616546067697906,4.9569348646247064,-0.5952802578549159,4.934512772094154,4.739745490478561
216,CC Sabathia,NYY,404,8.051470889352196,3.088235409614541,2.60714286,1.4779412317441016,0.20821449,0.07986309,0.1283514,0.25156838143036386,1.3259804417471956,0.2874354561101549,0.77220077,91.1981278842357,104.43808224645286,99.36158277736433,4.0147060324989035,4.688083732719825,-0.6733777002209216,4.3552796896258235,4.441650767746626
217,Ryan Feltner,COL,21446,7.4189193013639345,3.587838022790755,2.06779661,1.3175676354881305,0.18711656,0.0904908,0.09662577,0.2671582529778786,1.4594595346945445,0.3048048048048048,0.64921466,116.18371883468656,109.13715982685561,111.57217375276718,5.45270298378934,4.704151571428075,0.7485514123612651,4.610160276895644,4.685552993947381
218,Kutter Crawford,BOS,20531,8.85620335678673,2.664473789291137,3.32380952,1.497180510173115,0.23628978,0.07109005,0.16519973,0.2359882005899705,1.1983083179351675,0.27531645569620256,0.68638393,110.98136188721692,107.00626810471203,105.81385988835544,4.6945490573224795,4.402082663885846,0.2924663934366336,4.360452545217452,4.103155359231
219,Will Warren,NYY,30182,9.369000303789148,3.4020001103096043,2.75396825,1.2690000411472333,0.23686007,0.08600683,0.15085324,0.2586466165413534,1.4100000457191482,0.3173076923076923,0.68247822,112.4421758096043,96.17201201707215,92.92665188458929,4.617000149705892,4.087661864163565,0.5293382855423268,3.8653900513943396,4.022281786903676
220,Grayson Rodriguez,2 Tms,24492,9.177865958604547,3.2282609912533435,2.84297521,1.2539526164372492,0.23724138,0.08344828,0.1537931,0.25931558935361215,1.36956526901657,0.3181818181818182,0.70941004,114.17627017300933,99.90219713306536,94.56627364356385,4.668972508011034,4.1515456576638785,0.5174268503471557,3.9520344896656763,4.071777194082445
221,Ryan Pepiot,2 Tms,26221,9.233429699332037,3.4236312368309805,2.6969697,1.3227666142301515,0.2508809,0.09302326,0.15785765,0.21023622047244095,1.1498559457033344,0.25028968713789107,0.76320371,91.72844357599989,104.3118704230961,101.89255940222873,3.682997239621206,4.2980224929599995,-0.6150252533387937,4.217675083914045,4.0658409994756
222,Triston McKenzie,CLE,18000,9.429914233854777,3.530932011331273,2.67065868,1.5223179929092916,0.25706052,0.0962536,0.16080692,0.20474967907573813,1.1417384946819686,0.2375,0.76163968,98.89095047097213,110.8145988500973,105.31267228570228,4.017228036843964,4.4994073915503945,-0.4821793547064308,4.332937436351501,4.131432077090886
223,Zach Plesac,2 Tms,19979,6.858339308389233,2.4494068958532975,2.8,1.431960954498851,0.18172741,0.06490265,0.11682476,0.24878836833602586,1.2393580190984208,0.27240649258997884,0.71371611,102.8621456833752,110.01331033800393,108.83108155187894,4.314724455003117,4.632379872885335,-0.31765541788221796,4.642983105318054,4.666376979085673
224,Sean Newcomb,5 Tms,16943,8.946269217015516,4.6477614851161695,1.92485549,0.9402985663529821,0.22545701,0.11712932,0.10832769,0.24941905499612704,1.4776120328404005,0.31094257854821233,0.73202614,100.73526178390578,101.09241335742995,107.83603637321735,4.298507731899347,4.197035123658162,0.10147260824118565,4.52662504018199,4.677867581440089
225,Brad Peacock,2 Tms,5401,10.039048563457492,3.2546687123537987,3.08450704,1.0543293011850334,0.26739927,0.08669109,0.18070818,0.22567567567567567,1.2122240274494587,0.2891566265060241,0.75304022,86.96484299505578,82.97597775819645,91.81618759722126,3.80475356514599,3.6801221862119,0.12463137893408982,4.106760542181008,4.022779690935164
226,Landen Roupp,SFG,30076,8.31510116444588,4.0772889879715315,2.03937008,0.7384066671129546,0.2135202,0.10469909,0.1088211,0.23933209647495363,1.3733650571907607,0.2952261306532663,0.70953437,96.08504616723906,93.96677814216363,99.76526346668258,3.916765799468715,3.7815748577613455,0.13519094170736956,4.165189297309847,4.450825289816873
227,Paul Blackburn,3 Tms,14739,6.987023158904378,2.8442749142442603,2.45652174,1.154198515925207,0.17974549,0.07317073,0.10657476,0.2741469057258531,1.4015267693377513,0.31334332833583206,0.70756424,118.69137276484865,107.81397551838005,103.1646434787809,4.7610688781914785,4.3643699939173075,0.396698884274171,4.3101732672951645,4.5145955923615775
228,Payton Tolle,BOS,35466,10.358491249464766,2.6037737566960613,3.97826087,1.0754717690701123,0.28153846,0.07076923,0.21076923,0.22408026755852842,1.1320755463895917,0.2904040404040404,0.77164366,78.52433859199364,80.73451055095406,87.27751508939527,3.339622861849296,3.3354663941222995,0.0041564677269962935,3.617471461922835,3.419461779380873
229,Ian Anderson,ATL,19951,8.658506772374029,3.998776028462815,2.16528926,0.9583843374001788,0.22469983,0.10377358,0.12092624,0.23150816522574447,1.3292533721795583,0.2826666666666667,0.74062692,94.91630221950926,97.83476700398663,96.37138866501147,3.9657282926903954,3.9861630358083677,-0.02043474311797233,4.00423879465505,4.3862290853940555
230,Edward Cabrera,2 Tms,21690,9.595190747522524,4.328657480085349,2.21666667,1.3166333168592936,0.24894712,0.11230697,0.13664015,0.22800429184549356,1.3326653816003506,0.2795869737887212,0.73011078,102.96344893106635,110.26634666013601,97.1988774023228,4.346693552919038,4.567182426932547,-0.22048887401350914,4.044658994714127,4.235420031076457
231,Jason Vargas,3 Tms,8044,7.301347959699083,3.2331482167582446,2.25827815,1.391752543637655,0.18923418,0.08379578,0.1054384,0.25565749235474006,1.3536875168031208,0.2872253864930838,0.73076923,108.77463561630663,111.68051645206232,115.07064499541848,4.560666027612624,4.757886666876571,-0.19722063926394728,4.990656503858119,4.873198408043615
232,Zack Littell,5 Tms,15823,6.878746826379004,1.894414232933255,3.63106796,1.6369210362238806,0.18208374,0.05014606,0.13193768,0.25582599689280167,1.2200272891706077,0.27588555858310626,0.76157595,101.8350640777677,114.08636266915806,106.7206927505228,4.175068260930572,4.7482398462954425,-0.5731715853648707,4.451148002144116,4.411459687629677
233,Janson Junk,3 Tms,23301,6.344056206370723,1.9258742055053983,3.29411765,1.1328671797090577,0.16699801,0.05069583,0.11630219,0.2682154171066526,1.279720332634306,0.29906542056074764,0.66789668,105.86793714653261,97.48808134643397,105.19107159489039,4.493706479512596,4.090587109838202,0.40311936967439443,4.409910931267359,4.491416887506471
234,Homer Bailey,4 Tms,8362,7.274863974663237,3.1980106734257854,2.27480916,1.367088532151481,0.18137553,0.0797322,0.10164334,0.28122912491649965,1.4972874399754315,0.3193350831146107,0.67744576,124.06601301257847,108.62884107681532,106.47797391874559,5.443941833388933,4.730263943593037,0.7136778897958953,4.628187568791718,4.810099033150111
235,Matthew Liberatore,STL,22294,7.852941543585718,3.1102942630493997,2.5248227,1.3235294736380425,0.19966349,0.0790802,0.12058329,0.2759680393362016,1.4460784989748983,0.3212221304706854,0.68714012,121.29386222008311,108.43452438292086,105.05956378627626,5.007353175263927,4.450198509292491,0.5571546659714359,4.395103003135341,4.451893523931074
236,Mike Fiers,3 Tms,7754,7.055748882741087,2.681184575441613,2.63157895,1.6463414059729202,0.18610422,0.0707196,0.11538462,0.2529358626919603,1.2735191193293172,0.2742616033755274,0.78606159,97.42661949565615,116.38190563961673,111.07307643752334,4.186411003759711,5.05657551147768,-0.8701645077179689,4.903451140882977,4.750455914180554
237,Jordan Zimmermann,DET,4505,6.628477863689629,2.1211129163806812,3.125,1.6792143921347062,0.16769145,0.05366126,0.11403018,0.2943980929678188,1.4484451628062525,0.3210445468509985,0.65784196,128.43492789345126,111.40994602563677,111.36905746772281,5.744680815197679,4.944420044791455,0.8002607704062239,4.893195833206669,4.795229762967712
238,Daniel Norris,2 Tms,13475,8.02267259848816,3.189737298194088,2.51515152,1.3210023154137132,0.20376432,0.08101473,0.12274959,0.27297297297297296,1.4391407338653461,0.3195121951219512,0.71868009,108.37145814830977,101.15593057884642,106.42144041134688,4.8651548689626996,4.512027933571329,0.3531269353913702,4.712636957336405,4.671148371122296
239,Emmet Sheehan,LAD,29839,10.350000538392528,2.863636512598723,3.61428571,1.5136364423736108,0.27650273,0.07650273,0.2,0.22302158273381295,1.1636364241671002,0.27389705882352944,0.71561338,105.37705614776272,95.52609566577597,91.08198565468908,4.459091141046583,4.138272973211308,0.3208181678352755,3.8621332146111937,3.625962497566925
240,Joey Cantillo,CLE,23335,9.762096774193548,4.354838709677419,2.24166667,1.0161290322580645,0.25140187,0.11214953,0.13925234,0.24126984126984127,1.403225806451613,0.30864197530864196,0.73295092,94.73750356195283,96.37431639039501,95.93568877464516,3.8830645161290325,3.9301918383567567,-0.0471273222277242,3.9811822705872117,4.186675835270343
241,Clay Holmes,3 Tms,13649,7.009615513170967,3.926682764322625,1.78512397,0.7139423207859318,0.18243243,0.10219595,0.08023649,0.23377862595419846,1.3197115626649043,0.27530864197530863,0.72815534,91.05652965961255,98.60991424869984,101.30607967732426,3.731971222290098,4.068564719751302,-0.33659349746120437,4.21345635803981,4.505107441466022
242,Mitchell Parker,WSN,27636,6.808189767117168,2.909482806460328,2.34,1.251077606777941,0.1735905,0.07418398,0.09940653,0.2648953301127214,1.3868534710794231,0.29637305699481864,0.63500534,119.81129196702521,106.9294724787835,112.78756569822636,5.091594911305574,4.472634818019514,0.6189600932860602,4.641178072993592,4.734850633594512
243,Sean Burke,CHW,29878,9.228716824420639,3.87674721620644,2.38053097,1.3036849045649974,0.23763251,0.09982332,0.13780919,0.23856858846918488,1.3456162903843394,0.28898426323319026,0.76086957,96.03124300318642,104.21724505843291,105.8980694121648,3.9453622111835447,4.391451199512205,-0.4460889883286603,4.3959785041439865,4.271078846240796
244,Chris Flexen,5 Tms,13896,6.423387273209086,3.266129121970722,1.96666667,1.3997696237017379,0.16304777,0.08290565,0.08014212,0.27946273830155977,1.4775346027962788,0.3074792243767313,0.71908602,122.30901268972463,119.20828590957242,121.65426797057458,4.992511657869532,4.928584100802513,0.0639275570670188,5.066805899771969,5.07052406474265
245,Graham Ashcraft,CIN,27552,6.557927286887328,2.9908538672415013,2.19266055,1.2347561837235557,0.16620306,0.07579972,0.09040334,0.2727969348659004,1.4176830257566748,0.3046033300685602,0.70422535,111.89166220370807,107.4620531416206,105.52848550932498,4.9115857085892545,4.731190871099565,0.18039483748968976,4.413836368763442,4.591957641636538
246,Joe Ross,3 Tms,12972,8.203725298364061,3.080325974098383,2.66326531,1.3830034985747843,0.21082391,0.07915994,0.13166397,0.25975177304964536,1.365541333188739,0.3025516403402187,0.73227885,101.63206650374427,104.64409609042022,103.8990310580068,4.337601881893642,4.499466091195874,-0.161864209302232,4.415212491494419,4.472633099428505
247,Colin Rea,2 Tms,12317,7.4100393806208125,2.6577575925742107,2.78807947,1.5488918420300035,0.19409866,0.06961734,0.12448133,0.2531328320802005,1.282920515620811,0.28061911170928666,0.7322778,110.84263555349486,114.94747868837614,105.60887220992574,4.611473438771147,4.776126613350161,-0.16465317457901474,4.422594488035871,4.440682865913956
248,Ryan Weathers,3 Tms,23796,8.132530487580206,2.997418379708133,2.71317829,1.4638554877644372,0.21160822,0.07799274,0.13361548,0.259946949602122,1.3450947250886627,0.3004566210045662,0.72698977,110.40198053653744,109.55310659287282,99.1634880067994,4.554217073044915,4.59003998809005,-0.03582291504513435,4.1482122162769395,4.257033986987347
249,Trevor Cahill,6 Tms,6249,8.498257726765573,3.5435539598690395,2.39823009,1.2857142686250498,0.21925566,0.09142395,0.12783172,0.24842484248424843,1.3554006788486297,0.29411764705882354,0.67520373,114.91993511863741,102.73150681640071,95.0939238401237,4.954703766896533,4.448301654161189,0.5064021127353442,4.138514376201073,4.355281386483039
250,Jordan Lyles,6 Tms,7593,7.38886521707188,2.832976491678577,2.60816327,1.7691649111298866,0.19023519,0.07293837,0.11729682,0.2686084142394822,1.3811563394804853,0.29460400348128807,0.69055154,126.7868660043013,121.00786265691316,113.28073325267788,5.353747410804821,5.134731930162039,0.2190154806427813,4.794224501742507,4.6917727439469115
251,Jake Irvin,WSN,21504,7.334282715062125,3.228929497197162,2.27142857,1.583713039101465,0.18988854,0.08359873,0.10628981,0.25362637362637364,1.3445330763461198,0.27964601769911507,0.70020902,117.28806681534813,118.59855979012464,109.53540083599147,5.01252864802988,5.03669128428604,-0.02416263625616022,4.585224114547009,4.629334043471279
252,Logan Henderson,MIL,31475,10.40700862128824,1.9649596697537235,5.2962963,1.2371968291041961,0.30425532,0.05744681,0.24680851,0.1832579185520362,0.8733154087794326,0.22695035460992907,0.89201878,56.06252525447013,78.159054799103,78.99229493546727,2.328841090078487,3.2612434687348038,-0.9324023786563167,3.3134829854241965,3.1432452294105073
253,Chad Kuhl,4 Tms,14975,7.917425414125176,4.230819345463786,1.87136929,1.369310825502802,0.2003554,0.10706353,0.09329187,0.2605846774193548,1.4785435979075838,0.3017182130584192,0.70835803,114.80180136256261,116.24425605120398,113.74700977529758,4.968140559196064,4.935480512340651,0.032660046855412794,4.771287197010246,4.8613676831416734
254,Chad Patrick,MIL,30113,8.875000235107215,3.312500087751285,2.67924528,0.8125000215239001,0.23432343,0.08745875,0.14686469,0.2459016393442623,1.3055555901409677,0.3096446700507614,0.78250863,81.0789470081068,85.3640740170014,102.58753951752534,3.3750000894069694,3.51721251148518,-0.14221242207821083,4.262125714423057,4.219895638877299
255,Jason Hammel,KCR,4538,6.718160256472889,2.515330143418759,2.67088608,1.2735848827436755,0.16562009,0.06200942,0.10361068,0.28994082840236685,1.4929245014384198,0.3251072961373391,0.65873016,126.7493197682541,105.07090602508657,116.27448942410045,5.603773484072173,4.471150410819918,1.1326230732522546,5.038510432345725,4.815812013523011
256,Michael McGreevy,STL,29869,5.877990645193826,2.2284689808701867,2.63768116,1.0980861644867588,0.15716753,0.05958549,0.09758204,0.2589861751152074,1.255980907092698,0.28423475258918296,0.71801567,98.69433568365378,101.8380495101388,101.12207633047038,4.069378138980341,4.1822183814512055,-0.1128402424708641,4.2274938058885105,4.553219301684885
257,Garrett Richards,4 Tms,9784,8.46022035773951,3.7343941422834557,2.26548673,1.2888616951243785,0.21603376,0.09535865,0.12067511,0.2575187969924812,1.4210526382140583,0.305591677503251,0.71092832,100.62273433681418,103.6475510206019,98.82835606106534,4.428396593504274,4.485052185864728,-0.056655592360453255,4.261201156249624,4.495836288409423
258,Brent Suter,5 Tms,13942,7.250411941353742,2.179571687891616,3.32653061,1.2009884810831353,0.1942789,0.05840286,0.13587604,0.2484076433121019,1.205930820511461,0.2823529411764706,0.73390152,92.48998103430802,97.4274042013638,96.49088931550143,3.869851772378991,4.083686062678468,-0.21383429029947676,4.034744290954931,4.2861815121210896
259,Ben Brown,CHC,23590,9.458598955934342,2.7515924235445355,3.4375,1.0891720009863788,0.25114155,0.07305936,0.17808219,0.23754152823920266,1.2165605391134404,0.2966507177033493,0.7176196,104.83255576734894,89.90974160114138,91.06843182951111,4.299363161788337,3.65587914134269,0.6434840204456469,3.764641968691559,3.7532034736651885
260,JT Brubaker,2 Tms,17578,9.180570517601666,3.107708653473856,2.95412844,1.4540655167629968,0.23148814,0.07836089,0.15312725,0.26148969889064977,1.390707542176374,0.3138357705286839,0.69401445,119.94717364257374,106.43049667361457,95.34195772541733,5.074973764388499,4.432129231974472,0.6428445324140268,3.9620401578447684,4.056433840719711
261,Peter Lambert,2 Tms,17969,7.43354468517744,3.246835609617732,2.28947368,1.367088677733782,0.18616262,0.08131241,0.10485021,0.2697784810126582,1.4398734915946083,0.3068062827225131,0.68965517,117.58479229386612,109.42027805050586,111.99319029870118,5.411392682696221,4.796089027052152,0.6153036556440687,4.784345144415231,4.766262989195136
262,Keider Montero,DET,22630,6.213523469077736,2.5302492477172227,2.4556962,1.217081916623474,0.16840278,0.06857639,0.09982639,0.2398871119473189,1.1886121641878373,0.2611311672683514,0.74621733,93.93548291337672,106.76836400092661,112.63089782790841,3.8754450503010625,4.455328418776615,-0.5798833684755524,4.655815687039258,4.712319670219266
263,Trevor Richards,3 Tms,19309,9.06338028169014,3.676056338028169,2.46551724,1.2992957746478873,0.23423423,0.0950041,0.13923014,0.2465753424657534,1.3591549295774648,0.2981770833333333,0.75605434,107.43701882948791,105.74992776167491,108.68805156757846,4.309859154929577,4.381537520870266,-0.07167836594068877,4.638719178689526,4.502885671969566
264,Bailey Falter,3 Tms,20070,6.414971725654634,2.746135156530237,2.336,1.471928443900207,0.16996508,0.07275902,0.09720605,0.26418663303909207,1.3279089112466214,0.28687856560717195,0.70647419,110.97532913983987,116.0208374760318,113.47812645694216,4.74532155048425,4.827229590521174,-0.08190804003692431,4.688926720706395,4.802840344360022
265,Randy Vásquez,2 Tms,24719,5.454049154509141,3.0218380450658757,1.80487805,1.1055505042923934,0.14267352,0.07904884,0.06362468,0.25424929178470257,1.3157415878245275,0.274235807860262,0.76590909,97.97372087463006,113.40762314057702,124.81898941384587,3.930846237484066,4.703921875242563,-0.7730756377584971,5.19560697453044,5.199510667019686
266,JP Sears,3 Tms,23429,7.472791364452762,2.6225863985183056,2.84939759,1.6588648906290486,0.19505155,0.06845361,0.12659794,0.25529040972534894,1.2867174231016854,0.28119293974437004,0.74679487,113.29592043652407,121.58028591936133,117.97155850524119,4.597425554029078,4.987358742195655,-0.3899331881665766,4.900793948217873,4.601260686950481
267,Mike Montgomery,2 Tms,4869,6.875536930954368,2.7038628380157625,2.54285714,1.081545135206305,0.17853561,0.07021063,0.10832498,0.2683461117196057,1.3519314190078813,0.3069306930693069,0.72808834,96.87178381270162,100.68328001150418,99.01489041950326,4.171674092938606,4.290463369238798,-0.11878927630019209,4.237390370572677,4.438974241941818
268,Drew Smyly,5 Tms,11760,8.683516883928428,3.145055090078861,2.76100629,1.819780303693429,0.22171717,0.08030303,0.14141414,0.260797342192691,1.3846154484623916,0.2972549019607843,0.74002325,111.8124645861284,118.09266677830892,106.11306636345832,4.826373848926051,5.034436505557438,-0.20806265663138745,4.547688061920458,4.424847139299071
269,Marco Estrada,2 Tms,1118,7.386792160413081,3.285848926528577,2.24806202,1.7066037060264703,0.18843405,0.08382066,0.10461339,0.2594440484675695,1.395282963633582,0.28393881453154873,0.70408666,123.71397177561832,117.48537031646816,128.62709863782013,5.374528089128138,5.140852402881331,0.23367568624680768,5.590580626781593,5.130323696783087
270,Bubba Chandler,PIT,29868,8.303571994207381,4.3392860098761155,1.91358025,0.8035714833103917,0.2120383,0.11080711,0.10123119,0.235202492211838,1.380952475022303,0.288135593220339,0.65296804,109.04345096460268,95.3576274352318,109.06740546915724,4.714286035420965,4.009258282329123,0.7050277530918425,4.586440193316508,4.640837259189919
271,Luis Gil,NYY,21052,9.091837177074062,4.890306360395897,1.85915493,1.1364796471342578,0.23698384,0.12746858,0.10951526,0.1991657977059437,1.274234755877804,0.23867069486404835,0.7838559,90.64887359479279,107.82918334163409,116.80565705565526,3.6849491588898657,4.554845049167489,-0.8698958902776233,4.826306707697766,4.705418288968156
272,Dakota Hudson,2 Tms,19206,5.856487578428214,4.2110091953653015,1.3907563,0.9731323770802168,0.15107257,0.1086262,0.04244637,0.25675675675675674,1.43905636368226,0.28543563068920674,0.72076023,102.08412859287264,115.83751783079856,113.68249917545123,4.334862406993693,4.860379565129077,-0.5255171581353837,4.812371473043646,5.193697043970078
273,Kyle Harrison,3 Tms,27758,9.582589734488245,2.983259068284076,3.21212121,1.4765625691507045,0.24727838,0.07698289,0.17029549,0.252991452991453,1.3225447047948486,0.30759651307596514,0.74839837,104.48776028456359,106.12022836385758,95.14950009788983,4.279018057538776,4.317605846505,-0.03858778896622361,3.9629374879687935,3.882641387754142
274,Matt Manning,DET,20369,6.307086803619108,3.0118111140877764,2.09411765,1.0629921579133328,0.16375345,0.07819687,0.08555658,0.24370594159113795,1.2874016134728143,0.2700636942675159,0.67346939,105.73524350370398,106.10299363717714,119.77364963149654,4.429133991305553,4.425558384711369,0.003575606594184322,5.009915553746685,5.000083190163696
275,Julio Teheran,5 Tms,6797,7.692025268302787,3.810598153173941,2.01858736,1.473242408662044,0.20066519,0.09940872,0.10125647,0.23281965847563516,1.3032528999702697,0.2594070695553022,0.73775056,102.20766499311979,118.31358997849564,116.88796210755552,4.448058810768094,5.043917595413728,-0.5958587846456336,5.015461579996635,4.913432549393046
276,J.T. Ginn,OAK,27889,8.442253747920017,3.3845071331751417,2.49438202,1.3309859512486513,0.21958457,0.08803165,0.13155292,0.24530386740331492,1.3140845423439065,0.28858024691358025,0.74910394,97.4655268554842,103.78161632420533,97.28599180532343,4.259155043995684,4.51008025952124,-0.25092521552555613,4.038234198101745,4.155031007314697
277,Jack Leiter,TEX,30146,8.82352980775406,3.9529413538738187,2.23214286,1.2705882923165845,0.2236136,0.10017889,0.12343471,0.2414486921529175,1.3803922188130795,0.288135593220339,0.68558673,122.08846020788692,106.98580063601929,109.14248784255332,4.905882573111257,4.460475127633815,0.44540744547744193,4.531966727967616,4.426536455392133
278,José Ureña,8 Tms,11589,6.10985932727202,3.435211364503563,1.77859779,1.3183098963408508,0.15669701,0.08810143,0.06859558,0.2603978300180832,1.3957746872583154,0.2826984855438274,0.70815451,113.27201469552331,120.19918652457501,115.72829296275094,4.740845204148829,5.0276579366644025,-0.2868127325155738,4.880010053184984,5.0371318825717815
279,Kyle Leahy,STL,24763,8.37062937062937,2.5804195804195804,3.24390244,0.9440559440559441,0.21983471,0.0677686,0.15206612,0.26475849731663686,1.3216783216783217,0.3236009732360097,0.78612717,87.04429884401111,86.26572300117711,86.46835881999775,3.5874125874125875,3.5697695998878745,0.01764298752471305,3.6424749676372623,3.897784557710429
280,Logan Allen,CLE,27589,7.546875412343092,3.6562501997687034,2.06410256,1.3125000717118422,0.19223881,0.09313433,0.09910448,0.27122015915119363,1.4713542470579184,0.3123893805309734,0.73553055,112.0564057574754,114.58583738298319,110.56473407312495,4.593750250991447,4.705142992378713,-0.11139274138726574,4.620962332937809,4.732048669385526
281,Foster Griffin,2 Tms,16432,8.235521538764687,2.345559931926651,3.51111111,1.198841742984733,0.21914008,0.06241331,0.15672677,0.24624624624624625,1.210424754994247,0.2907216494845361,0.76552463,85.19294238850254,93.45274619213603,89.73835099270171,3.5965252289541985,3.957654630342244,-0.3611294013880455,3.7649425470941615,3.880639342304133
282,Walbert Ureña,LAA,29357,8.59090968675854,3.9886366402807507,2.15384615,0.6136364061970385,0.2295082,0.10655738,0.12295082,0.20335820895522388,1.186363718647608,0.25647668393782386,0.78698225,72.99653986498639,87.50788160823129,94.36428921633211,3.006818390365489,3.5914208665958145,-0.5846024762303257,3.9094670135609264,4.136139405265863
283,Clayton Richard,2 Tms,3551,6.301494677200161,3.0722589707345977,2.05109489,1.1661128940014531,0.16140149,0.07869041,0.08271109,0.2857142857142857,1.4676078943736237,0.32025620496397117,0.68004459,124.63262825951743,109.78297013228399,97.15909882912737,5.135381783198707,4.6377020954118,0.4976796877869072,4.126644184907022,4.402298654479755
284,Christian Scott,NYM,30107,9.896187000543861,3.3750001909369236,2.93220339,1.1440678613345505,0.25782414,0.08792846,0.16989568,0.22961730449251247,1.2521187149050357,0.28921568627450983,0.75555556,99.48137411516004,94.40672216202097,99.34546145631363,4.061440907737654,3.90849369614735,0.1529472115903041,4.137815616569047,3.9211978878247185
285,Johan Oviedo,2 Tms,22487,7.928571698616971,4.5535715836651525,1.74117647,1.0178571775251517,0.19812584,0.11378849,0.08433735,0.23261205564142196,1.4017857620302527,0.27395833333333336,0.71683787,101.78029417144856,110.38191016805943,116.19265623915143,4.392857292476971,4.700296732346126,-0.3074394398691549,4.987974961921521,5.016603858751387
286,Slade Cecconi,2 Tms,27500,7.330188943041997,2.377358576121729,3.08333333,1.443396278359621,0.19128508,0.0620384,0.12924668,0.26587301587301587,1.3176101103108524,0.29894736842105263,0.69910515,116.4410207865023,109.9926321157048,103.94470240280182,4.811320927865403,4.478890719797424,0.3324302080679793,4.320597448415467,4.346439177605439
287,Simeon Woods Richardson,MIN,24494,7.687715808520018,3.657864779860331,2.10169492,1.3019518707977449,0.19792498,0.09417398,0.103751,0.24822695035460993,1.370838213167996,0.2840095465393795,0.70190641,115.13570526686665,112.74821173494215,117.11041821652545,4.711825818125172,4.6076834406748945,0.10414237745027766,4.829500743932433,4.733159498038226
288,Max Meyer,MIA,27474,9.087988959967594,3.0921788162545347,2.93902439,1.4706704126088639,0.2360431,0.08031342,0.15572968,0.24379719525350593,1.2905028122037894,0.2890262751159196,0.74981161,96.56673847290823,106.67400954288054,92.92113569953335,4.0726257579937775,4.412260711281638,-0.3396349532878604,3.8519284032426953,3.9315332388912894
289,Drew Pomeranz,4 Tms,11426,9.158068335104964,4.11964886271712,2.22302158,1.3929747953072276,0.23025335,0.10357675,0.1266766,0.26655490360435874,1.504939672471402,0.3237753882915173,0.76520439,101.78144849191659,108.07487669185615,103.3973707817596,4.504939763546778,4.620806026682763,-0.11586626313598458,4.517343505920443,4.577958884703085
290,Matt Harvey,5 Tms,11713,6.941673356842321,3.066769124813921,2.26351351,1.6784344534454567,0.17205958,0.07601438,0.0960452,0.28499156829679595,1.5080583909557945,0.31254585473220836,0.66061254,141.85367609780786,119.35143040066622,111.92969218136898,6.071374010611343,5.2129207158573925,0.8584532947539509,4.785515560062171,4.852073902448544
291,Andrew Alvarez,WSN,29914,8.725610466460173,4.198171073485555,2.07843137,0.5762195591058604,0.23043478,0.11086957,0.11956522,0.21182266009852216,1.2530488825000459,0.2696245733788396,0.76804916,73.17949376261625,81.66439522275986,91.59748233451586,3.1280490351460997,3.4829011637071443,-0.35485212856104464,3.844014114127488,4.2375345959597155
292,Ben Lively,3 Tms,14932,6.816235724369152,2.818019716435303,2.41880342,1.517395231926702,0.17877448,0.0739103,0.10486418,0.25777470628887356,1.311329212776162,0.2815622161671208,0.76758555,102.94510609287066,116.60199353942649,116.86428982553876,4.335414948362005,4.944772008730635,-0.6093570603686302,4.910308154540509,4.772392855941815
293,Jake Bennett,BOS,31959,7.386018408361242,1.6413374240802758,4.5,0.9848024544481655,0.20408163,0.04535147,0.15873016,0.24162679425837322,1.103343490631741,0.28164556962025317,0.71828358,88.58918082271728,84.9601881560924,90.61976835277082,3.7750760753846344,3.510846097658253,0.26422997772638146,3.7541832214784026,3.930193674992686
294,Brandon McCarthy,2 Tms,4662,7.131048606474126,2.5040323350977847,2.84782609,1.0887097109120802,0.18794835,0.06599713,0.12195122,0.2716049382716049,1.3427419767915656,0.31388329979879276,0.71573604,105.49221544402555,98.1300738120943,97.15563929205358,4.354838843648321,4.035984245354461,0.31885459829385976,4.088711604521035,4.370808262453807
295,Jacob Lopez,2 Tms,25098,9.17224892938763,3.918660340724293,2.34065934,1.5502392556711488,0.23304158,0.09956236,0.13347921,0.2404438964241677,1.3684210713640388,0.28291814946619215,0.72294023,108.5857569964016,109.27508828407642,115.02590032060348,4.822966573199129,4.799375196446631,0.023591376752498228,4.784213825692461,4.462632779097938
296,Stephen Kolek,2 Tms,21487,5.994000091461183,2.322000035430909,2.58139535,0.9180000140075686,0.1620438,0.06277372,0.09927007,0.24170616113744076,1.1760000179443362,0.2693069306930693,0.69536424,92.55911322953378,97.24102413324745,100.63891483645142,3.8340000585021983,4.0539179694180545,-0.21991791091585622,4.178564078352899,4.429968512752871
297,Rhett Lowder,CIN,33876,6.993630828139342,3.7261147854840755,1.87692308,0.9745223285112197,0.17453505,0.09298999,0.08154507,0.2659235668789809,1.4777070602261633,0.3067484662576687,0.68627451,118.09470710404884,99.50799734276383,114.24589003461811,5.044586171116902,4.323588345123588,0.7209978259933134,4.782023421944123,4.86913827795466
298,Javier Assad,CHC,21741,6.955375468824761,3.5324544703873784,1.96899225,1.2596349274249568,0.18273381,0.09280576,0.08992806,0.24380495603517185,1.3204868562860657,0.2723449001051525,0.81928346,85.9078411939199,115.41529537309204,110.73234604489267,3.5050711023998797,4.7028272929254635,-1.1977561905255838,4.584839457933216,4.772907510546812
299,Steven Brault,PIT,15291,7.328571362008854,4.071428534449364,1.8,1.028571419229313,0.18607182,0.10337323,0.08269859,0.24721878862793573,1.4047618920029967,0.28664495114006516,0.70911722,108.24545609832963,106.60845563587877,117.21577418495711,4.628571386531908,4.620732416101744,0.007838970430164238,5.088010543771209,5.152522920892654
300,Cody Bradford,TEX,27597,7.118182311885647,1.9636364998305234,3.625,1.227272812394077,0.18831169,0.05194805,0.13636364,0.25601374570446733,1.2340909946851553,0.289237668161435,0.70967742,106.87124298271596,96.94934319396471,106.57056780021709,4.356818483998974,4.055780581510902,0.30103790248807183,4.432423190453673,4.438427347396314
301,Randy Dobnak,2 Tms,23798,5.56363681383373,2.672727488998557,2.08163265,0.8181818843873133,0.1440678,0.06920904,0.07485876,0.26738794435857804,1.3454546543258041,0.2981132075471698,0.72300469,96.06493150330923,98.27738980567511,102.16075401222623,4.145454880895721,4.208533510161305,-0.0630786292655845,4.399411109997272,4.6537134212974305
302,Matt Strahm,3 Tms,13799,9.80660458970603,1.9740567680577072,4.96774194,1.591981264562667,0.25666667,0.05166667,0.205,0.25357142857142856,1.2240567056415173,0.30708661417322836,0.70748299,113.23046415032631,95.91907941492164,96.43634610532466,4.839623044270508,4.182903727272817,0.656719316997691,4.234119925835829,3.891348737972223
303,Grant Holmes,ATL,16944,8.371854131553118,3.7688789817323998,2.22131148,1.3283753788073214,0.21802092,0.09814964,0.11987128,0.23852385238523852,1.3283753788073214,0.27854454203262236,0.80463183,90.60703749409933,110.45289303825808,101.06276677228311,3.7997714324023377,4.539304033868616,-0.7395326014662782,4.2132945934118675,4.377424133647492
304,Cade Horton,CHC,31872,7.120879587293954,2.596154016200921,2.74285714,0.7417582903431202,0.19834711,0.07231405,0.12603306,0.21396396396396397,1.0714286416067291,0.2514792899408284,0.79338843,61.25089269486793,88.87575029165288,103.21680419580322,2.5219781871666087,3.6110656333044533,-1.0890874461378446,4.279131033685325,4.345435212010227
305,Hayden Wesneski,2 Tms,27581,7.6188120250666405,2.3613861832077894,3.22641509,1.381188144895122,0.20308789,0.06294537,0.14014252,0.23136246786632392,1.1534653683174316,0.2586805555555556,0.68295115,96.00858718006164,106.6234262141195,99.47552886624631,3.965346609537608,4.4090403992380995,-0.44369378970049134,4.154577835435221,4.219878023218726
306,Luis Perdomo,SDP,14682,6.62183607004898,3.7167725038339436,1.7816092,0.8971519836840554,0.16436903,0.09225875,0.07211029,0.2923076923076923,1.5854431880977486,0.33781763826606875,0.66223067,125.55090406330174,103.42960270310215,102.90666707930589,5.169304286941462,4.379194235335023,0.7901100516064394,4.390917128590612,4.626041884787728
307,Jaime Barria,LAA,18356,7.069977913676306,2.9559821449422485,2.39175258,1.645598307493623,0.1856,0.0776,0.108,0.2548161120840631,1.313769842196555,0.27686915887850466,0.80705009,93.51120603077679,115.14859884404353,116.35150668846339,4.113995768734057,5.086369915909321,-0.9723741471752643,5.0363134400571345,4.843458972824751
308,Troy Melton,DET,31807,7.533333652637636,2.733333449187107,2.75609756,1.0000000423855269,0.20582878,0.07468124,0.13114754,0.21357285429141717,1.0962963427633925,0.24664879356568364,0.79850746,67.12226061663343,93.99164111453914,100.80149656221938,2.8000001186794754,3.9428493666774327,-1.1428492479979573,4.182349635691749,4.2411698661702895
309,Tyler Alexander,5 Tms,17735,6.917910718551386,2.350746360672801,2.94285714,1.4776119981371894,0.17975567,0.06108202,0.11867365,0.2647887323943662,1.3134328872330572,0.2920245398773006,0.71997346,111.61132365294127,113.68785004896806,113.6149669069575,4.567164357878585,4.660551657835812,-0.09338729995722694,4.737052127590934,4.651892566060042
310,Sal Romano,CIN,13690,6.88396986656887,3.5450383744007357,1.94186047,1.2778626698421256,0.17269907,0.08893485,0.08376422,0.2654462242562929,1.4564886344437131,0.2973372781065089,0.68536932,119.84316240696631,111.6173629774549,111.01533806855039,5.070229302921983,4.753212308001663,0.3170169949203201,4.61649036439826,4.815955204685242
311,Yonny Chirinos,3 Tms,16401,7.628698074180313,2.6360946224916266,2.89393939,1.4378697940863419,0.19772257,0.06832298,0.12939959,0.26832018038331457,1.349112399389654,0.30606060606060603,0.71642911,112.3783967352929,109.48816197272193,99.57576424644962,4.79289931362114,4.63837672101702,0.1545225926041196,4.346931958933611,4.487538966054422
312,Shane Smith,CHW,31687,9.07758658004574,3.8987070568145166,2.32835821,1.0474138361591239,0.23458647,0.10075188,0.13383459,0.2205128205128205,1.2672414314023968,0.27007299270072993,0.69096844,102.41557502889546,98.53235407279774,103.489230959358,4.1896553446364955,4.180684606267387,0.008970738369108666,4.3204002189675315,4.282168227923546
313,Ryne Stanek,TBR,15947,11.060241980517466,3.3614460921180536,3.29032258,0.9759037041633059,0.3081571,0.09365559,0.21450151,0.19063545150501673,1.0602410613132212,0.2553191489361702,0.81151832,64.40861652036611,78.61689300511111,91.0683671330619,2.7108436226758497,3.2966225411127037,-0.585778918436854,4.0124180543977905,3.715491728817107
314,Anthony Kay,2 Tms,20387,8.090073586141878,3.3253676703773363,2.43283582,1.0919117723627074,0.200492,0.08241082,0.11808118,0.2576601671309192,1.3897058920979912,0.3058161350844278,0.7223114,108.63144305177727,105.69515524040582,105.47737629134055,4.566176502607686,4.46566946626155,0.10050703634613534,4.401979921757576,4.378843052353669
315,Austin Voth,2 Tms,15047,8.110075002040347,2.871268789542235,2.8245614,1.4608209631004352,0.21268164,0.07529723,0.13738441,0.24492753623188407,1.2649254316501852,0.28,0.76253838,100.149394271793,107.48602674160573,114.32681879551856,4.231343479325399,4.593876263323343,-0.36253278399794464,4.822505070438986,4.524919457489767
316,Aaron Sanchez,5 Tms,11490,7.243269323757768,4.38750005632639,1.65088757,1.168269245767382,0.17658228,0.10696203,0.06962025,0.2774566473988439,1.5951923281712648,0.31981132075471697,0.68665377,123.25814415548646,113.14148858034572,113.80445395980055,5.348076991735127,4.949225757744129,0.39885123399099776,4.954746304437576,5.080505008290471
317,Gavin Stone,LAD,27792,7.111349283281563,2.601713152420084,2.73333333,1.2141328044627058,0.18524096,0.06777108,0.11746988,0.26742301458670986,1.3490364494030065,0.3044397463002114,0.72836802,107.9134829476013,101.43117480635938,102.762413335959,4.5096361308614785,4.254432250001715,0.25520388085976364,4.218639987795921,4.437193381499608
318,Robert Gasser,MIL,29812,7.7142861774330065,2.4842616503597816,3.10526316,1.1767555185914755,0.20274914,0.0652921,0.13745704,0.23062381852551986,1.1622276726829388,0.26463104325699743,0.74766355,88.38349653255975,102.25591861352292,106.02915034268906,3.661017168951257,4.255790098684437,-0.5947729297331796,4.434003955511836,4.259568806837281
319,Kyle Wright,ATL,19665,8.494382113492968,3.7415730738004735,2.27027027,1.2471910246001578,0.21818182,0.0961039,0.12207792,0.24732229795520935,1.3670412131503231,0.2940379403794038,0.73591763,105.13198480017068,109.91142105264576,96.02003986634405,4.4831461154546215,4.497148834168299,-0.014002718713677531,3.9917082133835864,4.214209474175029
320,Bobby Miller,LAD,27483,8.738182060607413,3.09272735852959,2.82539683,1.5218182240383695,0.22791293,0.08066581,0.14724712,0.2563380281690141,1.3363636734387117,0.3013972055888224,0.67270992,129.01773329816794,106.97294378533783,93.69102364343749,5.44909106026642,4.64420891801088,0.8048821422555408,3.9926369121480767,4.173852397404674
321,Kwang Hyun Kim,STL,27458,6.549505074180095,3.0074257993684106,2.17777778,0.9356435820257278,0.17562724,0.08064516,0.09498208,0.22789783889980353,1.1955445770328743,0.25692695214105793,0.79779917,72.9674117292001,98.67902746846342,107.13251639742957,3.0074257993684106,4.1636923392202965,-1.1562665398518859,4.608003272368479,4.862642902735487
322,José Suarez,3 Tms,19911,8.253409421851579,3.589772871214256,2.2991453,1.6261364288406457,0.20550038,0.08938121,0.11611917,0.26768968456947995,1.4693182407344199,0.30669800235017625,0.6838744,130.13829535466792,116.70509255843159,111.23855541974991,5.614772952412041,5.071198194684232,0.5435747577278089,4.721543447062611,4.629809719936332
323,Clay Buchholz,3 Tms,3543,6.8319830406918385,2.240890437346923,3.04878049,1.2570848794872982,0.18195051,0.05967977,0.12227074,0.2616822429906542,1.269230627115195,0.2935222672064777,0.74115044,93.44050544598768,100.30302229594685,106.2245089909658,4.099189824415103,4.296912964231675,-0.19772313981657152,4.546029979403475,4.582287944257752
324,Connor Prielipp,MIN,31857,9.102857341283686,3.3171429294508346,2.74418605,1.0028571647176943,0.23694779,0.08634538,0.15060241,0.24498886414253898,1.3114286000154463,0.3050314465408805,0.60369318,122.22246079988625,92.34219732067841,96.71773816881588,5.091428682412909,3.7862260422998553,1.3052026401130536,4.0070636063241345,4.018253782114543
325,Ronel Blanco,HOU,19407,8.640000239701711,3.992727383498518,2.16393443,1.5054545872207528,0.23487544,0.10854093,0.12633452,0.19939879759519039,1.1672727596566705,0.22238372093023256,0.81350729,87.92791333733875,116.82355701256655,106.66986072879403,3.567272826240479,4.796702056670426,-1.2294292304299472,4.41886197630331,4.449364143383914
326,Tyler Wells,BAL,20000,7.796791632722458,2.3823529988874177,3.27272727,1.732620362827213,0.21386139,0.06534653,0.14851485,0.22174840085287847,1.098930507904297,0.23738872403560832,0.76597744,103.29654792552682,117.21223187095814,111.62411151448734,4.114973361714631,4.816244864823512,-0.701271503108881,4.591106665476843,4.335770763403767
327,Connelly Early,2 Tms,33666,9.71052664072561,3.0000001003867736,3.23684211,1.1842105659421474,0.25678497,0.07933194,0.17745303,0.2296983758700696,1.2017544261783275,0.28668941979522183,0.84126984,74.22510776455069,94.53044485988265,92.21526773714395,3.1578948425123934,3.9221732466442263,-0.7642784041318329,3.832442141191769,3.7194700464932615
328,James Kaprielian,OAK,18331,7.854006750607344,3.7936334493499624,2.0703125,1.2447859755679564,0.20290965,0.09800919,0.10490046,0.23776824034334765,1.3336992595370962,0.2738927738927739,0.73218263,110.94786793193025,115.51402440786654,121.43555929966537,4.386388675810894,4.6066089457308514,-0.2202202699199578,5.002811761967466,4.794915197890226
329,Ervin Santana,3 Tms,3200,6.732375710893209,2.714099108579985,2.48051948,1.6566578974449258,0.17900656,0.07216495,0.10684161,0.23775510204081632,1.2140991683402529,0.25067385444743934,0.76711251,93.3311895368088,114.98279741952854,117.44025336562129,4.12402072342673,5.080204227573869,-0.9561835041471394,5.151740036719271,4.855597564222686
330,Zebby Matthews,MIN,31827,8.98787108202166,2.6927225104032506,3.33783784,1.7102426755263889,0.2295539,0.06877323,0.16078067,0.2710843373493976,1.3908356510190965,0.3176638176638177,0.67909923,130.60583955883897,111.37859257817222,94.95938500822702,5.385445020806501,4.565060383419088,0.8203846373874129,3.9396495430810425,3.950396772977081
331,Matt Waldron,2 Tms,25550,7.674658085687447,2.912671442158489,2.63492063,1.3869864010278519,0.19809069,0.075179,0.1229117,0.25523560209424084,1.3253425609821696,0.2904929577464789,0.68281938,128.25642806046773,111.82523905285262,111.49326138547154,5.131849683803052,4.613181848952263,0.5186678348507892,4.614881083063345,4.468258871739506
332,Cade Povich,BAL,30055,8.343168245486448,3.563664828474111,2.34117647,1.4254659313896443,0.21192758,0.09052183,0.12140575,0.2744405182567727,1.4813665561500224,0.32305194805194803,0.69353667,130.31538453297307,111.75241082694556,109.18691967735556,5.198758102715173,4.604447557818734,0.5943105448964392,4.51282212308427,4.4526039169220955
333,Danny Salazar,CLE,5867,12.43420927808568,4.0855259056567235,3.04347826,1.4210524889240779,0.32407407,0.10648148,0.21759259,0.24281984334203655,1.371710388614214,0.3392070484581498,0.75250836,97.34344757271167,88.14952015895483,77.51355527760701,4.440789027887743,3.899996321592168,0.5407927062955755,3.4221295087708485,3.5716012635001118
334,Collin McHugh,3 Tms,7531,8.999999636310656,2.822033784266901,3.18918919,1.2203389337370383,0.236,0.074,0.162,0.24175824175824176,1.2457626615232265,0.29283489096573206,0.71644042,94.1145873550594,92.51851179453509,99.65305301681308,4.118643901362504,4.086641593526277,0.03200230783622704,4.429601508988063,4.250752452266678
335,Alec Mills,CHC,13834,7.325938435405883,2.4419794784686277,3.0,1.474402703981058,0.19319563,0.06439854,0.12879708,0.26517150395778366,1.300341273649961,0.2980599647266314,0.72332731,108.86570397088896,109.55179593059682,98.06561267751347,4.6075084499408065,4.679951916530909,-0.07244346659010237,4.239389470038079,4.393516434938073
336,Carmen Mlodzinski,PIT,27572,7.039877897848992,3.2300616237189494,2.17948718,0.8282209291587049,0.17311609,0.07942974,0.09368635,0.30066815144766146,1.6012271297068297,0.3531073446327684,0.68711656,118.69479350447035,93.76588328580085,104.72798720220692,5.134969760783971,3.913170383230172,1.2217993775537987,4.373575585230411,4.659737517804931
337,Ian Seymour,TBR,27932,11.571428643086847,1.9285714405144743,6.0,1.840909102309271,0.30913349,0.05152225,0.25761124,0.23134328358208955,1.1201298770664876,0.2891566265060241,0.72234763,98.96528364563403,93.81371083705541,73.14027294100502,4.120129895644559,3.9273497088680847,0.19278018677647424,3.0413609953523046,2.9431808570770865
338,Kumar Rocker,TEX,31843,8.243942273520556,3.794830570350732,2.17241379,1.3085622656381835,0.20610687,0.09487459,0.11123228,0.25943970767356883,1.453958072931315,0.30398671096345514,0.73033708,119.77779558405699,109.75200931830385,104.23761047876094,4.841680382861279,4.568995540542664,0.2726848423186148,4.327627527514077,4.449443851731387
339,Garrett Whitlock,BOS,20191,8.422018643371114,1.8990826352699572,4.43478261,1.3211009636660571,0.22417582,0.05054945,0.17362637,0.26869158878504673,1.2660550901799714,0.3193548387096774,0.72742475,99.64675793459531,95.38784630463896,91.71638779780395,4.2935781319146855,3.968936022111007,0.32464210980367847,3.790017249871912,3.8356462877138267
340,Félix Peña,LAA,13403,8.115168191495394,2.9578650417600034,2.74358974,1.1376404006769245,0.214,0.078,0.136,0.23620309050772628,1.2303370259172663,0.27794561933534745,0.68421053,99.22138925742576,95.65120795124409,99.16993701438528,4.323033522572313,4.201464400362676,0.12156912220963711,4.2972677802034625,4.340701936516883
341,Jaime García,5 Tms,8137,7.6554875276881225,4.0335364393195485,1.89795918,1.234756052852923,0.19395203,0.10218978,0.09176225,0.2637106184364061,1.4817072634235076,0.30577223088923555,0.67832168,115.10517918837567,107.57508500836695,103.10847416717516,5.021341281601886,4.6401343022358095,0.38120697936607684,4.440511341161128,4.699096118356189
342,Quinn Priester,3 Tms,25977,7.336013311650642,3.255627209312415,2.25333333,1.2588425209341338,0.18756937,0.08324084,0.10432852,0.2659313725490196,1.4083602149914447,0.3042071197411003,0.75745983,97.3749357484683,109.82754681902395,98.36742778825584,4.167202827919891,4.581818505524117,-0.4146156776042256,4.1089380000896885,4.315701278032912
343,Ryan Borucki,2 Tms,16350,6.583333333333333,3.25,2.02564103,0.75,0.16916488,0.08351178,0.08565311,0.2611764705882353,1.3888888888888888,0.3026706231454006,0.67663818,95.9292606359067,91.7925137142136,109.97137516793337,4.166666666666667,3.953987918213743,0.212678748452924,4.697430441748394,4.811807118776078
344,Kolby Allard,4 Tms,18694,7.032154675077081,2.7781351802773653,2.53125,1.6061094010978518,0.17802198,0.07032967,0.10769231,0.27175208581644816,1.4083601955572755,0.2984375,0.64724919,128.44054918766957,112.55706810031477,113.61425054875077,5.7299038093220656,4.970164561428886,0.7597392478931795,4.947669362969915,4.876449111074198
345,Trey Yesavage,TOR,35456,9.107462893983366,4.352238905089396,2.09259259,0.9671642011309769,0.24406048,0.11663067,0.12742981,0.1891891891891892,1.1731343550755369,0.23049645390070922,0.74870912,87.95407662359285,95.0641319558109,106.03804839365274,3.6268657542411633,3.982464693711761,-0.35559893947059784,4.399499558694405,4.397526193119892
346,Tobias Myers,2 Tms,22191,7.9312500945478694,2.98125003553927,2.66037736,1.293750015422702,0.20583942,0.07737226,0.12846715,0.2571884984025559,1.3375000159442427,0.2987012987012987,0.77742279,93.26861395835458,107.51460930313394,106.25864011640078,3.825000045597554,4.372680700807801,-0.5476806552102471,4.342718882273375,4.373732071006295
347,Brandon Williamson,CIN,25463,7.349112840749122,3.6213019794995676,2.02941176,1.491124344499822,0.19166667,0.09444444,0.09722222,0.2472952086553323,1.3491125021665056,0.27442827442827444,0.7120743,106.12474786645923,111.67841906427536,114.90768475491797,4.739645237874434,5.027834560986923,-0.2881893231124888,4.956359117033657,4.921792281231092
348,Gage Jump,ATH,35418,9.851351605269757,4.195946054096378,2.34782609,1.0945946228077508,0.24713959,0.10526316,0.14187643,0.268733850129199,1.5202703094552095,0.3445692883895131,0.67055394,122.04888723367269,91.344567839633,97.84014151659451,5.472973114038754,4.01267392731131,1.4602991867274442,4.053609227096406,4.149996891996219
349,Chris Stratton,3 Tms,13761,7.007633108242769,3.7099234102461716,1.88888889,1.071755651848894,0.17970402,0.09513742,0.0845666,0.2672919109026964,1.456488449948497,0.3074581430745814,0.72030921,112.11532410247641,110.25779195371098,108.88209594279249,4.534350834745321,4.433608467698056,0.10074236704726491,4.553859148633483,4.897013741489216
350,Daniel Mengden,2 Tms,16980,6.01027434556521,2.4503426178073546,2.45283019,1.3869863874381254,0.16049383,0.0654321,0.09506173,0.23973509933774834,1.202054869113042,0.253781512605042,0.71134021,101.29089718217985,110.81341308350129,112.64761350362438,4.253424921476918,4.688691336881735,-0.4352664154048176,4.91955408170938,4.963319966583477
351,Justus Sheffield,SEA,17285,7.814371435984799,3.934131826392347,1.98630137,1.1317365527977985,0.19003932,0.09567497,0.09436435,0.29056047197640117,1.6167665039968548,0.34375,0.6888361,128.88182131565526,108.52155814702587,107.40876425683446,5.389221679989516,4.609234663479251,0.7799870165102654,4.697362679106724,4.863463409118108
352,Doug Fister,2 Tms,9425,7.140000363159198,3.1800001617431723,2.24528302,1.2000000610351593,0.1827957,0.08141321,0.10138249,0.2597623089983022,1.3733334031846824,0.29555555555555557,0.6684492,100.1884854007911,103.77216946156756,98.55934952153298,4.620000234985364,4.5455348593594955,0.07446537562586819,4.256370263452336,4.464395724199632
353,Albert Suárez,BAL,6175,7.632000465820341,2.8800001757812606,2.65,1.1520000703125044,0.19962335,0.07532957,0.12429379,0.25614754098360654,1.3200000805664112,0.2978142076502732,0.7967033,95.05879980065521,102.10703485748813,109.4291688122401,3.744000228515639,4.1657275962370495,-0.4217273677214104,4.474337965860771,4.500256011164343
354,Spencer Arrighetti,2 Tms,29921,9.567961585848701,4.4890778673331235,2.13138686,1.3762136527590598,0.24192212,0.11350456,0.12841756,0.23709369024856597,1.4016990907731166,0.2893258426966292,0.7167333,120.25157409167596,116.66523723448145,109.84738462555887,4.849514776389068,4.7593765265587304,0.09013824983033736,4.530852129896676,4.384645402081732
355,Griffin Jax,2 Tms,20253,8.347328730420337,2.7309161895819623,3.05660377,1.5458016167445068,0.22283356,0.07290234,0.14993122,0.2368815592203898,1.2080153375299665,0.2694736842105263,0.69318182,101.16582497768403,107.82653214973995,101.27067205311482,4.276717806326469,4.5369019047033285,-0.2601840983768593,4.2767974032627185,4.165633640022809
356,Jeremy Hellickson,3 Tms,4371,5.880273532317768,2.6784492005845335,2.1954023,1.6624857107076414,0.15415658,0.07021792,0.08393866,0.24845814977973568,1.262257669240987,0.25617977528089886,0.67976804,112.96561346761588,121.41775545390986,120.54685965204328,4.895096814861389,5.327562134340271,-0.4324653194788821,5.160525016692654,5.086745979008898
357,Matt Moore,4 Tms,1890,7.6004545889765796,3.8921682774194584,1.95275591,1.4710557268986928,0.18235294,0.09338235,0.08897059,0.28852459016393445,1.6311011416307266,0.329004329004329,0.65913371,141.0078334361173,119.55273027732042,122.60132072408898,6.037457879146719,5.028521117092786,1.0089367620539331,5.266167856811084,5.012720330899303
358,David Festa,MIN,30056,9.93865053934321,3.064417249630823,3.24324324,1.3251534052457612,0.26143791,0.08061002,0.18082789,0.2283653846153846,1.2147239548086144,0.28214285714285714,0.65743945,118.06947624136414,98.80723202326777,95.28428765580823,4.803681094015884,4.045080581265884,0.7586005127500002,3.943684199689015,3.7973616220718727
359,R.A. Dickey,ATL,1245,6.442105263157894,3.1736842105263157,2.02985075,1.231578947368421,0.16687117,0.08220859,0.08466258,0.26151761517615174,1.368421052631579,0.2899305555555556,0.73202055,96.22562380954803,110.27264663257435,110.66113131096088,4.2631578947368425,4.72079758895071,-0.4576396942138672,4.786191488410298,4.9040436509280605
360,DJ Herz,WSN,26389,10.536585645950414,3.668989644572019,2.87179487,1.3170732057438017,0.26858513,0.09352518,0.17505995,0.232,1.3170732057438017,0.2931726907630522,0.69469835,109.46418330062822,97.39455399243575,97.4327184210732,4.609756220103306,4.039701652479587,0.5700545676237194,3.970338767423021,3.8572451525568874
361,Dan Straily,2 Tms,9460,7.657114913138096,3.388340048670865,2.25984252,1.6808301028839723,0.1983414,0.0877678,0.1105736,0.252486610558531,1.3547431340705032,0.27899686520376177,0.75170246,111.70013403820084,122.60445861011654,118.73134323625044,4.588932979302274,5.1355662476419095,-0.5466332683396358,5.058208056949612,4.820160364209871
362,Ryan Gusto,2 Tms,26440,8.027027186178163,3.143451205776064,2.55357143,1.4033264311500286,0.19861111,0.07777778,0.12083333,0.28287461773700306,1.5031185329206973,0.3292181069958848,0.72222222,125.49997921679748,110.20949546904313,108.24125483930304,5.220374323878106,4.596318468162906,0.6240558557152003,4.539850157460424,4.423437999618967
363,Brandon Young,BAL,27819,7.558320821659499,3.4852257122096577,2.1686747,1.4276828218690165,0.19459459,0.08972973,0.10486487,0.25894988066825775,1.3996890410480554,0.2932692307692308,0.7449298,105.97671189003582,113.91393622708935,107.48122820202985,4.283048465607049,4.710138666808632,-0.42709020120158314,4.46166966756424,4.568581352317895
364,Trent Thornton,2 Tms,17948,8.743981965364508,3.8402623496533312,2.27692308,1.5361049398613325,0.2154294,0.09461426,0.12081514,0.2775974025974026,1.5492340419114294,0.32805429864253394,0.70525292,112.35326462332443,106.4515616926733,111.65479073496283,5.140043452612921,4.886128733398507,0.2539147192144142,5.090861113766263,4.941035727898366
365,Osvaldo Bido,2 Tms,23150,8.17105304171176,3.5526317572659822,2.3,1.207894797470434,0.20499109,0.08912656,0.11586453,0.25100401606425704,1.3815790167145487,0.29508196721311475,0.6638246,124.99426367146393,107.6374062333982,118.78042001050459,5.328947635898974,4.600305005358128,0.728642630540846,4.980483181700317,4.68989383029078
366,Jake Faria,2 Tms,13699,7.9054066279756645,3.648649212911845,2.16666667,1.2162164043039483,0.20667727,0.09538951,0.11128776,0.2357142857142857,1.2972974979242116,0.2731707317073171,0.73988439,103.69495284568639,109.41001564269732,112.47196447886864,4.317568235279016,4.558383342471998,-0.24081510719298205,4.855049127921443,4.7048706508483935
367,Joe Boyle,2 Tms,29608,10.175074471920095,5.448071370791862,1.86764706,0.8813056629222129,0.254,0.136,0.118,0.2224824355971897,1.4510386167305123,0.2906574394463668,0.60288336,133.8867664365201,101.01613531913387,110.14873274386396,5.36795267416257,4.120714985862438,1.2472376883001317,4.567850104775597,4.5790339149582655
368,Wei-Yin Chen,MIA,13071,7.35343058670363,3.1434512431710178,2.33928571,1.2349272741028998,0.19152047,0.08187135,0.10964912,0.24600638977635783,1.3097713513212572,0.27906976744186046,0.68432671,122.29421673608834,110.62045555823721,116.19721286442477,4.715176864756526,4.394888699329943,0.3202881654265832,4.769618243059818,4.674895720495604
369,Rafael Montero,NYM,12760,8.37282185449783,4.515679202425797,1.85416667,0.8466898504548368,0.20554273,0.1108545,0.09468822,0.2894736842105263,1.651567856442768,0.35815602836879434,0.71808511,124.27413544147576,98.61404467316557,107.54808942885954,5.080139102729021,4.182029883653052,0.8981092190759687,4.651068603033429,4.8111821502424394
370,Keegan Akin,BAL,19362,9.387692996369362,4.236923387741924,2.21568627,1.5784616542567953,0.23014257,0.10386965,0.12627291,0.273972602739726,1.5784616542567953,0.3300653594771242,0.6557377,137.8836741623131,105.99320313005718,111.83304200498453,6.064615829512951,4.833060688554584,1.231555140958367,4.817984129156661,4.663737830152156
371,Tommy Milone,7 Tms,7608,8.632212409187614,2.0120194337204214,4.29032258,1.9471155810197627,0.21417069,0.04991948,0.16425121,0.29642248722316866,1.4783655337372272,0.33962264150943394,0.65662651,135.31863492123532,110.36433572476523,101.0036081726102,5.8413467430592885,4.816529859362344,1.0248168836969445,4.406754279658514,4.274373790645981
372,Luis Ortiz,2 Tms,27646,7.762925804379149,4.017654582968156,1.93220339,1.2938209673965249,0.2010582,0.10405644,0.09700176,0.23115079365079366,1.3278688875911702,0.2628032345013477,0.74231524,97.8938816392925,113.82627840426912,108.22581743548263,4.153846263746738,4.750922526607034,-0.5970762628602957,4.542847384422759,4.736909023585877
373,John Gant,2 Tms,13684,7.246154767550072,5.261539130577759,1.37719298,0.8307693364070147,0.18384075,0.13348946,0.05035129,0.2305593451568895,1.4512822358221305,0.27060931899641577,0.72507553,100.603202039363,112.67274412091795,118.57048108745236,4.06153897798985,4.6160148032115975,-0.5544758252217479,4.9384201159363865,5.352030702274549
374,Tyler Chatwood,2 Tms,4338,7.79415392406117,5.919610575236332,1.31666667,1.052375213375348,0.19506173,0.14814815,0.04691358,0.248046875,1.5858709812670173,0.29403973509933773,0.73213393,108.43487732732797,116.85726846726658,112.64287958626441,4.867235361860984,5.047443538165473,-0.1802081763044896,4.756262997172522,5.309941869601112
375,Emerson Hancock,SEA,27470,7.103645079015463,2.583143665096532,2.75,1.4760820943408755,0.18780488,0.06829268,0.1195122,0.25177304964539005,1.2574032655496346,0.2779740871613663,0.75282309,112.09470402348047,118.95104576955352,107.38719356383602,4.3052394418275535,4.72923349055362,-0.4239940487260663,4.446518112258373,4.433187677740321
376,Wade LeBlanc,3 Tms,5221,6.694823897306629,2.5749322681948574,2.6,1.6553136009824083,0.17251185,0.06635071,0.10616114,0.2696629213483146,1.3651228215509243,0.2912234042553192,0.71841155,114.21846106980432,116.55869316080424,114.92278070804859,4.855586562881731,5.007904920990649,-0.1523183581089178,4.953835905960001,4.846599212245117
377,Justin Wrobleski,LAD,31204,7.21414565343597,2.3870334882692545,3.02222222,1.6974460361025812,0.19263456,0.06373938,0.12889518,0.24390243902439024,1.2082515187535734,0.26229508196721313,0.73849879,109.48252662668153,113.73558816024511,103.79445760611813,4.561886222025687,4.8473599448383755,-0.28547372281268846,4.338791460993548,4.342078567963715
378,Joey Wentz,2 Tms,19962,8.017241906609495,3.775862317306408,2.12328767,1.3965518159900412,0.19521411,0.09193955,0.10327456,0.2833333333333333,1.5919541276923517,0.32899628252788105,0.632806,140.9147159447805,112.70097989583402,114.97754417518803,5.948276253290916,4.697725982805606,1.2505502704853102,4.79900310037215,4.773673337183552
379,Caleb Smith,3 Tms,14875,9.975081339224086,4.4463705676306775,2.24342105,1.842903590531136,0.25600601,0.11411411,0.14189189,0.2208904109589041,1.332611061936095,0.25523560209424084,0.73097663,121.50069032721612,125.28214192314255,119.21169408999694,5.0021668885845125,5.234321948798083,-0.23215506021357069,5.1306763980379095,4.695378679602504
380,Hunter Dobbins,2 Tms,30240,7.548387096774194,3.2903225806451615,2.29411765,0.967741935483871,0.19746835,0.08607595,0.11139241,0.24649859943977592,1.3118279569892473,0.2899628252788104,0.71428571,97.42332137795897,97.75811728352299,99.58769537303384,4.064516129032258,4.066480586349323,-0.0019644573170651825,4.179712445168726,4.394149403455102
381,Josh Tomlin,2 Tms,9388,6.533653306934652,1.0384614527578255,6.29166667,1.9471152239209228,0.17004505,0.02702703,0.14301802,0.30058479532163745,1.3509614269673564,0.3216995447647951,0.69603524,122.70481034695567,114.87091751173233,104.87595000317154,5.538461081375069,4.99902829920923,0.5394327821658393,4.576194716328845,4.460712705061534
382,Ty Blach,3 Tms,14361,4.863509956020258,2.707521006444267,1.7962963,1.4038997811192497,0.12247475,0.06818182,0.05429293,0.3051194539249147,1.5459610684944118,0.32181069958847736,0.67268253,131.0492174672194,120.8205672783198,116.54132275548618,5.740947319219789,5.121446067914019,0.6195012513057696,4.965863721359917,5.26221527132447
383,Shawn Armstrong,2 Tms,12857,10.598131030040474,2.0186916247696143,5.25,0.5046729061924036,0.30434783,0.05797101,0.24637681,0.2076923076923077,0.9813084287074513,0.29069767441860467,0.83850932,38.87448057980803,54.92775133349633,59.9921647637292,1.5140187185772105,2.227871702148593,-0.7138529835713825,2.506255968570932,2.810219464944808
384,Adrian Sampson,2 Tms,13339,6.709821714240386,2.209821522654019,3.03636364,1.7678572181232153,0.17542017,0.05777311,0.11764706,0.27601809954751133,1.3348214854011147,0.2971768202080238,0.78674121,97.01558344655982,118.56941017225,112.53785748957397,4.379464472168874,5.1323477260087165,-0.7528832538398422,4.785428768965002,4.649476191055806
385,Dereck Rodríguez,SFG,14509,6.525393696778964,2.9316986173934474,2.22580645,1.2767074624132755,0.17142857,0.07701863,0.09440994,0.24217687074829933,1.2609456418896547,0.2649122807017544,0.71360609,96.14209064995917,115.5742666337523,114.17531220356368,3.9246933103815502,4.6798549763884,-0.7551616660068499,4.814078224463638,4.936306757381552
386,Francisco Liriano,2 Tms,3201,7.68429256182426,4.8289270197256275,1.59130435,1.2597200921023377,0.19202518,0.12067156,0.07135362,0.259927797833935,1.544323520318051,0.30097087378640774,0.66554054,117.60822888708661,114.10006288864072,112.46425463375226,5.12286170788284,4.978950457701427,0.1439112501814126,4.833360143912431,5.047800846215234
387,Cooper Criswell,3 Tms,24975,6.982758666615708,2.5137931199816546,2.77777778,1.0241379377703037,0.18610422,0.06699752,0.1191067,0.2601626016260163,1.2724138014721955,0.3003533568904594,0.77661431,85.42445705241111,101.38384852961093,101.40360326946566,3.5379310577519587,4.1451539812674785,-0.6072229235155198,4.155564515797973,4.221902787444004
388,Sixto Sánchez,MIA,19680,6.2821783364584585,2.9405941149380017,2.13636364,0.6683168443040913,0.16433566,0.07692308,0.08741259,0.27307692307692305,1.381188144895122,0.3173076923076923,0.66666667,107.04397572022968,92.8549793833164,105.17540875950716,4.5445545412678205,3.9086477419818837,0.6359067992859369,4.488468298672233,4.696425699176748
389,Roansy Contreras,2 Tms,22810,7.444201654673011,4.017505654902895,1.85294118,1.1816193102655574,0.18834081,0.10164425,0.08669656,0.2570951585976628,1.4573304826608542,0.2958057395143488,0.69897959,112.33266535547105,111.21769403119971,119.48727980186214,4.785558206575508,4.598222918080318,0.18733528849518954,4.953102722449022,4.936976121229286
390,Mitch White,2 Tms,19225,7.714286303864406,3.4808365029632076,2.21621622,1.0348432846647373,0.19158879,0.0864486,0.10514019,0.26735218508997427,1.4738677084618987,0.3141891891891892,0.65830721,139.07314031366164,101.5279146212398,108.56681710467714,5.456446410050433,4.125549370499565,1.3308970395508686,4.346522765091242,4.498498222942805
391,Daniel Lynch IV,KCR,21537,7.250269003782279,3.567132349860881,2.03252033,1.508055952786714,0.17972682,0.08842559,0.09130122,0.2745411013567438,1.504833611007255,0.3070452155625657,0.69892473,126.33721758997868,122.81756871634832,118.2199638378701,5.365199062798887,5.051502675945448,0.31369638685343837,4.868514838970317,4.824740126482333
392,Miguel González,2 Tms,7024,5.6138609196693485,3.261385867617431,1.72131148,1.3900988943943149,0.14,0.08133333,0.05866667,0.2796486090775988,1.497029578578493,0.29891304347826086,0.68592058,119.38241896202759,114.66626656839205,129.9960964092595,5.186138182932637,5.1122995309868395,0.0738386519457972,5.690300916216137,5.455298706035578
393,Adalberto Mejía,MIN,13188,7.210226061577104,4.065340226208367,1.77358491,1.0738634559795686,0.17904762,0.10095238,0.07809524,0.2709677419354839,1.5255679255582761,0.3137254901960784,0.77524038,93.99860120970382,105.7480165126487,119.22271058836449,4.142044758778336,4.641054016352765,-0.4990092575744285,5.200416775804426,5.114501093500985
394,Huascar Ynoa,ATL,20468,9.713415255474276,3.045731902140239,3.18918919,1.4817074118520082,0.25321888,0.07939914,0.17381974,0.24349881796690306,1.2804878867856861,0.2961672473867596,0.67880795,121.12962272162946,103.36821258090804,85.72497827243363,5.185975941482028,4.330584729065592,0.8553912124164365,3.6582571831335664,3.8808075013204952
395,Brad Lord,WSN,31972,7.466238125282561,3.212218728319241,2.32432432,1.2154341134180913,0.19589977,0.08428246,0.11161731,0.2562814070351759,1.3408360457548785,0.2953020134228188,0.71312804,109.41303433128294,104.56700929137625,100.60355799624172,4.688103008898352,4.414197893263793,0.2739051156345589,4.172442559961557,4.399029944105178
396,Jesse Hahn,OAK,13287,7.350784753067676,3.675392376533838,2.0,0.5654449810052058,0.17931034,0.08965517,0.08965517,0.2720306513409962,1.5235600877084712,0.32682926829268294,0.59322034,130.49395993052826,86.4318549663528,102.69975759110963,5.513088564800756,3.707377870191151,1.8057106946096053,4.511107104521255,4.7910391217157295
397,James Shields,CHW,7059,7.2056073053756355,3.6168223439434124,1.99224806,1.7102803331825438,0.18609703,0.09341057,0.09268646,0.24516129032258063,1.3489096252605492,0.2635574837310195,0.72024472,112.40205429952357,122.6477064855416,118.72181421952422,4.766355026902171,5.34632981004789,-0.5799747831457189,5.098332860621335,4.919081287432776
398,Matt Wisler,4 Tms,12804,8.69178093546751,3.1438356575095248,2.76470588,0.7397260370610647,0.2460733,0.08900524,0.15706806,0.18497109826589594,1.0068493282220048,0.22950819672131148,0.83333333,58.05967104939268,83.15467543472026,112.72307760097014,2.40410962044846,3.4149917730893105,-1.0108821526408502,4.774871247927671,4.511580841305529
399,Ariel Jurado,2 Tms,17030,5.478260415262934,2.804347593527454,1.95348837,1.5652172615036954,0.13570275,0.06946688,0.06623586,0.30594405594405594,1.579710013925026,0.3254310344827586,0.59978769,133.474063121318,113.24431466950877,111.9639788987383,6.521738589598731,5.262653833702564,1.2590847558961666,5.008251486402741,5.231759544566134
400,J.P. France,HOU,21212,6.764210580638769,3.1831579203005975,2.125,1.3642105372716846,0.17372263,0.08175182,0.0919708,0.26517571884984026,1.4021052744181204,0.2939958592132505,0.73667712,107.45104338726489,114.39350194756017,115.80580286242261,4.490526351852629,4.8261338377272285,-0.33560748587459965,4.915215492614832,4.977486391232227
401,Ian Kennedy,KCR,6986,7.8029014797444844,3.330108581313546,2.34313725,1.7629986606954067,0.20237087,0.08636749,0.11600339,0.2506989748369059,1.345828195716041,0.27564102564102566,0.70338421,113.73412020742599,121.0606918112501,115.09038028365548,5.02781099531653,5.147004678287196,-0.1191936829706659,4.980296931356423,4.7222127094783
402,Matt Shoemaker,3 Tms,4776,7.726154004854284,3.198461604160107,2.41558442,1.661538495667588,0.20372399,0.08433735,0.11938664,0.24033816425120774,1.2738461800118175,0.26411960132890366,0.70175439,112.54601731445675,115.40870365711983,106.89185603567216,4.860000099827695,5.032865036655206,-0.17286493682751125,4.676316317971953,4.6380498385921545
403,Shane Drohan,MIL,27814,9.0,3.5425531914893615,2.54054054,1.2446808510638299,0.23095823,0.09090909,0.14004914,0.27123287671232876,1.446808510638298,0.3333333333333333,0.70032573,122.21665871261061,101.11534502077325,98.33031009822577,5.074468085106383,4.238809613978609,0.8356584711277737,4.143479289241293,4.1663070987941495
404,Jordan Hicks,3 Tms,19618,8.267442135503973,4.186046650888088,1.975,0.8895349133137186,0.20844327,0.1055409,0.10290237,0.25757575757575757,1.4534884204472527,0.3154639175257732,0.68386568,124.58903963969922,109.23923940150117,104.30000612956412,5.023255981065705,4.306281359509782,0.7169746215559227,4.245875650600071,4.384269006364301
405,Zach Thompson,2 Tms,16094,7.102409964982456,3.415662807586983,2.07936508,1.3554217490424534,0.1821975,0.0876217,0.0945758,0.25306748466257667,1.3734940390296861,0.28225806451612906,0.70050761,106.93431851986129,116.25648339777061,110.26168174255787,4.445783336859248,4.724885283872455,-0.27910194701320723,4.509865527631966,4.681697213359877
406,Asher Wojciechowski,3 Tms,10836,8.74398278648269,2.8949672739030525,3.02040816,2.1859956966206724,0.2179676,0.07216495,0.14580265,0.27154471544715447,1.4179431545647605,0.3023255813953488,0.71986607,126.71419526514296,120.63572620642827,120.17783210365641,5.789934547806105,5.669969344016309,0.11996520378979625,5.39720650695884,4.7076484985471945
407,Trevor McDonald,SFG,26448,7.560000461425809,2.5920001582031347,2.91666667,0.8640000527343782,0.19444444,0.06666667,0.12777778,0.24382716049382716,1.2360000754394578,0.2886178861788618,0.65510597,108.61689760903568,97.9747048351315,91.61710326678569,4.428000270263689,3.9699132286469414,0.4580870416167473,3.8482715092126134,3.8942881097947546
408,Jeff Hoffman,2 Tms,17432,7.83042823248138,4.193344080782379,1.86734694,1.7115690125642362,0.19385593,0.10381356,0.09004237,0.2682634730538922,1.5309033945713446,0.3006535947712418,0.70397112,117.30305386166069,119.43461909239569,120.90733042100788,5.690966966776085,5.465583974115524,0.2253829926605615,5.240554810425882,5.096663170027313
409,Luiz Gohara,ATL,15166,9.990000952720733,3.240000308990508,3.08333333,0.540000051498418,0.25874126,0.08391608,0.17482518,0.2748091603053435,1.4400001373291147,0.3695652173913043,0.64159292,110.63676898702617,66.04434911536705,96.58237762008945,4.860000463485762,2.7979746857008925,2.0620257777848696,4.1372794280900695,3.9960296114321423
410,Spenser Watkins,2 Tms,17489,5.821101235747405,2.786697400091843,2.08888889,1.3004587867095265,0.14641745,0.07009346,0.07632399,0.27918781725888325,1.4449542074550297,0.3025210084033613,0.65916399,133.8768137565377,114.96051743950213,120.49494172904807,5.449541582401826,4.772530065348099,0.6770115170537272,4.897039603409375,4.9937716627660365
411,Jerad Eickhoff,3 Tms,12664,8.169902657319769,3.5388348408711296,2.30864198,1.8349513989702153,0.20129171,0.08719053,0.11410118,0.2754491017964072,1.5097086906871349,0.3102310231023102,0.69381599,130.0581922830399,122.09863708178752,117.47086233995802,5.592232834956847,5.376234262177457,0.21599857277939005,5.0908701114135475,4.796076855773587
412,Gabriel Hughes,COL,31614,8.114754098360656,3.3934426229508197,2.39130435,1.0327868852459017,0.20220588,0.08455882,0.11764706,0.2682926829268293,1.459016393442623,0.32065217391304346,0.55961071,140.43312440990826,92.66333138453587,101.66167596958627,6.639344262295082,4.067724856392282,2.5716194059028004,4.283729730155624,4.400350153947145
413,Joe Biagini,TOR,13194,7.003125292193157,3.2906251372955797,2.12820513,1.2656250528059922,0.17255717,0.08108108,0.09147609,0.2863636363636364,1.546875064540657,0.32456140350877194,0.59589041,139.64701000512358,103.88196099725539,99.44323317738386,6.075000253468763,4.583128333046316,1.4918719204224464,4.338042729274738,4.545134993085541
414,Andrew Painter,PHI,30091,8.100000176565992,3.3171429294508346,2.44186047,1.5428571764887602,0.20628684,0.08447937,0.12180747,0.2668112798264642,1.4228571738729678,0.30654761904761907,0.70629371,124.6739366146421,110.14830469543617,102.84667150450541,5.400000117710661,4.763368920742737,0.6366311969679241,4.3336180200257655,4.355476242298967
415,Ryan Bergert,2 Tms,29863,8.834102003676032,4.354839015896635,2.02857143,0.9953917750620882,0.22977346,0.11326861,0.11650485,0.21897810218978103,1.3133641476513662,0.26666666666666666,0.75178998,92.86181339978683,97.05886849156818,111.18305045858007,3.8571431283655917,4.06140366444512,-0.204260536079528,4.627166316080665,4.6413368064185185
416,Josiah Gray,2 Tms,24580,8.819686711546565,4.3040071152347235,2.04918033,1.8344948360016855,0.2230815,0.10886377,0.11421773,0.24475997295469912,1.424216076383075,0.27680311890838205,0.78056288,114.88794096468901,129.52741432128857,117.0187124624027,4.797909571081331,5.456417585655851,-0.6585080145745197,4.918299287357014,4.699434425214229
417,Mike Burrows,2 Tms,24728,8.284658274332445,3.194085117814919,2.59375,1.6469501388733174,0.21200511,0.08173691,0.1302682,0.2672292545710267,1.4085028123697731,0.306640625,0.70435589,122.71137192144268,118.02470554284935,104.47647518197793,5.140480736483385,4.852826744192486,0.28765399229089894,4.323190771775841,4.295163817433124
418,Blaine Hardy,DET,6499,6.251232466859483,2.1280791376542925,2.9375,1.1970445149305393,0.16845878,0.05734767,0.11111111,0.25287356321839083,1.211822842275361,0.2780487804878049,0.68627451,97.85951015497946,99.73243534354454,110.1753755341495,4.256158275308585,4.2983627813264,-0.04220450601781511,4.668395818800084,4.5870611718009835
419,Andrew Suárez,SFG,18300,7.2387477699697165,2.7475538980906955,2.63461538,1.3737769490453478,0.19187675,0.07282913,0.11904762,0.26707132018209406,1.338551899069826,0.3024193548387097,0.68859198,120.93629235298505,115.24419143816635,95.2191190887256,4.755381746695434,4.507999790178757,0.24738195651667727,3.9029485726524884,4.229692022068702
420,Brandon Sproat,2 Tms,33850,9.082569284136499,4.04587177202444,2.24489796,1.3211009867834906,0.2360515,0.10515021,0.13090129,0.2413793103448276,1.3486239240081468,0.29285714285714287,0.70058997,123.47013688038797,111.25706709009933,98.9948698595836,5.119266323786026,4.648361130787444,0.4709051929985817,4.157048027007672,4.2292364452848075
421,José Buttó,NYM,23313,8.430379746835444,4.784810126582278,1.76190476,0.9113924050632911,0.2202381,0.125,0.0952381,0.2103448275862069,1.3037974683544304,0.2548076923076923,0.77244259,92.30078468862592,105.38906305901348,114.29656368058757,3.759493670886076,4.395094289658945,-0.6356006187728691,4.812124077409884,4.8913860987910915
422,Yariel Rodríguez,TOR,33838,8.828897594521456,4.311787197324432,2.04761905,1.231939199235552,0.22994652,0.11229947,0.11764706,0.23100303951367782,1.3460076436092143,0.27705627705627706,0.70057582,115.32154820162638,109.56474844247393,109.71802814167374,4.61977199713332,4.52353673636308,0.09623526077024014,4.486718988286139,4.522641950225167
423,Jonah Tong,NYM,32157,11.211864769236186,3.6610170675056932,3.0625,0.9152542668764233,0.2816092,0.09195402,0.18965517,0.2564102564102564,1.4237288595855473,0.34951456310679613,0.53435115,139.02442727037158,80.06048112990096,86.92717610679252,5.720339167977645,3.3203335811327124,2.400005586844933,3.6275121136969615,3.622008531495426
424,Mitch Spence,2 Tms,27707,7.029586116162639,2.55621313315005,2.75,1.5976332082187814,0.17718121,0.06442953,0.11275168,0.2894356005788712,1.467455687549103,0.32136105860113423,0.72641509,128.10744378446773,119.10046217154733,105.4142735358043,5.16568070657406,4.861827386837914,0.30385331973614615,4.333992570459362,4.440868864309347
425,Wilmer Font,3 Tms,5257,9.377246579980746,3.7185632989578816,2.52173913,1.2934133213766545,0.25108225,0.0995671,0.15151515,0.21256038647342995,1.203592951836609,0.2553191489361702,0.79225352,86.63766817843452,98.29062414222969,107.45122619170645,3.7185632989578816,4.271641885749727,-0.5530785867918451,4.729557228347242,4.445816056688297
426,Alex Meyer,LAA,12833,10.024753232502945,5.61386181020165,1.78571429,0.8019802586002356,0.25684932,0.14383562,0.1130137,0.1951219512195122,1.336633764333726,0.2545454545454545,0.74766355,87.62819152147571,94.20831356053499,99.69382720358065,3.742574540134433,4.1378377880586,-0.3952632479241669,4.379571477291176,4.7307953678144
427,Deivi García,NYY,20276,8.437498805578967,2.1093747013947417,4.0,1.4765622909763192,0.2173913,0.05434783,0.16304348,0.25,1.2421873241546812,0.288,0.61946903,121.14823489926819,96.20091752087762,113.15970341984573,5.2734367534868545,4.288804864667801,0.9846318888190533,4.990786851236798,4.475706436306116
428,Jacob Latz,TEX,21306,7.634483260745559,2.9793105407787546,2.5625,1.117241452792033,0.22282609,0.08695652,0.13586957,0.19642857142857142,1.013793170126104,0.2231404958677686,0.83743842,68.52890862672014,95.35120743839623,100.85602594679189,2.7931036319800824,4.045985166212233,-1.2528815342321509,4.224074285344151,4.334102573720611
429,Robbie Erlin,2 Tms,10354,7.223684391816902,1.7763158340533365,4.06666667,1.539473722846225,0.18047337,0.0443787,0.13609467,0.2981366459627329,1.4605263524438545,0.3346774193548387,0.54371002,162.66442687102852,106.44330638119949,103.88555419903177,6.631579113799123,4.419044843730412,2.212534270068711,4.360684183287592,4.401718932051714
430,Robert Stephenson,CIN,13594,8.650485036420125,6.291261844669182,1.375,0.7864077305836478,0.21221865,0.15434084,0.05787781,0.2366412213740458,1.6019416734111345,0.29473684210526313,0.72124756,93.52743486850467,103.35222435918111,122.83823563634276,4.063106608015514,4.512442254001161,-0.4493356459856468,5.2435010679308895,5.465175620013208
431,Luis Medina,OAK,21649,7.787062334898822,4.730458427742275,1.64615385,1.0188679690521822,0.19175627,0.11648746,0.07526882,0.25925925925925924,1.5444744610235461,0.30684931506849317,0.67264574,131.42770881332243,115.58482734847965,116.78252829060547,5.312668695772094,4.712600034865519,0.6000686609065751,4.9194939031921985,5.102776522517592
432,Daniel Ponce de Leon,STL,16110,9.80935208052499,4.856114891349005,2.02,1.3597121695777215,0.24876847,0.12315271,0.12561576,0.2148997134670487,1.3489208031525013,0.2606837606837607,0.73843416,111.71046021135275,112.8319710221239,117.60943493785213,4.661870295695045,4.821439997249151,-0.15956970155410577,5.11570621124952,4.788511789852508
433,Jacob Waguespack,3 Tms,18318,7.00471751681003,3.566038008557833,1.96428571,1.1462265027507321,0.18151815,0.09240924,0.08910891,0.25092250922509224,1.3584906699267936,0.28502415458937197,0.7208238,89.60945455388689,101.5770237289938,116.09760196454482,4.0754720097803805,4.666724930212904,-0.5912529204325239,5.278714837489776,5.233283438060704
434,Bartolo Colon,3 Tms,375,5.2278628576839274,1.912632752811193,2.73333333,1.8488783277174867,0.13151564,0.04811548,0.08340016,0.2992392223161454,1.4663517771552481,0.30801248699271594,0.63836105,134.39735179243468,121.88269972415983,115.02662135837733,6.088547596448965,5.347919434161663,0.7406281622873019,4.9489707374423535,5.003079185949857
435,Quinn Mathews,STL,33851,8.391892108192756,3.6486487426925027,2.3,0.9121621856731257,0.21800948,0.09478673,0.12322275,0.25263157894736843,1.3783784139060564,0.30935251798561153,0.77419355,92.95662737055186,92.52320741418139,98.12154565936181,3.8310811798271276,3.8302414901766846,0.0008396896504430096,4.1346903102673505,4.340281014839524
436,David Sandlin,CHW,31743,8.526315960659549,2.2736842561758794,3.75,0.8526315960659548,0.24,0.064,0.176,0.2222222222222222,1.0736842320830542,0.27380952380952384,0.5033557,109.94125382135196,75.94793373093263,83.08418948339028,4.547368512351759,3.195248585645512,1.352119926706247,3.441685760518481,3.654022462602797
437,Brandon Walter,HOU,26056,8.720497307652884,0.6708074852040681,13.0,1.6770187130101701,0.24528302,0.01886792,0.22641509,0.22439024390243903,0.9316770627834279,0.2517482517482518,0.84615385,82.82859646754494,97.02699253674325,74.63816015643263,3.3540374260203403,4.01091275722321,-0.6568753312028695,3.13986780288265,3.2093680174410424
438,Matt Garza,MIL,3340,6.187500421490017,3.616071674896763,1.71111111,1.366071521627666,0.15555556,0.09090909,0.06464647,0.267260579064588,1.4732143860690516,0.29014084507042254,0.66104079,115.51472569182111,114.35534598697853,119.24734223269773,5.062500344855469,4.987996961754204,0.07450338310126448,5.158879565904558,5.285839163215362
439,Austin Pruitt,2 Tms,15290,6.485294481462281,1.5882353832152525,4.08333333,1.4558824346139816,0.17948718,0.04395604,0.13553114,0.2277992277992278,1.0441177056322493,0.24120603015075376,0.76388889,91.40521325267216,105.69035173119575,103.71207951916786,3.8382355094368603,4.456139528861228,-0.6179040194243677,4.518853093849382,4.439318328103033
440,Scott Feldman,CIN,6283,7.517963384940015,2.8293410588483927,2.65714286,1.6976046353090357,0.1970339,0.07415254,0.12288136,0.2691415313225058,1.3562873012257375,0.2996845425867508,0.74451411,107.41055363568084,114.08417828121733,96.17804215347027,4.76946064205872,5.0438670667794625,-0.27440642472074295,4.157546943862904,4.46312103925375
441,Jonathan Cannon,CHW,31730,6.738617547464228,3.2327151747970286,2.08450704,1.593591987576,0.17229336,0.08265425,0.08963912,0.26957637997432604,1.4215852333614476,0.2936241610738255,0.71784232,126.07664163342301,123.72863420486759,118.60632974679724,5.0994943602432,5.171974258965335,-0.07247989872213534,4.88387937993892,4.8633656096058475
442,Jorge López,2 Tms,14527,7.391635088200951,3.52471488002175,2.09708738,1.7452471736030024,0.18197136,0.08677338,0.09519798,0.29123468426013194,1.5665399466763332,0.3249370277078086,0.66006601,141.72609360825177,121.92425950275306,110.5423100335272,6.399239636544342,5.501202791813658,0.8980368447306839,4.8611574805909425,4.889112896721651
443,Josh Lindblom,MIL,7882,10.384616603512878,3.3230773131241214,3.125,1.2461539924215455,0.27027027,0.08648649,0.18378378,0.25301204819277107,1.3384616955638822,0.32727272727272727,0.66539924,120.75419242102612,89.61083822836899,96.3135909816009,5.400000633826697,3.9991117178335807,1.4008889159931166,4.290555760094262,4.156284136360477
444,Tyson Ross,4 Tms,7872,7.305379702740804,4.571202504054187,1.59813084,1.2389240431548731,0.1828877,0.1144385,0.0684492,0.2493857493857494,1.471518978459811,0.28338762214983715,0.67043049,123.27122532222349,118.74071887098232,113.38602139199857,5.254746803725841,5.058048616258069,0.19669818746777246,4.806586351596671,5.076071025493295
445,Kendall Graveman,2 Tms,15514,6.492135137551497,3.033708008201634,2.14,1.3955056837727515,0.16666667,0.07788162,0.08878505,0.28449744463373083,1.4629214172883434,0.3150984682713348,0.69020021,124.8944566065105,114.23669086292995,104.4202321497426,5.21797777410681,4.8456528844285085,0.3723248896783016,4.552551580607087,4.690095691592757
446,Randall Delgado,ARI,5985,8.64,1.8,4.8,0.72,0.24242424,0.05050505,0.19191919,0.26595744680851063,1.2,0.3382352941176471,0.80882353,55.22039715653777,65.86703163609656,70.59784946372403,2.52,2.877639694213867,-0.3576396942138671,3.047227977514267,3.577571520557959
447,Andrew Triggs,2 Tms,13533,7.888553854307894,3.2530118986836674,2.425,1.3825300569405587,0.20041322,0.08264463,0.1177686,0.2494279176201373,1.346385480288518,0.2848297213622291,0.67322239,109.12426770757196,110.60518121708155,103.43310264996525,4.554216658157134,4.677975614472915,-0.12375895631578082,4.485428072605767,4.456096678520147
448,Aaron Ashby,MIL,23550,9.905326254281663,4.15384649373102,2.38461538,1.4378699401376607,0.24603175,0.1031746,0.14285714,0.24553571428571427,1.4378699401376607,0.3006535947712418,0.63210227,119.83837757143428,110.70056611031619,88.82781620552065,4.872781463799851,4.4895736418553405,0.3832078219445103,3.573913162403658,3.845901144925291
449,Alex Faedo,DET,19874,7.906077764631122,3.878453243026588,2.03846154,1.4171271464904842,0.20152091,0.09885932,0.1026616,0.24628450106157113,1.392265266727493,0.28034682080924855,0.69252078,123.2397000012597,118.11835556285206,120.07993445910739,4.997237832361181,4.842957239528927,0.15428059283225437,4.922429030217559,4.802880395212057
450,Lake Bachar,2 Tms,19222,10.000001059638242,4.666667161164513,2.14285714,0.33333336865460805,0.26548673,0.12389381,0.14159292,0.1958762886597938,1.2222223517335629,0.2727272727272727,0.80357143,62.23015528444239,74.69175546478905,96.48670025511414,2.6666669492368644,3.1401135663211077,-0.4734466170842433,4.060145107049416,4.1850918337813505
451,Chad Bettis,COL,10587,6.136363173747672,3.4150195053900085,1.796875,1.4407113538364098,0.15667575,0.08719346,0.06948229,0.2721804511278195,1.4525690604523473,0.2944550669216061,0.67860509,115.91547904264192,116.58941913658697,113.53403947905478,5.4960470164870445,5.108563929880903,0.3874830866061414,4.720551247275986,4.940870207744243
452,Zac Thornton,NYM,33891,6.723320563595772,1.920948732455935,3.5,1.494071236354616,0.18694362,0.05341246,0.13353116,0.2468354430379747,1.138339989603517,0.26778242677824265,0.83123426,83.15941189257971,107.66807614772227,98.76209363283162,3.415019968810551,4.511579020417543,-1.0965590516069925,4.161657367977295,4.282902867419857
453,JC Ramírez,LAA,8302,6.4026839900331955,3.261744674167854,1.96296296,1.3892616204789008,0.16852146,0.08585056,0.08267091,0.2618629173989455,1.3624159853005646,0.2863636363636364,0.74660633,101.88970735833917,112.97960812094823,105.41118840825219,4.348992898890472,4.949710758817136,-0.6007178599266636,4.619470241752056,4.828679248407587
454,Joan Adon,WSN,22925,8.204420256944372,4.997237792866118,1.64179104,1.1187845804924146,0.19230769,0.11713287,0.07517483,0.2868686868686869,1.7320442764660342,0.34324324324324323,0.65151515,158.17117008800892,117.00858047912268,116.87222962743769,6.563536205555498,4.879103854835259,1.6844323507202388,4.850671253793922,4.955916761588718
455,Brendan McKay,TBR,20186,10.221429963987891,2.8928575369777048,3.53333333,1.542857353054776,0.25728155,0.07281553,0.18446602,0.2670157068062827,1.4142859069668778,0.33076923076923076,0.62043796,123.32619070449675,94.65265579726794,95.73910306497214,5.400000735691716,4.135438172671277,1.264562563020439,4.37916551630409,4.192605650480862
456,Wily Peralta,2 Tms,7738,6.163772295606087,3.8188589222776845,1.61403509,1.3399504990448017,0.15780446,0.09777015,0.06003431,0.255278310940499,1.4143921934361794,0.2762836185819071,0.75449102,90.70794036995771,119.4723279288719,116.03576491744137,3.9528539721821647,5.115858252481389,-1.1630042802992242,4.98270063234855,5.206777070884707
457,Jordan Yamamoto,2 Tms,17585,9.262773851586417,4.237226336363999,2.18604651,1.4781022103595345,0.24040921,0.10997442,0.13043478,0.2222222222222222,1.3029197261687748,0.26180257510729615,0.64423077,121.59393696908793,113.54907128007356,116.93324320929823,5.124087662579719,4.896071367820861,0.22801629475885843,5.169318792847962,4.842009048374125
458,Hunter Wood,TBR,15091,12.176463757423088,4.235291741712379,2.875,0.0,0.29113924,0.10126582,0.18987342,0.30985915492957744,1.7647048923801576,0.4583333333333333,0.76666667,77.42297887466749,45.4994453309359,69.79992918150812,3.176468806284284,1.8789212123143613,1.2975475939699228,3.027045816154065,3.6754753562239832
459,Nick Margevicius,2 Tms,20395,7.144329826666352,3.3402061527271254,2.13888889,1.4845360678787225,0.17701149,0.08275862,0.09425287,0.27848101265822783,1.5051546243770382,0.31125827814569534,0.61912226,139.0015988531453,115.00432267191742,114.73606411275013,5.84536076727247,4.996037688892185,0.8493230783802845,5.075510184755574,5.118704326336325
460,Jesse Chavez,3 Tms,5448,7.145335989090728,2.8698480611921773,2.48979592,1.6984815056035336,0.18597561,0.07469512,0.11128049,0.2628951747088186,1.3470715389269403,0.2866666666666667,0.68445476,119.37489592020434,115.17068688501996,109.63362157424395,5.271149500148898,5.109656421650436,0.16149307849846206,4.83401859609148,4.778612365257313
461,Roki Sasaki,LAD,35323,8.258134831911978,4.0997832498853795,2.01428571,1.6399132999541517,0.21203008,0.10526316,0.10676692,0.23850085178875638,1.3665944166284596,0.2679425837320574,0.76621924,110.49911334156113,120.56110853468952,107.0447879406518,4.626898239156357,5.164647035835017,-0.5377487966786605,4.494750082591777,4.561240686434687
462,Jonathan Loáisiga,NYY,19753,10.330435639293142,3.9913046788178055,2.58823529,1.1739131408287662,0.26506024,0.10240964,0.1626506,0.25675675675675674,1.4347827276796032,0.3333333333333333,0.7755102,95.03077238989752,88.54382200170973,80.98683293425222,4.226087306983558,3.9926359716678004,0.2334513353157579,3.578179956976073,4.030337145030318
463,Eddie Butler,CHC,13453,5.084414954691434,4.733765647471335,1.07407407,0.5259739608301484,0.13004484,0.12107623,0.00896861,0.2422680412371134,1.4415582630159622,0.2716049382716049,0.75208914,89.21742936883537,103.54087012863862,129.26698329562356,3.857142379421088,4.48231485482313,-0.6251724754020422,5.5937862784185555,5.934314558353257
464,Mason Miller,OAK,31757,9.986301891708473,4.0684933632886375,2.45454545,0.36986303302623974,0.26732673,0.10891089,0.15841584,0.19318181818181818,1.1506849916371902,0.26666666666666666,0.6993007,89.66736464562698,76.67420912441791,110.7497718650873,3.6986303302623975,3.1728485743801285,0.525781755882269,4.744926918412512,4.506665116720857
465,Kade Anderson,SEA,37238,8.074766930893295,2.2710281993137396,3.55555556,1.009345866361662,0.21917808,0.06164384,0.15753425,0.25547445255474455,1.2336449477753646,0.3069306930693069,0.75520833,97.55221682255349,88.39638692943572,87.61004490301168,3.7850469988562323,3.521072519288876,0.2639744795673562,3.6293711861266207,3.9146609402078085
466,Buck Farmer,2 Tms,14814,9.441718385254518,3.6441720083438494,2.59090909,1.4907976397770293,0.23360656,0.09016393,0.14344262,0.2706422018348624,1.4907976397770293,0.32894736842105265,0.60773481,145.94499226989817,104.80114238809027,111.39445432128328,6.46012310570046,4.650957593877797,1.8091655118226635,4.876883029326944,4.42706617020436
467,Fernando Romero,MIN,15885,7.275448437038724,3.0718560067496834,2.36842105,0.9700597916051632,0.18218623,0.07692308,0.10526316,0.27149321266968324,1.419161546977924,0.3176470588235294,0.70876289,108.812604314799,102.69497848996019,107.33310090342678,4.688622326091623,4.346060209959235,0.3425621161323873,4.547028131089268,4.497446584549204
468,Jack Perkins,ATH,31468,10.136213138426372,4.215947057575571,2.40425532,1.883721025725255,0.25,0.1039823,0.1460177,0.26932668329177056,1.544850576652987,0.3258426966292135,0.6404321,146.33513146405548,115.94980638981917,102.59267872818558,6.5481730894258865,5.100424138251645,1.4477489511742414,4.254340735103645,4.154543371733484
469,Roenis Elías,SEA,12673,8.80434417544482,2.93478139181494,3.0,0.0,0.23076923,0.07692308,0.15384615,0.25,1.3043472852510845,0.3333333333333333,0.65,99.90585211007834,52.61742383603069,102.4016511060048,4.108693948540917,2.1821711118368334,1.9265228367040832,4.33645078134777,4.238082493999354
470,Alec Marsh,KCR,27451,8.981633142521387,3.2510205853298273,2.76271186,1.7632654022127876,0.22925457,0.08298172,0.14627286,0.2562893081761006,1.3591837475390238,0.29705215419501135,0.70910973,123.89298089447536,122.33568749568856,107.28667706329286,5.234694162819213,5.114209315596181,0.12048484722303243,4.440867248953935,4.233946594690939
471,Diego Castillo,TBR,17496,10.356161677697148,0.7397258341212248,14.0,1.4794516682424497,0.28282828,0.02020202,0.26262626,0.24742268041237114,1.0684928715084359,0.3076923076923077,0.73529412,87.31001548411726,77.68405240476345,65.67412683096924,3.6986291706061243,3.2587700882670094,0.43985908233911486,2.834015694775498,2.930172067879406
472,Edinson Volquez,2 Tms,3990,7.70163838100266,5.577048482795029,1.38095238,0.9737703700118305,0.19376392,0.1403118,0.05345212,0.2454308093994778,1.5442621019379534,0.2912280701754386,0.70539419,113.10735412792913,111.88631974222015,114.98228116658899,4.868851850059153,4.805437371110294,0.0634144789488591,5.011752450580122,5.439273759112169
473,Ricky Nolasco,LAA,3830,7.110496638134982,2.883977657425377,2.46551724,1.7403313449980724,0.18170267,0.07369759,0.10800508,0.28236914600550966,1.4530385515380733,0.3102189781021898,0.75576037,115.25837239821716,116.25992049525229,109.07259943538618,4.922651518708833,5.102390911481554,-0.17973939277272066,4.789974423838686,4.759098365614884
474,Brady Basso,OAK,25582,6.81081133745642,2.91891914462418,2.33333333,0.97297304820806,0.16091954,0.06896552,0.09195402,0.3148148148148148,1.702702834364105,0.36153846153846153,0.69686411,131.67027419864004,95.70722340149656,110.65593063221509,5.594595027196345,4.000499886566615,1.5940951406297295,4.556913751265968,4.704852899674066
475,Junior Guerra,2 Tms,5702,8.325000635147143,4.410000336456324,1.8877551,1.575000120162973,0.20809899,0.11023622,0.09786277,0.2567049808429119,1.4950001140594569,0.29484902309058614,0.73255814,112.30278594320184,123.70589247378786,116.13947734004694,4.680000357055691,5.174586340076811,-0.49458598302111945,4.835067432658905,4.806258969825234
476,Odrisamer Despaigne,3 Tms,16017,5.590308135183555,4.04405269353704,1.38235294,0.9515418102440094,0.13428571,0.09714286,0.03714286,0.3003194888178914,1.691629884878239,0.3333333333333333,0.61769616,142.72218901264003,110.43624085860843,127.67567518051486,6.06607904030556,4.7673557161303535,1.2987233241752065,5.568716195739995,5.676527360482288
477,Drew Anderson,3 Tms,15130,7.977273073078202,3.988636536539101,2.0,1.0738636829143733,0.21052632,0.10526316,0.10526316,0.23394495412844038,1.312500056895345,0.27672955974842767,0.78347578,87.98936583226177,104.04819432624919,105.1668297985156,3.681818341420709,4.369352318214962,-0.6875339767942532,4.366038588023808,4.516236143210046
478,Devin Smeltzer,2 Tms,19487,5.665574443666517,2.3901642184218117,2.37037037,1.5049182115989186,0.15458937,0.06521739,0.08937198,0.24415584415584415,1.1901640758396677,0.2532894736842105,0.77620968,96.91374117403366,120.16463304254685,122.17430247064041,3.98360703070302,4.9225406504856615,-0.9389336197826417,5.073085419307898,5.048384924715046
479,Glenn Otto Jr.,TEX,21366,7.6415099839631555,3.9622644361290438,1.92857143,1.3018868861566857,0.19340974,0.10028653,0.09312321,0.2463295269168026,1.3899372069595535,0.2813186813186813,0.67713445,133.123911025731,122.02475905770136,116.53918189897475,5.320755099944716,4.9070479405517045,0.4137071593930113,4.624644911389007,4.662556065389774
480,Jackson Jobe,DET,30203,8.526315789473685,4.073684210526316,2.09302326,1.3263157894736841,0.2189781,0.10462287,0.11435523,0.23204419889502761,1.3368421052631578,0.2713178294573643,0.77601411,98.11716456395045,111.6460968652409,105.80670995803881,4.073684210526316,4.686791786394622,-0.6131075758683062,4.39565853264771,4.453852994613261
481,Matt Cain,SFG,4732,5.50558717883096,3.3184361077885236,1.65909091,1.2067040391958268,0.13543599,0.08163265,0.05380334,0.29959514170040485,1.608938718927769,0.32592592592592595,0.67995311,121.7429706343535,117.80868692292715,119.09642317035892,5.053073164132525,4.808477858947047,0.24459530518547812,5.152328860859809,5.3691645077569055
482,Mick Abel,2 Tms,27756,9.0,3.176470588235294,2.83333333,1.411764705882353,0.23287671,0.08219178,0.15068493,0.24873096446700507,1.3137254901960784,0.2971014492753623,0.78595318,99.55620705363863,105.39255059557094,103.78797544689414,4.235294117647059,4.456928126017252,-0.22163400837019331,4.311567978035001,4.1271974382209615
483,Nate Karns,2 Tms,12638,9.986300326172259,2.5890408253039188,3.85714286,1.6643833876953764,0.27135678,0.07035176,0.20100503,0.23497267759562843,1.1712327543041539,0.2833333333333333,0.88362069,70.48370331927967,99.96234573403818,82.87371277545606,3.1438352878690443,4.333505580759348,-1.1896702928903036,3.655930895771659,3.6117832120444366
484,Michael Kopech,CHW,17282,8.956257947030386,4.953827655683474,1.80794702,1.6075334776721206,0.2301855,0.12731872,0.10286678,0.21653543307086615,1.3523694335971808,0.24639769452449567,0.7840697,102.90804141146619,125.80736703988948,122.99330012815784,4.264884736681136,5.3744905199363115,-1.1096057832551756,5.077181567723538,4.843537713708748
485,Drey Jameson,ARI,26260,8.727273231695536,3.8181820388667966,2.28571429,0.8181818654714564,0.23021583,0.10071942,0.1294964,0.23387096774193547,1.3030303783434307,0.29213483146067415,0.87939698,57.54585563061881,94.28245429015766,88.55790570422167,2.4545455964143694,3.7559446048338048,-1.3013990084194353,3.653076036493239,3.992108913133548
486,Carlos Hernández,KCR,22713,6.358064359651028,4.4419353745507175,1.43137255,1.132258036650183,0.15973742,0.11159737,0.04814004,0.2736318407960199,1.558064477783585,0.3069620253164557,0.68119891,128.07194352468318,119.7884560690954,129.58488575630852,5.487096639150887,4.98033434854362,0.5067622906072673,5.406222263360096,5.4720024131633265
487,Connor Overton,2 Tms,18376,5.952756352518964,3.6141734997436568,1.64705882,1.0629922058069579,0.15819209,0.0960452,0.06214689,0.275,1.4409449900938762,0.30708661417322836,0.62962963,129.65107603681994,104.68435223014897,119.40539666858625,5.7401579113575725,4.5758812778149744,1.164276633542598,4.949640952466178,5.214832339511004
488,Parker Bridwell,LAA,11502,5.445378233084832,2.2689075971186803,2.4,1.6638655712203654,0.14723926,0.06134969,0.08588957,0.25274725274725274,1.2184874132674393,0.25761772853185594,0.77834179,97.46138833280112,118.81159713077668,117.31203613082032,4.159663928050914,5.208098995152106,-1.0484350671011926,5.147290793692707,5.095337518732419
489,Ryan Merritt,CLE,13688,3.20338931271354,1.8305081786934516,1.75,0.0,0.08235294,0.04705882,0.03529412,0.30864197530864196,1.4745760328363915,0.33783783783783783,0.79310345,40.15169161592983,69.2595068443221,100.45001425176719,1.8305081786934516,3.0559447953975645,-1.2254366167041129,4.412661244805134,4.873306567183888
490,John Lackey,CHC,1507,7.85068809348524,2.8113950605048497,2.79245283,1.9096268335504638,0.20385675,0.07300275,0.130854,0.24659606656580937,1.2730845557003092,0.2662473794549266,0.76576577,105.51847220482891,122.8339535515508,107.01033744687135,4.561886324592774,5.320704656908374,-0.7588183323155997,4.627727253261956,4.470935094195931
491,Jack Dreyer,LAD,30249,8.756756982462006,1.459459497077001,6.0,0.0,0.24,0.04,0.2,0.25,1.135135164393223,0.3333333333333333,0.42857143,139.19639901055743,39.96079734602039,76.06568654588881,5.837837988308004,1.6644472284397158,4.173390759868288,3.1541597121541156,3.50588671110529
492,Félix Hernández,SEA,4772,7.530811307723508,3.152432640442399,2.38888889,1.7513514669124437,0.19026549,0.07964602,0.11061947,0.26552287581699346,1.4043244169872002,0.2924944812362031,0.66487936,129.60694638239585,123.76944929609368,105.12770634664837,5.458378738543783,5.312640753169946,0.1457379853738372,4.584917004280518,4.59046750898808
493,Beau Brieske,DET,26079,6.7278692100830595,3.275410010172016,2.05405405,1.3278689230427092,0.17757009,0.0864486,0.0911215,0.2358974358974359,1.2688525264630333,0.25752508361204013,0.74311927,107.08596411897638,119.05386039720807,120.33384791191345,4.160655958867156,4.668657037862394,-0.508001078995238,4.769817693023926,4.776725421732141
494,Shaun Anderson,2 Tms,19453,6.0340905821274315,3.1704543736601756,1.90322581,1.3295453825026544,0.14640199,0.07692308,0.06947891,0.3089430894308943,1.6477271834434606,0.3400673400673401,0.6394453,140.36948947378633,117.58714714744625,112.02485214139458,5.931817860396458,4.949765157740024,0.9820527026564339,4.936262198209045,5.342394399273974
495,Tomoyuki Sugano,2 Tms,35321,5.839400523664005,2.0813704836822198,2.80555556,1.907922943375368,0.15176559,0.05409467,0.09767092,0.2724358974358974,1.3233404927115346,0.2795918367346939,0.73502722,114.64190941420037,126.10092817303544,112.56240375878616,5.001070745514222,5.376002330808465,-0.37493158529424253,4.7173317678691316,4.763118225916367
496,Adbert Alzolay,CHC,17859,9.276922532482292,3.2538459628855803,2.85106383,1.9384614246977923,0.24319419,0.08529946,0.15789474,0.23340040241448692,1.2538460802608737,0.2626865671641791,0.70336391,123.49925806979238,121.86324294650622,94.29636162996941,5.192307387583372,5.159816912021206,0.03249047556216578,4.045507845318236,4.197048696024278
497,Sawyer Gipson-Long,DET,26048,10.090909382528519,3.545454647915425,2.84615385,1.3636364030443944,0.26618705,0.09352518,0.17266187,0.2222222222222222,1.242424278329337,0.27380952380952384,0.64705882,117.40838282371453,97.0553229778403,95.55797086935297,4.90909105095982,4.1168963716033025,0.7921946793565171,4.047045441632101,4.03323285405804
498,Fernando Cruz,CIN,7048,18.24324653477864,1.4594597227822912,12.5,1.4594597227822912,0.53191489,0.04255319,0.4893617,0.13636363636363635,0.6486487656810183,0.23529411764705882,0.64516129,68.02207582989746,47.19730791071927,25.06680165826386,2.9189194455645824,1.9571973281431512,0.9617221174214312,0.9536454979967015,1.0551225267729953
499,Brian Johnson,BOS,14272,7.237951100331222,3.4156623170102396,2.11904762,1.6265058652429711,0.17907445,0.08450704,0.0945674,0.2841409691629956,1.5451805719808227,0.3159420289855073,0.78472222,96.04591388573469,118.13714943370752,120.47006091185881,4.391565836156023,5.077511913307045,-0.6859460771510228,5.246955295427465,4.972199341034695
500,Tanner Banks,2 Tms,16990,10.588236482085787,2.6470591205214467,4.0,0.5294118241042893,0.25,0.0625,0.1875,0.2876712328767123,1.5294119363012804,0.38461538461538464,0.56390977,161.37559941999652,65.17606023642007,96.2584821457619,6.882353713355761,2.8598015636685017,4.022552149687259,4.09564029656968,3.833830368484558
501,Spencer Miles,TOR,31621,7.7727272727272725,2.0454545454545454,3.8,0.8181818181818182,0.19791667,0.05208333,0.14583333,0.2857142857142857,1.4090909090909092,0.34285714285714286,0.60283688,138.69208717817855,77.42602199565141,84.39950252184276,5.7272727272727275,3.23687537800182,2.4903973492709075,3.496231269497763,3.7970763924685795
502,Josh Fleming,2 Tms,20418,6.339130960475337,3.052174166154792,2.07692308,1.4869566450497707,0.15851272,0.07632094,0.08219178,0.2951167728237792,1.547826215314966,0.32345013477088946,0.6496063,140.4542678275792,120.5138348483656,101.89721375965391,5.713043952033329,4.96169403010842,0.7513499219249091,4.348364085960257,4.635744883559009
503,Sam Long,2 Tms,25379,8.32710317482918,2.0186916787464675,4.125,1.2616822992165422,0.21568627,0.05228758,0.16339869,0.2569444444444444,1.2616822992165422,0.3018867924528302,0.66666667,112.70161800996196,97.4616984275388,105.1524164622513,4.542056277179552,3.8814706335761677,0.6605856436033841,4.373197343625035,4.100416524271435
504,Max Kranick,PIT,22175,7.448276351946887,4.422414083968464,1.68421053,0.9310345439933608,0.17582418,0.1043956,0.07142857,0.29559748427672955,1.7068966639878282,0.34959349593495936,0.65217391,147.66205431423086,109.51769861675571,136.0403498678452,6.284483171955186,4.644172150456529,1.6403110214986567,5.763367607751122,5.361312275428802
505,Touki Toussaint,4 Tms,16929,9.317253718988114,5.359925526514668,1.73831776,1.352504572111178,0.23220974,0.13358302,0.09862672,0.2303120356612184,1.4582559584079366,0.2782608695652174,0.68515498,125.67882299329071,122.183825373399,110.83589571438601,5.410018288444712,5.224457231647387,0.18556105679732493,4.710774388983346,4.881390292568146
506,Tyler Holton,DET,26231,9.000001144409325,1.5000001907348874,6.0,1.5000001907348874,0.25423729,0.04237288,0.21186441,0.22321428571428573,1.0000001271565917,0.2597402597402597,0.83333333,80.26729571346706,93.58158243786993,76.42786544758651,3.3000004196167527,3.919329286061436,-0.6193288664446834,3.173559973621605,3.2727326850559963
507,Scott Alexander,2 Tms,10591,6.567570847348527,0.7297300941498364,9.0,0.0,0.16666667,0.01851852,0.14814815,0.2830188679245283,1.2972979451552646,0.3409090909090909,0.4375,121.67602723103356,49.14276409935554,65.66736592555118,5.1081106590488545,1.978489567550553,3.1296210914983016,2.7687976519829007,3.207215700579292
508,Chad Green,NYY,15552,14.765625880099886,3.796875226311399,3.88888889,1.687500100582844,0.37634409,0.09677419,0.27956989,0.24390243902439024,1.3593750810250689,0.37209302325581395,0.78740157,92.81556126451295,84.19804888005113,70.91785611394646,4.21875025145711,3.91184985028746,0.3069004011696501,3.2163988560931016,3.208117156919995
509,Michael Grove,LAD,23221,9.180000140075686,2.592000039550782,3.54166667,1.9440000296630864,0.22606383,0.06382979,0.16223404,0.3017241379310345,1.5480000236206057,0.3551020408163265,0.65862709,142.79666909796015,115.06952991799265,97.72749985259428,6.048000092285157,4.979365025397248,1.068635066887909,4.118484738829718,4.052768474447913
510,Pedro Avila,SDP,18864,9.257144370565856,5.400000882830083,1.71428571,0.7714286975471547,0.2195122,0.12804878,0.09146342,0.2517985611510791,1.6000002615792839,0.32,0.68100358,98.21348274389018,102.77616831809716,106.84199179191656,4.114286386918159,4.439073233131232,-0.3247868462130734,4.670492231400286,4.862951129424786
511,Anthony Molina,2 Tms,26952,8.617021626290732,2.5851064878872196,3.33333333,2.0106383794678377,0.22222222,0.06666667,0.15555556,0.264,1.3404255863118917,0.29545454545454547,0.57228916,145.49671073991217,119.23459285477355,101.07688771287839,6.319149192613204,5.056354466818088,1.262794725795116,4.234253572259495,4.068498529152453
512,Davis Daniel,2 Tms,27582,8.23728840188781,2.9745763673483756,2.76923077,1.372881400314635,0.20454545,0.07386364,0.13068182,0.2962962962962963,1.5508475077628283,0.35,0.63432836,152.95580522361888,107.73869329128969,110.83178671702298,6.177966301415857,4.379646991896782,1.7983193095190755,4.559112401763002,4.399091051043468
513,Nabil Crismatt,2 Tms,17732,6.517241379310345,2.1724137931034484,3.0,0.9310344827586207,0.17355372,0.05785124,0.11570248,0.24778761061946902,1.206896551724138,0.2808988764044944,0.72327044,66.20008201953118,95.79242997483439,100.81179185444915,2.793103448275862,3.8569254233919343,-1.0638219751160722,4.158047797453815,4.431935535374621
514,Josh Winder,MIN,24606,6.962264150943396,2.207547169811321,3.15384615,1.3584905660377358,0.18303571,0.05803571,0.125,0.2560386473429952,1.2452830188679245,0.2848101265822785,0.71428571,114.16228086382337,114.30480399768801,118.89675447626308,4.415094339622642,4.489789492229246,-0.07469515260660398,4.6782507017535995,4.458032931615518
515,Jackson Kent,WSN,35462,7.51546421308475,6.402062107442565,1.17391304,0.5567010528210926,0.17880795,0.15231788,0.02649007,0.265625,1.7628866672667933,0.32323232323232326,0.60885609,149.84594390830728,101.96909753378023,118.95957368773354,6.402062107442565,4.368553028619561,2.0335090788230037,5.011970900757034,5.50013605392299
516,Brennan Bernardino,2 Tms,16835,12.461541518305225,4.153847172768408,3.0,0.519230896596051,0.31168831,0.1038961,0.20779221,0.23076923076923078,1.3269234024121304,0.35,0.78125,68.563945658528,76.0432666391826,81.03334491556483,3.1153853795763062,3.2590534372783613,-0.14366805770205504,3.4153169779238755,3.4236299459370034
517,Hurston Waldrep,ATL,33527,8.140704024756506,4.613065614028686,1.76470588,1.2211056037134758,0.20905923,0.1184669,0.09059234,0.25101214574898784,1.447236271067823,0.29775280898876405,0.6935123,129.86430664873245,120.13746936722981,104.82754372815958,5.4271360165043365,4.89773931066742,0.5293967058369162,4.334667465803904,4.584803532137082
518,Austin Bibens-Dirkx,TEX,9559,5.399999497576505,2.370731486740904,2.27777778,1.7121949626462087,0.14285714,0.06271777,0.08013937,0.25757575757575757,1.2585364682698628,0.2619047619047619,0.78296703,89.19455458238023,120.73068583651515,117.72609278492698,4.214633754206052,5.4419554422596494,-1.227321688053597,5.084684209371705,5.0734632975967475
519,Jake Woodford,3 Tms,18674,5.791540952363863,2.7734139771883286,2.08823529,1.4682779879232328,0.14228457,0.06813627,0.0741483,0.2962962962962963,1.5407855428824049,0.31891891891891894,0.63660477,140.42328193358568,121.76618153982146,116.55431201410367,5.873111951692931,5.114210425612777,0.7589015260801544,4.923416976047963,5.076889193205907
520,Jason Alexander,2 Tms,19666,6.601467423663076,2.9046456664117533,2.27272727,1.4523228332058766,0.17006803,0.07482993,0.0952381,0.27052238805970147,1.386308158969246,0.2971014492753623,0.7400722,110.74125871481594,119.97512550320803,103.60628195643288,4.488997848090892,4.897823529436316,-0.40882568134542385,4.244786924908227,4.481325389043903
521,Tanner Gordon,COL,27669,6.981818504648775,2.1272728256351736,3.28205128,2.0727273685676053,0.16710183,0.05091384,0.11618799,0.33611111111111114,1.703030381776307,0.36823104693140796,0.61754685,156.22812842133735,124.87656389325804,111.93081438166655,7.363636704121755,5.408834800492659,1.9548019036290958,4.649282489779275,4.566896108393677
522,DL Hall,2 Tms,22207,9.459854541408486,5.321168179542273,1.77777778,0.9854015147300506,0.22966507,0.1291866,0.10047847,0.2696629213483146,1.6423358578834175,0.344,0.70833333,127.22080329786748,110.99539446226306,114.52521027964892,5.1240878765962625,4.510738115325735,0.6133497612705279,4.6803773438880265,4.725206977681721
523,Luis Cessa,2 Tms,13345,6.211656805147089,3.5613499016176644,1.74418605,1.573619723970596,0.15274949,0.08757637,0.06517312,0.29345372460496616,1.5920246330228836,0.31805157593123207,0.66050198,139.25651047359312,122.30380123134826,116.46273031449023,6.128834714411795,5.379996460627123,0.7488382537846716,4.906664100429262,5.09553305826772
524,Kendry Rojas,MIN,29423,10.216216479539007,5.1081082397695035,2.0,0.0,0.28571429,0.14285714,0.14285714,0.12195121951219512,0.972972998051334,0.18518518518518517,0.76923077,52.55265534407299,67.73296905569295,105.41172408499229,2.1891892456155015,2.776187408954406,-0.5869981633389045,4.367599747146156,4.304445423137235
525,River Ryan,2 Tms,29514,8.756757321019903,4.378378660509951,2.0,0.7297297767516585,0.23529412,0.11764706,0.11764706,0.2222222222222222,1.2972973808918373,0.28125,0.89041096,44.069544660663205,89.82581968242293,101.48846649617532,1.8243244418791462,3.722458403121602,-1.8981339612424557,4.139279271645681,4.443812368551086
526,Zack Thompson,STL,25918,8.456044177590993,3.2637363492456464,2.59090909,1.7802198268612617,0.21590909,0.08333333,0.13257576,0.26666666666666666,1.4175824547228566,0.30409356725146197,0.71629213,127.83219671551497,122.59933494960558,102.73755501179312,5.340659480583785,5.107323274507497,0.23333620607628802,4.389988004952597,4.44237807687739
527,Heath Fillmyer,KCR,17466,6.180723459700937,3.469879837025087,1.78125,1.4096386837914416,0.15789474,0.08864266,0.06925208,0.27384615384615385,1.4578314593056791,0.2980392156862745,0.6835206,121.64705004105578,120.92743198031289,112.90269946302833,5.421687245351699,5.132033381092284,0.2896538642594155,4.8564469300407715,5.039632837359585
528,Paolo Espino,3 Tms,8246,7.2710952521975845,2.181328575659275,3.33333333,2.0359066706153235,0.1863354,0.05590062,0.13043478,0.2857142857142857,1.405745082091533,0.30851063829787234,0.7371484,128.29733116780395,126.35797592271882,106.56491284562766,5.283662549930244,5.260623237321429,0.023039312608815088,4.403762290124127,4.41938544992045
529,Dillon Peters,3 Tms,18790,7.006711179557936,4.107382415602928,1.70588235,1.5100670645599,0.1728763,0.10134128,0.07153502,0.27058823529411763,1.5369127012631871,0.29955947136563876,0.68811881,125.38354134645621,122.26791871373288,117.02470922846116,5.375838749833244,5.333389443433091,0.04244930640015365,5.08968601169546,5.17816852059939
530,Mitch Bratt,ARI,30003,6.136363636363637,5.5227272727272725,1.11111111,1.0227272727272727,0.15463918,0.13917526,0.01546392,0.24096385542168675,1.5227272727272727,0.26717557251908397,0.73770492,111.84490305373127,124.62598452126767,142.75147277321815,4.704545454545454,5.123239014365456,-0.4186935598200021,6.013609407537363,6.045202925671939
531,Sam Gaviglio,3 Tms,12778,6.785589116133122,2.8945520005882543,2.3442623,1.708260197068478,0.17333333,0.07393939,0.09939394,0.2770448548812665,1.4288225722393753,0.3005181347150259,0.71491615,117.58516941808197,120.82512031758621,103.34708522105674,5.029877246923852,5.178728543484647,-0.1488512965607951,4.440166889101131,4.570185699918804
532,Sam Hentges,CLE,18548,7.902439759644277,5.926829819733207,1.33333333,0.8780488621826974,0.18181818,0.13636364,0.04545455,0.30994152046783624,1.9512196937393276,0.37404580152671757,0.56451613,186.59551261824646,110.31222581209204,127.07129921462735,7.902439759644277,4.657839138943278,3.2446006207009983,5.455141214985461,5.590369800031754
533,Kyle Cody,TEX,19686,5.890910112365395,4.909091760304496,1.2,0.4909091760304496,0.15789474,0.13157895,0.02631579,0.21212121212121213,1.309091136081199,0.24528301886792453,0.84070796,44.26997569289684,93.49614206534284,131.22690995673742,1.9636367041217984,4.2277831314024175,-2.264146427280619,5.83263055204673,5.9985556095242725
534,Vladimir Gutierrez,CIN,19278,7.006711409395973,4.10738255033557,1.70588235,1.6308724832214765,0.1746988,0.10240964,0.07228916,0.26791808873720135,1.5100671140939597,0.29345372460496616,0.73022312,124.26714643173199,125.23023354782694,128.19252613530745,5.436241610738255,5.525630704828556,-0.0893890940903006,5.354290276185778,5.186431213064316
535,Yoendrys Gómez,CHW,22872,9.0,2.8,3.21428571,1.8,0.23560209,0.07329843,0.16230367,0.22988505747126436,1.2,0.25833333333333336,0.6981982,112.64521505905198,115.05006406471388,101.0524930139574,4.6,4.868469651540121,-0.26846965154012103,4.221339450279872,4.0102585558023724
536,Francis Martes,HOU,17303,10.698111282544534,5.0943387059735885,2.1,0.5094338705973588,0.27631579,0.13157895,0.14473684,0.234375,1.4150940849926634,0.3333333333333333,0.7421875,96.3755126764037,81.90975581584522,91.6198045289717,4.07547096477887,3.553866038011813,0.5216049267670573,4.026262684386094,4.341376143540879
537,Casey Legumina,2 Tms,25921,5.558824620857585,2.382353408938965,2.33333333,0.0,0.15909091,0.06818182,0.09090909,0.2,0.9705884258640228,0.24242424242424243,0.83333333,38.055530023698395,70.55226774016771,102.94411375580522,1.5882356059593101,2.9270962290509006,-1.3388606230915905,4.264910307373439,4.323032939546292
538,Alec Asher,BAL,13560,6.6741587337019705,2.7303376637871697,2.44444444,1.5168542576595387,0.16923077,0.06923077,0.1,0.2627118644067797,1.3483148956973678,0.2857142857142857,0.55555556,156.67758473980194,110.77481908408826,114.9355290114328,6.977529585233878,5.078988420582617,1.8985411646512613,5.046528641591221,4.805189039941774
539,Alex Young,2 Tms,18333,7.913793888257609,3.2586210128119566,2.42857143,1.7844829355875,0.2,0.08235294,0.11764706,0.2607758620689655,1.4051725531437802,0.2890855457227139,0.68991098,110.29932846873356,120.86801673914135,108.66157493545325,4.8879315192179345,5.213290955546541,-0.32535943632860675,4.802025782904597,4.825733076572391
540,Derek Holland,5 Tms,4141,8.202215589780245,4.337949886388336,1.8908046,1.745152253144733,0.20511222,0.1084788,0.09663342,0.2623762376237624,1.509695203117269,0.296551724137931,0.7062635,128.36875893435305,128.84009854210635,116.37056168060649,5.36011049180168,5.444179252377744,-0.08406876057606372,4.967328504745137,4.9013311833786695
541,Anthony Banda,4 Tms,14706,7.573170043603491,3.2926826276536914,2.3,0.9878047882961074,0.184,0.08,0.104,0.3125,1.6463413138268457,0.37209302325581395,0.57077626,172.5118706250641,101.07706647793385,119.49182770803296,7.573170043603491,4.328703084516843,3.2444669590866475,5.113283395134457,4.837996742170852
542,Yovani Gallardo,2 Tms,8173,6.096775168856679,4.180645830073151,1.45833333,1.6112905803406936,0.1523395,0.10446137,0.04787813,0.2783882783882784,1.5677421862774317,0.29750778816199375,0.67704562,137.96390160993275,128.3054695297304,120.70861550991357,6.0532267747934165,5.583076467786919,0.47015030700649785,5.218018712168966,5.384809223931299
543,Eli Morgan,CLE,20203,8.382671941911275,2.3393503093705883,3.58333333,2.0469315206992644,0.21994885,0.06138107,0.15856778,0.25068870523415976,1.2454874332297112,0.2734375,0.703125,127.052177857393,122.80987720985502,113.96877633165457,5.361011125640931,5.1717727594954646,0.1892383661454664,4.877997221636548,4.464222436419732
544,Taylor Hearn,TEX,18325,7.42296126175484,3.83383713519206,1.93617021,1.4682780517756826,0.18309859,0.0945674,0.08853119,0.289237668161435,1.5951662784723466,0.3293768545994065,0.64599483,154.47437027602928,119.83842285088733,120.0165489494599,6.362538224361292,4.997370277496569,1.365167946864723,4.9345792594012,4.884714428595413
545,Ryan Walker,SFG,20423,14.343752137385627,5.062500754371398,2.83333333,1.2656251885928496,0.36170213,0.12765957,0.23404255,0.25,1.5000002235174512,0.3953488372093023,0.93959732,49.48140319196958,91.74370925475397,71.3788422833926,2.1093753143214156,3.860264172438356,-1.7508888581169404,3.1105256798236183,3.5133103145843805
546,Jarred Cosart,SDP,10304,5.785712709232682,6.1714268898481945,0.9375,0.0,0.13888889,0.14814815,-0.00925926,0.2777777777777778,1.7571423783595552,0.3333333333333333,0.69767442,100.77133055492521,97.67236892984195,135.47782843478004,4.242855986770634,4.1862108425219,0.05664514424873346,5.863370610276382,6.113548343355734
547,Ray Kerr,ATL,23809,10.968750653788486,3.375000201165688,3.25,0.0,0.25490196,0.07843137,0.17647059,0.3181818181818182,1.687500100582844,0.45161290322580644,0.61904762,163.61352538291095,66.50928787329082,89.3175090394859,6.750000402331376,2.6791762389359746,4.070824163395402,3.6708110969767014,3.655916742929772
548,Chris Rodriguez,LAA,22310,8.1,3.6,2.25,0.0,0.20454545,0.09090909,0.11363636,0.2564102564102564,1.4,0.3333333333333333,0.66666667,81.69975602260338,65.6862185431461,104.02061345524653,3.6,2.8700341224670414,0.7299658775329587,4.4579600363969805,4.629049317485885
549,John Brebbia,SFG,12777,7.941177027448277,2.3823531082344833,3.33333333,1.1911765541172417,0.21978022,0.06593407,0.15384615,0.21428571428571427,1.0588236036597702,0.2459016393442623,1.0,38.00329698955289,99.43439677183024,103.9580272125021,1.5882354054896555,4.068185875215637,-2.4799504697259813,4.348441730809658,4.205737428759935
550,Kai-Wei Teng,2 Tms,24282,10.22330134950291,4.849514742712919,2.10810811,1.1796116941734127,0.24,0.11384615,0.12615385,0.2737226277372263,1.6310680215731137,0.35294117647058826,0.62610229,153.59648357490653,117.47021331975156,111.98367904741323,6.291262368924867,4.773143931750237,1.5181184371746301,4.641063420939987,4.358214502239057
551,Elieser Hernández,2 Tms,16933,8.934688200893547,2.429608194979824,3.67741935,2.2336720502233867,0.2324159,0.06320082,0.16921509,0.244173140954495,1.2278665071403412,0.26461038961038963,0.77656676,112.59790241424886,131.4441835647551,112.08177719728387,4.66328024520321,5.459799836899326,-0.7965195916961161,4.752049137416827,4.239947753293164
552,Aaron Wilkerson,MIL,16904,6.279071160043929,2.511628464017572,2.5,0.627907116004393,0.17857143,0.07142857,0.10714286,0.19230769230769232,0.9767444026735002,0.21951219512195122,0.63492063,88.37688367382401,82.15001629828988,110.29774651259285,3.7674426960263574,3.5074508932715127,0.2599918027548447,4.656978581525866,4.69966255151326
553,Chi Chi González,4 Tms,14663,5.450467532615463,3.381308561900333,1.6119403,1.7158879269344975,0.13688213,0.08491762,0.05196451,0.28892005610098176,1.5308411897160712,0.30122591943957966,0.66979522,131.65446500453328,127.4969051902764,122.71781692461356,6.308411496082711,5.725417263684929,0.5829942323977821,5.2687876407663,5.50429148423403
554,AJ Smith-Shawver,ATL,29960,7.8669067716803465,4.467626067867851,1.76086957,1.4568345873482123,0.19756098,0.11219512,0.08536585,0.2409972299168975,1.4352518527208313,0.27169811320754716,0.73043478,112.03663974455715,122.450463579567,118.60515533942679,4.7589929853374935,5.100961913216247,-0.3419689278787539,5.009173359597166,4.962025711273056
555,Bowden Francis,TOR,20548,8.106383198038282,2.553191558437254,3.175,2.0425532467498035,0.21972318,0.06920415,0.15051903,0.22053231939163498,1.1063830086561435,0.22888283378746593,0.78733766,107.18714363317345,129.97109149954946,109.02177720971527,4.340425649343333,5.4075721699447055,-1.0671465206013728,4.503351098421933,4.209853928197821
556,Lucas Sims,2 Tms,13470,7.41176491377676,3.3088236222217677,2.24,1.5882353386664485,0.18791946,0.08389262,0.10402685,0.27238805970149255,1.4411765110121477,0.305,0.6612529,133.0318814179839,118.28636599261483,118.27791544847761,5.955882519999182,5.1420441107194765,0.8138384092797057,5.145693013823584,4.937040545077374
557,Brant Hurter,DET,30133,9.000001430511702,4.500000715255851,2.0,0.0,0.21428571,0.10714286,0.10714286,0.20833333333333334,1.333333545260993,0.2777777777777778,0.61111111,55.18910909481103,74.65649925741461,116.22671628906976,2.2500003576279255,3.1481960953171693,-0.8981957376892438,4.806026071277619,4.604647341873273
558,Adam Plutko,2 Tms,15846,6.548331282246096,2.325132121956947,2.81632653,2.135325418123727,0.17185554,0.06102117,0.11083437,0.26336898395721925,1.2970124761936712,0.26902654867256637,0.73544974,116.69989447511156,128.84805656315766,125.37028368156862,5.26713603137186,5.691784596438165,-0.4246485650663052,5.5694347524678935,5.195025717641724
559,Hayden Birdsong,SFG,31635,10.311953467454755,5.510204142914755,1.87142857,1.3381924347078689,0.25585938,0.13671875,0.11914063,0.22528735632183908,1.4693877714439345,0.28222996515679444,0.68783069,130.4840441794871,121.65992092422678,112.50331527013829,5.274052536789836,4.816682072703923,0.45737046408591286,4.617752810411213,4.5578235395289575
560,Sean Reid-Foley,TOR,17034,9.620691553449609,5.741380443187669,1.67567568,1.3965519996942979,0.23134328,0.1380597,0.09328358,0.25,1.6206899749538768,0.3057324840764331,0.69905213,102.45068024657914,115.99899260381393,117.56450845020584,4.500000887903849,5.1314938243048385,-0.6314929364009894,5.191574579714853,5.054139391310141
561,Tatsuya Imai,HOU,37124,11.045455742473575,6.136364301374208,1.8,1.3806819678091968,0.27169811,0.1509434,0.12075472,0.22624434389140272,1.534091075343552,0.29285714285714287,0.68796069,142.13229101462213,119.38655563381688,105.29780935394459,5.8295460863054975,4.890284662872328,0.9392614234331695,4.36287574852105,4.50552977607962
562,Liam Hendriks,OAK,3548,7.593747736886818,4.218748742714899,1.8,0.0,0.19565217,0.10869565,0.08695652,0.225,1.3124996088446352,0.2903225806451613,0.73333333,79.1978481040226,75.72523602850323,118.05355366372626,3.374998994171919,3.170477429018661,0.20452156515325814,5.091842113759954,4.969912410051332
563,Jeff Locke,MIA,2929,7.312497384847146,4.218748491257968,1.73333333,1.1249995976687917,0.17105263,0.09868421,0.07236842,0.30656934306569344,1.7812493629755868,0.35514018691588783,0.52529183,197.1867233145237,108.60280230801533,115.48638906473454,8.156247083098739,4.563889191299857,3.5923578917988817,4.995633820081368,5.065569189425714
564,Tanner Anderson,OAK,18029,7.253729278299907,2.820894719338853,2.57142857,1.6119398396222016,0.17142857,0.06666667,0.10476191,0.30612244897959184,1.6567159462783738,0.34210526315789475,0.66878981,135.93706273437348,109.06286213092476,96.46793333270608,6.044774398583256,4.870725421986381,1.1740489765968745,4.412814665225317,4.680975245145163
565,Robert Gsellman,NYM,13696,5.9527560843146645,3.3307087614617763,1.78723404,1.4173228772177773,0.14213198,0.07952623,0.06260575,0.2841121495327103,1.5669291809240982,0.3062645011600928,0.63333333,134.90930580671562,122.49699301129588,114.5225685364664,5.527559221149331,5.207561531654253,0.3199976894950778,4.967026271283736,5.081071532797491
566,Tyler Gilbert,2 Tms,17964,5.5200004255295125,2.640000203514115,2.09090909,1.440000111007699,0.15081967,0.07213115,0.07868853,0.22419928825622776,1.133333420700504,0.22869955156950672,0.6980057,101.44887831877428,123.8493258673488,121.16002780180663,4.200000323772455,4.955582289261561,-0.7555819654891058,5.008335863904773,5.092495381994543
567,Jared Shuster,2 Tms,27472,5.484375326894243,3.937500234693303,1.39285714,1.265625075437133,0.13732394,0.09859155,0.03873239,0.27559055118110243,1.5312500912696179,0.2961165048543689,0.65217391,140.25172425025352,122.93780818351543,134.6662338231162,6.046875360421858,5.254003394354377,0.792871966067481,5.845665693350739,5.757114979877728
568,Chris Mazza,BOS,14151,7.714286765273879,3.8571433826369397,2.0,1.157143014791082,0.18691589,0.09345794,0.09345794,0.3157894736842105,1.7142859478386399,0.375,0.71428571,107.35616572289548,105.47142885349994,119.95729446345929,5.014286397428021,4.691419519696945,0.3228668777310766,5.3339290872655285,5.175204541924446
569,Aríel Miranda,SEA,17526,7.730061349693251,3.644171779141104,2.12121212,1.9325153374233128,0.20289855,0.09565217,0.10724638,0.2294022617124394,1.2760736196319018,0.240990990990991,0.75609756,114.25081201665022,128.65861328902523,122.78154221583405,4.803680981595092,5.538093432912066,-0.7344124513169739,5.384488276762465,4.967126499811387
570,Tyler Phillips,2 Tms,20629,6.606383146285583,3.087766035763914,2.13953488,1.6515957865713957,0.173258,0.08097928,0.09227872,0.256198347107438,1.3324468423063918,0.27371273712737126,0.74207493,113.23500821661696,122.92053766055693,105.23988747627588,4.8111703347949355,5.160995473780135,-0.3498251389851994,4.391063777454265,4.618698214567557
571,Aaron Brooks,2 Tms,12272,5.990353624272072,2.9517684525398615,2.02941176,1.8231511030393264,0.14649682,0.07218684,0.07430998,0.3,1.5723472475947629,0.3176470588235294,0.63300142,144.16658347148035,125.91455336655066,122.43628553129545,6.424437220233816,5.692821566713006,0.7316156535208105,5.473353318869673,5.314284558322483
572,Robert Stock,2 Tms,6576,8.76923076923077,5.538461538461538,1.58333333,1.1538461538461537,0.2,0.12631579,0.07368421,0.2919254658385093,1.8205128205128205,0.3559322033898305,0.68115942,157.46005691422425,121.04490437625155,125.2334823870226,6.461538461538462,5.065273316701253,1.3962651448372085,5.283382892111938,5.067400496375796
573,Mike Baumann,BAL,20206,4.909091249576308,1.4727273748728926,3.33333333,0.9818182499152617,0.12658228,0.03797468,0.0886076,0.34210526315789475,1.5818182915301437,0.375,0.6870229,141.9703004882278,99.96995295887953,102.63160826598462,5.400000374533939,3.930612876592593,1.4693874979413462,4.046632085105364,4.215994544135137
574,Jayson Aquino,BAL,13150,7.147060828225985,2.382353609408662,3.0,1.5882357396057745,0.18367347,0.06122449,0.12244898,0.2391304347826087,1.2352944641378245,0.2571428571428571,0.71428571,89.15796652638805,101.55399780101536,111.01059217268079,3.9705893490144364,4.657640114952654,-0.6870507659382179,4.874778480288221,4.593918637017962
575,Richard Fitts,BOS,30160,6.275675740377846,2.918918949012952,2.15,1.459459474506476,0.16412214,0.07633588,0.08778626,0.25,1.297297310672423,0.26737967914438504,0.76470588,90.45083118799283,119.21119376877738,113.20764206401346,3.7945946337168373,4.9294244148970385,-1.1348297811802013,4.681940974817005,4.830701109167928
576,Tejay Antone,CIN,16233,10.309092696639443,4.909091760304496,2.1,1.4727275280913488,0.27631579,0.13157895,0.14473684,0.2153846153846154,1.309091136081199,0.2682926829268293,0.86538462,72.03367428199562,103.31138087352655,93.80803645782827,3.436364232213147,4.834723714187691,-1.3983594819745435,4.179956906130113,4.418305796361864
577,Casey Kelly,SFG,9174,5.282609790845496,0.5869566434272773,9.0,1.1739132868545545,0.13043478,0.01449275,0.11594203,0.3235294117647059,1.5000003109808198,0.3508771929824561,0.79207921,75.30549770185877,99.82787494099829,109.3885964738697,2.9347832171363866,3.87782302885293,-0.9430398117165435,4.444165563256116,4.568639850678541
578,Konnor Pilkington,CLE,21453,7.764706463137343,4.94117684017831,1.57142857,1.0588236086096376,0.19047619,0.12121212,0.06926407,0.2537313432835821,1.5490197237066923,0.2980132450331126,0.70247934,114.71545479686584,120.50318209951136,125.18100445364308,4.411765035873491,4.681058569973782,-0.26929353410029133,4.922284737849515,4.986360187640207
579,A.J. Griffin,TEX,11132,7.250000768237725,3.3750003576279064,2.14814815,2.2500002384186044,0.18589744,0.08653846,0.09935897,0.24555160142348753,1.3333334746184322,0.24878048780487805,0.73529412,115.14887472433638,133.26204043634596,138.99501048149108,5.500000582801033,6.088195560302296,-0.5881949775012627,6.099340442930407,5.348769882387078
580,Matt Andriese,3 Tms,12022,8.265306112394885,3.2142857103757887,2.57142857,1.8367346916433078,0.20785219,0.08083141,0.12702079,0.26785714285714285,1.4285714268336838,0.30141843971631205,0.72033898,121.93444917766901,124.0494023178397,100.90488258187555,5.142857136601262,5.230022595351736,-0.08716545875047377,4.411499707408413,4.4243896901328785
581,Angel Zerpa,KCR,22717,6.593023402037142,2.8255814580159178,2.33333333,1.255813981340408,0.17213115,0.07377049,0.09836066,0.24545454545454545,1.255813981340408,0.27058823529411763,0.74850299,79.50648361113386,116.38162951321509,106.75266964182367,3.4534884486861217,4.7917267835237025,-1.3382383348375808,4.424706104972546,4.600597474110452
582,Blade Tidwell,2 Tms,31701,7.269231302498399,4.153846458570514,1.75,1.3846154861901714,0.18421053,0.10526316,0.07894737,0.2474747474747475,1.4038462568317014,0.27702702702702703,0.67846608,135.5136178679962,128.0603819898938,124.3860151789986,5.5384619447606855,5.22077946482386,0.31768247993682586,5.230925893467797,4.9710820033767265
583,Jefry Rodriguez,2 Tms,17018,6.776060977648763,5.212354598191356,1.3,1.2509651035659255,0.16971279,0.1305483,0.03916449,0.24848484848484848,1.5289573488027979,0.2766798418972332,0.66835871,125.50689888475702,124.21009031430923,126.16507569894529,5.420848782119011,5.330832618376143,0.09001616374286758,5.4164068194214945,5.654561336061198
584,Jackson Rutledge,WSN,26215,6.567567736846505,2.918918994154002,2.25,1.459459497077001,0.16666667,0.07407407,0.09259259,0.2755102040816326,1.4189189554915287,0.3026315789473684,0.63694268,142.69345408358737,116.78425957489694,128.6775458140555,6.2027028625772545,5.1031505697268615,1.099552292850393,5.586205109737379,5.270716426327403
585,Noah Schultz,CHW,32056,8.204420581157585,4.6243097821070025,1.77419355,1.3425415496439685,0.20220588,0.11397059,0.08823529,0.25213675213675213,1.491712832937743,0.29411764705882354,0.62796209,155.07943739795326,121.31179799464708,122.92055182120968,6.414365181632294,5.1060367725878155,1.3083284090444787,5.093683875093495,4.868811355318198
586,Charlie Barnes,MIN,19865,4.5900001750946124,3.780000144195562,1.21428571,0.810000030899049,0.11038961,0.09090909,0.01948052,0.29411764705882354,1.620000061798098,0.31896551724137934,0.63197026,139.11915568682807,116.741578970144,145.625084971249,5.9400002265930265,4.940034189987186,0.9999660366058407,6.257784838745621,5.967073772195587
587,Ryan Johnson,LAA,35325,7.2,3.789473684210526,1.9,1.5157894736842106,0.18491484,0.0973236,0.08759124,0.2410958904109589,1.3473684210526315,0.26373626373626374,0.72580645,110.3964779820972,125.26426753829259,124.1900274977842,4.5473684210526315,5.142617004796079,-0.5952485837434471,5.146328526892161,4.924425343405893
588,Valente Bellozo,MIA,23899,5.957295656720563,3.074733242178355,1.9375,1.7295374487253246,0.15461347,0.0798005,0.07481297,0.2493150684931507,1.313167322180339,0.256140350877193,0.83497053,87.09011895254662,134.1272767930961,134.84469875023012,3.6512457250867962,5.4855163321531455,-1.8342706070663493,5.534355011908614,5.35431120030494
589,Yilber Díaz,ARI,29271,6.3,3.6,1.75,0.9,0.1686747,0.09638554,0.07228916,0.24,1.3,0.2711864406779661,0.73275862,97.9569509079785,107.50003557332414,113.66926860643136,4.05,4.266479778289796,-0.2164797782897958,4.629689025133848,5.059801961040808
590,Coleman Crow,MIL,27926,5.40000020599366,2.70000010299683,2.0,1.080000041198732,0.13157895,0.06578947,0.06578947,0.2857142857142857,1.5000000572204613,0.3103448275862069,0.56034483,143.06267539194312,108.31876213214417,126.65152783844773,5.9400002265930265,4.5405117965698265,1.3994884300232,5.335802026723968,5.175638909538381
591,Cody Reed,CIN,15232,9.449998197555885,4.589999124527145,2.05882353,1.6199996910095804,0.22435897,0.10897436,0.11538462,0.2846715328467153,1.6799996795654908,0.34375,0.66532258,147.26565719780734,120.51538241778897,88.014382141969,6.209998815536725,5.110263690980508,1.0997351245562168,3.620219147275673,3.918718210675747
592,Erik Miller,2 Tms,26252,10.02857197508523,4.628571680808568,2.16666667,0.7714286134680947,0.2826087,0.13043478,0.15217391,0.225,1.2857143557801576,0.3076923076923077,0.88235294,19.25304933803774,91.6959587401024,92.77970450797567,0.7714286134680947,3.5893968267668073,-2.8179682132987125,3.771118327717157,4.0759996664299045
593,Chris Ellis,BAL,16125,5.460674449871066,5.76404525264168,0.94736842,0.9101124083118444,0.13846154,0.14615385,-0.00769231,0.21296296296296297,1.4157304129295356,0.22988505747126436,0.80882353,88.00599392850371,124.16744786281477,150.1843570741114,3.6404496332473775,5.48746300488105,-1.8470133716336727,6.325488951037464,6.382979322020147
594,Jordan Wicks,CHC,30094,7.529880964453862,3.3346615699724245,2.25806452,1.613545920954399,0.18421053,0.08157895,0.10263158,0.2832369942196532,1.5418327689119813,0.31800766283524906,0.66666667,143.4239523248373,122.8564269426709,107.03541275892142,5.916335043499463,5.074674750692048,0.8416602928074148,4.494907119567881,4.6701385193289084
595,Mason Adams,COL,31663,9.620689655172415,3.7241379310344827,2.58333333,1.8620689655172413,0.25,0.09677419,0.15322581,0.27927927927927926,1.4827586206896552,0.33783783783783783,0.75842697,85.33599054180632,113.85345825632429,90.58043526209381,4.0344827586206895,4.997063465776115,-0.9625807071554258,3.8172097035009287,3.994290994399434
596,Caleb Kilian,CHC,26213,7.779661268449598,7.3220341350113864,1.0625,0.0,0.17171717,0.16161616,0.01010101,0.3,2.0338983708364964,0.38095238095238093,0.48837209,226.3452643187839,108.34817007987563,145.27995124572288,9.152542668764234,4.319834855810235,4.832707812953998,5.926203578643852,5.842507957291984
597,Peyton Battenfield,CLE,25777,6.887755638259237,2.2040818042429557,3.125,1.653061353182217,0.18656716,0.05970149,0.12686567,0.24603174603174602,1.1938776439649343,0.2631578947368421,0.65359477,110.67148770341812,114.54854006177825,105.82764776959036,4.683673834016281,4.846877218116983,-0.16320338410070256,4.53424725230767,4.589191997517586
598,Artie Lewicki,DET,16731,4.90908920666462,3.9272713653316966,1.25,0.9818178413329242,0.11363636,0.09090909,0.02272727,0.35443037974683544,1.9636356826658483,0.3880597014925373,0.64327485,145.76504758013004,113.8958038927606,126.19889596003647,6.381815968664006,4.959669529572243,1.4221464390917635,5.4126264981764285,5.586400038035001
599,Chase Dollander,COL,33482,7.576119963743065,4.594030190780369,1.64912281,1.6119404178176733,0.188,0.114,0.074,0.2654462242562929,1.5492538460136527,0.29721362229102166,0.64900662,129.19251671884808,126.0137010725185,118.86294882055999,6.125373587707159,5.468212289181679,0.6571612985254802,4.944231190711074,4.993688696399604
600,Cody Poteet,2 Tms,18769,7.5842700692653695,4.0955058374033,1.85185185,1.516854013853074,0.20408163,0.11020408,0.09387755,0.2073732718894009,1.2134832110824592,0.2229299363057325,0.76271186,98.36481818481488,122.44687845143721,113.38802439383421,4.0955058374033,5.082681442066147,-0.9871756046628475,4.715010543808686,4.8736425043840175
601,Andrew Kittredge,TBR,12828,10.519485091768983,2.4545465214127624,4.28571429,2.1038970183537966,0.26548673,0.0619469,0.20353982,0.2830188679245283,1.441559068131305,0.34285714285714286,0.6993007,123.18462861942695,112.69900704312465,69.30329513587321,5.2597425458844915,4.707038241948297,0.5527043039361947,2.982821503722953,3.5676821923032653
602,PJ Poulin,WSN,23394,6.6000008392335054,2.40000030517582,2.75,1.20000015258791,0.18965517,0.06896552,0.12068966,0.20754716981132076,1.0000001271565917,0.225,0.98484848,42.13060242236833,101.93698768290477,103.11592288315883,1.800000228881865,4.367178569369867,-2.5671783404880015,4.344953498034224,4.373790032891012
603,Reiver Sanmartin,CIN,19754,7.434783225248853,4.30434818303881,1.72727273,1.5652175211050217,0.16666667,0.09649123,0.07017544,0.36893203883495146,2.130434959281835,0.425,0.50691244,245.42172546853743,119.9309514990216,112.27040554568677,10.565218267458896,5.185128407146318,5.3800898603125775,4.604814691366954,4.904506453495205
604,Humberto Castellanos,ARI,21183,5.853982399695445,2.3893805713042635,2.45,1.5530973713477711,0.14984709,0.06116208,0.08868502,0.2814569536423841,1.3938053332608202,0.3,0.68627451,135.4869015873165,127.60666190371947,120.84900678677907,5.615044342565019,5.07648200084131,0.5385623417237095,4.9716227818612175,4.936980885945182
605,Luis Morales,ATH,32227,8.000000423855274,4.166666887424622,1.92,2.0000001059638186,0.20689655,0.10775862,0.09913793,0.23414634146341465,1.351851923475544,0.2482758620689655,0.82474227,97.40003422101552,130.10071834033278,118.24437140094922,4.333333562921607,5.7415454646234565,-1.4082119017018497,4.927988040226346,4.794202551418158
606,Eric Skoglund,KCR,16155,5.693878105112787,3.214286027079799,1.77142857,1.5612246417244737,0.14220183,0.08027523,0.06192661,0.28426395939086296,1.5000001459705727,0.30158730158730157,0.62211982,146.2244811801413,127.69674417174235,127.10410332629596,6.5204087977904495,5.444290574390147,1.0761182234003028,5.5167759020181295,5.315163818783509
607,AJ Blubaugh,HOU,31764,12.272727272727273,4.909090909090909,2.5,1.6363636363636365,0.31914894,0.12765957,0.19148936,0.1951219512195122,1.2727272727272727,0.25,0.625,40.4103133313415,106.83490525775619,92.38043483807908,1.6363636363636365,4.40786359093406,-2.771499954570423,3.86628278114579,3.8190338003869004
608,Tyler Pill,NYM,12751,7.714287215697467,3.3061230924417715,2.33333333,1.102041030813924,0.18666667,0.08,0.10666667,0.27941176470588236,1.5306125427971164,0.3269230769230769,0.60344828,121.31525751595609,101.87544779707507,93.37653914835741,4.9591846386626575,4.320905226739676,0.6382794119229818,4.035946533788339,4.526015107147392
609,Tyler Beede,2 Tms,16981,8.51231481105062,3.8571426487573124,2.20689655,1.6625614865333243,0.20813008,0.09430894,0.11382114,0.273224043715847,1.5369457297730287,0.31565656565656564,0.69060773,136.57667801384076,123.96090561917273,109.66218325048138,5.719211513674636,5.172621874200584,0.5465896394740515,4.76441591962713,4.798054935225139
610,Jalen Beeks,3 Tms,17192,9.126759705243742,3.9929573710441373,2.28571429,1.7112674447332017,0.22018349,0.09633028,0.12385321,0.28205128205128205,1.6056336518484362,0.3333333333333333,0.71865443,138.6378107649358,122.10976253246214,109.15046259707992,5.894365642969917,5.094532943857924,0.7998326991119926,4.657145677532959,4.577808055721028
611,Joey Estes,OAK,26257,6.642369424533939,2.0911163003162403,3.17647059,1.9681094591211672,0.169279,0.05329154,0.11598746,0.2711864406779661,1.3257403995468973,0.28444444444444444,0.67401961,146.8122692198354,137.56489647175204,132.6454044295599,5.842824956765965,5.5198763225950565,0.3229486341709089,5.439049568217795,5.08112125349546
612,Austin Cox,2 Tms,24604,7.5937511527737955,5.062500768515863,1.5,0.8437501280859773,0.17647059,0.11764706,0.05882353,0.3333333333333333,1.9687502988672803,0.4,0.66326531,153.92636117884646,104.65984836988518,119.34691721583921,6.750001024687818,4.470043546559439,2.279957478128379,5.111314367101812,5.4040261614794565
613,Edwin Jackson,4 Tms,1841,7.048855618668709,3.54503849827783,1.98837209,1.937404760686721,0.17665289,0.08884298,0.08780992,0.2702394526795895,1.4793894508317043,0.2883156297420334,0.67124333,125.11674482650318,129.52269697432297,118.04229455712996,5.523664636851502,5.65554518014479,-0.13188054329328747,5.143412045534525,5.050305441893038
614,José De León,3 Tms,15463,14.00000074174673,4.000000211927637,3.5,2.5000001324547734,0.35443038,0.10126582,0.25316456,0.2676056338028169,1.5000000794728638,0.3684210526315789,0.8,126.25651017864422,114.50636507686744,80.98451174818983,5.500000291400501,4.999887578740932,0.5001127126595692,3.4277737828186634,3.2300631233432684
615,César Valdez,2 Tms,9013,6.456523077700051,3.521739860563664,1.83333333,1.1739132868545545,0.15277778,0.08333333,0.06944444,0.3484848484848485,1.891304739932338,0.39622641509433965,0.45801527,216.519872750667,103.80578759291123,92.31906411978576,9.391306294836436,4.592422600369434,4.798883694467002,4.0568613799699875,4.751796926784372
616,Shelby Miller,3 Tms,10197,8.019803494709032,5.613862446296323,1.42857143,1.4702973073633228,0.18181818,0.12727273,0.05454545,0.2937062937062937,1.8712874820987744,0.3395348837209302,0.57726465,173.83490615891188,123.2192063242784,125.85981088106105,8.019803494709032,5.486245960200437,2.5335575345085957,5.573833564792798,5.519488485393273
617,David Paulino,HOU,17418,10.551724137931034,2.1724137931034484,4.85714286,2.4827586206896552,0.265625,0.0546875,0.2109375,0.2975206611570248,1.4827586206896552,0.35443037974683544,0.6918239,154.1177656754541,118.25374302542204,93.605456908033,6.517241379310345,5.123156935593178,1.3940844437171673,4.113152265137639,3.754699071884155
618,Chris O'Grady,MIA,13818,8.886077022078915,5.12658289735322,1.73333333,1.3670887726275254,0.22222222,0.12820513,0.09401709,0.25742574257425743,1.5569622132702372,0.30985915492957744,0.71428571,132.20382011873988,118.47772500564469,122.55449309573294,5.4683550905101015,4.9804247243839015,0.4879303661262,5.3024278328132795,5.08360976921318
619,Kohl Stewart,2 Tms,15502,5.268291947672967,4.170731125241099,1.26315789,1.0975608224318683,0.125,0.09895833,0.02604167,0.31952662721893493,1.780487556389475,0.35,0.68571429,141.32072813389777,120.88869857049477,122.9621896275368,6.146340605618462,5.276640232900597,0.8697003727178654,5.342861922777173,5.385323577120422
620,Aaron Slegers,2 Tms,15231,5.538463569957869,2.0769238387342006,2.66666667,1.730769865611834,0.15384615,0.05769231,0.09615385,0.20618556701030927,1.0000003667979485,0.19736842105263158,0.55,118.73726255333553,120.4416985188573,110.97457340813207,5.192309596835502,5.240547853363795,-0.04823825652829328,4.819975664084206,4.87167110351616
621,Riley Smith,ARI,19826,2.88,2.16,1.33333333,1.08,0.06956522,0.05217391,0.0173913,0.3486238532110092,1.76,0.35714285714285715,0.55276382,188.30049954300932,117.23057403145563,133.33435312683258,7.92,4.810034122467041,3.109965877532959,5.6495666146278385,5.9015501427413755
622,Matt Wilkinson,SFG,33760,6.352941354665794,1.9852941733330607,3.2,1.9852941733330607,0.17204301,0.05376344,0.11827957,0.22727272727272727,1.102941207407256,0.22388059701492538,0.61111111,107.14443580037268,128.4033148253207,123.77484867752342,4.3676471813327336,5.2181588598601145,-0.850511678527381,5.214693887819989,5.106102056147866
623,Keaton Winn,SFG,23499,8.033058104493263,2.6776860348310874,3.0,1.5619835203181345,0.20991254,0.06997085,0.13994169,0.2540192926045016,1.2768595443870463,0.28888888888888886,0.54704595,167.01176598817472,120.8490910940618,95.5751897553965,6.805785338529014,4.855449268867216,1.9503360696617982,3.9686163957652503,4.048219668618485
624,George Klassen,LAA,33464,8.0,7.0,1.14285714,0.6666666666666666,0.192,0.168,0.024,0.22330097087378642,1.6296296296296295,0.2727272727272727,0.75829384,89.01567861982375,115.22453831081488,124.643712821174,3.6666666666666665,4.7301413712678135,-1.063474704601147,5.165142676951708,5.600351443553558
625,Kenny Rosenberg,LAA,20009,5.625000223517427,3.375000134110456,1.66666667,1.5000000596046472,0.14563107,0.08737864,0.05825243,0.2765957446808511,1.4583333912822958,0.29333333333333333,0.85034014,90.97142137386606,126.76172645601223,127.07878435359234,3.7500001490116177,5.256677432572715,-1.5066772835610975,5.264483501479642,5.349211469895808
626,Luinder Avila,KCR,24452,7.838710063255559,5.748387379720744,1.36363636,1.2193548987286424,0.19396552,0.14224138,0.05172414,0.2639593908629442,1.6451613713005495,0.3103448275862069,0.66062176,146.66738147568742,122.8769143640428,119.90958805222536,6.270968050604448,5.152124745848281,1.118843304756167,4.968820404196366,5.235446592049395
627,Mitch Farris,LAA,33628,8.876712792629753,4.0684933632886375,2.18181818,1.479452132104959,0.22429907,0.10280374,0.12149533,0.25263157894736843,1.438356239546488,0.29850746268656714,0.55921053,163.70535652351407,115.74768104367507,115.09305882892006,6.657534594472315,4.7789720205456305,1.8785625739266845,4.796196817460022,4.713061824612402
628,Tristan Beck,SFG,21584,5.684210811625571,1.8947369372085239,3.0,1.4210527029063929,0.13953488,0.04651163,0.09302326,0.32926829268292684,1.6315790292628956,0.3582089552238806,0.63432836,157.69220548742263,112.47691468775949,121.8421269102253,6.6315792802298335,4.638516510585792,1.993062769644041,5.207887653992542,5.158526805642888
629,Sean Nolin,WSN,11341,8.150943689560213,2.0377359223900533,4.0,2.0377359223900533,0.19512195,0.04878049,0.14634146,0.34210526315789475,1.6981132686583778,0.39285714285714285,0.79545455,133.01577113267712,124.03158857074088,100.65191049926221,5.6037737865726465,5.320977596100986,0.28279619047166005,4.2751028644163656,4.3846527854247395
630,Jimmy Lambert,CHW,19541,6.517241807953526,3.7241381759734433,1.75,1.3965518159900412,0.1627907,0.09302326,0.06976744,0.2597402597402597,1.4482759573230057,0.2833333333333333,0.80645161,100.88888282522188,118.06998972913647,136.22345254962852,4.189655447970124,5.120085223221133,-0.9304297752510085,5.71164912099125,5.320141139310927
631,Landon Knack,LAD,27487,8.864151453797046,3.362264344543707,2.63636364,2.0377359663901258,0.232,0.088,0.144,0.22485207100591717,1.2339623352029094,0.24242424242424243,0.82352941,100.67208486694427,128.36602381929356,109.976111819364,4.1773587310997575,5.385432251458752,-1.2080735203589947,4.51055791219922,4.328577343008739
632,Allan Winans,2 Tms,21238,7.917293630478475,2.4360903478395306,3.25,1.827067760879648,0.19402985,0.05970149,0.13432836,0.3027027027027027,1.5338346634545192,0.34306569343065696,0.58922559,171.6800538994346,123.2970424303569,105.55840951868254,7.308271043518592,5.190411542194219,2.1178595013243724,4.515665812730993,4.357678075918405
633,A.J. Alexy,TEX,22343,6.517241807953526,6.051724535956845,1.07692308,0.9310345439933608,0.18181818,0.16883117,0.01298701,0.140625,1.137931109325219,0.14583333333333334,0.83333333,64.41344313025259,116.66065340226532,140.14010494228515,2.7931036319800824,5.083827351786727,-2.290723719806645,6.0205025770849,6.420157418151931
634,Tommy Henry,ARI,26285,6.804000103820802,3.726000056854249,1.82608696,1.5120000230712893,0.17260274,0.09452055,0.07808219,0.26574500768049153,1.452000022155762,0.2917505030181087,0.7424812,117.14317232190703,130.13141243555924,122.33464327321698,4.968000075805665,5.2918209200749295,-0.3238208442692647,5.157102755959508,5.072356315571118
635,Daniel Castano,MIA,19805,4.728110806869947,3.1105992150460176,1.52,1.3686636546202477,0.11912226,0.07836991,0.04075235,0.2852233676975945,1.4930876232220884,0.2975206611570248,0.73221757,106.2778679960102,126.01303596945793,119.75508548586643,4.4792628696662655,5.239272312507002,-0.7600094428407367,5.047130517021014,5.392107469785314
636,Dylan Covey,2 Tms,14825,6.357797666239101,4.128440043012404,1.54,1.6926604176350855,0.15524194,0.10080645,0.05443548,0.2879640044994376,1.633027394791573,0.30979827089337175,0.58687003,159.88822731072023,126.38233988498538,113.33138551291411,6.935779272260838,5.62155340086939,1.3142258713914483,4.947258750252549,5.19002875332416
637,Keegan Thompson,CHC,19795,7.605634313612542,3.802817156806271,2.0,1.5211268627225085,0.18735363,0.09367681,0.09367682,0.2736842105263158,1.5211268627225085,0.30985915492957744,0.71539658,124.67398158755243,129.13314362274429,120.30412697876605,4.943662303848153,5.118848575497813,-0.17518627164966016,4.867826377860661,4.744719837702388
638,Elmer Rodríguez,NYY,31811,7.087500675916736,5.40000051498418,1.3125,0.6750000643730225,0.168,0.128,0.04,0.25,1.5750001502037192,0.2962962962962963,0.70135747,130.1730750736129,114.77978174485858,133.43999508967332,5.40000051498418,4.863011909723299,0.5369886052608814,5.529921006850442,5.322289820440867
639,Craig Stammen,SDP,7274,6.545454545454546,4.909090909090909,1.33333333,0.8181818181818182,0.14545455,0.10909091,0.03636364,0.3877551020408163,2.272727272727273,0.45,0.63559322,208.51372355159904,110.24391706983728,100.91867840739248,8.181818181818182,4.517960544065996,3.6638576377521854,4.195251623066989,4.6736132126588315
640,Kyle Muller,2 Tms,20167,7.833333610016632,4.916666840329588,1.59322034,1.4166667167051357,0.188,0.118,0.07,0.28440366972477066,1.6944445042943779,0.3292307692307692,0.65773447,160.9415694469259,128.41314188559346,119.72569191727708,6.666666902141815,5.2940150845733225,1.3726518175684923,5.076627166238549,5.227703228957329
641,Darius Vines,ATL,25928,6.646154041177428,2.4923077654415353,2.66666667,1.661538510294357,0.17777778,0.06666667,0.11111111,0.2289156626506024,1.1538461877044146,0.23809523809523808,0.78431373,88.20034366000743,122.82733999883075,121.04105738148392,3.7384616481623034,5.107836464848348,-1.3693748166860447,5.134688820043609,4.781454358420072
642,Cesar Perdomo,SFG,30334,4.3548392455610765,2.6129035473366455,1.66666667,1.3064517736683228,0.11235955,0.06741573,0.04494382,0.2891566265060241,1.451613081853692,0.3,0.81395349,96.14721545391112,120.34300912651125,116.37511766270063,3.9193553210049688,4.890834542591071,-0.9714792215861019,4.903165350411845,5.300350316441154
643,Josh James,HOU,16794,11.686568827638887,6.850747243788312,1.70588235,1.6119405279501913,0.29591837,0.17346939,0.12244898,0.189873417721519,1.4328360248446144,0.2391304347826087,0.80985915,103.4332299346687,127.5608685943861,111.61610320983418,4.432836451863026,5.454738066702671,-1.0219016148396447,4.830400186772648,4.810586215219999
644,Zac Lowther,BAL,20243,8.366197407848665,4.183098703924332,2.0,1.9014085017837874,0.2,0.1,0.1,0.30927835051546393,1.7323944127363395,0.35714285714285715,0.63888889,163.74696557629107,125.08838771088877,112.4479417582165,7.225352306778392,5.705245458178758,1.5201068485996343,4.8225293710029025,4.809077228446995
645,Tim Adleman,CIN,10968,7.94620291534631,3.7594938524219104,2.11363636,2.0506330104119512,0.20350109,0.09628009,0.10722101,0.26715686274509803,1.4525317157084654,0.2920962199312715,0.72347267,123.1499847227317,129.9885479919064,117.13484717700528,5.46835469443187,5.7494119712623055,-0.2810572768304356,5.067185834152754,4.834274302396634
646,Colton Gordon,HOU,31312,8.063348485880619,1.5882353078249702,5.07692308,2.321266988359572,0.2,0.03939394,0.16060606,0.3089171974522293,1.493212682570485,0.3406113537117904,0.75231481,138.63137929815505,129.99498375906512,100.30623772670602,5.619909550765279,5.346082625631366,0.27382692513391316,4.1884754463665725,4.137535733008121
647,Jesse Scholtens,2 Tms,19205,6.750000402331376,3.093750184401881,2.18181818,1.8281251089647477,0.16494845,0.07560137,0.08934708,0.30451127819548873,1.609375095926231,0.33170731707317075,0.70615034,138.21913776544744,127.19039142849856,119.49681737983852,5.9062503520399545,5.542590565824097,0.3636597862158579,5.092255320643728,4.989168209767771
648,Hogan Harris,OAK,21520,7.017621381234371,4.0440529993554,1.73529412,1.5462555585770648,0.17717718,0.1021021,0.07507508,0.2785234899328859,1.5462555585770648,0.30973451327433627,0.72144289,117.9600065540383,130.8118655655228,123.86467196425669,4.757709411006353,5.263265982280386,-0.5055565712740329,5.1539265701931445,5.163652451812029
649,Miguel Díaz,2 Tms,18815,8.617025560361299,6.319152077598286,1.36363636,1.1489367413815066,0.20833333,0.15277778,0.05555556,0.22950819672131148,1.5957454741409813,0.2727272727272727,0.85585586,83.4932499785778,117.67324123756228,109.71152549577955,3.4468102241445195,5.031311309342741,-1.5845010851982217,4.716367205084579,5.360652907806922
650,Mike Mayers,2 Tms,15451,7.392857646455605,2.8928573399174105,2.55555556,1.9285715599449402,0.18852459,0.07377049,0.1147541,0.3008849557522124,1.5357143903265265,0.3333333333333333,0.66473988,136.99536845811267,127.32935700597642,102.14830940444111,5.785714679834821,5.2763514505465565,0.5093632292882644,4.179096965415941,4.4038614567963466
651,Connor Phillips,CIN,27649,11.322580993485635,5.661290496742818,2.0,2.1774194218241605,0.27083333,0.13541667,0.13541667,0.21951219512195122,1.500000046145533,0.2549019607843137,0.64,152.04231214773856,128.62422752285147,114.42799117180158,6.9677421498373135,5.916330763948823,1.0514113858884908,5.011194402745587,4.643161434118001
652,Andrew Albers,2 Tms,7853,6.3893134887524115,2.6793895275413337,2.38461538,2.0610688673394875,0.15577889,0.06532663,0.09045226,0.28804347826086957,1.5114505027156242,0.3006993006993007,0.72222222,111.83461184918485,134.2905285602438,115.8082829141823,4.740458394880822,5.748926877551513,-1.0084684826706916,5.047752301957548,5.046233862372747
653,Tony Santillan,CIN,19926,10.188679611950267,5.6037737865726465,1.81818182,1.52830194179254,0.23255814,0.12790698,0.10465116,0.25,1.6415094930364318,0.30612244897959184,0.86330935,80.77354879900844,123.30513566386533,129.293184168373,3.566037864182593,5.490587733666532,-1.9245498694839385,5.465886585490073,4.942401852239432
654,Caleb Ferguson,2 Tms,19349,8.526312847217719,4.973682494210336,1.71428571,1.421052141202953,0.20689655,0.12068966,0.0862069,0.25252525252525254,1.539473152969866,0.29577464788732394,0.68681319,140.6860439733596,126.1053869596906,117.63216563521235,5.684208564811812,5.360931497107044,0.32327706770476805,5.016007818726494,4.982112727875525
655,Cody Morris,CLE,25388,8.709677687296642,4.7903227280131535,1.81818182,1.3064516530944963,0.2247191,0.12359551,0.1011236,0.24358974358974358,1.4516129478827737,0.2909090909090909,0.89147287,56.617625196948474,119.97523898094113,110.43345642727483,2.1774194218241605,4.660818146071501,-2.48339872424734,4.3495984697431895,4.600280318564863
656,Matt Peacock,ARI,20339,6.352941176470588,3.176470588235294,2.0,1.588235294117647,0.15483871,0.07741935,0.07741936,0.3146853146853147,1.6764705882352942,0.34513274336283184,0.74074074,125.86931787634315,124.6358043643239,101.76680922416135,5.294117647058823,5.111210593055277,0.18290705400354668,4.321990053969271,4.581902009623233
657,Andre Jackson,PIT,21298,8.333333922021225,5.666667066974433,1.47058824,1.333333427523396,0.2173913,0.14782609,0.06956522,0.19791666666666666,1.333333427523396,0.22388059701492538,0.67901235,119.8229620689476,124.72939738857245,120.7913610532537,5.333333710093584,5.440225699049303,-0.10689198895571916,5.290122016762392,5.426271914694133
658,Hector Velázquez,BOS,19341,6.750000450611145,4.050000270366687,1.66666667,1.6200001081466746,0.17123288,0.10273973,0.06849315,0.28185328185328185,1.5450001031398841,0.3096446700507614,0.69506726,113.46000919346467,126.87083266437746,119.96756173252133,5.265000351476693,5.502512178569688,-0.23751182709299545,5.279251437407266,5.262070174558971
659,Adam Conley,MIA,14457,6.34768179848365,3.7549666976945537,1.69047619,1.6092714418690945,0.15638767,0.09251101,0.06387665,0.2765432098765432,1.5298012472088922,0.2974683544303797,0.64801178,149.13967302595623,131.54960943716696,128.42991993727077,6.168873860498195,5.531811759687408,0.6370621008107866,5.557453193125296,5.329840020165846
660,Hyeon-Jong Yang,TEX,27513,8.400000534057652,5.400000343322776,1.55555556,1.8000001144409252,0.20895522,0.13432836,0.07462687,0.29310344827586204,1.7333334435357057,0.34146341463414637,0.59633028,152.20658010001713,130.76097799881526,110.77380371689726,6.600000419616726,5.70336761686538,0.8966328027513457,4.750105541074843,5.204907934765304
661,Chase Silseth,LAA,30074,10.01809989335763,3.6651584975698652,2.73333333,2.0769231486229236,0.25545171,0.09345794,0.16199377,0.2465277777777778,1.3710407713131718,0.2857142857142857,0.74812968,128.25534644750425,127.78569785986633,90.72241908758335,5.253393846516807,5.3075750111936,-0.0541811646767929,3.72636629014903,3.9752322707831875
662,Andrew Sears,DET,33664,7.593751131557097,5.062500754371398,1.5,0.8437501257285663,0.16666667,0.11111111,0.05555556,0.26666666666666666,1.6875002514571327,0.3142857142857143,0.51020408,100.91638905969921,123.28253076014293,163.4672644326197,4.218750628642831,5.16301204897468,-0.9442614203318485,6.775139933210342,5.534333003446596
663,Mike Bolsinger,TOR,11137,7.363635451622077,6.662336837181879,1.10526316,1.0519479216602967,0.17073171,0.15447154,0.01626016,0.26732673267326734,1.7922075702360611,0.3116883116883117,0.69196429,128.55390243465874,126.21513847838224,132.73265437937246,5.6103889155215825,5.612184844754561,-0.0017959292329781107,5.825307836836885,5.779377277832743
664,Jake Thompson,PHI,14371,6.967742792897722,3.9193553210049688,1.77777778,1.7419356982244305,0.17297297,0.0972973,0.07567568,0.2716049382716049,1.5000001845821485,0.29508196721311475,0.80645161,75.05617834255084,130.73568597912606,122.52810863854957,3.266129434170807,5.794736792914742,-2.528607358743935,5.301282604410084,5.053973515040258
665,Jose Cabrera,ARI,30412,6.545454545454546,3.272727272727273,2.0,1.6363636363636365,0.16161616,0.08080808,0.08080808,0.26136363636363635,1.4090909090909092,0.27941176470588236,0.73943662,126.43336866943535,134.03145140374494,121.90941239044402,5.318181818181818,5.509602650729093,-0.1914208325472746,5.136159055002711,4.89654632534447
666,Max Castillo,2 Tms,21956,7.269231035864575,3.1153847296562462,2.33333333,1.73076929425347,0.18103448,0.07758621,0.10344828,0.2857142857142857,1.5000000550196742,0.31645569620253167,0.55882353,172.36172594132822,133.97246199439178,115.11339967650318,6.92307717701388,5.266277234511971,1.6567999425019089,4.531333035350838,4.501489380473891
667,Adrian Morejon,SDP,20039,8.999997547695283,3.8571418061551213,2.33333333,2.142856558975067,0.23076923,0.0989011,0.13186813,0.24390243902439024,1.3809520046728212,0.26785714285714285,0.81818182,102.1743358337895,129.06123452748525,96.08851523153487,4.285713117950134,5.581010389027233,-1.2952972710770982,4.2084052696515375,4.539716828885905
668,Cody Ponce,2 Tms,17920,6.749999337336662,3.9705878454921537,1.7,1.9852939227460769,0.17171717,0.1010101,0.07070707,0.2808988764044944,1.544117495469171,0.29850746268656714,0.75,129.08293606813518,133.97311394263696,128.21193074596312,5.558822983689015,5.86694762994233,-0.30812464625331515,5.593876096946955,5.3727798457619595
669,Denyi Reyes,2 Tms,20526,5.522727871236787,3.6818185808245247,1.5,1.8409092904122624,0.12857143,0.08571429,0.04285714,0.31746031746031744,1.772727464841438,0.3333333333333333,0.61403509,190.50047799674925,141.75489716684288,139.5981943879616,7.977273591786471,6.083024696331466,1.8942488954550045,5.9459244251714845,5.689305884754719
670,Chris Rowley,TOR,18820,4.609758242052703,5.926832025496332,0.77777778,1.3170737834436292,0.109375,0.140625,-0.03125,0.2545454545454545,1.6829276121779708,0.2608695652173913,0.79207921,105.62590583635402,135.2184524087357,152.9956889193404,4.609758242052703,6.011299558341731,-1.4015413162890287,6.71199202914463,6.636076704033852
671,Shawn Dubin,HOU,24977,6.300000600814877,5.40000051498418,1.16666667,0.9000000858306967,0.15555556,0.13333333,0.02222222,0.21621621621621623,1.400000133514417,0.2413793103448276,0.82191781,89.05043114403658,134.5872236636958,146.60136994736192,3.6000003433227867,5.501904233496138,-1.901903890173351,6.086986050624253,5.893992968553348
672,Huascar Brazobán,NYM,6107,7.363637002046499,8.181818891162775,0.9,0.8181818891162776,0.19148936,0.21276596,-0.0212766,0.1111111111111111,1.2727273830697652,0.11538461538461539,0.80882353,79.69443849989273,135.748830369196,143.08415302211233,3.2727275564651106,5.658557263985159,-2.3858297075200485,6.001057751388638,6.502310537704016
673,Daulton Jefferies,2 Tms,19345,6.1448277478666045,2.420689718856541,2.53846154,1.6758621130545284,0.14932127,0.05882353,0.09049774,0.3058252427184466,1.5724138344709155,0.32926829268292684,0.5351682,183.3447471771737,129.7211309895132,118.16284019831241,7.07586225511912,5.110101877348561,1.9657603777705592,4.755849698927401,4.705143490245821
674,Corey Oswalt,NYM,13677,6.643978725853829,2.54450249075253,2.61111111,1.8376962433212718,0.17343173,0.06642066,0.10701107,0.26104417670682734,1.3036648563732098,0.2751322751322751,0.75581395,124.91909380890549,134.4175803349085,115.45155750218034,4.806282482532557,5.3778035639039015,-0.571521081371344,4.722922383098525,4.653738068864886
675,Zach Agnos,COL,31552,5.062500301748532,4.21875025145711,1.2,1.687500100582844,0.13953488,0.11627907,0.02325581,0.15789473684210525,1.0312500614672937,0.13333333333333333,1.0,35.69342124834538,132.60065011645517,140.75485388991206,1.687500100582844,5.8192619036883215,-4.131761803105477,5.92955178987101,5.922721868684733
676,Chris Volstad,CHW,9901,4.695653147418218,2.9347832171363866,1.6,1.760869930281832,0.12698413,0.07936508,0.04761905,0.21052631578947367,1.1086958820293016,0.1956521739130435,0.57971014,137.27991659078563,131.69968264676194,112.1143434670607,5.869566434272773,5.832342301640454,0.037224132632319495,4.879811020390769,4.799064091920673
677,Noah Davis,COL,25862,7.92,5.04,1.57142857,1.8,0.18487395,0.11764706,0.06722689,0.31683168316831684,1.84,0.36486486486486486,0.6744186,144.91329601399343,135.70879828769756,127.24321986272959,7.2,6.2550403594970705,0.9449596405029297,5.5729283940792085,5.273241830252118
678,Justin Nicolino,MIA,11754,5.234694896366138,3.5816333501452524,1.46153846,1.3775512885174048,0.12101911,0.08280255,0.03821656,0.32867132867132864,1.8367350513565397,0.35294117647058826,0.68518519,126.5548141993681,125.34003962478212,113.59844083096726,5.234694896366138,5.269885003273888,-0.03519010690775026,4.913686637084717,5.314151205235376
679,Jared Koenig,2 Tms,27517,6.031915505583287,4.021277003722191,1.5,1.1489362867777688,0.14788732,0.09859155,0.04929577,0.248,1.4361703584722112,0.27,0.70754717,138.15768607691993,133.79748501401122,126.52591461207389,5.1702132904999605,5.069589473311364,0.10062381718859648,4.973166474369608,5.075083908866278
680,Carlos Rodriguez,MIL,30161,6.567568244683368,2.189189414894456,3.0,2.189189414894456,0.15789474,0.05263158,0.10526316,0.35185185185185186,1.783783967691779,0.38095238095238093,0.61797753,178.80665245067823,137.8008080028959,114.00217916574321,7.2972980496481865,5.598912461505858,1.6983855881423287,4.643465172079875,4.849760958071809
681,Jimmy Yacabonis,3 Tms,15157,6.339130980188817,4.695652577917643,1.35,1.6434784022711748,0.15428571,0.11428571,0.04,0.26490066225165565,1.5652175259725474,0.28205128205128205,0.73800738,117.906787529852,133.7358666599702,140.46235535310956,5.165217835709407,6.014451309492161,-0.8492334737827543,6.056261381188811,5.613712025351393
682,Kyle Tyler,MIA,22092,7.280899500548931,5.4606746254116985,1.33333333,1.2134832500914885,0.17777778,0.13333333,0.04444444,0.3103448275862069,1.8202248751372327,0.36363636363636365,0.74898785,130.9407855198451,128.32927245075928,118.89532918764462,5.4606746254116985,5.2226597298337065,0.23801489557799194,4.845948247023489,5.257273957031688
683,Yefry Ramírez,BAL,15655,8.894117185533277,5.717646762128535,1.55555556,1.905882254042845,0.20973783,0.13483146,0.07490637,0.27312775330396477,1.7294116749648039,0.31446540880503143,0.64553991,165.89401839633456,135.9791826135226,132.71838812813814,7.147058452660669,6.05770071043294,1.0893577422277296,5.666238879605293,5.224253414634288
684,Braden Shipley,ARI,15158,5.108109424722368,8.027029095992294,0.63636364,0.7297299178174812,0.109375,0.171875,-0.0625,0.3018867924528302,2.189189753452444,0.3333333333333333,0.625,159.9046661860674,131.27566854151277,171.76670672259823,7.297299178174812,5.752234957564912,1.5450642206099001,7.438504555480509,7.092027661312428
685,Luis Patiño,3 Tms,22815,7.797834273960299,4.483754707527171,1.73913043,1.6570397832165633,0.19002375,0.10926366,0.0807601,0.261455525606469,1.5487365294115594,0.291970802919708,0.69805195,140.97407393493816,135.41644360298972,134.46693184407997,5.653429848621216,5.445289755065815,0.20814009355540097,5.632873571761101,5.227561869474606
686,Josh Rogers,2 Tms,18510,5.135870390415099,3.5217396962846395,1.45833333,1.7608698481423197,0.13108614,0.08988764,0.0411985,0.26141078838174275,1.418478488781313,0.26288659793814434,0.78947368,112.31093109192778,137.22047094704826,141.16382757990567,4.695652928379519,5.828972485231056,-1.1333195568515366,5.910310499067167,5.72646143625135
687,Yohander Méndez,TEX,14391,5.571428571428571,5.142857142857143,1.08333333,1.7142857142857142,0.13684211,0.12631579,0.01052632,0.27710843373493976,1.6666666666666667,0.2878787878787879,0.57823129,156.31351924593253,138.31571832793725,143.10968552221377,7.285714285714286,6.112812528156099,1.1729017575581864,6.074720530140968,5.984189163884709
688,Logan Evans,SEA,33699,6.663830219923318,3.4468087344430955,1.93333333,1.4936171182586746,0.17159763,0.0887574,0.08284024,0.2631578947368421,1.4042554103286684,0.2875536480686695,0.73068894,113.97242126885526,127.76286466868807,116.30614578226083,4.365957730294587,5.113859850942639,-0.7479021206480514,4.845863759757667,4.906689116199042
689,Connor Gillispie,MIA,26171,7.961538461538462,3.8076923076923075,2.09090909,2.076923076923077,0.18699187,0.08943089,0.09756098,0.2882882882882883,1.6538461538461537,0.3170731707317073,0.50561798,203.34293302792508,138.52579336288727,121.89132944151666,8.653846153846153,5.750520933591403,2.90332522025475,5.063129905783214,4.79396754054913
690,Xzavion Curry,3 Tms,25595,5.373786532156364,3.276699104973393,1.64,1.7038835345861643,0.13621262,0.08305648,0.05315615,0.2773722627737226,1.470873820454723,0.2863636363636364,0.67216981,137.38188616546208,137.52616059566668,141.31832123232002,5.6359224605542355,5.647133532325389,-0.011211071771153769,5.864641968775686,5.700717736389243
691,Josh Winckowski,BOS,22387,5.062500354998277,3.0772060981362075,1.64516129,1.3897059798034486,0.12977099,0.07888041,0.05089059,0.2737430167597765,1.4227942174178163,0.28668941979522183,0.7319224,118.19201501623525,129.68116528269215,115.06386207277022,4.86397092931207,5.167758704249856,-0.30378777493778575,4.570511954048053,4.844529152295594
692,Bryan Hudson,CHW,19924,7.200001373291277,0.9000001716614097,8.0,2.700000514984229,0.20512821,0.02564103,0.17948718,0.2631578947368421,1.1000002098083896,0.25925925925925924,0.58823529,130.5552611930916,135.42519082640757,87.19775123136834,5.400001029968458,5.700512237548923,-0.3005112075804641,3.6122735314153274,3.646102029603793
693,Jack Kochanowicz,LAA,27688,5.39251077312115,3.8945911139208307,1.38461538,1.3106797018002796,0.13407821,0.09683426,0.03724395,0.2831578947368421,1.5520112024492199,0.3035019455252918,0.65988372,144.55036471303146,131.286764832922,119.32681064655945,5.879334662361254,5.377155056871388,0.5021796054898662,4.938200609929393,5.079242217574051
694,Jharel Cotton,OAK,13654,7.325581395348837,3.697674418604651,1.98113208,1.9534883720930232,0.18551237,0.09363958,0.09187279,0.26129666011787817,1.441860465116279,0.27925531914893614,0.65649867,132.11077102185496,132.5638048582964,122.52735205392786,5.5813953488372094,5.677019539175108,-0.09562419033789826,5.378737002056699,5.042517197649927
695,Phil Hughes,MIN,7450,5.83333250917046,2.49999964678734,2.33333333,1.999999717429872,0.14285714,0.06122449,0.08163265,0.30701754385964913,1.5740738516809178,0.32044198895027626,0.68376068,136.41435687247255,129.79967738240737,129.23598970247414,5.999999152289616,5.69503828332709,0.3049608689625263,5.643739283172348,5.324207196314641
696,Braydon Fisher,TOR,24609,8.526316859385448,7.8157904544366605,1.09090909,1.4210528098975745,0.22222222,0.2037037,0.01851852,0.16279069767441862,1.4210528098975745,0.1724137931034483,0.78947368,104.34433184068722,140.80621330898208,126.76705340481439,4.263158429692724,5.867314674964455,-1.6041562452717315,5.252585437481187,5.954413914107895
697,Mason Black,SFG,30171,7.752475833135611,3.475247787267688,2.23076923,1.6039605172004712,0.18709677,0.08387097,0.10322581,0.30714285714285716,1.6633664622819702,0.3523809523809524,0.72580645,146.78067625986782,129.55323294684567,125.41457408091372,5.881188563068394,5.097172993438511,0.7840155696298838,5.115720632172357,4.8168093514468175
698,Carson Spiers,CIN,27685,8.338235644939465,3.0441177751366295,2.73913043,2.3823530414112755,0.20655738,0.07540984,0.13114754,0.2857142857142857,1.5147059460824774,0.31155778894472363,0.6641604,155.33983371560524,137.08632678752485,109.12964145973557,6.617647337253542,5.862470849332918,0.7551764879206244,4.490032153172832,4.37112686176225
699,Scott Kazmir,SFG,4897,6.9677421498373135,4.354838843648321,1.6,1.7419355374593284,0.16666667,0.10416667,0.0625,0.27906976744186046,1.6451613409338102,0.30303030303030304,0.70422535,129.4804218363814,138.0317325331893,116.73435673548869,5.225806612377985,5.589389035604997,-0.36358242322701173,4.95145192492909,5.18355978299054
700,Drew VerHagen,DET,13424,7.874997594394524,3.093749054940706,2.54545455,2.5312492267696687,0.18421053,0.07236842,0.11184211,0.34285714285714286,1.843749436782845,0.3786407766990291,0.63291139,174.96744182419084,139.03029899832134,108.72578978680244,7.874997594394524,6.223852594769635,1.651144999624889,4.849749567565391,4.74775705884388
701,Bryan Garcia,DET,19457,7.524590634492382,4.426229784995519,1.7,1.3278689354986557,0.20238095,0.11904762,0.08333333,0.19718309859154928,1.1803279426654718,0.21568627450980393,0.83333333,92.02549139511837,135.92792464758907,126.1533610622381,3.540983827996415,5.276365563216573,-1.735381735220158,4.960043914930964,4.80426817763231
702,Yunior Marte,SFG,31097,5.651163292034353,3.7674421946895684,1.5,1.8837210973447842,0.14516129,0.09677419,0.0483871,0.30357142857142855,1.6046513051455569,0.3181818181818182,0.74468085,138.6308640333076,143.25906495925972,113.58904170799488,5.651163292034353,5.82144221558065,-0.17027892354629692,4.785871604796109,5.228685704093603
703,Casey Lawrence,TOR,11121,3.9705893490144364,4.764707218817324,0.83333333,1.5882357396057745,0.0862069,0.10344828,-0.01724138,0.34615384615384615,2.1176476528076993,0.35555555555555557,0.61320755,181.96056047706034,138.51964305668812,127.35551559596581,7.941178698028873,6.157640535691441,1.7835381623374316,5.590011196065371,5.6600700939941495
704,Nick Tropeano,LAA,12385,7.444445145637149,3.7777781336069114,1.97058824,1.8888890668034557,0.19648094,0.09970674,0.09677419,0.24342105263157895,1.3333334589200865,0.2590909090909091,0.72247706,121.45643746245709,129.9706810308666,115.62971865423441,5.222222714103672,5.6081835285471175,-0.3859608144434459,4.940106953918528,4.835264741437432
705,A.J. Cole,WSN,11467,8.437498994171738,4.893749416619609,1.72413793,1.8562497787177827,0.20576132,0.11934156,0.08641975,0.27488151658767773,1.6312498055398696,0.31333333333333335,0.77747989,121.76295388096337,133.06184052890333,122.77008900843373,5.2312493763864785,5.764360513481996,-0.5331111370955179,5.241456340506179,5.037128470106651
706,Henderson Alvarez,PHI,5669,3.6818173838057553,6.749998536977218,0.54545455,1.227272461268585,0.08955224,0.1641791,-0.07462687,0.25,1.704545085095257,0.25,0.81081081,98.71021312706078,143.50026392101432,153.62958800355054,4.2954536144400475,6.362184454192951,-2.0667308397529034,6.651255328982389,7.140968789687301
707,Drew Rom,STL,24602,8.554456091735847,5.079208304468159,1.68421053,1.8712872700672165,0.18823529,0.11176471,0.07647059,0.33774834437086093,2.0792080778524626,0.39285714285714285,0.59800664,187.65240020587447,134.0517218265416,127.8793380017213,8.019802586002356,5.750090052920026,2.2697125330823305,5.600811562596403,5.250422607482768
708,Brett Kennedy,2 Tms,17877,5.6454540560068605,3.68181786261317,1.53333333,1.472727145045268,0.13529412,0.08823529,0.04705882,0.2894736842105263,1.6090907695864964,0.3089430894308943,0.70895522,147.18550380260328,134.79848937512494,133.1722254121661,5.890908580181072,5.531688311207795,0.3592202689732771,5.522196297004897,5.436188261148226
709,Bryse Wilson,4 Tms,19990,6.302296409007202,3.306122706364434,1.90625,1.6186225749909207,0.15694683,0.08233276,0.07461407,0.2843601895734597,1.515306240417032,0.30666666666666664,0.70393975,129.954568597353,129.94132332494792,121.88153172779435,5.441326954224797,5.3611801812637925,0.08014677296100459,5.043097667560531,5.071826354795972
710,Thomas Pannone,2 Tms,17281,6.394738125999476,3.552632292221931,1.8,1.9894740836442815,0.1584507,0.08802817,0.07042254,0.26171875,1.4526318705974117,0.26903553299492383,0.55702918,162.59585305847355,135.450640539945,136.81921814391214,7.24736987613274,5.957408374522932,1.2899615016098078,5.9740304574553456,5.4832573669126345
711,Erasmo Ramírez,3 Tms,10314,7.430672343344972,2.3256302753980447,3.19512195,2.0987395168226257,0.19152047,0.05994152,0.13157895,0.2668759811616955,1.329831946094817,0.2835820895522388,0.67191283,133.6099504956514,128.31035000688985,106.19944496145875,5.558823585097765,5.429529094909853,0.12929449018791228,4.591760317672696,4.439901736633988
712,Gabriel Ynoa,BAL,12938,4.588933498236841,2.1343876735985305,2.15,2.3478264409583836,0.1184573,0.05509642,0.06336088,0.28023598820059,1.3636365692435055,0.2664233576642336,0.70294785,121.41041679154702,133.0324728003955,126.14685951848924,5.656127335036106,6.4259380750586175,-0.7698107400225114,5.731990523161123,5.548952857865772
713,Enyel De Los Santos,PHI,18403,6.136366296406788,4.295456407484751,1.42857143,1.8409098889220363,0.15384615,0.10769231,0.04615385,0.3333333333333333,1.772728041184183,0.36363636363636365,0.65789474,177.3293510470403,142.23928461719822,124.93956410786775,7.363639555688145,6.10686318936418,1.2567763663239653,5.20597635497333,5.4836597653162436
714,Kyle Hart,2 Tms,19646,7.684615948355451,3.738461812713463,2.05555556,2.076923229285257,0.18781726,0.09137056,0.0964467,0.2849162011173184,1.592307809118697,0.3106060606060606,0.61818182,160.74260445848356,134.4286857346432,127.10305857223385,6.853846656641348,5.6783626739906365,1.1754839826507117,5.384192853917082,5.038616564810699
715,Jhonathan Díaz,2 Tms,20298,6.657535116317843,6.657535116317843,1.0,1.1095891860529739,0.15384615,0.15384615,0.0,0.28865979381443296,1.8904112058680294,0.32894736842105265,0.84474886,99.48939118022807,138.88142524219703,136.11191252354948,4.068493682194237,5.73729001445657,-1.6687963322623327,5.592915108787056,5.873269829875859
716,Sean Sullivan,COL,33502,6.447761561138185,4.432836073282502,1.45454545,2.014925487855683,0.14035088,0.09649123,0.04385965,0.34,2.014925487855683,0.3670886075949367,0.63414634,187.52364546098107,147.18114518188287,164.48108234576515,8.865672146565004,6.458720888064322,2.4069512585006816,6.92842556437137,6.132735708664579
717,Garrett Hill,DET,25097,4.429687764029966,3.796875226311399,1.16666667,1.265625075437133,0.11351351,0.0972973,0.01621622,0.23170731707317074,1.312500078231101,0.23357664233576642,0.7312253,109.63974528606991,140.00373915931308,148.43175333255508,4.21875025145711,5.4327436399646185,-1.2139933885075083,5.825172769292699,5.755457149939162
718,Vance Worley,MIA,6435,5.331210320617537,3.7834395823737363,1.40909091,1.3757962117722677,0.12863071,0.09128631,0.0373444,0.32242990654205606,1.738853545434394,0.3485714285714286,0.61320755,178.78038759598388,130.98410705977108,121.44301044366021,7.394904638275939,5.507958222658158,1.886946415617781,5.254183463260171,5.389670276677275
719,Bryan Mitchell,2 Tms,11479,4.8162161169059114,5.2540539457155395,0.91666667,1.167567543492342,0.11913357,0.1299639,-0.01083032,0.275,1.6540540199474847,0.2914572864321608,0.78431373,111.77156789413057,138.0495676082536,130.30733108662778,4.3783782880962825,5.57642137339845,-1.1980430853021673,5.319743911738012,5.826118004928458
720,Dietrich Enns,3 Tms,13932,6.42857328969659,3.214286644848295,2.0,2.571429315878636,0.15873016,0.07936508,0.07936508,0.27586206896551724,1.5000004342625377,0.2727272727272727,0.64935065,139.61507907478335,153.16189416481808,111.79857034445654,5.785715960726931,6.496030705531259,-0.7103147448043288,4.738523287603346,4.828278956518128
721,Brandon Bielak,HOU,19866,7.163265584956017,4.224489960358676,1.69565217,1.7448980271046708,0.1784897,0.10526316,0.07322655,0.27979274611398963,1.571428632597189,0.3079584775086505,0.75528701,104.45616491909914,132.91587091253226,117.86499216596155,4.500000175164677,5.7258551712653505,-1.225854996100673,5.097657781999253,5.1798434558155
722,Jacob Turner,2 Tms,10185,5.83783934253985,3.648649589087406,1.6,2.189189753452444,0.13559322,0.08474576,0.05084746,0.32075471698113206,1.783784243553843,0.3333333333333333,0.53191489,182.68258196587982,147.418930906277,119.87082164563176,8.027029095992294,6.482191244215978,1.5448378517763155,5.174361135630077,5.164126482611672
723,Raúl Alcántara,OAK,12790,6.0,4.2,1.42857143,1.8,0.15151515,0.10606061,0.04545455,0.22413793103448276,1.3333333333333333,0.2222222222222222,0.53571429,170.42289461819288,140.69778095624906,110.38381222231351,7.2,6.024306360880534,1.1756936391194666,4.847351400057475,5.118865271918526
724,Drew Thorpe,CHW,31967,5.0751881154910246,4.2631580170124606,1.19047619,1.6240601969571278,0.13157895,0.11052632,0.02105263,0.20833333333333334,1.263157930966655,0.2,0.61135371,136.71439921622974,142.03431270029702,142.75409682411393,5.4812031647303066,5.873246773218341,-0.3920436084880343,5.812447445539124,5.851135613274337
725,Dario Agrazal,PIT,15821,5.04672933180831,2.2710281993137396,2.22222222,1.8925234994281162,0.12698413,0.05714286,0.06984127,0.2857142857142857,1.4018692588356416,0.28879310344827586,0.75280899,116.27596448404276,136.23699550635996,134.4080657244023,5.04672933180831,6.003729300790935,-0.9569999689826254,5.947146558450509,5.5712769010050405
726,Easton Lucas,TOR,26058,9.15254355641298,5.033898956027138,1.81818182,2.288135889103245,0.22222222,0.12222222,0.1,0.26582278481012656,1.6271188544734185,0.2962962962962963,0.56,202.04239822222388,145.2048981476491,119.44124850244553,8.23728920077168,6.084289241939858,2.1529999588318223,4.974223038102712,4.864982186147409
727,Rony García,DET,20430,7.714285714285714,2.5714285714285716,3.0,2.142857142857143,0.20224719,0.06741573,0.13483146,0.24074074074074073,1.2142857142857142,0.25,0.63414634,141.462771948539,141.88197595554217,116.87562257486718,5.571428571428571,5.645643896148318,-0.07421532471974679,4.6693775049277715,4.404467696095262
728,Thomas Hatch,3 Tms,19264,7.200001441955855,3.96000079307572,1.81818182,2.1600004325867563,0.17391304,0.09565217,0.07826087,0.297029702970297,1.6400003284455003,0.32,0.73033708,158.75417997162106,153.51569109250494,127.01035538632549,6.4800012977602695,6.372433233109731,0.10756806465053881,5.380633580983488,5.036926382875283
729,Brock Burke,2 Tms,17968,5.023255925361632,3.4534884486861217,1.45454545,2.197674467345714,0.12307692,0.08461538,0.03846154,0.2905982905982906,1.5697674766755099,0.2872340425531915,0.56451613,168.36666651333735,140.62520864990265,124.57628283539883,8.162790878712652,6.628204800676642,1.5345860780360105,5.679174524466161,5.679211123543977
730,Carson Fulmer,2 Tms,18311,8.090591904346219,5.268292402830096,1.53571429,1.5993030508591362,0.19724771,0.12844037,0.06880734,0.23655913978494625,1.5052264008085987,0.26394052044609667,0.67862715,135.2656758368449,133.4275355643142,129.35980842225328,5.644599003032246,5.688077722266154,-0.043478719233908336,5.476751965912037,5.2131611492142795
731,Chad Bell,DET,10297,8.80434965140916,5.282609790845496,1.66666667,2.347826573709109,0.1875,0.1125,0.075,0.38571428571428573,2.347826573709109,0.45098039215686275,0.66878981,212.2234181477197,147.39439380956318,122.14059866525278,9.391306294836436,6.5489447451270255,2.842361549709411,5.361813173822419,5.089124344037782
732,Alex Wells,BAL,19845,5.837837837837838,2.918918918918919,2.0,2.4324324324324325,0.14285714,0.07142857,0.07142857,0.29411764705882354,1.5405405405405406,0.29411764705882354,0.67391304,159.86486157621115,144.61630654956969,138.51224637356898,7.054054054054054,6.602466554899474,0.45158749915458074,5.950080814232697,5.523425909522843
733,Jackson Tetreault,WSN,20565,3.857142857142857,4.285714285714286,0.9,1.7142857142857142,0.09375,0.10416667,-0.01041667,0.26744186046511625,1.5714285714285714,0.2602739726027397,0.65693431,128.15479613721016,152.64203828995707,144.56366015685663,5.142857142857143,6.160050049282256,-1.0171929064251124,5.7986730073179515,6.030682898005634
734,A.J. Puk,MIA,19343,7.902439392017243,11.195122472024428,0.70588235,0.658536616001437,0.15584416,0.22077922,-0.06493507,0.3220338983050847,2.634146464005748,0.391304347826087,0.56179775,221.07345848468435,154.74182799326965,179.480716589845,9.219512624020117,6.312821388074438,2.9066912359456794,7.353027630026066,7.2218133395078
735,Taylor Clarke,2 Tms,17611,7.478416547858755,3.496402541856041,2.13888889,1.9424458565866896,0.1868932,0.08737864,0.09951456,0.26756756756756755,1.4568343924400171,0.2893772893772894,0.69911504,121.97448252309337,131.99487248124737,121.42225745190731,5.438848398442731,5.710469930817235,-0.27162153237450326,5.369811912650548,5.114780572760296
736,Cole Sands,MIN,21461,8.307692917141027,3.6346156512491996,2.28571429,2.076923229285257,0.19277108,0.08433735,0.10843374,0.28378378378378377,1.6153847338885332,0.3148148148148148,0.6557377,187.16142582010465,147.41672695596276,123.21267295234664,7.269231302498399,5.830519273140855,1.4387120293575446,4.901504887297438,4.456241753383009
737,Jackson Stephens,2 Tms,14420,7.4769219799156215,3.7384609899578107,2.0,2.4923073266385405,0.19354839,0.09677419,0.09677419,0.2619047619047619,1.430769020848051,0.26666666666666666,0.66371681,152.17222886909374,145.25016257524857,113.2966954095836,6.646152871036108,6.33599494738135,0.31015792365475825,4.829240695599262,4.894453804060629
738,Ky Bush,CHW,29823,5.6037737865726465,8.150943689560213,0.6875,1.0188679611950267,0.12643678,0.18390805,-0.05747126,0.2857142857142857,2.0377359223900533,0.3157894736842105,0.76023392,139.77160553081444,151.98911112286245,173.12368406654056,5.6037737865726465,6.279687437496821,-0.6759136509241745,7.033209269997471,6.990353829099568
739,Mark Leiter Jr.,2 Tms,15551,7.920000704956117,2.6400002349853726,3.0,2.2800002029419124,0.2,0.06666667,0.13333333,0.2757475083056478,1.400000124613455,0.2962962962962963,0.66744731,136.28626002097096,136.19943748813225,104.20698706443552,5.760000512695358,5.8423333832371025,-0.08233287054174454,4.4261824478583085,4.316856091668565
740,Karl Kauffmann,COL,27488,4.973684460172375,4.973684460172375,1.0,2.131579054359589,0.109375,0.109375,0.0,0.39285714285714285,2.2894737991269665,0.41304347826086957,0.50387597,228.8104788752884,154.53625051349422,148.9530400032888,11.368421623251143,7.123461606297807,4.2449600169533355,6.524541838740122,6.22533453514596
741,Pedro Payano,TEX,18313,5.625003352763267,7.312504358592247,0.76923077,1.68750100582898,0.12345679,0.16049383,-0.03703704,0.34328358208955223,2.250001341105307,0.37037037037037035,0.6402439,145.1041715424483,147.03532459056302,137.98419103061897,7.312504358592247,7.0265117481364445,0.2859926104558026,6.329566479433778,6.7270555746791665
742,Adam Mazur,2 Tms,31900,5.795811749835259,4.664921652306428,1.24242424,1.4136126219110388,0.13804714,0.11111111,0.02693603,0.2796934865900383,1.6649215324730011,0.3,0.63157895,153.22548825019365,136.59710940738867,139.4004283150896,6.219895536408571,5.60197248600636,0.6179230504022106,5.739909684852789,5.669116931987158
743,James Marvel,PIT,19675,4.67307778011428,3.1153851867428535,1.5,2.076923457828569,0.10714286,0.07142857,0.03571429,0.32894736842105265,1.78846186646349,0.3333333333333333,0.62043796,191.40814760677378,148.95026585341665,124.48532896595744,8.307693831314277,6.560163935542924,1.7475298957713523,5.511115665833527,5.516658800101627
744,Deck McGuire,2 Tms,11596,10.188681261953208,4.584906567878943,2.22222222,2.547170315488302,0.23255814,0.10465116,0.12790698,0.28378378378378377,1.698113543658868,0.32653061224489793,0.61538462,177.93066957278117,152.79967349547803,132.46977680250575,7.641510946464906,6.611998199377112,1.0295127470877938,5.672798381129029,4.626762377915606
745,Packy Naughton,2 Tms,23292,5.917808760351172,4.068493522741431,1.45454545,1.8493152376097413,0.13793103,0.09482759,0.04310345,0.3269230769230769,1.8493152376097413,0.3493975903614458,0.58974359,200.49033023396078,139.93310794723305,113.56789052384624,8.50685009300481,5.989080060098347,2.517770032906462,4.796314453432288,5.176132647501426
746,Mike Vasil,CHW,30105,9.000000780279054,4.909091334697666,1.83333333,2.454545667348833,0.21153846,0.11538462,0.09615385,0.3181818181818182,1.8181819758139504,0.36666666666666664,0.78651685,160.28569540334703,162.99733579676302,113.19623323032839,6.545455112930221,6.862409368625386,-0.31695425569516456,4.718535832569774,4.679924072975437
747,Brock Stewart,LAD,16727,6.7499990533381276,5.955881517651289,1.13333333,1.588235071373677,0.1559633,0.13761468,0.01834862,0.26595744680851063,1.7647056348596413,0.2876712328767123,0.61046512,128.23116014335176,142.7559994833722,134.40918420710497,5.161763981964451,5.935516088446954,-0.7737521064825037,5.715379669264489,5.857334621888973
748,Gregory Soto,DET,19677,6.1714268898481945,4.628570167386146,1.33333333,2.314285083693073,0.14035088,0.10526316,0.03508772,0.30392156862745096,1.842856640718558,0.3125,0.60693642,183.01501811628782,146.46033929653368,140.69016233611237,8.485711973541267,6.728294232427118,1.757417741114149,6.454497667758617,6.002553047201099
749,Chandler Shepherd,BAL,16166,9.0,2.25,4.0,3.75,0.22641509,0.05660377,0.16981132,0.3125,1.5,0.3225806451612903,0.61538462,175.19056765464123,161.5530915125988,115.29532939657936,8.25,7.880676142374675,0.36932385762532505,5.282051141808431,4.452873063346379
750,Conner Menez,SFG,19199,9.204543459514388,5.522726075708633,1.66666667,2.45454492253717,0.24193548,0.14516129,0.09677419,0.22641509433962265,1.431817871480016,0.23529411764705882,0.71428571,144.85471244842702,156.0297815193626,114.21731008123908,6.136362306342925,6.548921204716134,-0.41255889837320847,5.0378820933135815,5.245167956989505
751,Alan Rangel,PHI,19524,10.323529701331916,7.941176693332243,1.3,2.3823530079996726,0.22807018,0.1754386,0.05263158,0.2826086956521739,2.029411821629351,0.3333333333333333,0.80808081,146.67522046350084,165.59665859412712,132.52814907314723,6.352941354665794,7.1593353848968855,-0.8063940302310915,5.583207670858915,5.452433966573426
752,Jackson Kowar,KCR,21549,9.219512624020117,6.585366160014369,1.4,1.9756098480043107,0.1971831,0.14084507,0.05633803,0.3305785123966942,2.1951220533381233,0.39080459770114945,0.47528517,263.2582886638676,146.92363754983074,135.3776186374791,11.853659088025864,6.27979036469605,5.573868723329815,5.814475660748786,5.5452126788365455
753,Louis Varland,2 Tms,27691,8.200573155537834,2.553008623893854,3.21212121,2.088825237731335,0.20866142,0.06496063,0.14370079,0.2765957446808511,1.401146147120196,0.3056379821958457,0.76036866,125.23788595159739,130.02353104961338,102.10684602992353,5.183381145481461,5.371277258851644,-0.18789611337018286,4.235379774490127,4.236937841166981
754,Lewis Thorpe,MIN,15906,6.999999258253388,5.666666066205123,1.23529412,1.9999997880723965,0.17073171,0.13821138,0.03252033,0.3018867924528302,1.8148146225101376,0.3291139240506329,0.68965517,135.7613687296301,146.36976311451096,120.95092824190644,5.99999936421719,6.409539728802846,-0.40954036458565657,5.302243546532922,5.768818298147087
755,Kohl Drake,ARI,32070,7.403226034202146,3.0483871905538247,2.42857143,2.1774194218241605,0.17894737,0.07368421,0.10526316,0.2857142857142857,1.500000046145533,0.3064516129032258,0.71428571,155.29657423499032,150.77211394257756,136.61244097044977,6.532258265472482,6.197286030454768,0.3349722350177142,5.755156283391701,5.008905980716837
756,Walker Lockett,2 Tms,13804,6.93578042334639,3.96330309905508,1.75,1.98165154952754,0.16470588,0.09411765,0.07058824,0.3157894736842105,1.76146804402448,0.3448275862068966,0.58394161,209.20220686941474,143.73166441332776,119.64730462606123,8.422019085492046,5.998448609381784,2.423570476110262,5.127770506871822,5.2202221599224945
757,Seth Frankoff,ARI,11346,7.243902776015807,5.926829544012932,1.22222222,1.9756098480043107,0.16176471,0.13235294,0.02941176,0.2982456140350877,1.90243911289304,0.32558139534883723,0.58823529,219.1968223037966,166.8617075031834,139.56048582126658,9.219512624020117,6.82857087803058,2.3909417459895375,5.911407315765855,5.6931716370318455
758,Carson Seymour,SFG,30084,5.225806612377985,2.6129033061889926,2.0,2.6129033061889926,0.12765957,0.06382979,0.06382979,0.29545454545454547,1.548387144408292,0.2857142857142857,0.59322034,191.70773880639075,164.27837696701448,122.02179880649301,7.838709918566978,6.615656627547981,1.2230532910189966,5.076380949606653,5.146444673751338
759,Humberto Mejía,2 Tms,20739,8.628866318726935,4.175257896158195,2.06666667,2.2268042112843704,0.2012987,0.0974026,0.1038961,0.32608695652173914,1.8556701760703087,0.37373737373737376,0.68273092,157.5617911179834,142.09752171351948,122.24442087039445,6.680412633853112,5.960153364009237,0.7202592698438748,5.28032887409573,5.024610821588861
760,Ethan Pecko,HOU,33515,5.850000557899528,5.40000051498418,1.08333333,1.8000001716613934,0.14285714,0.13186813,0.01098901,0.2564102564102564,1.600000152587905,0.26229508196721313,0.69343066,142.63099895278947,155.00754539485789,146.96274840090427,5.850000557899528,6.350512051582366,-0.5005114936828381,6.09070421252,5.9816414228945956
761,Ken Waldichuk,OAK,27681,8.433414666749131,4.053269064639117,2.08064516,1.7651333023428413,0.21044046,0.10114192,0.10929853,0.26062846580406657,1.4745763801464888,0.2961038961038961,0.72488584,129.8721321850154,134.40606251527979,118.28564660856013,5.230024599534344,5.463681268154874,-0.23365666862052947,4.9737417717504036,4.781304650741804
762,John Lamb,LAA,8493,9.9,3.6,2.75,3.6,0.22,0.08,0.14,0.32608695652173914,1.9,0.3548387096774194,0.67164179,169.65118884754966,171.44296387576964,109.4601307709479,7.2,7.360431575775147,-0.16043157577514666,4.63785422295332,4.3036284667861935
763,Erik Swanson,SEA,16587,6.524999066591397,1.3499998068809786,4.83333333,2.9249995815754537,0.17159763,0.03550296,0.13609468,0.25153374233128833,1.1749998319149257,0.23140495867768596,0.48611111,148.2179308387638,144.81469344307453,114.42411811257372,6.524999066591397,6.428799634947203,0.09619943164419364,5.172549303545425,4.887019249642183
764,Nick Neidert,MIA,18699,5.400000374533939,5.6454549370127545,0.95652174,1.227272812394077,0.13664596,0.14285714,-0.00621118,0.2462686567164179,1.5272728332015182,0.2616822429906542,0.75471698,116.6725242047811,143.2970073883539,152.79031240650647,4.909091249576308,5.943997525663439,-1.0349062760871313,6.434509170788422,6.352441411894832
765,Trey Gibson,BAL,33794,8.362832423038478,6.21238979997144,1.34615385,1.6725664846076955,0.2,0.14857143,0.05142857,0.25675675675675674,1.6991151589665479,0.29245283018867924,0.70652174,152.94295845198403,140.61566496570953,107.99661777420388,6.21238979997144,5.808476526241119,0.40391327373032127,4.4747942611618186,5.022682466610307
766,Zach Neal,OAK,11294,7.2,4.5,1.6,2.7,0.18604651,0.11627907,0.06976744,0.21621621621621623,1.3,0.19230769230769232,0.71428571,109.09528795128196,177.88506695176028,115.37869767335378,4.5,7.35504035949707,-2.85504035949707,4.943056938052178,5.316276345364227
767,Christian Bergman,SEA,10925,5.499999805733016,2.499999911696826,2.2,2.166666590137249,0.14473684,0.06578947,0.07894737,0.2830188679245283,1.3888888398315697,0.28313253012048195,0.74394464,127.26333326529765,138.99601502907126,119.16439290040522,5.333333144953228,5.954521842007509,-0.621188697054281,5.194243939456119,5.168509915609094
768,Miguel Yajure,PIT,21111,5.282608805171486,4.695652271263543,1.125,2.3478261356317716,0.13432836,0.11940299,0.01492537,0.2711864406779661,1.5652174237545142,0.2608695652173913,0.70652174,151.70432594116895,165.921781070315,130.32186818983573,6.456521872987372,6.937615995149651,-0.4810941221622791,5.428367176565565,5.823694075647573
769,Colten Brewer,BOS,12997,7.534880378687491,5.651160284015618,1.33333333,2.5116267928958305,0.16901408,0.12676056,0.04225352,0.3225806451612903,2.0232549164994187,0.34782608695652173,0.76923077,147.87871140823972,158.30424089925776,115.79246067802593,6.906973680463533,7.028626915595654,-0.12165323513212023,5.149627439121036,5.524635854641908
770,Brandon Finnegan,CIN,16208,8.019803494709032,7.4851499283950975,1.07142857,1.6039606989418065,0.18518519,0.17283951,0.01234568,0.26865671641791045,1.900990458005104,0.30612244897959184,0.68345324,146.26639242527716,146.03889604722266,136.9816705046755,6.1485160126102585,6.189057064741057,-0.040541052130798505,5.668532406216958,5.985992439433207
771,Jeff Brigham,MIA,16631,6.612246184883543,7.163266700290505,0.92307692,1.102041030813924,0.15584416,0.16883117,-0.01298701,0.25806451612903225,1.775510549644655,0.2916666666666667,0.70921986,159.15913754463054,153.90997670878807,182.20530471086812,6.061225669476581,6.037983156233725,0.023242513242855978,7.378606142387014,6.863616364702744
772,Drew Hutchison,2 Tms,10732,5.153846447911427,3.6153848216692097,1.42553191,1.5384616262422168,0.12689394,0.08901515,0.03787879,0.2928870292887029,1.5982906894849698,0.3069053708439898,0.69753086,128.16578535892563,136.35859609825843,131.5279014443291,5.230769529223537,5.4831117417574085,-0.252342212533871,5.29367195076615,5.409726681181475
773,Glenn Sparkman,KCR,15200,5.482233714853421,2.6725889359910426,2.05128205,1.9873097216343651,0.13722127,0.06689537,0.0703259,0.2912801484230056,1.4923858445989868,0.29767441860465116,0.66708229,129.9829197439335,130.81660851057833,125.84813859254065,6.098985007774431,5.86606658832171,0.23291841945272118,5.733853356355645,5.532214943287462
774,Matt Brash,SEA,25756,8.55,7.65,1.11764706,1.35,0.2,0.17894737,0.02105263,0.3116883116883117,2.05,0.38181818181818183,0.66137566,209.5463629382262,154.88421580799388,122.04879185325812,7.65,5.862431001663208,1.7875689983367922,4.8006526440382,5.417910912828787
775,Jon Duplantier,ARI,19546,8.307692612416657,4.153846306208329,2.0,2.423077011954858,0.18897638,0.09448819,0.09448819,0.30973451327433627,1.8076923739980688,0.34146341463414637,0.53571429,226.48257384533096,155.06211844259806,120.33818379684378,9.692308047819433,6.461252689039471,3.2310553587799618,5.203280566362103,5.034104721247167
776,Hisashi Iwakuma,SEA,13048,4.645161290322581,3.4838709677419355,1.33333333,2.032258064516129,0.125,0.09375,0.03125,0.23684210526315788,1.2580645161290323,0.21978021978021978,0.80128205,103.54861709098091,149.01080190847807,134.21597364960277,4.354838709677419,6.4157042103429,-2.0608655006654812,5.890215970239332,5.773462987899779
777,Ubaldo Jiménez,BAL,3374,8.49600051855472,3.888000237304702,2.18518519,2.304000140625009,0.20521739,0.09391304,0.11130435,0.29844961240310075,1.664000101562506,0.3333333333333333,0.66587396,161.6730771541717,131.228808926543,108.13748666702958,7.200000439453151,6.013639868530284,1.1863605709228677,4.74905509815272,4.683920455829686
778,Stephen Gonsalves,MIN,15492,4.378379506904888,9.486488931627257,0.46153846,1.4594598356349624,0.08333333,0.18055556,-0.09722222,0.41379310344827586,3.000000773249645,0.44,0.53977273,270.9668035739083,181.3149918261369,182.00302079469205,11.6756786850797,7.700973286639474,3.974705398440225,7.735500990395782,7.514646337733527
779,Taylor Widener,ARI,19266,9.442623541323774,4.721311770661887,2.0,1.9180329068313915,0.23443223,0.11721612,0.11721612,0.225531914893617,1.393442710091182,0.25316455696202533,0.82417582,101.7271763829852,139.38367349629067,123.2512270294363,4.278688792162335,5.711017887927431,-1.4323290957650965,5.225519628066579,4.808223943500873
780,Reiss Knehr,SDP,21541,4.714286142466059,5.142857609962973,0.91666667,1.7142858699876575,0.11,0.12,-0.01,0.2823529411764706,1.7142858699876575,0.2857142857142857,0.62874251,191.74067857679535,160.8318143943372,168.445472095874,7.71428641494446,6.739501164179129,0.974785250765331,7.082818981504295,6.667523252760752
781,Wes Benjamin,TEX,19243,8.10000077247627,5.40000051498418,1.5,3.6000003433227867,0.17307692,0.11538462,0.05769231,0.34782608695652173,2.2000002098083695,0.36363636363636365,0.6097561,247.67020243446282,189.6094481974478,127.18676864045386,10.80000102996836,8.380727215833005,2.419273814135355,5.539965542667525,5.52219263714921
782,Mike Paredes,MIN,30187,4.5,2.8636363636363638,1.57142857,2.0454545454545454,0.11458333,0.07291667,0.04166667,0.26436781609195403,1.3636363636363635,0.2535211267605634,0.84,108.02489986736572,153.15887121466363,129.98405569618947,4.5,6.282329923456365,-1.7823299234563654,5.386604573645375,5.416089404419974
783,Jake Bloss,HOU,33168,8.485714748149041,2.314285840404284,3.66666667,3.857143067340473,0.2,0.05454545,0.14545455,0.3076923076923077,1.6285715173215332,0.3055555555555556,0.83333333,174.63612752463982,189.9932192566827,116.91530365023802,6.942857521212852,7.623622878327675,-0.6807653571148231,4.7738092827959475,4.55276578614505
784,Jarlín García,MIA,18282,5.823529411764706,3.4411764705882355,1.69230769,1.8529411764705883,0.16296296,0.0962963,0.06666667,0.1885245901639344,1.0588235294117647,0.17204301075268819,0.83969466,90.36038403186456,144.9826895675217,120.89525549383656,3.4411764705882355,5.689843340481029,-2.2486668698927934,4.907872423617279,5.144461252927002
785,Sam Aldegheri,LAA,26443,6.000000238418589,5.437500216066846,1.10344828,1.5000000596046472,0.13733906,0.12446352,0.01287554,0.2676767676767677,1.7083334012164038,0.2848101265822785,0.65104167,147.08105325670957,150.4836550948236,154.86823048147596,6.000000238418589,6.145944094883705,-0.14594385646511654,6.378976269238782,5.938470387071837
786,Carson Palmquist,2 Tms,31612,7.620968503895041,5.225806974099457,1.45833333,1.9596776152872961,0.17326733,0.11881188,0.05445545,0.30057803468208094,1.8387098612572161,0.3333333333333333,0.5994152,185.63411010129315,146.82787042467916,139.8874913007882,8.491936332911617,6.36813675205268,2.123799580858937,5.842373597970567,5.424750839045082
787,Andrew Moore,SEA,17553,4.017856458620265,1.1249998084136745,3.57142857,2.4107138751721595,0.10822511,0.03030303,0.07792208,0.2645739910313901,1.1785712278619447,0.24043715846994534,0.69565217,129.21314576833424,142.8424272863546,135.59510435842003,5.464284783723562,6.180193807324196,-0.7159090236006342,5.979348089882709,5.845708846905399
788,Mason Barnett,ATH,31741,8.496503949812453,5.286713568772193,1.60714286,2.265734386616654,0.19736842,0.12280702,0.0745614,0.29441624365482233,1.8041959004540022,0.32857142857142857,0.60941828,181.97474998932418,146.55294983854887,128.99418871725234,8.11888155204301,6.452398958917094,1.6664825931259166,5.354955029843057,5.0787402595377475
789,Zach Logue,OAK,20231,6.75000017398113,2.918918994154002,2.3125,2.0067568084808762,0.17209302,0.0744186,0.09767442,0.26903553299492383,1.3986486846987927,0.28187919463087246,0.64748201,165.7477219539416,147.8967291922742,132.2720079974247,6.2027028625772545,5.605674309169752,0.5970285534075028,5.197647147204359,4.9708579073264385
790,Victor Mederos,LAA,31533,6.923076923076923,5.538461538461538,1.25,2.769230769230769,0.15873016,0.12698413,0.03174603,0.3018867924528302,1.8461538461538463,0.3076923076923077,0.68627451,204.28188720906246,192.79951952586362,159.9329711277278,8.307692307692308,7.9043670874375564,0.4033252202547519,6.63205972130482,5.941144831690781
791,Ljay Newsome,SEA,19942,5.522729666766109,1.8409098889220363,3.0,3.6818197778440727,0.12676056,0.04225352,0.08450704,0.3582089552238806,1.8409098889220363,0.34615384615384615,0.6122449,234.9442894122574,189.24423640453554,135.9412838854238,9.81818607425086,8.097596188535203,1.7205898857156576,5.999199272610364,5.478311882533862
792,Nick Kingham,PIT,11694,8.411538893485233,3.219230934543731,2.61290323,2.1807693427554304,0.2025,0.0775,0.125,0.2802197802197802,1.5346154634204883,0.30916030534351147,0.67219153,150.3092300113217,138.94266340089823,114.57548993212774,6.126923391550972,5.697040020679684,0.4298833708712877,4.736807351428876,4.512152948375487
793,Ronald Bolaños,2 Tms,20041,7.363633809996931,6.872724889330469,1.07142857,1.9636356826658483,0.16853933,0.15730337,0.01123596,0.2876712328767123,1.9090902470362414,0.3148148148148148,0.60509554,181.93924245740902,160.87723435432207,131.01839739400907,7.854542730663393,7.0276719353563,0.8268707953070935,5.805548261342442,6.171866003420341
794,Logan Allen,2 Tms,18555,6.07853482052621,3.534031872398959,1.72,1.8376965736474586,0.15087719,0.0877193,0.06315789,0.296875,1.5863876404990882,0.315,0.5875576,167.16903265326405,137.30716962905112,115.74339690562864,7.068063744797918,5.853545308894698,1.2145184359032202,5.011541912843165,5.249543946254433
795,Lisalverto Bonilla,CIN,11266,4.354840049386809,5.6612920642028515,0.76923077,2.1774200246934043,0.10416667,0.13541667,-0.03125,0.2804878048780488,1.7419360197547236,0.26865671641791045,0.63333333,176.531576303274,166.4593409542898,141.2917136129507,7.838712088896256,7.367318408621115,0.47139368027514106,6.115724728941158,6.465808283777596
796,Darren McCaughan,2 Tms,20038,6.394737163078768,2.131579054359589,3.0,2.4868422300861877,0.1512605,0.05042017,0.10084034,0.32407407407407407,1.618421133865614,0.3373493975903614,0.63535912,179.29461622674378,161.51991955989058,138.08458318083873,7.460526690258563,6.64072537543877,0.8198013148197933,5.694746034423019,4.93077857793429
797,Tucker Davidson,3 Tms,19871,6.374999989445011,5.749999990479814,1.10869565,1.3749999977234337,0.1554878,0.1402439,0.0152439,0.2392857142857143,1.5694444418459395,0.25688073394495414,0.6626506,135.7421672998194,140.217552815699,136.36288972536616,5.499999990893735,5.701685431041247,-0.20168544014751166,5.509265813612566,5.761676362287058
798,Bryan Hoeing,MIA,26304,6.21238979997144,3.5840710384450616,1.73333333,2.150442623067037,0.14857143,0.08571429,0.06285714,0.31446540880503143,1.7256638333254002,0.33064516129032256,0.59925094,182.41846669828348,145.29758997114305,122.50717923923779,7.884956284579136,6.229575297653397,1.6553809869257394,5.285555514683207,5.258460327629503
799,Tim Melville,2 Tms,9149,6.872726721566615,4.172726938094017,1.64705882,2.4545452577023625,0.17391304,0.10559006,0.06832298,0.2676056338028169,1.4999998797069993,0.2692307692307692,0.79069767,116.47130823020854,146.9699939120601,120.5723450518135,5.6454540927154335,6.781611941993473,-1.1361578492780398,5.334734712041653,5.447432020677939
800,Mat Latos,TOR,3815,6.0,4.8,1.25,3.0,0.14285714,0.11428571,0.02857143,0.3114754098360656,1.8,0.30434782608695654,0.80952381,151.22940117777358,179.12440391076237,139.34453489713516,6.6,7.957639694213867,-1.3576396942138675,6.114635179440181,5.770794509527293
801,Troy Scribner,2 Tms,15570,8.409833337376677,5.7540964939945685,1.46153846,2.6557368433821082,0.20879121,0.14285714,0.06593407,0.19736842105263158,1.3770487336055377,0.17647058823529413,0.78703704,104.63261217784411,169.96314985117885,143.6489682900166,4.426228072303514,7.338469661302893,-2.912241588999379,6.201844433296147,5.4873778441865495
802,Luke Farrell,4 Tms,15101,6.999998794661836,3.499999397330918,2.0,2.999999483426501,0.15053763,0.07526882,0.07526882,0.36470588235294116,2.1111107475964266,0.38461538461538464,0.52287582,275.55367631923974,177.3735274708222,145.55982270295488,11.499998019801588,7.260725853003725,4.239272166797862,6.107739539121878,5.449752333979692
803,JR Ritchie,ATL,31760,8.345454545454546,5.4,1.54545455,1.8,0.204,0.132,0.072,0.25,1.5636363636363637,0.28,0.7010582,136.45252020965725,142.59828340836427,113.94943213956567,5.7272727272727275,5.918693559820002,-0.1914208325472746,4.801044035228816,4.94201949155356
804,Héctor Santiago,3 Tms,4026,6.6315791692760255,4.65789489270578,1.42372881,1.894736905507436,0.1640625,0.11523438,0.04882813,0.26174496644295303,1.5438597007838366,0.2743362831858407,0.73450135,128.52929149443798,139.69732070638187,141.06236462040263,5.605263345459498,6.137057095900571,-0.5317937504410724,6.145349894980584,5.671878517081713
805,Gunnar Hoglund,ATH,31318,6.402062107442565,3.0618557905160095,2.09090909,2.783505264105463,0.16546763,0.07913669,0.08633094,0.296875,1.5154639771240854,0.29473684210526313,0.74285714,144.60548751762929,153.63874297008658,114.78120903281268,6.402062107442565,6.7536931615438895,-0.35163105410132456,4.783428873838053,4.868992904439217
806,Chase De Jong,4 Tms,15036,7.18631199554072,3.695817597706656,1.94444444,2.05323199872592,0.17676768,0.09090909,0.08585859,0.29329608938547486,1.6083650656686375,0.31716417910447764,0.68695652,149.05077577771476,136.8723377875359,128.56027354104444,6.365019196050352,5.836146359066026,0.5288728369843261,5.515635335309037,5.242224683625777
807,Burch Smith,2 Tms,12784,7.941177706121559,3.573529967754702,2.22222222,2.7794121971425456,0.18518519,0.08333333,0.10185185,0.32653061224489793,1.8088238108387997,0.352112676056338,0.49689441,237.40801878564346,161.12317636795032,110.50191391325777,10.323531017958027,6.733080370280461,3.5904506476775664,4.679482725530141,4.6592302321991275
808,Mason Englert,2 Tms,22288,9.529412833877208,2.382353208469302,4.0,3.573529812703953,0.22222222,0.05555556,0.16666667,0.3235294117647059,1.7205884283389403,0.34782608695652173,0.71969697,180.49813768163153,166.61413734927746,91.67374130254026,7.544118493486123,6.962748011264141,0.5813704822219821,3.81211046588747,3.911853436961714
809,Julian Aguiar,CIN,30031,5.400000433670882,3.4105265896868726,1.58333333,2.273684393124582,0.13571429,0.08571429,0.05,0.24390243902439024,1.3263158959893393,0.22916666666666666,0.69832402,148.80125062933112,161.56003366343322,143.6155229954169,6.2526320810926,6.861216917117241,-0.6085848360246402,5.868892737381621,5.450180701196989
810,Jordan Holloway,MIA,20631,9.000000715255794,12.000000953674393,0.75,2.2500001788139485,0.18461538,0.24615385,-0.06153846,0.2857142857142857,2.500000198682165,0.3235294117647059,0.54263566,249.07464887972563,202.49654986274624,174.37384778207337,10.500000834465093,8.420034539699587,2.079966294765505,7.375487114922444,7.544801091029035
811,Adrián Martinez,OAK,21023,8.400000400543233,3.0000001430511545,2.8,2.100000100135808,0.20740741,0.07407407,0.13333333,0.2926829268292683,1.5333334064483677,0.32954545454545453,0.69371728,163.96764301765518,143.87824973424398,104.52595307610905,6.150000293254866,5.484643700161536,0.6653565930933301,4.134828371949816,4.150605109206526
812,McCade Brown,COL,30004,8.064935864033474,5.961039551676916,1.35294118,2.1038963123565586,0.18253968,0.13492063,0.04761905,0.28846153846153844,1.8311690126066344,0.32,0.71100917,155.27792716933607,159.97492345451323,147.31791880333788,7.363637093247956,6.953318514705727,0.41031857854222853,6.136864718772557,5.470244320408944
813,Daniel Gossett,OAK,16164,6.536022659564228,3.0345819490833916,2.15384615,2.0230546327222614,0.1627907,0.0755814,0.0872093,0.296218487394958,1.5561958713248163,0.31420765027322406,0.69156293,140.8156865428339,133.37613805063836,108.44470201340167,5.913544311034302,5.665431494536006,0.24811281649829642,4.72266648010903,4.901900804946444
814,Jacob Nix,SDP,17775,4.464567867849007,2.7637801086684326,1.61538462,1.700787759180574,0.11052632,0.06842105,0.04210526,0.30057803468208094,1.535433393704685,0.3055555555555556,0.62283737,179.7298743462963,145.1237349425494,137.99211347943174,7.015749506619867,5.829723475600214,1.1860260310196535,5.59685871623133,5.493105543097668
815,David Holmberg,CHW,7725,5.651164044039536,5.33721048603734,1.05882353,2.1976749060153753,0.13533835,0.12781955,0.0075188,0.2631578947368421,1.6395352473448037,0.25842696629213485,0.66326531,124.62190071879415,158.69955650533802,142.39571909781066,5.33721048603734,7.064617304907868,-1.727406818870528,6.2481510550224755,6.039074395446504
816,Shintaro Fujinami,OAK,31839,7.1320764983665175,6.113208427171301,1.16666667,2.0377361423904334,0.14893617,0.12765957,0.0212766,0.3291139240506329,2.150943705856569,0.36065573770491804,0.36723164,345.8115285688293,173.18197727416685,161.83010497980328,14.264152996733035,7.160701299078735,7.1034516976543,6.931297541407954,5.970353649233874
817,Dillon Gee,2 Tms,7396,7.312500108964743,4.500000067055226,1.625,3.937500058673323,0.16883117,0.1038961,0.06493507,0.3333333333333333,1.9375000288710003,0.32653061224489793,0.80188679,174.463754790766,194.89634439459698,140.05103617615447,7.875000117346646,8.720139777101577,-0.8451396597549312,6.14555076193677,5.496625133218822
818,Nate Pearson,2 Tms,20160,6.4067808001661914,8.237289600213675,0.77777778,2.288136000059354,0.14893617,0.19148936,-0.04255319,0.23684210526315788,1.8305088000474834,0.22807017543859648,0.62068966,149.9583040748612,178.41930759622673,163.9038035301265,6.864408000178062,7.814733443467748,-0.9503254432896862,7.2049894555448555,7.120362564020883
819,Hunter Gaddis,CLE,25636,5.818965756439577,3.2586208236061633,1.78571429,2.560344932833414,0.14124294,0.07909605,0.06214689,0.2830188679245283,1.5258621316886003,0.2764227642276423,0.6302521,189.78165814393438,172.98727596786262,154.43102497260705,7.681034798500241,7.0297180514171025,0.6513167470831389,6.482712553079542,5.916996742247429
820,Rookie Davis,2 Tms,14962,7.2,6.48,1.11111111,2.52,0.15384615,0.13846154,0.01538462,0.34234234234234234,2.24,0.36904761904761907,0.65677966,195.13790028338292,169.35173398011997,139.90327899179255,8.64,7.4844040679931645,1.155595932006836,6.07537182867527,5.997702637214553
821,Hector Noesí,MIA,3292,7.363637640456744,5.890910112365395,1.25,2.9454550561826975,0.17241379,0.13793103,0.03448276,0.2702702702702703,1.7454548481082652,0.2641509433962264,0.40650407,269.47325590757947,185.6354589656253,150.04961381440467,11.290911048700341,7.959464844002354,3.331446204697987,6.634476913132223,6.116694701114658
822,Ryan Weber,2 Tms,10160,3.7058823269543764,3.1764705659608943,1.16666667,2.3823529244706707,0.08860759,0.07594937,0.01265823,0.3006993006993007,1.617647047480085,0.2833333333333333,0.70484581,146.04867378192313,160.24523882752032,143.4452983345297,6.882352892915271,7.136482905894352,-0.2541300129790818,6.422483134183646,6.150348257725944
823,Manny Banuelos,CHW,5365,8.307691088795135,5.451922277021808,1.52380952,2.855768811773328,0.19277108,0.12650602,0.06626506,0.3263888888888889,1.9615381737432958,0.3564356435643564,0.70895522,175.36270008369686,156.84727751500535,131.4087402432615,8.048075742270287,7.396701169719448,0.6513745725508393,6.025986438149385,5.702191808389507
824,Steven Wright,BOS,8185,5.625,2.8125,2.0,2.25,0.13953488,0.06976744,0.06976744,0.3096446700507614,1.5833333333333333,0.3161290322580645,0.7073955,136.4267004017,146.72154240417595,116.1216320169301,6.1875,6.284035634994508,-0.0965356349945079,5.013955218841633,5.018903977459822
825,Didier Fuentes,ATL,30661,10.687500637024678,3.937500234693303,2.71428571,3.937500234693303,0.2183908,0.08045977,0.13793103,0.38461538461538464,2.3125001378357495,0.4423076923076923,0.51369863,320.82035980944295,197.04854543922247,114.08592318175054,13.500000804662752,8.128644507736457,5.371356296926296,4.749761040449126,4.302261765512656
826,Carson Whisenhunt,SFG,31676,6.517241807953526,5.120689991963484,1.27272727,1.7068966639878282,0.15789474,0.12406015,0.03383459,0.27391304347826084,1.6551725226548637,0.2937853107344633,0.70574163,144.4996148532348,148.1623652546026,133.00273550798332,5.896552111957952,5.993751703352112,-0.09719959139416012,5.574625972783072,5.552734528651538
827,Thomas Eshelman,BAL,18361,5.0000001766063615,3.000000105963817,1.66666667,2.8333334334102713,0.12096774,0.07258065,0.0483871,0.3130434782608696,1.6666667255354537,0.3005464480874317,0.63444109,154.39377834669847,152.25478950068734,141.93896527574583,7.000000247248906,7.17225397583951,-0.17225372859060428,6.269758441364465,6.010400345030014
828,Jonathan Heasley,KCR,22224,5.764044974702369,3.7921348517778743,1.52,1.6685393347822646,0.14503817,0.09541985,0.04961832,0.26394849785407726,1.4578651763501604,0.27445652173913043,0.7057257,127.34759155821122,143.94640743964274,138.7502132696814,5.233146095453466,5.715056120117177,-0.48191002466371113,5.508593494978163,5.322583597380717
829,Jhony Brito,NYY,25386,6.493671199637845,3.5886077682209145,1.80952381,2.221519094612947,0.1637931,0.09051724,0.07327586,0.2727272727272727,1.4810127297419646,0.27848101265822783,0.67961165,149.31753647271597,145.0984099513498,125.64327431108026,6.322785115436849,6.330989875114997,-0.008204759678148044,5.382407416989148,5.257200405373448
830,Bruce Zimmermann,2 Tms,20370,6.63275459356775,2.344913240150215,2.82857143,2.344913240150215,0.16582915,0.05862647,0.10720268,0.30755395683453235,1.5334988173680768,0.3222748815165877,0.72392638,146.10988210808776,141.97661654004466,113.25759834164738,5.96277938209626,5.969150066012911,-0.006370683916650854,4.659867287217608,4.66908300430296
831,Travis Wood,2 Tms,9884,6.061224961668128,3.7193880446599876,1.62962963,2.2040818042429557,0.14569536,0.08940397,0.05629139,0.30656934306569344,1.698979724103945,0.31775700934579443,0.625,164.66117176574284,146.21139030328465,132.88235782498182,7.025510751024421,6.280088916891388,0.7454218341330332,5.764624855831023,5.521979859699248
832,Chase Petty,CIN,30170,5.094340080975594,6.113208097170713,0.83333333,3.0566040485853563,0.11111111,0.13333333,-0.02222222,0.3246753246753247,2.0943398110677443,0.3114754098360656,0.50675676,261.6911015606969,197.21399748653937,156.96469223267275,11.207548178146306,8.601530976034049,2.606017202112257,6.591983898055755,6.448054418746299
833,T.J. Zeuch,2 Tms,19269,4.725000450611158,4.050000386238135,1.16666667,2.2500002145767417,0.109375,0.09375,0.015625,0.3216374269005848,1.8250001740455792,0.32142857142857145,0.69354839,163.64131364005112,159.07187434629384,135.00405391650858,7.2000006866455735,6.94700524806266,0.2529954385829134,5.784487684956355,5.695062734528718
834,Spencer Howard,4 Tms,23252,7.714285517225465,4.419642744243756,1.74545455,1.9285713793063664,0.18147448,0.10396975,0.07750473,0.2942430703624733,1.7232142416950402,0.32664756446991405,0.62652068,169.80050989714306,138.42573678582173,126.06372741024039,7.07142839079001,5.83544765810071,1.2359807326893,5.264256612734041,5.1034258188023625
835,Justin Dunn,2 Tms,19268,7.608478947750842,5.790523800943118,1.31395349,1.8179551468077233,0.19349315,0.14726027,0.04623288,0.2085889570552147,1.4064838172833416,0.2148997134670487,0.81658291,105.23083872950465,145.80859856641416,140.52008953358933,4.443890358863324,6.233505973334577,-1.789615614471253,6.034572810597291,5.767434020156859
836,Nick Tepesch,2 Tms,11716,5.1702116775320714,5.1702116775320714,1.0,3.446807785021381,0.1125,0.1125,0.0,0.3235294117647059,1.9787229876974592,0.3018867924528302,0.7421875,118.31149367968925,209.26477761157577,165.48793392115678,5.1702116775320714,9.285297978696322,-4.115086301164251,7.258636518532326,6.259705335101765
837,Joe Palumbo,TEX,17035,11.812496479601718,5.0624984912578785,2.33333333,5.906248239800859,0.23728814,0.10169492,0.13559322,0.39215686274509803,2.437499273568608,0.43333333333333335,0.6043956,284.6271589335248,237.40452329262092,122.96889076049044,14.343745725230656,11.370257044956812,2.973488680273844,5.63632952529712,4.756539502321792
838,Dylan Dodd,ATL,29928,3.9320389805780422,3.1456311844624336,1.25,2.3592233883468254,0.09146341,0.07317073,0.01829268,0.3509933774834437,1.89320395361165,0.3464566929133858,0.6928839,173.2082681979899,161.21883268543985,148.45795760107842,7.601942029117549,6.924943408036576,0.6769986210809726,6.5028407344883075,6.185947481693077
839,Robert Dugger,3 Tms,19191,6.113208674671766,5.0943405622264715,1.2,1.8679248728163727,0.14634146,0.12195122,0.02439024,0.26666666666666666,1.6226418087091723,0.27607361963190186,0.60052219,161.44992827974457,153.7440956407416,149.60387871246357,6.792454082968629,6.572877988898994,0.21957609406963474,6.511273550819997,6.087675432397438
840,Nick Nastrini,CHW,29833,6.680412633853112,8.907216845137482,0.75,1.948453684873824,0.15,0.2,-0.05,0.2440944881889764,1.948453684873824,0.25,0.57195572,194.39649793844544,183.30403546963805,181.3165262335995,7.793814739495296,7.5582325283228595,0.23558221117243683,7.362535739650174,7.099598127415905
841,J.C. Mejía,CLE,20617,7.653543536975997,4.677165494818665,1.63636364,2.3385827474093324,0.17821782,0.10891089,0.06930693,0.3050847457627119,1.795275644475851,0.33076923076923076,0.51886792,230.9180542162431,156.34004622627364,119.24108764110461,9.779527852802662,6.618853123696966,3.160674729105696,5.116403370611138,5.148196454290516
842,Drew Rucinski,OAK,12499,3.0000003178914727,7.000000741746769,0.42857143,2.5000002649095605,0.06315789,0.14736842,-0.08421053,0.3375,2.277778019139822,0.3188405797101449,0.57142857,218.19059902287177,210.42122045807267,176.7148168559465,9.000000953674418,8.69948538085567,0.30051557281874786,7.5684017808158055,7.367036690172398
843,Lyon Richardson,CIN,24581,7.1320764983665175,8.660378605159343,0.82352941,3.5660382491832587,0.15909091,0.19318182,-0.03409091,0.2571428571428571,1.981132360657366,0.22448979591836735,0.61068702,225.5269741823458,215.8811663726297,157.05442353831086,10.188680711952168,9.868935918109184,0.31974479384298427,6.854217917339676,6.820803659480959
844,Cory Abbott,2 Tms,20277,8.181818181818182,5.113636363636363,1.6,2.4545454545454546,0.1980198,0.12376238,0.07425743,0.2558139534883721,1.5681818181818181,0.26666666666666666,0.76923077,142.36914478501,169.84137325041536,144.95156446192726,5.7272727272727275,6.891704083572735,-1.1644313563000077,5.847497618740255,5.220820464427752
845,Matt Swarmer,CHC,19705,8.756756982462006,3.6486487426925027,2.4,4.0135136169617525,0.22429907,0.09345794,0.13084112,0.23711340206185566,1.3378378723205844,0.1935483870967742,0.73863636,148.82585299138506,207.88034594079733,118.0341660920682,5.837837988308004,8.17999869984724,-2.3421607115392353,4.723285371062998,4.438940904835382
846,Bronson Arroyo,CIN,978,5.704225352112676,2.408450704225352,2.36842105,2.915492957746479,0.13975155,0.05900621,0.08074534,0.3122923588039867,1.591549295774648,0.30472103004291845,0.6763285,165.5731228733339,157.92286050855085,134.22163008411536,7.352112676056338,6.9886256097068244,0.36348706634951355,5.808844795277421,5.418384374570748
847,Connor Seabold,2 Tms,19695,6.721992126844232,3.4730292655361867,1.93548387,2.464730446509552,0.15748031,0.08136483,0.07611549,0.3206997084548105,1.7551868331204383,0.3371647509578544,0.5887372,180.27395420978627,151.269671918168,139.03914332839733,8.40249015855529,6.704797547750166,1.6976926108051238,5.939878633011327,5.383519764438004
848,David Hess,2 Tms,16130,6.816567739607783,3.248520563406834,2.09836066,2.5562129023529185,0.16886544,0.08047493,0.0883905,0.2728592162554427,1.4733727145506406,0.2729044834307992,0.65858799,137.21457213078457,143.29902108196828,128.3382944829102,6.124260078553868,6.58430740176663,-0.46004732321276176,5.612046611725905,5.182668275067639
849,Caden Dana,LAA,31508,8.590909463314986,4.909091121894278,1.75,2.9454546731365667,0.21341463,0.12195122,0.09146342,0.2605633802816901,1.554545521933188,0.2631578947368421,0.66350711,176.2641767464543,179.01637190470447,111.64598802268559,7.118182126746703,7.289424200405605,-0.17124207365890243,4.622140234347809,4.752114855315502
850,Tom Koehler,2 Tms,6570,7.565933431609987,4.747252349245482,1.59375,2.22527453870882,0.18021201,0.1130742,0.06713781,0.29098360655737704,1.6978020554593218,0.3146067415730337,0.66292135,179.14132344729455,156.94491506622276,129.3526377046423,7.417581795696066,6.619177865538698,0.7984039301573675,5.6039659576234175,5.29384453188921
851,Wil Crowe,2 Tms,19800,8.548813396291948,4.5593671446890385,1.875,2.2084434607087533,0.20942408,0.11169284,0.09773124,0.2788844621513944,1.6147758637440346,0.31054131054131057,0.73389021,136.2382643145426,144.0129173901747,118.54969217791503,5.841689154132831,6.1467863847730655,-0.30509723064023486,5.051405121491293,4.948605346395773
852,Chris Smith,OAK,4544,5.207143566559869,3.4714290443732456,1.5,2.8928575369777048,0.12980769,0.08653846,0.04326923,0.26455026455026454,1.457143055662844,0.23809523809523808,0.625,164.3363850565988,172.93023102845532,138.56952262280095,6.942858088746491,7.4004974151145015,-0.4576393263680103,6.08072164437014,5.736505936450257
853,Ryan Carpenter,DET,12699,5.631016157650385,2.310160474933491,2.4375,2.887700593666864,0.13,0.05333333,0.07666667,0.3392857142857143,1.7807486994278994,0.3393665158371041,0.57471264,190.54438523451526,157.51403025670447,124.38422950189918,8.663101781000591,7.077739166965978,1.5853626140346133,5.574093530391725,5.362547377669946
854,Ryan Castellani,COL,16377,5.037312751677909,6.044775302013492,0.83333333,2.619402630872513,0.12626263,0.15151515,-0.02525253,0.24691358024691357,1.567163967188683,0.21774193548387097,0.76124567,118.3216609399777,176.19512275578126,158.05290159603646,6.044775302013492,8.27191227081654,-2.2271369688030473,7.020709660866322,6.790846991119983
855,Kohei Arihara,TEX,27505,5.676136609690259,3.5284092438615122,1.60869565,2.3011364633879428,0.1350365,0.08394161,0.05109489,0.3155737704918033,1.7045455284355133,0.3229166666666667,0.65116279,184.96076068443145,159.14183412923933,130.96094338908543,7.67045487795981,6.748951501907754,0.9215033760520557,5.468392058746319,5.332070965206462
856,Ross Detwiler,2 Tms,2859,6.541237177713504,3.479381477507183,1.88,3.061855700206321,0.15932203,0.08474576,0.07457627,0.29699248120300753,1.608247438492209,0.2893401015228426,0.7253886,155.12275656990627,164.50201810772438,126.80703802456698,6.958762955014366,7.52322893539109,-0.564465980376724,5.758831573252063,5.408156916048963
857,Mike Pelfrey,CHW,5203,5.74086276878688,4.933553941926225,1.16363636,1.9734215767704901,0.14004376,0.12035011,0.01969365,0.2708860759493671,1.61461765372131,0.2750809061488673,0.68017366,140.33048764484346,147.92655290550954,130.76225101019517,6.009965711073765,6.5862105144615875,-0.576244803387822,5.7390855330415995,5.737012613732284
858,Bradley Blalock,COL,26419,4.746094032889249,4.429687764029966,1.07142857,2.0039063694421273,0.11111111,0.1037037,0.00740741,0.3203342618384401,1.8398438596632396,0.3254237288135593,0.5952381,176.6099911690555,152.85058729029964,141.74655726843568,8.332031746627793,6.603064523771792,1.7289672228560011,5.86162255036028,5.9037305583703175
859,Matt Koch,2 Tms,13420,4.730769693498826,2.5384617867554677,1.86363636,2.192307906743358,0.12462006,0.0668693,0.05775076,0.2757475083056478,1.3461539778248692,0.26556016597510373,0.8056872,113.26439683325455,160.41496935960407,123.94455414046843,4.615385066828123,6.353952513574545,-1.7385674467464218,5.029471788335417,5.163810796498172
860,Elvin Rodríguez,2 Tms,20962,6.402062107442565,3.618556843337102,1.76923077,3.896907369747648,0.15131579,0.08552632,0.06578947,0.3357664233576642,1.8247423398024702,0.32,0.60386473,254.367722148431,220.14984815525474,147.86465198855618,10.020618950779667,8.716689402954195,1.3039295478254722,5.928136141094429,5.461223246049172
861,Jered Weaver,SDP,4235,4.889763485780041,2.5511809491026303,1.91666667,3.401574598803507,0.12041885,0.06282723,0.05759162,0.2914285714285714,1.4881888869765343,0.25735294117647056,0.58295964,176.72857000718383,189.0416179036864,128.44137130930628,7.440944434882671,8.118269317468982,-0.6773248825863112,5.557950244719706,5.399046017727618
862,Amir Garrett,CIN,14375,8.153464114732781,4.811880461153772,1.69444444,3.074256961292688,0.19934641,0.11764706,0.08169935,0.26119402985074625,1.5742571879083331,0.2554347826086957,0.65963061,168.56912864992114,168.98635877930172,119.0948537194062,7.4851473840169795,7.479421219509385,0.0057261645075943335,5.152260738184554,5.08930879017923
863,Adam Oller,2 Tms,20132,6.506024189828738,4.472891630507257,1.45454545,2.0331325593214804,0.15936255,0.10956175,0.0498008,0.28216704288939054,1.6265060474571844,0.2958579881656805,0.67785235,169.0384057087824,160.3188466927437,143.17981328634147,6.5873494922015965,6.226474599985943,0.3608748922156533,5.70701478686064,5.473929387424394
864,Chris Tillman,BAL,5279,5.70535850312061,5.223215531025911,1.09230769,2.330357698457714,0.12956204,0.11861314,0.01094891,0.33402922755741127,2.008929050394581,0.34564643799472294,0.6104034,197.23966883272985,156.4428283646294,138.31699602925636,8.67857349770459,7.104733940249622,1.5738395574549688,6.0188517065409295,5.956369467013624
865,Corbin Martin,2 Tms,19884,8.345455341339187,6.6272733592987665,1.25925926,3.9272731018066764,0.18888889,0.15,0.03888889,0.29605263157894735,1.9636365509033382,0.28431372549019607,0.81027668,171.111824169654,218.19503431805006,139.98015164423123,7.363637065887518,9.289744662172685,-1.926107596285167,6.083324925711548,5.853367512647151
866,Roddery Muñoz,MIA,25311,7.779661268449598,4.347457767663011,1.78947368,2.9745763673483756,0.18941504,0.10584958,0.08356546,0.2689873417721519,1.5635593725805566,0.26576576576576577,0.69868996,159.1140063000205,180.4547723351084,128.6452061210086,6.635593434854069,7.374107032957797,-0.7385135981037276,5.249407174902879,5.010551791340236
