rank,Name,Team,playerid,W,L,ERA,G,GS,QS,CG,ShO,SV,HLD,BS,IP,TBF,H,R,ER,HR,BB,IBB,HBP,WP,BK,SO
1,Zack Wheeler,2 Tms,10310,108.0,64.0,3.214016731271757,260.0,260.0,164.0,4.0,2.0,0.0,0.0,0.0,1593.1,6460.0,1331.0,608.0,569.0,162.0,411.0,9.0,65.0,28.0,2.0,1726.0
2,Jacob deGrom,2 Tms,10954,77.0,52.0,2.659989049505215,201.0,201.0,127.0,3.0,1.0,0.0,0.0,0.0,1214.2,4747.0,891.0,386.0,359.0,128.0,267.0,12.0,20.0,23.0,0.0,1553.0
3,Chris Sale,2 Tms,10603,84.0,47.0,2.91113746871843,190.0,190.0,108.0,3.0,2.0,0.0,0.0,0.0,1125.1,4530.0,891.0,394.0,364.0,109.0,256.0,1.0,81.0,19.0,2.0,1516.0
4,Gerrit Cole,3 Tms,13125,115.0,59.0,3.1945187328691467,244.0,244.0,157.0,7.0,5.0,0.0,0.0,0.0,1496.0,5980.0,1189.0,561.0,531.0,202.0,374.0,2.0,35.0,33.0,8.0,1836.0
5,Aaron Nola,PHI,16149,104.0,88.0,3.843492019372638,283.0,283.0,149.0,6.0,4.0,0.0,0.0,0.0,1695.1,6952.0,1501.0,756.0,724.0,230.0,459.0,14.0,50.0,18.0,2.0,1856.0
6,Max Scherzer,5 Tms,3137,99.0,56.0,3.1515680190534963,225.0,225.0,134.0,6.0,1.0,0.0,0.0,0.0,1339.1,5363.0,1038.0,492.0,469.0,177.0,331.0,9.0,61.0,26.0,2.0,1662.0
7,Kevin Gausman,6 Tms,14107,98.0,93.0,3.858745341420799,281.0,281.0,144.0,3.0,2.0,0.0,0.0,0.0,1604.2,6707.0,1530.0,739.0,688.0,195.0,448.0,7.0,30.0,38.0,13.0,1686.0
8,Sonny Gray,6 Tms,12768,102.0,76.0,3.5736203873938077,262.0,262.0,128.0,2.0,1.0,0.0,0.0,0.0,1455.2,6029.0,1263.0,626.0,578.0,153.0,464.0,3.0,50.0,62.0,6.0,1543.0
9,Justin Verlander,4 Tms,8700,93.0,53.0,3.067351914864092,204.0,204.0,129.0,3.0,2.0,0.0,0.0,0.0,1232.1,4962.0,980.0,452.0,420.0,155.0,307.0,5.0,41.0,27.0,3.0,1357.0
10,Logan Webb,SFG,17995,77.0,62.0,3.507262289299536,204.0,204.0,119.0,4.0,2.0,0.0,0.0,0.0,1216.1,4988.0,1159.0,518.0,474.0,87.0,288.0,3.0,47.0,23.0,1.0,1126.0
11,Max Fried,2 Tms,13743,97.0,43.0,2.993107494791147,202.0,202.0,110.0,6.0,4.0,0.0,0.0,0.0,1160.2,4715.0,1001.0,427.0,386.0,90.0,313.0,5.0,46.0,49.0,4.0,1124.0
12,Luis Castillo,3 Tms,15689,87.0,94.0,3.7054195464410857,266.0,266.0,140.0,1.0,0.0,0.0,0.0,0.0,1525.1,6341.0,1342.0,687.0,628.0,198.0,489.0,10.0,54.0,19.0,8.0,1591.0
13,Dylan Cease,3 Tms,18525,76.0,64.0,3.67041942697006,217.0,217.0,84.0,4.0,4.0,0.0,0.0,0.0,1184.1,4989.0,962.0,536.0,483.0,132.0,508.0,9.0,38.0,61.0,4.0,1470.0
14,Blake Snell,4 Tms,13543,79.0,55.0,3.0713211553339534,211.0,211.0,93.0,1.0,1.0,0.0,0.0,0.0,1107.2,4547.0,824.0,405.0,378.0,106.0,486.0,6.0,12.0,81.0,4.0,1394.0
15,Clayton Kershaw,LAD,2036,97.0,36.0,2.807012252252526,188.0,188.0,109.0,1.0,0.0,0.0,0.0,0.0,1093.1,4350.0,898.0,376.0,341.0,130.0,236.0,1.0,17.0,41.0,9.0,1133.0
16,Tarik Skubal,2 Tms,22267,65.0,42.0,3.034153592173172,159.0,159.0,83.0,1.0,1.0,0.0,0.0,0.0,907.2,3608.0,728.0,335.0,306.0,101.0,195.0,0.0,30.0,12.0,2.0,1054.0
17,Charlie Morton,5 Tms,4676,101.0,62.0,3.8628220759453704,248.0,248.0,108.0,0.0,0.0,0.0,0.0,0.0,1358.1,5757.0,1180.0,623.0,583.0,152.0,514.0,7.0,124.0,32.0,6.0,1549.0
18,Shane Bieber,2 Tms,19427,71.0,35.0,3.2627815561124502,152.0,152.0,97.0,5.0,2.0,0.0,0.0,0.0,932.1,3786.0,831.0,360.0,338.0,110.0,217.0,1.0,18.0,34.0,3.0,1036.0
19,Framber Valdez,2 Tms,17295,87.0,60.0,3.463469166032573,196.0,196.0,121.0,9.0,3.0,0.0,0.0,0.0,1195.1,4980.0,1031.0,502.0,460.0,100.0,425.0,1.0,67.0,63.0,6.0,1131.0
20,Corbin Burnes,3 Tms,19361,55.0,35.0,3.0313316854224817,151.0,151.0,91.0,0.0,0.0,0.0,0.0,0.0,893.2,3599.0,690.0,332.0,301.0,95.0,251.0,1.0,34.0,40.0,6.0,1021.0
21,José Berríos,2 Tms,14168,104.0,75.0,3.9218543640822006,259.0,259.0,138.0,5.0,1.0,0.0,0.0,0.0,1510.0,6310.0,1396.0,706.0,658.0,206.0,436.0,7.0,93.0,34.0,4.0,1428.0
22,Sandy Alcantara,MIA,18684,65.0,77.0,3.6792453712906115,201.0,201.0,116.0,13.0,5.0,0.0,0.0,0.0,1272.0,5244.0,1120.0,572.0,520.0,134.0,381.0,8.0,53.0,28.0,8.0,1070.0
23,Patrick Corbin,4 Tms,9323,81.0,111.0,4.658959674547366,280.0,280.0,121.0,4.0,2.0,0.0,0.0,0.0,1557.0,6731.0,1683.0,858.0,806.0,227.0,490.0,19.0,37.0,40.0,1.0,1437.0
24,Yu Darvish,4 Tms,13074,69.0,63.0,3.8548721319759545,197.0,197.0,99.0,0.0,0.0,0.0,0.0,0.0,1132.1,4627.0,945.0,502.0,485.0,166.0,314.0,4.0,60.0,48.0,4.0,1263.0
25,Eduardo Rodriguez,3 Tms,13164,94.0,59.0,3.991742145771787,225.0,225.0,96.0,0.0,0.0,0.0,0.0,0.0,1251.1,5328.0,1220.0,591.0,555.0,155.0,438.0,7.0,26.0,14.0,4.0,1227.0
26,Carlos Rodón,3 Tms,16137,81.0,58.0,3.6273764850456693,190.0,190.0,87.0,2.0,1.0,0.0,0.0,0.0,1052.0,4362.0,825.0,458.0,424.0,132.0,390.0,2.0,52.0,49.0,2.0,1184.0
27,Lance Lynn,6 Tms,2520,81.0,60.0,4.0019321088965825,212.0,212.0,102.0,2.0,1.0,0.0,0.0,0.0,1207.2,5138.0,1110.0,597.0,537.0,172.0,412.0,11.0,55.0,42.0,0.0,1240.0
28,Nathan Eovaldi,3 Tms,9132,73.0,47.0,3.686747092224831,192.0,192.0,87.0,5.0,3.0,0.0,0.0,0.0,1079.0,4428.0,987.0,473.0,442.0,145.0,253.0,4.0,44.0,33.0,0.0,1063.0
29,Zack Greinke,3 Tms,1943,70.0,54.0,3.6085535267862237,192.0,192.0,95.0,2.0,0.0,0.0,0.0,0.0,1122.1,4539.0,1059.0,480.0,450.0,146.0,211.0,5.0,19.0,33.0,1.0,946.0
30,Michael Wacha,6 Tms,14078,86.0,63.0,3.7924089852827265,236.0,236.0,99.0,2.0,2.0,0.0,0.0,0.0,1291.0,5377.0,1214.0,574.0,544.0,164.0,388.0,9.0,37.0,33.0,2.0,1105.0
31,Cristopher Sánchez,PHI,20778,46.0,26.0,3.042069747662366,116.0,116.0,67.0,4.0,2.0,0.0,0.0,0.0,689.1,2817.0,647.0,256.0,233.0,59.0,152.0,0.0,16.0,20.0,2.0,687.0
32,Jesús Luzardo,3 Tms,19959,54.0,45.0,3.8662976462962932,150.0,150.0,73.0,1.0,1.0,0.0,0.0,0.0,842.2,3496.0,742.0,389.0,362.0,95.0,276.0,2.0,31.0,35.0,4.0,963.0
33,Brandon Woodruff,MIL,16162,53.0,30.0,3.134875634103409,136.0,136.0,70.0,2.0,1.0,0.0,0.0,0.0,763.2,3054.0,587.0,279.0,266.0,87.0,195.0,2.0,32.0,8.0,1.0,884.0
34,Pablo López,2 Tms,17085,59.0,53.0,3.8145078172575935,172.0,172.0,84.0,1.0,1.0,0.0,0.0,0.0,965.0,3995.0,883.0,433.0,409.0,115.0,251.0,12.0,53.0,26.0,4.0,994.0
35,Ranger Suarez,2 Tms,17277,50.0,36.0,3.413921072753752,146.0,146.0,65.0,2.0,2.0,0.0,0.0,0.0,809.1,3389.0,769.0,332.0,307.0,69.0,254.0,2.0,24.0,11.0,5.0,754.0
36,Luis Severino,3 Tms,15890,66.0,49.0,3.8597315930325755,175.0,175.0,78.0,2.0,2.0,0.0,0.0,0.0,993.1,4158.0,898.0,469.0,426.0,124.0,307.0,2.0,50.0,25.0,6.0,1006.0
37,Kyle Hendricks,2 Tms,12049,74.0,74.0,4.0981515393212264,226.0,226.0,107.0,3.0,2.0,0.0,0.0,0.0,1280.1,5352.0,1276.0,624.0,583.0,172.0,301.0,13.0,49.0,4.0,0.0,983.0
38,Freddy Peralta,3 Tms,18679,71.0,51.0,3.722295622225235,193.0,193.0,74.0,1.0,0.0,0.0,0.0,0.0,1010.2,4201.0,784.0,442.0,418.0,132.0,379.0,2.0,54.0,36.0,5.0,1178.0
39,Marcus Stroman,4 Tms,13431,66.0,71.0,3.760401332180095,205.0,205.0,97.0,3.0,1.0,0.0,0.0,0.0,1129.2,4755.0,1107.0,532.0,472.0,114.0,363.0,4.0,33.0,28.0,4.0,928.0
40,Chris Bassitt,4 Tms,12304,87.0,59.0,3.6906474664319835,212.0,212.0,100.0,3.0,2.0,0.0,0.0,0.0,1204.2,5110.0,1133.0,534.0,494.0,142.0,382.0,5.0,90.0,29.0,12.0,1122.0
41,Zac Gallen,2 Tms,19291,69.0,61.0,3.82351176087923,196.0,196.0,91.0,2.0,2.0,0.0,0.0,0.0,1108.2,4597.0,969.0,501.0,471.0,136.0,357.0,4.0,40.0,34.0,1.0,1122.0
42,Logan Gilbert,SEA,22250,59.0,46.0,3.597039600067526,176.0,176.0,84.0,2.0,1.0,0.0,0.0,0.0,1013.1,4090.0,846.0,425.0,405.0,139.0,227.0,7.0,32.0,46.0,0.0,1078.0
43,Corey Kluber,5 Tms,2429,57.0,33.0,3.4615384971787355,126.0,126.0,69.0,8.0,5.0,0.0,0.0,0.0,741.0,3012.0,662.0,309.0,285.0,89.0,158.0,2.0,29.0,13.0,0.0,781.0
44,Jack Flaherty,4 Tms,17479,66.0,64.0,3.8775701141940506,203.0,203.0,78.0,0.0,0.0,0.0,0.0,0.0,1070.0,4480.0,909.0,491.0,461.0,146.0,392.0,11.0,59.0,39.0,1.0,1224.0
45,Tyler Glasnow,3 Tms,14374,47.0,33.0,3.637432241384934,136.0,136.0,60.0,0.0,0.0,0.0,0.0,0.0,737.1,2978.0,546.0,315.0,298.0,94.0,257.0,4.0,10.0,56.0,4.0,940.0
46,Joe Musgrove,3 Tms,12970,59.0,58.0,3.814091440546092,170.0,170.0,89.0,2.0,2.0,0.0,0.0,0.0,955.2,3987.0,889.0,439.0,405.0,122.0,241.0,9.0,71.0,19.0,1.0,960.0
47,Germán Márquez,2 Tms,15038,71.0,73.0,4.678255831992569,207.0,207.0,95.0,4.0,2.0,0.0,0.0,0.0,1169.2,5007.0,1195.0,656.0,608.0,175.0,367.0,14.0,37.0,63.0,4.0,1087.0
48,Jose Quintana,8 Tms,11423,69.0,67.0,4.105308839727147,216.0,216.0,83.0,1.0,1.0,0.0,0.0,0.0,1155.1,4909.0,1115.0,571.0,527.0,135.0,400.0,8.0,36.0,39.0,3.0,1004.0
49,Shohei Ohtani,2 Tms,19755,47.0,22.0,2.8274552852245542,114.0,114.0,60.0,1.0,1.0,0.0,0.0,0.0,614.1,2479.0,443.0,205.0,193.0,60.0,208.0,2.0,30.0,52.0,3.0,765.0
50,Jon Gray,2 Tms,14916,64.0,58.0,4.407061852291629,185.0,185.0,77.0,1.0,0.0,0.0,0.0,0.0,1000.2,4244.0,982.0,522.0,490.0,133.0,323.0,6.0,37.0,34.0,6.0,976.0
51,Walker Buehler,4 Tms,19374,63.0,34.0,3.59379316963078,176.0,176.0,77.0,3.0,1.0,0.0,0.0,0.0,966.2,3998.0,840.0,421.0,386.0,122.0,293.0,5.0,44.0,24.0,0.0,951.0
52,Kyle Freeland,COL,16256,69.0,100.0,4.720279972118029,255.0,255.0,115.0,1.0,0.0,0.0,0.0,0.0,1382.1,6013.0,1549.0,783.0,725.0,207.0,418.0,12.0,53.0,20.0,2.0,1040.0
53,George Kirby,SEA,25436,54.0,45.0,3.723369210262767,141.0,141.0,78.0,2.0,0.0,0.0,0.0,0.0,807.1,3319.0,807.0,355.0,334.0,93.0,137.0,2.0,28.0,14.0,2.0,764.0
54,Lucas Giolito,5 Tms,15474,73.0,66.0,4.259067483785387,205.0,205.0,100.0,5.0,3.0,0.0,0.0,0.0,1158.0,4867.0,1009.0,587.0,548.0,179.0,447.0,7.0,41.0,50.0,0.0,1201.0
55,Trevor Bauer,3 Tms,12703,53.0,37.0,3.3537353505067777,120.0,120.0,77.0,4.0,3.0,0.0,0.0,0.0,740.2,3070.0,608.0,306.0,276.0,96.0,253.0,4.0,39.0,31.0,1.0,904.0
56,Jameson Taillon,4 Tms,11674,79.0,62.0,4.051851953623628,223.0,223.0,95.0,3.0,1.0,0.0,0.0,0.0,1215.0,5064.0,1165.0,585.0,547.0,184.0,308.0,10.0,31.0,26.0,2.0,1061.0
57,Zach Eflin,3 Tms,13774,65.0,62.0,4.247494900685381,178.0,178.0,82.0,3.0,2.0,0.0,0.0,0.0,998.0,4187.0,1035.0,506.0,471.0,150.0,202.0,13.0,29.0,13.0,0.0,882.0
58,Nick Pivetta,3 Tms,15454,66.0,72.0,4.4725370234326505,216.0,216.0,74.0,2.0,0.0,0.0,0.0,0.0,1147.0,4832.0,1058.0,589.0,570.0,184.0,397.0,4.0,30.0,47.0,5.0,1239.0
59,Matthew Boyd,3 Tms,15440,60.0,71.0,4.394542638366981,190.0,190.0,77.0,2.0,1.0,0.0,0.0,0.0,1038.1,4384.0,988.0,543.0,507.0,157.0,314.0,4.0,54.0,28.0,8.0,998.0
60,Carlos Carrasco,4 Tms,6632,65.0,57.0,4.379645852491166,177.0,177.0,70.0,4.0,1.0,0.0,0.0,0.0,959.2,4044.0,969.0,487.0,467.0,139.0,269.0,9.0,38.0,41.0,1.0,994.0
61,Jordan Montgomery,4 Tms,16511,46.0,41.0,3.990665119733477,161.0,161.0,62.0,1.0,1.0,0.0,0.0,0.0,857.0,3604.0,837.0,406.0,380.0,102.0,247.0,2.0,18.0,38.0,2.0,780.0
62,Paul Skenes,PIT,33677,31.0,24.0,2.6336971898868073,86.0,86.0,47.0,1.0,0.0,0.0,0.0,0.0,488.2,1936.0,373.0,157.0,143.0,40.0,121.0,0.0,23.0,6.0,1.0,578.0
63,Kyle Gibson,5 Tms,10123,80.0,72.0,4.576388902359212,230.0,230.0,105.0,1.0,1.0,0.0,0.0,0.0,1296.0,5550.0,1315.0,706.0,659.0,174.0,461.0,6.0,49.0,41.0,1.0,1124.0
64,Merrill Kelly,2 Tms,11156,74.0,67.0,3.9321889184555037,200.0,200.0,97.0,1.0,0.0,0.0,0.0,0.0,1165.0,4826.0,1069.0,539.0,509.0,158.0,369.0,12.0,21.0,16.0,10.0,1022.0
65,Miles Mikolas,2 Tms,9803,70.0,75.0,4.340214725939893,214.0,214.0,97.0,3.0,2.0,0.0,0.0,0.0,1211.0,5045.0,1252.0,619.0,584.0,171.0,227.0,6.0,44.0,15.0,5.0,863.0
66,Robbie Ray,5 Tms,11486,86.0,58.0,3.733966833246743,229.0,229.0,105.0,2.0,1.0,0.0,0.0,0.0,1263.0,5287.0,1028.0,558.0,524.0,199.0,557.0,12.0,39.0,54.0,1.0,1504.0
67,Tyler Mahle,5 Tms,16358,46.0,56.0,4.00837472309065,167.0,167.0,59.0,0.0,0.0,0.0,0.0,0.0,875.2,3698.0,811.0,416.0,390.0,121.0,305.0,8.0,32.0,15.0,5.0,880.0
68,Sean Manaea,4 Tms,15873,71.0,59.0,4.1650660144894465,203.0,203.0,89.0,3.0,3.0,0.0,0.0,0.0,1110.2,4658.0,1041.0,561.0,514.0,160.0,308.0,3.0,62.0,32.0,1.0,1048.0
69,Mike Clevinger,3 Tms,12808,56.0,37.0,3.3385790736994814,132.0,132.0,65.0,4.0,2.0,0.0,0.0,0.0,741.1,3038.0,618.0,286.0,275.0,88.0,256.0,3.0,28.0,20.0,0.0,756.0
70,Stephen Strasburg,WSN,10131,44.0,21.0,3.364691289317164,91.0,91.0,56.0,1.0,1.0,0.0,0.0,0.0,545.2,2227.0,442.0,218.0,204.0,61.0,158.0,13.0,27.0,17.0,1.0,639.0
71,Trevor Rogers,2 Tms,22286,34.0,48.0,3.885269954507814,131.0,131.0,46.0,1.0,0.0,0.0,0.0,0.0,685.2,2903.0,638.0,321.0,296.0,67.0,234.0,4.0,24.0,12.0,4.0,674.0
72,James Paxton,4 Tms,11828,55.0,26.0,3.9112781618338146,127.0,127.0,58.0,2.0,1.0,0.0,0.0,0.0,665.0,2773.0,596.0,307.0,289.0,89.0,225.0,1.0,10.0,42.0,2.0,752.0
73,Joe Ryan,MIN,21390,52.0,46.0,3.7858064795645916,140.0,140.0,64.0,1.0,1.0,0.0,0.0,0.0,775.0,3172.0,664.0,352.0,326.0,121.0,176.0,0.0,43.0,11.0,3.0,866.0
74,Brady Singer,2 Tms,25377,56.0,71.0,4.440199493111121,186.0,186.0,74.0,1.0,0.0,0.0,0.0,0.0,1003.1,4331.0,1019.0,525.0,495.0,131.0,333.0,1.0,70.0,21.0,3.0,927.0
75,Mitch Keller,PIT,17594,47.0,73.0,4.610867420552178,185.0,185.0,75.0,2.0,1.0,0.0,0.0,0.0,987.2,4294.0,1023.0,543.0,506.0,118.0,338.0,2.0,65.0,23.0,5.0,920.0
76,Drew Rasmussen,TBR,25385,43.0,19.0,2.7081081453355416,110.0,110.0,37.0,0.0,0.0,0.0,0.0,0.0,555.0,2172.0,429.0,176.0,167.0,49.0,115.0,1.0,16.0,19.0,0.0,496.0
77,Yoshinobu Yamamoto,LAD,33825,33.0,18.0,2.6024096983578624,75.0,75.0,46.0,1.0,0.0,0.0,0.0,0.0,442.2,1734.0,305.0,136.0,128.0,40.0,122.0,1.0,10.0,9.0,0.0,484.0
78,Hyun Jin Ryu,2 Tms,14444,50.0,32.0,3.2917455637588433,128.0,128.0,59.0,2.0,2.0,0.0,0.0,0.0,702.2,2887.0,669.0,283.0,257.0,92.0,155.0,6.0,13.0,8.0,1.0,635.0
79,Alex Cobb,5 Tms,6562,43.0,51.0,4.092936880363396,147.0,147.0,58.0,3.0,1.0,0.0,0.0,0.0,807.0,3421.0,834.0,408.0,367.0,97.0,223.0,7.0,24.0,28.0,8.0,666.0
80,Seth Lugo,3 Tms,12447,49.0,41.0,4.0748466543760244,146.0,146.0,75.0,1.0,0.0,0.0,0.0,0.0,815.0,3429.0,811.0,399.0,369.0,108.0,231.0,5.0,29.0,17.0,2.0,722.0
81,Julio Urías,LAD,14765,52.0,21.0,3.208381237813163,107.0,107.0,49.0,0.0,0.0,0.0,0.0,0.0,580.2,2346.0,482.0,226.0,207.0,75.0,141.0,4.0,21.0,8.0,4.0,566.0
82,Martín Pérez,7 Tms,6902,69.0,71.0,4.376146830759821,223.0,223.0,88.0,1.0,1.0,0.0,0.0,0.0,1199.0,5205.0,1273.0,636.0,583.0,154.0,452.0,5.0,39.0,22.0,8.0,888.0
83,Frankie Montas,5 Tms,14309,45.0,45.0,4.077803253496153,134.0,134.0,59.0,0.0,0.0,0.0,0.0,0.0,728.1,3102.0,697.0,369.0,330.0,92.0,243.0,5.0,27.0,33.0,0.0,732.0
84,Noah Syndergaard,5 Tms,11762,36.0,31.0,4.175564226255596,108.0,108.0,48.0,4.0,2.0,0.0,0.0,0.0,605.2,2549.0,613.0,299.0,281.0,70.0,142.0,5.0,28.0,10.0,0.0,542.0
85,Tyler Anderson,6 Tms,12880,55.0,65.0,4.423455707530185,204.0,204.0,78.0,1.0,0.0,0.0,0.0,0.0,1117.0,4758.0,1080.0,581.0,549.0,169.0,378.0,10.0,34.0,33.0,12.0,917.0
86,Hunter Brown,HOU,25880,41.0,34.0,3.5588236181427106,110.0,110.0,60.0,1.0,0.0,0.0,0.0,0.0,612.0,2524.0,524.0,261.0,242.0,71.0,222.0,1.0,25.0,10.0,2.0,676.0
87,Adam Wainwright,STL,2233,66.0,52.0,4.249443315436569,157.0,157.0,73.0,6.0,1.0,0.0,0.0,0.0,898.0,3840.0,924.0,442.0,424.0,107.0,286.0,16.0,34.0,15.0,1.0,715.0
88,Kenta Maeda,3 Tms,18498,46.0,40.0,4.416122862570626,140.0,140.0,40.0,0.0,0.0,0.0,0.0,0.0,715.1,2974.0,641.0,368.0,351.0,108.0,212.0,7.0,22.0,15.0,2.0,764.0
89,MacKenzie Gore,3 Tms,22201,34.0,52.0,4.283654066126739,134.0,134.0,45.0,0.0,0.0,0.0,0.0,0.0,693.1,2999.0,673.0,356.0,330.0,87.0,288.0,2.0,28.0,39.0,0.0,755.0
90,Hunter Greene,CIN,22182,27.0,31.0,3.8178344737535053,96.0,96.0,42.0,2.0,2.0,0.0,0.0,0.0,523.1,2181.0,415.0,233.0,222.0,74.0,188.0,0.0,39.0,22.0,1.0,650.0
91,Bryan Woo,SEA,30279,40.0,24.0,3.4189349884153963,99.0,99.0,51.0,0.0,0.0,0.0,0.0,0.0,563.1,2258.0,453.0,228.0,214.0,71.0,116.0,2.0,21.0,7.0,1.0,559.0
92,Spencer Strider,ATL,27498,41.0,25.0,3.947931698261504,85.0,85.0,41.0,0.0,0.0,0.0,0.0,0.0,467.1,1942.0,385.0,215.0,205.0,60.0,168.0,2.0,21.0,14.0,3.0,635.0
93,Yusei Kikuchi,4 Tms,20633,47.0,64.0,4.4868550338967434,199.0,199.0,67.0,1.0,1.0,0.0,0.0,0.0,1027.0,4420.0,1030.0,558.0,512.0,168.0,375.0,4.0,29.0,39.0,3.0,1036.0
94,Garrett Crochet,2 Tms,27463,27.0,20.0,3.2569930504351134,70.0,70.0,36.0,1.0,1.0,0.0,0.0,0.0,381.1,1547.0,321.0,146.0,138.0,47.0,90.0,0.0,12.0,12.0,4.0,501.0
95,Shane McClanahan,TBR,21483,43.0,23.0,3.0994898562429363,98.0,98.0,40.0,0.0,0.0,0.0,0.0,0.0,522.2,2114.0,424.0,195.0,180.0,58.0,155.0,1.0,9.0,22.0,0.0,562.0
96,Andrew Heaney,5 Tms,15423,47.0,62.0,4.510941436533917,184.0,184.0,57.0,1.0,1.0,0.0,0.0,0.0,959.2,4101.0,923.0,517.0,481.0,172.0,293.0,3.0,61.0,27.0,0.0,1010.0
97,Justin Steele,CHC,17312,30.0,22.0,3.338513638286198,91.0,91.0,41.0,1.0,0.0,0.0,0.0,0.0,493.1,2067.0,453.0,215.0,183.0,49.0,148.0,0.0,18.0,14.0,2.0,496.0
98,Marco Gonzales,3 Tms,15467,62.0,48.0,4.161692660108351,156.0,156.0,75.0,3.0,0.0,0.0,0.0,0.0,882.1,3719.0,910.0,446.0,408.0,125.0,226.0,5.0,29.0,7.0,1.0,648.0
99,Lance McCullers Jr.,HOU,14120,41.0,27.0,4.077734755997306,112.0,112.0,52.0,0.0,0.0,0.0,0.0,0.0,600.1,2560.0,510.0,293.0,272.0,59.0,265.0,1.0,41.0,34.0,2.0,662.0
100,Bailey Ober,MIN,21224,38.0,36.0,4.119262067630403,138.0,138.0,48.0,3.0,1.0,0.0,0.0,0.0,740.2,3041.0,682.0,353.0,339.0,122.0,169.0,0.0,23.0,4.0,3.0,692.0
101,Trevor Williams,5 Tms,16977,50.0,62.0,4.5082205633344214,178.0,178.0,52.0,1.0,1.0,0.0,0.0,0.0,912.1,3937.0,960.0,489.0,457.0,134.0,290.0,11.0,34.0,10.0,3.0,728.0
102,David Peterson,2 Tms,20302,40.0,38.0,4.375950673482914,136.0,136.0,48.0,2.0,1.0,0.0,0.0,0.0,701.1,3048.0,691.0,365.0,341.0,69.0,302.0,1.0,36.0,22.0,3.0,687.0
103,Patrick Sandoval,2 Tms,19447,19.0,51.0,4.1052634051632175,112.0,112.0,29.0,1.0,1.0,0.0,0.0,0.0,570.0,2504.0,566.0,305.0,260.0,55.0,257.0,4.0,18.0,26.0,3.0,560.0
104,Reid Detmers,LAA,27468,22.0,36.0,4.446871450701628,106.0,106.0,36.0,1.0,1.0,0.0,0.0,0.0,564.2,2393.0,517.0,293.0,279.0,74.0,201.0,4.0,30.0,18.0,0.0,622.0
105,Mike Minor,4 Tms,10021,39.0,48.0,4.568617784766486,118.0,118.0,42.0,3.0,2.0,0.0,0.0,0.0,677.2,2861.0,652.0,360.0,344.0,114.0,207.0,6.0,28.0,11.0,1.0,619.0
106,Tanner Bibee,CLE,30134,40.0,38.0,3.8117647914160515,119.0,119.0,53.0,2.0,1.0,0.0,0.0,0.0,680.0,2812.0,610.0,304.0,288.0,91.0,197.0,1.0,29.0,16.0,3.0,632.0
107,Rich Hill,8 Tms,4806,51.0,47.0,3.9451013481736976,156.0,156.0,46.0,1.0,0.0,0.0,0.0,0.0,789.1,3318.0,705.0,373.0,346.0,112.0,273.0,6.0,48.0,10.0,6.0,796.0
108,Cole Ragans,2 Tms,21846,20.0,21.0,3.622784915087299,74.0,74.0,33.0,1.0,0.0,0.0,0.0,0.0,395.0,1630.0,319.0,171.0,159.0,41.0,153.0,1.0,9.0,20.0,0.0,482.0
109,Reynaldo López,2 Tms,16400,33.0,44.0,4.190336971971064,130.0,130.0,55.0,1.0,0.0,0.0,0.0,0.0,683.0,2909.0,656.0,348.0,318.0,103.0,247.0,1.0,23.0,21.0,7.0,611.0
110,Dylan Bundy,3 Tms,12917,44.0,59.0,4.849349543853294,148.0,148.0,58.0,3.0,1.0,0.0,0.0,0.0,794.1,3384.0,788.0,459.0,428.0,143.0,239.0,2.0,32.0,19.0,2.0,740.0
111,Aaron Civale,5 Tms,19479,47.0,50.0,4.26493950178535,150.0,150.0,46.0,1.0,0.0,0.0,0.0,0.0,797.2,3349.0,775.0,398.0,378.0,122.0,225.0,3.0,32.0,14.0,4.0,705.0
112,Alex Wood,4 Tms,13781,45.0,37.0,4.202891512178645,134.0,134.0,46.0,0.0,0.0,0.0,0.0,0.0,691.2,2940.0,672.0,351.0,323.0,86.0,201.0,14.0,53.0,16.0,3.0,669.0
113,Jake Odorizzi,4 Tms,6397,44.0,39.0,4.203200795385474,139.0,139.0,37.0,0.0,0.0,0.0,0.0,0.0,687.1,2913.0,624.0,353.0,321.0,100.0,256.0,6.0,21.0,8.0,0.0,653.0
114,Taijuan Walker,5 Tms,11836,55.0,51.0,4.274668663360131,172.0,172.0,58.0,0.0,0.0,0.0,0.0,0.0,905.1,3863.0,870.0,469.0,430.0,132.0,330.0,9.0,38.0,16.0,2.0,752.0
115,Masahiro Tanaka,NYY,15764,39.0,29.0,4.280878898646692,98.0,98.0,48.0,3.0,3.0,0.0,0.0,0.0,561.1,2328.0,550.0,286.0,267.0,97.0,123.0,1.0,18.0,17.0,0.0,544.0
116,Michael King,2 Tms,19853,30.0,30.0,3.234281954949681,95.0,95.0,36.0,1.0,1.0,0.0,0.0,0.0,503.2,2098.0,424.0,205.0,181.0,57.0,184.0,3.0,27.0,9.0,2.0,513.0
117,Dallas Keuchel,7 Tms,9434,52.0,45.0,4.274617904898368,141.0,141.0,65.0,2.0,0.0,0.0,0.0,0.0,785.1,3387.0,819.0,404.0,373.0,90.0,267.0,4.0,21.0,24.0,0.0,571.0
118,Wade Miley,5 Tms,8779,50.0,40.0,3.9442230076625715,148.0,148.0,54.0,1.0,1.0,0.0,0.0,0.0,753.0,3250.0,739.0,363.0,330.0,91.0,301.0,2.0,26.0,11.0,4.0,584.0
119,Kyle Bradish,BAL,24586,26.0,29.0,3.6690508699202935,96.0,96.0,41.0,0.0,0.0,0.0,0.0,0.0,512.2,2138.0,457.0,226.0,209.0,56.0,185.0,1.0,22.0,27.0,0.0,521.0
120,Danny Duffy,KCR,3542,32.0,35.0,4.187956116920886,98.0,98.0,42.0,0.0,0.0,0.0,0.0,0.0,548.0,2344.0,532.0,272.0,255.0,73.0,201.0,2.0,18.0,26.0,2.0,507.0
121,Chris Archer,3 Tms,6345,22.0,37.0,4.431239302696928,114.0,114.0,39.0,0.0,0.0,0.0,0.0,0.0,589.0,2525.0,563.0,314.0,290.0,86.0,219.0,5.0,18.0,31.0,0.0,657.0
122,Andrew Abbott,CIN,29911,34.0,34.0,3.7718277736362333,106.0,106.0,40.0,1.0,1.0,0.0,0.0,0.0,572.2,2430.0,534.0,256.0,240.0,84.0,214.0,1.0,6.0,10.0,1.0,508.0
123,Antonio Senzatela,COL,15488,41.0,58.0,5.288537768691577,145.0,145.0,51.0,1.0,0.0,0.0,0.0,0.0,759.0,3352.0,919.0,474.0,446.0,100.0,241.0,10.0,33.0,15.0,9.0,480.0
124,Cal Quantrill,6 Tms,19312,49.0,49.0,4.352112845340157,164.0,164.0,62.0,0.0,0.0,0.0,0.0,0.0,852.0,3621.0,855.0,437.0,412.0,117.0,259.0,2.0,44.0,24.0,1.0,630.0
125,Adrian Houser,5 Tms,12718,36.0,49.0,4.409197757153386,141.0,141.0,36.0,1.0,1.0,0.0,0.0,0.0,710.1,3071.0,717.0,392.0,348.0,76.0,272.0,2.0,36.0,23.0,4.0,553.0
126,Dean Kremer,2 Tms,19350,44.0,43.0,4.381686510853309,138.0,138.0,46.0,1.0,1.0,0.0,0.0,0.0,735.1,3099.0,704.0,386.0,358.0,110.0,243.0,0.0,16.0,29.0,2.0,639.0
127,J.A. Happ,4 Tms,7410,51.0,35.0,4.400881180528851,125.0,125.0,47.0,0.0,0.0,0.0,0.0,0.0,681.0,2885.0,665.0,351.0,333.0,117.0,208.0,2.0,18.0,14.0,1.0,633.0
128,Rick Porcello,2 Tms,2717,43.0,43.0,4.872611346576196,110.0,110.0,52.0,3.0,0.0,0.0,0.0,0.0,628.0,2722.0,685.0,377.0,340.0,101.0,156.0,3.0,30.0,14.0,3.0,568.0
129,Steven Matz,4 Tms,13361,46.0,54.0,4.625590594274958,155.0,155.0,50.0,1.0,1.0,0.0,0.0,0.0,776.1,3352.0,806.0,428.0,399.0,126.0,246.0,11.0,32.0,17.0,3.0,732.0
130,Nick Martinez,4 Tms,12730,37.0,31.0,4.0350001795768815,108.0,108.0,43.0,2.0,0.0,0.0,0.0,0.0,600.0,2473.0,580.0,280.0,269.0,86.0,141.0,0.0,17.0,21.0,0.0,422.0
131,Ross Stripling,4 Tms,13273,29.0,36.0,4.110108473055807,115.0,115.0,29.0,0.0,0.0,0.0,0.0,0.0,554.0,2305.0,562.0,274.0,253.0,87.0,111.0,3.0,8.0,8.0,2.0,491.0
132,Jon Lester,3 Tms,4930,54.0,33.0,4.253508316067554,135.0,135.0,58.0,1.0,0.0,0.0,0.0,0.0,736.1,3180.0,781.0,396.0,348.0,112.0,248.0,9.0,21.0,12.0,0.0,627.0
133,Michael Soroka,5 Tms,18383,28.0,25.0,3.862606206206315,88.0,88.0,34.0,0.0,0.0,0.0,0.0,0.0,470.2,1962.0,427.0,213.0,202.0,52.0,141.0,2.0,33.0,11.0,2.0,408.0
134,Brandon Pfaadt,ARI,27782,34.0,31.0,4.764706187830448,101.0,101.0,36.0,0.0,0.0,0.0,0.0,0.0,555.1,2356.0,580.0,310.0,294.0,79.0,123.0,4.0,23.0,6.0,0.0,489.0
135,Casey Mize,2 Tms,20492,29.0,34.0,4.117021374057031,112.0,112.0,37.0,1.0,0.0,0.0,0.0,0.0,564.0,2379.0,557.0,279.0,258.0,79.0,155.0,1.0,23.0,14.0,1.0,470.0
136,Nestor Cortes,4 Tms,17874,29.0,24.0,3.7470120752058227,94.0,94.0,35.0,1.0,1.0,0.0,0.0,0.0,502.0,2051.0,437.0,216.0,209.0,79.0,136.0,0.0,13.0,4.0,2.0,496.0
137,Jacob Misiorowski,MIL,31623,20.0,8.0,2.5826087813206144,42.0,42.0,21.0,1.0,1.0,0.0,0.0,0.0,230.0,896.0,141.0,75.0,66.0,22.0,70.0,0.0,12.0,6.0,1.0,327.0
138,Brad Keller,3 Tms,15734,37.0,53.0,4.326120696701119,117.0,117.0,50.0,2.0,1.0,0.0,0.0,0.0,647.0,2809.0,648.0,335.0,311.0,64.0,284.0,4.0,25.0,38.0,1.0,485.0
139,Chris Paddack,5 Tms,20099,31.0,43.0,4.776119387877737,119.0,119.0,33.0,0.0,0.0,0.0,0.0,0.0,603.0,2549.0,616.0,339.0,320.0,99.0,137.0,2.0,16.0,15.0,1.0,538.0
140,Cam Schlittler,NYY,32095,18.0,9.0,2.2187105786468693,46.0,46.0,25.0,0.0,0.0,0.0,0.0,0.0,263.2,1051.0,184.0,74.0,65.0,24.0,78.0,0.0,11.0,3.0,0.0,318.0
141,Tanner Houck,BOS,19879,19.0,29.0,4.129160238130703,80.0,80.0,29.0,1.0,1.0,0.0,0.0,0.0,420.2,1784.0,389.0,215.0,193.0,40.0,137.0,2.0,36.0,10.0,0.0,392.0
142,Zach Davies,4 Tms,13183,46.0,49.0,4.462984643831091,166.0,166.0,44.0,0.0,0.0,0.0,0.0,0.0,851.0,3660.0,863.0,457.0,422.0,113.0,312.0,8.0,24.0,10.0,0.0,626.0
143,Gio Gonzalez,3 Tms,7448,27.0,23.0,3.5974484818394923,85.0,85.0,34.0,0.0,0.0,0.0,0.0,0.0,470.1,2000.0,423.0,198.0,188.0,50.0,204.0,7.0,9.0,17.0,0.0,428.0
144,Anthony DeSclafani,3 Tms,13050,34.0,38.0,4.329489359619815,117.0,117.0,40.0,2.0,2.0,0.0,0.0,0.0,607.0,2552.0,593.0,316.0,292.0,100.0,163.0,8.0,19.0,16.0,1.0,557.0
145,José Soriano,2 Tms,22100,28.0,25.0,3.8371576718264953,82.0,82.0,35.0,0.0,0.0,0.0,0.0,0.0,450.1,1896.0,392.0,214.0,192.0,35.0,193.0,2.0,22.0,20.0,0.0,413.0
146,Cristian Javier,HOU,17606,35.0,26.0,3.9444084937382695,101.0,101.0,35.0,0.0,0.0,0.0,0.0,0.0,515.2,2133.0,399.0,235.0,226.0,75.0,207.0,0.0,19.0,19.0,2.0,539.0
147,Madison Bumgarner,2 Tms,5524,34.0,57.0,4.313347167869997,141.0,141.0,62.0,2.0,1.0,0.0,0.0,0.0,811.2,3436.0,795.0,421.0,389.0,127.0,222.0,13.0,45.0,10.0,2.0,689.0
148,Gavin Williams,CLE,30122,31.0,28.0,3.620413682779358,93.0,93.0,32.0,0.0,0.0,0.0,0.0,0.0,499.2,2086.0,404.0,213.0,201.0,65.0,208.0,1.0,16.0,23.0,1.0,568.0
149,Jakob Junis,5 Tms,13619,29.0,40.0,4.526428268429848,117.0,117.0,39.0,1.0,0.0,0.0,0.0,0.0,624.1,2667.0,641.0,338.0,314.0,102.0,159.0,3.0,41.0,22.0,2.0,559.0
150,Dustin May,4 Tms,19716,23.0,28.0,4.176110345722953,86.0,86.0,33.0,1.0,1.0,0.0,0.0,0.0,435.1,1835.0,389.0,216.0,202.0,49.0,150.0,3.0,33.0,11.0,1.0,403.0
151,Taj Bradley,2 Tms,22543,30.0,33.0,4.518896334505361,103.0,103.0,38.0,0.0,0.0,0.0,0.0,0.0,555.2,2357.0,494.0,296.0,279.0,86.0,215.0,0.0,12.0,23.0,1.0,608.0
152,John Means,BAL,16269,21.0,26.0,3.64615388181788,73.0,73.0,30.0,1.0,1.0,0.0,0.0,0.0,390.0,1573.0,331.0,169.0,158.0,70.0,76.0,0.0,14.0,10.0,0.0,317.0
153,David Price,2 Tms,3184,28.0,17.0,3.847269724752009,74.0,74.0,34.0,1.0,0.0,0.0,0.0,0.0,390.2,1637.0,359.0,181.0,167.0,52.0,115.0,0.0,18.0,6.0,1.0,402.0
154,Spencer Turnbull,3 Tms,16207,14.0,30.0,4.358267601989862,68.0,68.0,20.0,1.0,1.0,0.0,0.0,0.0,338.2,1459.0,315.0,178.0,164.0,29.0,133.0,2.0,28.0,13.0,1.0,319.0
155,Shane Baz,2 Tms,22264,23.0,32.0,4.196078553428524,84.0,84.0,33.0,1.0,0.0,0.0,0.0,0.0,459.0,1938.0,422.0,226.0,214.0,58.0,163.0,1.0,20.0,14.0,0.0,445.0
156,Cole Hamels,3 Tms,4972,27.0,26.0,3.944865803734156,84.0,84.0,42.0,2.0,0.0,0.0,0.0,0.0,483.2,2051.0,445.0,234.0,212.0,64.0,175.0,2.0,37.0,14.0,3.0,438.0
157,Nick Lodolo,CIN,26378,27.0,28.0,4.251138782120587,95.0,95.0,36.0,2.0,1.0,0.0,0.0,0.0,512.1,2197.0,485.0,247.0,242.0,78.0,159.0,2.0,72.0,13.0,2.0,536.0
158,Tanner Roark,4 Tms,8753,34.0,39.0,4.64702445237167,103.0,103.0,42.0,0.0,0.0,0.0,0.0,0.0,571.1,2464.0,596.0,316.0,295.0,90.0,187.0,9.0,31.0,13.0,1.0,509.0
159,Brayan Bello,BOS,23920,40.0,41.0,4.407216639280045,107.0,107.0,45.0,2.0,0.0,0.0,0.0,0.0,582.0,2534.0,604.0,306.0,285.0,70.0,214.0,0.0,31.0,16.0,1.0,495.0
160,Mike Leake,3 Tms,10130,32.0,34.0,4.194021177017215,94.0,94.0,55.0,2.0,1.0,0.0,0.0,0.0,568.2,2401.0,635.0,305.0,265.0,84.0,98.0,8.0,25.0,7.0,0.0,376.0
161,Luke Weaver,5 Tms,16918,24.0,38.0,5.091534959528998,98.0,98.0,24.0,0.0,0.0,0.0,0.0,0.0,484.1,2116.0,524.0,286.0,274.0,80.0,153.0,7.0,12.0,6.0,0.0,477.0
162,Tony Gonsolin,LAD,19388,34.0,12.0,3.2825342894584746,78.0,78.0,20.0,0.0,0.0,0.0,0.0,0.0,389.1,1574.0,280.0,151.0,142.0,50.0,138.0,2.0,15.0,14.0,0.0,365.0
163,Luis Garcia,HOU,23735,29.0,17.0,3.612127157962424,65.0,65.0,22.0,0.0,0.0,0.0,0.0,0.0,346.1,1413.0,289.0,146.0,139.0,46.0,109.0,1.0,5.0,17.0,3.0,359.0
164,Kris Bubic,KCR,21455,20.0,36.0,4.283560918514529,89.0,89.0,34.0,0.0,0.0,0.0,0.0,0.0,464.1,2002.0,462.0,241.0,221.0,58.0,196.0,2.0,17.0,10.0,2.0,432.0
165,Aníbal Sánchez,3 Tms,3284,29.0,32.0,4.2659645574283305,96.0,96.0,35.0,0.0,0.0,0.0,0.0,0.0,506.1,2165.0,488.0,254.0,240.0,78.0,168.0,15.0,19.0,9.0,6.0,440.0
166,Ryan Yarbrough,4 Tms,16502,17.0,25.0,4.621621838207472,77.0,77.0,24.0,1.0,0.0,0.0,0.0,0.0,407.0,1700.0,407.0,225.0,209.0,55.0,79.0,4.0,30.0,5.0,2.0,313.0
167,Andre Pallante,STL,26108,29.0,32.0,4.2433937485635695,88.0,88.0,28.0,0.0,0.0,0.0,0.0,0.0,479.1,2032.0,473.0,246.0,226.0,45.0,168.0,0.0,14.0,29.0,4.0,343.0
168,Dinelson Lamet,2 Tms,17186,14.0,20.0,4.13082017200469,60.0,60.0,20.0,0.0,0.0,0.0,0.0,0.0,300.2,1271.0,246.0,151.0,138.0,43.0,123.0,2.0,17.0,20.0,1.0,386.0
169,Michael Lorenzen,7 Tms,14843,36.0,44.0,4.587782511560075,123.0,123.0,39.0,1.0,1.0,0.0,0.0,0.0,649.1,2782.0,649.0,353.0,331.0,93.0,242.0,0.0,25.0,25.0,2.0,512.0
170,Shota Imanaga,CHC,33829,35.0,21.0,3.4605895895939867,84.0,84.0,45.0,0.0,0.0,0.0,0.0,0.0,486.1,1944.0,415.0,201.0,187.0,92.0,91.0,0.0,10.0,8.0,0.0,455.0
171,Jeffrey Springs,3 Tms,17677,27.0,31.0,4.105816551698851,95.0,95.0,28.0,0.0,0.0,0.0,0.0,0.0,475.2,2003.0,441.0,239.0,217.0,79.0,151.0,0.0,10.0,1.0,7.0,431.0
172,Eric Lauer,4 Tms,19316,48.0,44.0,4.365853669820061,145.0,145.0,49.0,0.0,0.0,0.0,0.0,0.0,738.0,3188.0,739.0,391.0,358.0,126.0,263.0,8.0,23.0,14.0,5.0,671.0
173,Parker Messick,CLE,31986,15.0,10.0,2.60091752221755,37.0,37.0,18.0,0.0,0.0,0.0,0.0,0.0,218.0,876.0,184.0,67.0,63.0,21.0,53.0,2.0,4.0,8.0,2.0,224.0
174,Chase Burns,CIN,35333,15.0,6.0,3.2915195455490336,37.0,37.0,13.0,0.0,0.0,0.0,0.0,0.0,188.2,781.0,157.0,77.0,69.0,21.0,69.0,0.0,1.0,5.0,0.0,242.0
175,Dane Dunning,2 Tms,19409,25.0,31.0,4.269526331815367,102.0,102.0,29.0,0.0,0.0,0.0,0.0,0.0,520.2,2234.0,506.0,260.0,247.0,67.0,198.0,0.0,32.0,24.0,0.0,485.0
176,Bryce Miller,SEA,29837,27.0,30.0,4.008502429089029,94.0,94.0,31.0,0.0,0.0,0.0,0.0,0.0,509.2,2074.0,437.0,236.0,227.0,75.0,141.0,2.0,15.0,7.0,0.0,472.0
177,Alek Manoah,TOR,26410,29.0,20.0,3.3428572946665307,75.0,75.0,42.0,0.0,0.0,0.0,0.0,0.0,420.0,1763.0,331.0,176.0,156.0,48.0,158.0,1.0,44.0,9.0,4.0,412.0
178,Michael Pineda,3 Tms,5372,31.0,24.0,4.180094730050488,80.0,80.0,31.0,0.0,0.0,0.0,0.0,0.0,422.0,1767.0,439.0,213.0,196.0,73.0,84.0,2.0,10.0,14.0,1.0,368.0
179,Austin Gomber,2 Tms,16561,34.0,46.0,5.1119247422868455,124.0,124.0,48.0,0.0,0.0,0.0,0.0,0.0,637.1,2753.0,702.0,380.0,362.0,110.0,192.0,7.0,13.0,19.0,1.0,488.0
180,Mike Foltynewicz,2 Tms,10811,33.0,42.0,4.351366711284355,105.0,105.0,46.0,2.0,1.0,0.0,0.0,0.0,585.1,2484.0,542.0,302.0,283.0,96.0,201.0,7.0,27.0,18.0,2.0,540.0
181,Iván Nova,3 Tms,1994,32.0,36.0,4.5,98.0,98.0,42.0,4.0,1.0,0.0,0.0,0.0,554.0,2362.0,621.0,303.0,277.0,89.0,127.0,7.0,20.0,26.0,1.0,368.0
182,Jake Arrieta,3 Tms,4153,41.0,47.0,4.61861220446102,118.0,118.0,47.0,0.0,0.0,0.0,0.0,0.0,619.2,2684.0,646.0,367.0,318.0,95.0,223.0,9.0,31.0,39.0,1.0,526.0
183,Carlos Martinez,STL,11682,22.0,29.0,4.415372208128662,71.0,71.0,36.0,2.0,2.0,0.0,0.0,0.0,407.2,1770.0,377.0,222.0,200.0,46.0,166.0,9.0,30.0,17.0,0.0,389.0
184,Eury Pérez,MIA,27768,19.0,23.0,3.9145979339265624,67.0,67.0,21.0,0.0,0.0,0.0,0.0,0.0,335.2,1387.0,263.0,159.0,146.0,47.0,130.0,0.0,15.0,19.0,6.0,372.0
185,Clarke Schmidt,NYY,19899,18.0,21.0,3.917234820484857,67.0,67.0,14.0,0.0,0.0,0.0,0.0,0.0,342.1,1454.0,320.0,165.0,149.0,42.0,113.0,0.0,24.0,16.0,4.0,334.0
186,Braxton Garrett,MIA,21844,16.0,20.0,4.102669593318993,65.0,65.0,18.0,1.0,1.0,0.0,0.0,0.0,324.2,1386.0,328.0,158.0,148.0,39.0,89.0,1.0,27.0,12.0,0.0,322.0
187,Griffin Canning,3 Tms,19867,30.0,43.0,4.78185760899645,121.0,121.0,31.0,0.0,0.0,0.0,0.0,0.0,617.1,2651.0,601.0,344.0,328.0,102.0,241.0,1.0,22.0,30.0,5.0,584.0
188,Brett Anderson,4 Tms,8223,29.0,31.0,4.394428435160209,95.0,95.0,33.0,0.0,0.0,0.0,0.0,0.0,454.2,1938.0,496.0,239.0,222.0,52.0,121.0,2.0,12.0,9.0,2.0,265.0
189,Reese Olson,DET,24968,13.0,19.0,3.696821653811789,53.0,53.0,18.0,0.0,0.0,0.0,0.0,0.0,272.2,1129.0,236.0,122.0,112.0,26.0,89.0,2.0,10.0,10.0,1.0,261.0
190,Tyler Skaggs,LAA,10190,17.0,23.0,4.251724473497415,55.0,55.0,19.0,0.0,0.0,0.0,0.0,0.0,290.0,1233.0,290.0,147.0,137.0,36.0,96.0,0.0,13.0,9.0,4.0,283.0
191,Zack Godley,3 Tms,14862,24.0,30.0,4.892617159998921,74.0,74.0,29.0,0.0,0.0,0.0,0.0,0.0,397.1,1740.0,391.0,230.0,216.0,45.0,174.0,6.0,23.0,38.0,3.0,402.0
192,Spencer Schwellenbach,ATL,31846,15.0,11.0,3.2261736119879125,38.0,38.0,25.0,1.0,0.0,0.0,0.0,0.0,234.1,934.0,195.0,93.0,84.0,27.0,41.0,2.0,8.0,5.0,0.0,235.0
193,Johnny Cueto,4 Tms,6893,30.0,38.0,4.313432801711359,107.0,107.0,44.0,1.0,0.0,0.0,0.0,0.0,603.0,2560.0,618.0,308.0,289.0,90.0,179.0,6.0,29.0,10.0,3.0,480.0
194,Cole Irvin,3 Tms,19244,28.0,37.0,4.23121395058189,93.0,93.0,37.0,0.0,0.0,0.0,0.0,0.0,519.0,2199.0,540.0,268.0,244.0,70.0,120.0,3.0,26.0,9.0,0.0,373.0
195,Michael Fulmer,2 Tms,13218,14.0,28.0,4.614930995615024,64.0,64.0,28.0,1.0,0.0,0.0,0.0,0.0,339.1,1435.0,338.0,192.0,174.0,42.0,104.0,3.0,14.0,5.0,1.0,253.0
196,Bryce Elder,ATL,27779,32.0,32.0,4.42775244853702,104.0,104.0,51.0,1.0,1.0,0.0,0.0,0.0,581.1,2484.0,570.0,301.0,286.0,79.0,203.0,2.0,21.0,17.0,1.0,471.0
197,Tylor Megill,NYM,21318,26.0,26.0,4.436514677314161,81.0,81.0,15.0,1.0,0.0,0.0,0.0,0.0,401.2,1753.0,395.0,220.0,198.0,57.0,160.0,0.0,20.0,17.0,0.0,429.0
198,Jimmy Nelson,2 Tms,10547,12.0,8.0,3.8571426625154555,33.0,33.0,17.0,1.0,0.0,0.0,0.0,0.0,189.0,799.0,188.0,89.0,81.0,18.0,60.0,2.0,10.0,6.0,1.0,215.0
199,Noah Cameron,KCR,30184,18.0,15.0,3.5861691651385263,53.0,53.0,21.0,1.0,1.0,0.0,0.0,0.0,303.2,1250.0,260.0,126.0,121.0,37.0,94.0,2.0,8.0,5.0,0.0,261.0
200,Braxton Ashcraft,PIT,23793,15.0,8.0,3.3976511154447184,36.0,36.0,13.0,1.0,0.0,0.0,0.0,0.0,198.2,802.0,173.0,81.0,75.0,23.0,45.0,0.0,8.0,5.0,2.0,208.0
201,Jeff Samardzija,SFG,3254,21.0,34.0,4.4367136895886565,78.0,78.0,34.0,1.0,1.0,0.0,0.0,0.0,450.1,1871.0,424.0,236.0,222.0,71.0,111.0,6.0,16.0,9.0,0.0,381.0
202,Ryne Nelson,ARI,26253,26.0,23.0,4.431773426104059,93.0,93.0,38.0,0.0,0.0,0.0,0.0,0.0,505.2,2111.0,494.0,265.0,249.0,76.0,137.0,4.0,14.0,12.0,1.0,391.0
203,Davis Martin,CHW,21448,18.0,28.0,4.351648625278386,70.0,70.0,23.0,0.0,0.0,0.0,0.0,0.0,364.0,1552.0,364.0,190.0,176.0,43.0,123.0,2.0,22.0,14.0,3.0,292.0
204,Domingo Germán,2 Tms,17149,29.0,27.0,4.600558561174648,91.0,91.0,34.0,1.0,1.0,0.0,0.0,0.0,477.1,2001.0,426.0,262.0,244.0,92.0,143.0,0.0,21.0,19.0,3.0,482.0
205,Erick Fedde,4 Tms,17425,38.0,56.0,4.845283216487991,158.0,158.0,38.0,1.0,1.0,0.0,0.0,0.0,795.0,3449.0,819.0,445.0,428.0,128.0,310.0,14.0,21.0,16.0,3.0,621.0
206,Vince Velasquez,4 Tms,11189,26.0,43.0,5.161764812896321,113.0,113.0,25.0,0.0,0.0,0.0,0.0,0.0,521.1,2272.0,514.0,313.0,299.0,94.0,212.0,6.0,29.0,18.0,1.0,547.0
207,Kodai Senga,NYM,31838,20.0,20.0,3.6663159403740266,60.0,60.0,23.0,0.0,0.0,0.0,0.0,0.0,316.2,1346.0,255.0,141.0,129.0,39.0,157.0,0.0,11.0,20.0,1.0,358.0
208,José Urquidy,2 Tms,18413,27.0,17.0,3.9747387221850934,71.0,71.0,33.0,0.0,0.0,0.0,0.0,0.0,382.2,1574.0,348.0,171.0,169.0,60.0,92.0,0.0,13.0,11.0,1.0,312.0
209,Jhoulys Chacín,4 Tms,2608,31.0,30.0,4.205841683543304,92.0,92.0,32.0,0.0,0.0,0.0,0.0,0.0,479.1,2043.0,429.0,240.0,224.0,63.0,189.0,9.0,30.0,15.0,1.0,413.0
210,Cade Cavalli,WSN,27473,16.0,7.0,3.5164672717008165,43.0,43.0,20.0,0.0,0.0,0.0,0.0,0.0,222.2,948.0,211.0,103.0,87.0,25.0,65.0,0.0,23.0,7.0,1.0,246.0
211,Joey Lucchesi,2 Tms,19320,22.0,25.0,4.089500778355188,77.0,77.0,21.0,0.0,0.0,0.0,0.0,0.0,387.1,1630.0,360.0,184.0,176.0,55.0,135.0,2.0,10.0,15.0,1.0,380.0
212,Andrew Cashner,3 Tms,8782,25.0,33.0,4.4563104637856,79.0,79.0,42.0,0.0,0.0,0.0,0.0,0.0,446.1,1926.0,460.0,246.0,221.0,58.0,175.0,3.0,16.0,22.0,1.0,272.0
213,Chase Anderson,6 Tms,6895,33.0,31.0,4.3616546067697906,123.0,123.0,31.0,0.0,0.0,0.0,0.0,0.0,596.1,2507.0,538.0,300.0,289.0,101.0,217.0,2.0,37.0,2.0,1.0,509.0
214,Nolan McLean,NYM,33703,16.0,11.0,2.936556026611145,38.0,38.0,23.0,0.0,0.0,0.0,0.0,0.0,220.2,910.0,171.0,86.0,72.0,21.0,85.0,0.0,17.0,4.0,0.0,246.0
215,Ryan Feltner,COL,21446,14.0,35.0,5.45270298378934,89.0,89.0,25.0,0.0,0.0,0.0,0.0,0.0,444.0,1956.0,471.0,292.0,269.0,65.0,177.0,0.0,16.0,10.0,2.0,366.0
216,CC Sabathia,NYY,404,28.0,20.0,4.0147060324989035,78.0,78.0,29.0,0.0,0.0,0.0,0.0,0.0,408.0,1753.0,401.0,200.0,182.0,67.0,140.0,1.0,19.0,8.0,0.0,365.0
217,Grayson Rodriguez,2 Tms,24492,24.0,16.0,4.630892855220203,62.0,62.0,21.0,0.0,0.0,0.0,0.0,0.0,332.1,1427.0,336.0,181.0,171.0,46.0,116.0,2.0,14.0,12.0,0.0,342.0
218,Kutter Crawford,BOS,20531,16.0,29.0,4.6945490573224795,69.0,69.0,23.0,0.0,0.0,0.0,0.0,0.0,354.2,1477.0,320.0,195.0,185.0,59.0,105.0,0.0,16.0,10.0,1.0,349.0
219,Will Warren,NYY,30182,19.0,17.0,4.568389137205266,66.0,66.0,14.0,0.0,0.0,0.0,0.0,0.0,329.0,1444.0,338.0,193.0,167.0,47.0,123.0,1.0,9.0,6.0,4.0,343.0
220,Triston McKenzie,CLE,18000,21.0,28.0,4.017228036843964,80.0,80.0,32.0,0.0,0.0,0.0,0.0,0.0,425.2,1735.0,319.0,195.0,190.0,72.0,167.0,1.0,10.0,15.0,2.0,446.0
221,Ryan Pepiot,2 Tms,26221,23.0,21.0,3.682997239621206,67.0,67.0,25.0,0.0,0.0,0.0,0.0,0.0,347.0,1419.0,267.0,153.0,142.0,51.0,132.0,0.0,17.0,10.0,0.0,356.0
222,Zach Plesac,2 Tms,19979,27.0,28.0,4.314724455003117,86.0,86.0,36.0,1.0,1.0,0.0,0.0,0.0,477.2,2003.0,462.0,250.0,229.0,76.0,130.0,1.0,16.0,10.0,1.0,364.0
223,Sean Newcomb,5 Tms,16943,16.0,24.0,4.298507731899347,71.0,71.0,24.0,0.0,0.0,0.0,0.0,0.0,335.0,1477.0,322.0,172.0,160.0,35.0,173.0,7.0,13.0,10.0,0.0,333.0
224,Landen Roupp,SFG,30076,17.0,23.0,3.916765799468715,55.0,55.0,19.0,0.0,0.0,0.0,0.0,0.0,280.1,1213.0,258.0,137.0,122.0,23.0,127.0,1.0,8.0,11.0,2.0,259.0
225,Brad Peacock,2 Tms,5401,15.0,9.0,3.80475356514599,38.0,38.0,14.0,0.0,0.0,0.0,0.0,0.0,196.1,819.0,167.0,85.0,83.0,23.0,71.0,0.0,8.0,4.0,1.0,219.0
226,Paul Blackburn,3 Tms,14739,22.0,30.0,4.7610688781914785,88.0,88.0,24.0,0.0,0.0,0.0,0.0,0.0,436.2,1886.0,474.0,240.0,231.0,56.0,138.0,3.0,19.0,7.0,0.0,339.0
227,Jared Jones,PIT,27863,10.0,14.0,4.1538462533479805,41.0,41.0,16.0,0.0,0.0,0.0,0.0,0.0,212.1,884.0,183.0,103.0,98.0,30.0,70.0,1.0,7.0,6.0,2.0,241.0
228,Edward Cabrera,2 Tms,21690,29.0,33.0,4.346693552919038,102.0,102.0,23.0,0.0,0.0,0.0,0.0,0.0,499.0,2137.0,425.0,263.0,241.0,73.0,240.0,0.0,33.0,16.0,4.0,532.0
229,Ian Anderson,ATL,19951,22.0,13.0,3.9657282926903954,52.0,52.0,19.0,0.0,0.0,0.0,0.0,0.0,272.1,1166.0,241.0,125.0,120.0,29.0,121.0,2.0,4.0,15.0,0.0,262.0
230,Jason Vargas,3 Tms,8044,32.0,29.0,4.560666027612624,81.0,81.0,29.0,2.0,2.0,0.0,0.0,0.0,420.1,1802.0,418.0,224.0,213.0,65.0,151.0,5.0,16.0,11.0,1.0,341.0
231,Payton Tolle,BOS,35466,9.0,7.0,3.3456521808492665,28.0,28.0,13.0,0.0,0.0,0.0,0.0,0.0,153.1,622.0,126.0,61.0,57.0,19.0,44.0,1.0,5.0,3.0,1.0,178.0
232,Zack Littell,5 Tms,15823,26.0,30.0,4.175068260930572,93.0,93.0,32.0,1.0,0.0,0.0,0.0,0.0,489.1,2054.0,494.0,242.0,227.0,89.0,103.0,1.0,20.0,4.0,0.0,374.0
233,Homer Bailey,4 Tms,8362,21.0,32.0,5.443941833388933,71.0,71.0,26.0,1.0,0.0,0.0,0.0,0.0,368.2,1643.0,421.0,236.0,223.0,56.0,131.0,12.0,15.0,10.0,2.0,298.0
234,Mike Fiers,3 Tms,7754,41.0,26.0,4.186411003759711,104.0,104.0,49.0,1.0,1.0,0.0,0.0,0.0,574.0,2418.0,560.0,279.0,267.0,105.0,171.0,1.0,33.0,29.0,2.0,450.0
235,Jordan Zimmermann,DET,4505,16.0,34.0,5.744680815197679,79.0,79.0,24.0,0.0,0.0,0.0,0.0,0.0,407.1,1789.0,494.0,277.0,260.0,76.0,96.0,4.0,15.0,7.0,0.0,300.0
236,Emmet Sheehan,LAD,29839,14.0,11.0,4.459091141046583,45.0,45.0,12.0,0.0,0.0,0.0,0.0,0.0,220.0,915.0,186.0,113.0,109.0,37.0,70.0,1.0,11.0,6.0,2.0,253.0
237,Daniel Norris,2 Tms,13475,8.0,27.0,4.8651548689626996,59.0,59.0,10.0,0.0,0.0,0.0,0.0,0.0,279.1,1222.0,303.0,158.0,151.0,41.0,99.0,3.0,13.0,6.0,1.0,249.0
238,Matthew Liberatore,STL,22294,18.0,35.0,5.055509831333514,83.0,83.0,21.0,0.0,0.0,0.0,0.0,0.0,402.1,1761.0,443.0,246.0,226.0,59.0,141.0,0.0,15.0,22.0,0.0,350.0
239,Joey Cantillo,CLE,23335,15.0,16.0,3.8830645161290325,51.0,51.0,9.0,0.0,0.0,0.0,0.0,0.0,248.0,1070.0,228.0,123.0,107.0,28.0,120.0,0.0,5.0,9.0,0.0,269.0
240,Janson Junk,3 Tms,23301,12.0,16.0,4.644315017304331,46.0,46.0,9.0,0.0,0.0,0.0,0.0,0.0,228.2,970.0,249.0,131.0,118.0,29.0,49.0,0.0,8.0,3.0,0.0,157.0
241,Clay Holmes,3 Tms,13649,19.0,18.0,3.7252747773289214,52.0,52.0,16.0,0.0,0.0,0.0,0.0,0.0,273.0,1164.0,240.0,123.0,113.0,22.0,118.0,1.0,15.0,8.0,2.0,213.0
242,Mitchell Parker,WSN,27636,15.0,26.0,5.091594911305574,59.0,59.0,22.0,0.0,0.0,0.0,0.0,0.0,309.1,1348.0,329.0,197.0,175.0,43.0,100.0,0.0,6.0,9.0,0.0,234.0
243,Chris Flexen,5 Tms,13896,29.0,45.0,4.992511657869532,111.0,111.0,37.0,0.0,0.0,0.0,0.0,0.0,578.2,2533.0,645.0,335.0,321.0,90.0,210.0,4.0,15.0,18.0,2.0,413.0
244,Graham Ashcraft,CIN,27552,17.0,20.0,4.9115857085892545,60.0,60.0,27.0,0.0,0.0,0.0,0.0,0.0,328.0,1438.0,356.0,189.0,179.0,45.0,109.0,1.0,24.0,16.0,1.0,239.0
245,Colin Rea,2 Tms,12317,32.0,26.0,4.611473438771147,97.0,97.0,24.0,0.0,0.0,0.0,0.0,0.0,511.1,2169.0,505.0,272.0,262.0,88.0,151.0,1.0,23.0,6.0,2.0,421.0
246,Joe Ross,3 Tms,12972,16.0,21.0,4.337601881893642,55.0,55.0,21.0,0.0,0.0,0.0,0.0,0.0,286.1,1238.0,293.0,153.0,138.0,44.0,98.0,6.0,12.0,2.0,0.0,261.0
247,Ryan Weathers,3 Tms,23796,15.0,28.0,4.554217073044915,80.0,80.0,18.0,0.0,0.0,0.0,0.0,0.0,387.1,1654.0,392.0,211.0,196.0,63.0,129.0,2.0,17.0,11.0,1.0,350.0
248,Trevor Cahill,6 Tms,6249,13.0,18.0,4.954703766896533,59.0,59.0,16.0,0.0,0.0,0.0,0.0,0.0,287.0,1236.0,276.0,169.0,158.0,41.0,113.0,1.0,12.0,31.0,0.0,271.0
249,Jordan Lyles,6 Tms,7593,43.0,62.0,5.353747410804821,143.0,143.0,44.0,4.0,0.0,0.0,0.0,0.0,778.1,3359.0,830.0,488.0,463.0,153.0,245.0,2.0,24.0,36.0,0.0,639.0
250,Sean Burke,CHW,29878,13.0,16.0,3.992217898832685,51.0,51.0,17.0,0.0,0.0,0.0,0.0,0.0,257.0,1111.0,236.0,127.0,114.0,37.0,112.0,0.0,13.0,13.0,2.0,262.0
251,Chad Kuhl,4 Tms,14975,24.0,38.0,4.968140559196064,103.0,103.0,30.0,1.0,1.0,0.0,0.0,0.0,512.2,2251.0,517.0,306.0,283.0,78.0,241.0,10.0,26.0,30.0,1.0,451.0
252,Chad Patrick,MIL,30113,5.0,9.0,3.3750000894069694,29.0,29.0,6.0,0.0,0.0,0.0,0.0,0.0,144.0,606.0,135.0,56.0,54.0,13.0,53.0,2.0,4.0,1.0,0.0,142.0
253,Logan Henderson,MIL,31475,13.0,3.0,2.3511237214722644,22.0,22.0,8.0,0.0,0.0,0.0,0.0,0.0,118.2,448.0,77.0,32.0,31.0,17.0,24.0,0.0,1.0,1.0,0.0,140.0
254,Jason Hammel,KCR,4538,10.0,24.0,5.603773484072173,50.0,50.0,21.0,0.0,0.0,0.0,0.0,0.0,282.2,1274.0,343.0,185.0,176.0,40.0,79.0,4.0,12.0,7.0,1.0,211.0
255,Peter Lambert,2 Tms,17969,13.0,25.0,5.376873765982807,62.0,62.0,16.0,0.0,0.0,0.0,0.0,0.0,311.1,1379.0,333.0,191.0,186.0,46.0,112.0,3.0,24.0,15.0,0.0,254.0
256,Jake Irvin,WSN,21504,24.0,43.0,5.027586405297105,109.0,109.0,33.0,0.0,0.0,0.0,0.0,0.0,580.0,2492.0,574.0,343.0,324.0,102.0,210.0,1.0,27.0,12.0,3.0,469.0
257,Garrett Richards,4 Tms,9784,13.0,17.0,4.428396593504274,59.0,59.0,12.0,0.0,0.0,0.0,0.0,0.0,272.1,1185.0,274.0,153.0,134.0,39.0,113.0,0.0,8.0,25.0,0.0,256.0
258,Ben Brown,CHC,23590,8.0,9.0,4.299363161788337,31.0,31.0,8.0,0.0,0.0,0.0,0.0,0.0,157.0,657.0,143.0,75.0,75.0,19.0,48.0,0.0,7.0,4.0,0.0,165.0
259,JT Brubaker,2 Tms,17578,9.0,28.0,5.074973764388499,63.0,63.0,16.0,0.0,0.0,0.0,0.0,0.0,315.2,1391.0,330.0,190.0,178.0,51.0,109.0,1.0,20.0,15.0,3.0,322.0
260,Michael McGreevy,STL,29869,16.0,13.0,4.007299270072993,49.0,49.0,25.0,0.0,0.0,0.0,0.0,0.0,274.0,1133.0,272.0,130.0,122.0,34.0,67.0,0.0,4.0,2.0,1.0,180.0
261,Keider Montero,DET,22630,17.0,16.0,3.8754450503010625,53.0,53.0,15.0,1.0,1.0,0.0,0.0,0.0,281.0,1152.0,255.0,127.0,121.0,38.0,79.0,0.0,10.0,3.0,0.0,194.0
262,Bailey Falter,3 Tms,20070,22.0,28.0,4.74532155048425,85.0,85.0,24.0,0.0,0.0,0.0,0.0,0.0,409.2,1718.0,419.0,228.0,216.0,67.0,125.0,0.0,7.0,6.0,0.0,292.0
263,Trevor Richards,3 Tms,19309,8.0,23.0,4.309859154929577,61.0,61.0,16.0,0.0,0.0,0.0,0.0,0.0,284.0,1221.0,270.0,140.0,136.0,41.0,116.0,11.0,10.0,13.0,1.0,286.0
264,Bubba Chandler,PIT,29868,10.0,9.0,4.463709711749398,33.0,33.0,6.0,0.0,0.0,0.0,0.0,0.0,165.1,714.0,147.0,91.0,82.0,15.0,77.0,1.0,8.0,5.0,0.0,153.0
265,Brent Suter,4 Tms,13942,10.0,11.0,3.928093689335877,48.0,48.0,6.0,0.0,0.0,0.0,0.0,0.0,199.1,829.0,194.0,94.0,87.0,27.0,49.0,3.0,5.0,1.0,0.0,160.0
266,Mike Montgomery,2 Tms,4869,12.0,17.0,4.171674092938606,47.0,47.0,16.0,0.0,0.0,0.0,0.0,0.0,233.0,997.0,245.0,118.0,108.0,28.0,70.0,3.0,14.0,9.0,0.0,178.0
267,Drew Smyly,5 Tms,11760,27.0,29.0,4.826373848926051,94.0,94.0,21.0,0.0,0.0,0.0,0.0,0.0,455.0,1980.0,471.0,263.0,244.0,92.0,159.0,2.0,15.0,20.0,2.0,439.0
268,JP Sears,3 Tms,23429,32.0,45.0,4.597425554029078,108.0,108.0,30.0,0.0,0.0,0.0,0.0,0.0,569.2,2425.0,567.0,305.0,291.0,105.0,166.0,3.0,38.0,3.0,1.0,473.0
269,Marco Estrada,2 Tms,1118,17.0,25.0,5.374528089128138,66.0,66.0,29.0,0.0,0.0,0.0,0.0,0.0,353.1,1539.0,364.0,214.0,211.0,67.0,129.0,0.0,7.0,6.0,0.0,290.0
270,Luis Gil,NYY,21052,21.0,11.0,3.6849491588898657,51.0,51.0,15.0,0.0,0.0,0.0,0.0,0.0,261.1,1114.0,191.0,111.0,107.0,33.0,142.0,0.0,13.0,14.0,4.0,264.0
271,Dakota Hudson,2 Tms,19206,34.0,31.0,4.334862406993693,97.0,97.0,36.0,0.0,0.0,0.0,0.0,0.0,508.2,2191.0,494.0,268.0,245.0,55.0,238.0,9.0,29.0,17.0,0.0,331.0
272,Kyle Harrison,3 Tms,27758,19.0,14.0,4.279018057538776,61.0,61.0,17.0,0.0,0.0,0.0,0.0,0.0,298.2,1286.0,296.0,155.0,142.0,49.0,99.0,0.0,17.0,6.0,1.0,318.0
273,Matt Manning,DET,20369,11.0,15.0,4.429133991305553,50.0,50.0,14.0,0.0,0.0,0.0,0.0,0.0,254.0,1087.0,242.0,138.0,125.0,30.0,85.0,0.0,9.0,4.0,0.0,178.0
274,Julio Teheran,5 Tms,6797,33.0,42.0,4.448058810768094,118.0,118.0,57.0,0.0,0.0,0.0,0.0,0.0,635.1,2706.0,559.0,334.0,314.0,104.0,269.0,9.0,36.0,15.0,6.0,543.0
275,Jack Leiter,TEX,30146,13.0,19.0,4.905882573111257,50.0,50.0,12.0,0.0,0.0,0.0,0.0,0.0,255.0,1118.0,240.0,149.0,139.0,36.0,112.0,0.0,12.0,15.0,1.0,250.0
276,José Ureña,8 Tms,11589,34.0,59.0,4.740845204148829,137.0,137.0,48.0,1.0,0.0,0.0,0.0,0.0,710.0,3076.0,720.0,404.0,374.0,104.0,271.0,15.0,40.0,16.0,2.0,482.0
277,Walbert Ureña,LAA,29357,9.0,9.0,2.7757011324945706,26.0,26.0,13.0,1.0,0.0,0.0,0.0,0.0,142.2,590.0,102.0,45.0,44.0,9.0,64.0,1.0,8.0,5.0,2.0,138.0
278,J.T. Ginn,OAK,27889,14.0,16.0,4.259155043995684,46.0,46.0,14.0,1.0,0.0,0.0,0.0,0.0,236.2,1011.0,222.0,119.0,112.0,35.0,89.0,1.0,17.0,4.0,1.0,222.0
279,Randy Vásquez,2 Tms,24719,21.0,20.0,3.971322863227932,73.0,73.0,21.0,0.0,0.0,0.0,0.0,0.0,360.1,1535.0,356.0,165.0,159.0,45.0,123.0,3.0,21.0,10.0,4.0,220.0
280,Logan Allen,CLE,27589,22.0,24.0,4.593750250991447,75.0,75.0,19.0,0.0,0.0,0.0,0.0,0.0,384.0,1675.0,409.0,210.0,196.0,56.0,156.0,1.0,11.0,9.0,0.0,322.0
281,Christian Scott,NYM,30107,4.0,8.0,4.061440907737654,32.0,32.0,6.0,0.0,0.0,0.0,0.0,0.0,157.1,671.0,138.0,72.0,71.0,20.0,59.0,0.0,11.0,1.0,1.0,173.0
282,Clayton Richard,2 Tms,3551,16.0,31.0,5.135381783198707,69.0,69.0,29.0,2.0,1.0,0.0,0.0,0.0,401.1,1741.0,452.0,245.0,229.0,52.0,137.0,7.0,22.0,17.0,5.0,281.0
283,Johan Oviedo,2 Tms,22487,13.0,26.0,4.392857292476971,67.0,67.0,18.0,1.0,1.0,0.0,0.0,0.0,336.0,1494.0,301.0,180.0,164.0,38.0,170.0,3.0,30.0,15.0,5.0,296.0
284,Andrew Alvarez,WSN,29914,1.0,6.0,2.83757979019917,21.0,21.0,5.0,0.0,0.0,0.0,0.0,0.0,104.2,437.0,79.0,35.0,33.0,5.0,48.0,0.0,3.0,7.0,0.0,99.0
285,Kyle Leahy,STL,24763,10.0,5.0,3.574468085106383,30.0,30.0,6.0,0.0,0.0,0.0,0.0,0.0,141.0,596.0,145.0,57.0,56.0,15.0,41.0,0.0,5.0,4.0,0.0,130.0
286,Slade Cecconi,2 Tms,27500,13.0,20.0,4.811320927865403,61.0,61.0,19.0,0.0,0.0,0.0,0.0,0.0,318.0,1354.0,335.0,179.0,170.0,51.0,84.0,2.0,10.0,7.0,1.0,259.0
287,Max Meyer,MIA,27474,15.0,12.0,4.0726257579937775,45.0,45.0,15.0,0.0,0.0,0.0,0.0,0.0,238.2,1021.0,226.0,121.0,108.0,39.0,82.0,0.0,12.0,5.0,1.0,241.0
288,Simeon Woods Richardson,MIN,24494,12.0,16.0,4.711825818125172,61.0,61.0,11.0,0.0,0.0,0.0,0.0,0.0,290.1,1253.0,280.0,162.0,152.0,42.0,118.0,0.0,7.0,10.0,1.0,248.0
289,Drew Pomeranz,4 Tms,11426,20.0,20.0,4.504939763546778,65.0,65.0,20.0,0.0,0.0,0.0,0.0,0.0,303.2,1342.0,318.0,160.0,152.0,47.0,139.0,0.0,10.0,11.0,2.0,309.0
290,Matt Harvey,5 Tms,11713,21.0,38.0,6.071374010611343,90.0,90.0,20.0,0.0,0.0,0.0,0.0,0.0,434.1,1947.0,507.0,304.0,293.0,81.0,148.0,6.0,20.0,14.0,2.0,335.0
291,Foster Griffin,2 Tms,16432,15.0,5.0,3.672000140075689,30.0,30.0,14.0,0.0,0.0,0.0,0.0,0.0,166.2,693.0,154.0,75.0,68.0,23.0,45.0,0.0,10.0,3.0,1.0,151.0
292,Ben Lively,3 Tms,14932,22.0,27.0,4.335414948362005,70.0,70.0,22.0,1.0,0.0,0.0,0.0,0.0,373.2,1583.0,373.0,186.0,180.0,63.0,117.0,2.0,19.0,3.0,2.0,283.0
293,Jake Bennett,BOS,31959,9.0,7.0,3.7750760753846344,19.0,19.0,9.0,0.0,0.0,0.0,0.0,0.0,109.2,441.0,101.0,47.0,46.0,12.0,20.0,2.0,3.0,2.0,0.0,90.0
294,Brandon McCarthy,2 Tms,4662,12.0,7.0,4.354838843648321,31.0,31.0,11.0,0.0,0.0,0.0,0.0,0.0,165.1,697.0,176.0,84.0,80.0,20.0,46.0,0.0,3.0,6.0,0.0,131.0
295,Javier Assad,CHC,21741,19.0,11.0,3.5050711023998797,65.0,65.0,14.0,0.0,0.0,0.0,0.0,0.0,328.2,1390.0,305.0,133.0,128.0,46.0,129.0,1.0,10.0,11.0,0.0,254.0
296,Stephen Kolek,2 Tms,21487,9.0,10.0,3.8340000585021983,29.0,29.0,14.0,2.0,2.0,0.0,0.0,0.0,166.2,685.0,153.0,79.0,71.0,17.0,43.0,1.0,9.0,2.0,0.0,111.0
297,Cody Bradford,TEX,27597,7.0,11.0,4.362997930924155,28.0,28.0,9.0,0.0,0.0,0.0,0.0,0.0,142.1,598.0,145.0,71.0,69.0,19.0,32.0,0.0,2.0,1.0,0.0,115.0
298,Steven Brault,PIT,15291,6.0,12.0,4.628571386531908,45.0,45.0,8.0,1.0,0.0,0.0,0.0,0.0,210.0,919.0,200.0,114.0,108.0,24.0,95.0,5.0,15.0,15.0,1.0,171.0
299,Randy Dobnak,2 Tms,23798,12.0,13.0,3.959267094668739,33.0,33.0,6.0,0.0,0.0,0.0,0.0,0.0,163.2,695.0,167.0,74.0,72.0,15.0,48.0,0.0,11.0,2.0,1.0,101.0
300,Grant Holmes,ATL,16944,15.0,14.0,3.7997714324023377,57.0,57.0,20.0,0.0,0.0,0.0,0.0,0.0,291.1,1243.0,265.0,126.0,123.0,43.0,122.0,2.0,10.0,11.0,0.0,271.0
301,Jacob Lopez,2 Tms,25098,13.0,11.0,4.921182335367565,42.0,42.0,11.0,0.0,0.0,0.0,0.0,0.0,203.0,892.0,193.0,118.0,111.0,35.0,89.0,0.0,12.0,2.0,1.0,209.0
302,Matt Strahm,3 Tms,13799,6.0,13.0,4.839623044270508,35.0,35.0,6.0,0.0,0.0,0.0,0.0,0.0,141.1,600.0,142.0,78.0,76.0,25.0,31.0,2.0,9.0,5.0,2.0,154.0
303,Cade Horton,CHC,31872,11.0,4.0,2.5219781871666087,24.0,24.0,6.0,0.0,0.0,0.0,0.0,0.0,121.1,484.0,95.0,39.0,34.0,10.0,35.0,0.0,5.0,0.0,0.0,96.0
304,Luis Perdomo,SDP,14682,9.0,17.0,5.169304286941462,41.0,41.0,17.0,0.0,0.0,0.0,0.0,0.0,210.2,943.0,247.0,136.0,121.0,21.0,87.0,5.0,11.0,15.0,2.0,155.0
305,Jaime Barria,LAA,18356,16.0,23.0,4.113995768734057,62.0,62.0,10.0,0.0,0.0,0.0,0.0,0.0,295.1,1250.0,291.0,138.0,135.0,54.0,97.0,0.0,11.0,7.0,1.0,232.0
306,Tyler Alexander,5 Tms,17735,6.0,24.0,4.567164357878585,62.0,62.0,10.0,0.0,0.0,0.0,0.0,0.0,268.0,1146.0,282.0,146.0,136.0,44.0,70.0,0.0,11.0,4.0,0.0,206.0
307,Troy Melton,DET,31807,10.0,5.0,2.6040609767367022,23.0,23.0,10.0,0.0,0.0,0.0,0.0,0.0,131.1,530.0,103.0,44.0,38.0,15.0,38.0,0.0,6.0,3.0,0.0,109.0
308,Sal Romano,CIN,13690,12.0,18.0,5.070229302921983,41.0,41.0,13.0,0.0,0.0,0.0,0.0,0.0,218.1,967.0,232.0,132.0,123.0,31.0,86.0,7.0,7.0,10.0,0.0,167.0
309,Yonny Chirinos,3 Tms,16401,8.0,13.0,4.79289931362114,44.0,44.0,11.0,0.0,0.0,0.0,0.0,0.0,225.1,966.0,238.0,126.0,120.0,36.0,66.0,2.0,13.0,11.0,2.0,191.0
310,Rhett Lowder,CIN,33876,8.0,13.0,5.047297492438297,30.0,30.0,7.0,0.0,0.0,0.0,0.0,0.0,148.0,659.0,158.0,86.0,83.0,17.0,60.0,0.0,6.0,1.0,1.0,117.0
311,Shane Smith,CHW,31687,7.0,10.0,4.1896553446364955,32.0,32.0,7.0,0.0,0.0,0.0,0.0,0.0,154.2,665.0,129.0,82.0,72.0,18.0,67.0,1.0,13.0,8.0,0.0,156.0
312,Ryne Stanek,TBR,15947,0.0,3.0,2.7108436226758497,56.0,56.0,0.0,0.0,0.0,0.0,0.0,0.0,83.0,331.0,57.0,27.0,25.0,9.0,31.0,0.0,1.0,3.0,0.0,102.0
313,Austin Voth,2 Tms,15047,9.0,11.0,4.231343479325399,39.0,39.0,6.0,1.0,0.0,0.0,0.0,0.0,178.2,757.0,169.0,87.0,84.0,29.0,57.0,4.0,10.0,3.0,0.0,161.0
314,Aaron Sanchez,5 Tms,11490,14.0,28.0,5.348076991735127,72.0,72.0,16.0,0.0,0.0,0.0,0.0,0.0,346.2,1580.0,384.0,225.0,206.0,45.0,169.0,5.0,27.0,13.0,1.0,279.0
315,Gavin Stone,LAD,27792,11.0,5.0,4.5096361308614785,29.0,29.0,10.0,1.0,1.0,0.0,0.0,0.0,155.2,664.0,165.0,79.0,78.0,21.0,45.0,0.0,2.0,9.0,0.0,123.0
316,Anthony Kay,2 Tms,20387,10.0,11.0,4.543520343002234,36.0,36.0,6.0,0.0,0.0,0.0,0.0,0.0,172.1,772.0,173.0,95.0,87.0,21.0,64.0,0.0,26.0,5.0,2.0,155.0
317,Hayden Wesneski,2 Tms,27581,11.0,12.0,4.061538540992513,38.0,38.0,15.0,0.0,0.0,0.0,0.0,0.0,195.0,815.0,174.0,105.0,88.0,31.0,52.0,0.0,11.0,3.0,1.0,166.0
318,Kyle Wright,ATL,19665,23.0,16.0,4.4831461154546215,51.0,51.0,23.0,0.0,0.0,0.0,0.0,0.0,267.0,1155.0,254.0,139.0,133.0,37.0,111.0,2.0,17.0,13.0,0.0,252.0
319,Bobby Miller,LAD,27483,13.0,8.0,5.44909106026642,36.0,36.0,11.0,0.0,0.0,0.0,0.0,0.0,183.1,781.0,182.0,112.0,111.0,31.0,63.0,0.0,8.0,17.0,0.0,178.0
320,Kwang Hyun Kim,STL,27458,9.0,7.0,3.0074257993684106,28.0,28.0,8.0,0.0,0.0,0.0,0.0,0.0,134.2,558.0,116.0,49.0,45.0,14.0,45.0,3.0,4.0,5.0,0.0,98.0
321,José Suarez,3 Tms,19911,16.0,27.0,5.614772952412041,64.0,64.0,6.0,1.0,0.0,0.0,0.0,0.0,293.1,1309.0,314.0,193.0,183.0,53.0,117.0,4.0,19.0,10.0,3.0,269.0
322,Ronel Blanco,HOU,19407,18.0,12.0,3.567272826240479,50.0,50.0,21.0,1.0,1.0,0.0,0.0,0.0,275.0,1124.0,199.0,113.0,109.0,46.0,122.0,0.0,4.0,4.0,0.0,264.0
323,Clay Buchholz,3 Tms,3543,9.0,8.0,4.099189824415103,30.0,30.0,13.0,1.0,0.0,0.0,0.0,0.0,164.2,687.0,168.0,79.0,75.0,23.0,41.0,2.0,4.0,2.0,0.0,125.0
324,Tyler Wells,BAL,20000,16.0,16.0,4.114973361714631,50.0,50.0,16.0,0.0,0.0,0.0,0.0,0.0,249.1,1010.0,208.0,117.0,114.0,48.0,66.0,0.0,6.0,2.0,2.0,216.0
325,James Kaprielian,OAK,18331,15.0,20.0,4.386388675810894,58.0,58.0,18.0,0.0,0.0,0.0,0.0,0.0,303.2,1306.0,277.0,155.0,148.0,42.0,128.0,1.0,13.0,5.0,0.0,265.0
326,Ervin Santana,3 Tms,3200,16.0,12.0,4.12402072342673,43.0,43.0,20.0,5.0,3.0,0.0,0.0,0.0,255.1,1067.0,233.0,125.0,117.0,47.0,77.0,2.0,10.0,13.0,1.0,191.0
327,Cade Povich,BAL,30055,7.0,18.0,5.198758102715173,43.0,43.0,8.0,0.0,0.0,0.0,0.0,0.0,214.2,939.0,233.0,132.0,124.0,34.0,85.0,3.0,5.0,5.0,0.0,199.0
328,Matt Waldron,2 Tms,25550,8.0,16.0,5.131849683803052,37.0,37.0,11.0,0.0,0.0,0.0,0.0,0.0,194.2,838.0,195.0,114.0,111.0,30.0,63.0,0.0,11.0,6.0,2.0,166.0
329,Danny Salazar,CLE,5867,5.0,7.0,4.440789027887743,20.0,20.0,7.0,0.0,0.0,0.0,0.0,0.0,101.1,432.0,93.0,52.0,50.0,16.0,46.0,0.0,3.0,5.0,0.0,140.0
330,Carmen Mlodzinski,PIT,27572,3.0,11.0,5.134969760783971,29.0,29.0,1.0,0.0,0.0,0.0,0.0,0.0,108.2,491.0,135.0,65.0,62.0,10.0,39.0,0.0,3.0,1.0,0.0,85.0
331,Robert Gasser,MIL,29812,6.0,7.0,3.759493906882664,26.0,26.0,7.0,0.0,0.0,0.0,0.0,0.0,131.2,562.0,121.0,62.0,55.0,17.0,37.0,0.0,15.0,0.0,1.0,109.0
332,Collin McHugh,3 Tms,7531,8.0,6.0,4.118643901362504,28.0,28.0,8.0,0.0,0.0,0.0,0.0,0.0,118.0,500.0,110.0,60.0,54.0,16.0,37.0,0.0,8.0,4.0,0.0,118.0
333,Alec Mills,CHC,13834,9.0,13.0,4.6075084499408065,39.0,39.0,10.0,1.0,1.0,0.0,0.0,0.0,195.1,823.0,201.0,106.0,100.0,32.0,53.0,1.0,12.0,4.0,1.0,159.0
334,Connelly Early,BOS,33666,8.0,7.0,3.2432433547026265,21.0,21.0,7.0,0.0,0.0,0.0,0.0,0.0,111.0,469.0,98.0,41.0,40.0,15.0,38.0,0.0,10.0,4.0,1.0,122.0
335,Trey Yesavage,TOR,35456,6.0,5.0,3.594427329483914,21.0,21.0,7.0,0.0,0.0,0.0,0.0,0.0,107.2,448.0,74.0,44.0,43.0,10.0,53.0,0.0,2.0,4.0,0.0,107.0
336,Connor Prielipp,MIN,31857,5.0,7.0,5.173652930969098,21.0,21.0,4.0,0.0,0.0,0.0,0.0,0.0,111.1,476.0,106.0,72.0,64.0,13.0,41.0,0.0,6.0,1.0,2.0,115.0
337,Garrett Whitlock,BOS,20191,6.0,4.0,4.2935781319146855,23.0,23.0,5.0,0.0,0.0,0.0,0.0,0.0,109.0,455.0,115.0,55.0,52.0,16.0,23.0,0.0,4.0,3.0,0.0,102.0
338,Félix Peña,LAA,13403,3.0,7.0,4.323033522572313,24.0,24.0,7.0,0.0,0.0,0.0,0.0,0.0,118.2,500.0,107.0,63.0,57.0,15.0,39.0,0.0,8.0,8.0,0.0,107.0
339,Jaime García,5 Tms,8137,7.0,17.0,5.021341281601886,41.0,41.0,14.0,0.0,0.0,0.0,0.0,0.0,218.2,959.0,226.0,134.0,122.0,30.0,98.0,6.0,4.0,14.0,4.0,186.0
340,Ryan Borucki,2 Tms,16350,4.0,7.0,4.166666666666667,21.0,21.0,11.0,0.0,0.0,0.0,0.0,0.0,108.0,467.0,111.0,58.0,50.0,9.0,39.0,3.0,3.0,2.0,0.0,79.0
341,DJ Herz,WSN,26389,4.0,9.0,4.16165425470264,19.0,19.0,2.0,0.0,0.0,0.0,0.0,0.0,88.2,382.0,76.0,45.0,41.0,11.0,36.0,0.0,3.0,5.0,1.0,106.0
342,Quinn Priester,3 Tms,25977,13.0,11.0,4.167202827919891,39.0,39.0,12.0,0.0,0.0,0.0,0.0,0.0,207.1,901.0,217.0,104.0,96.0,29.0,75.0,0.0,10.0,9.0,0.0,169.0
343,Kolby Allard,4 Tms,18694,9.0,21.0,5.7299038093220656,44.0,44.0,9.0,0.0,0.0,0.0,0.0,0.0,207.1,910.0,228.0,139.0,132.0,37.0,64.0,0.0,7.0,5.0,0.0,162.0
344,Tobias Myers,2 Tms,22191,8.0,8.0,3.825000045597554,34.0,34.0,7.0,0.0,0.0,0.0,0.0,0.0,160.0,685.0,161.0,74.0,68.0,23.0,53.0,0.0,6.0,4.0,6.0,141.0
345,Zebby Matthews,MIN,31827,15.0,20.0,5.310866853636166,47.0,47.0,15.0,0.0,0.0,0.0,0.0,0.0,242.1,1053.0,262.0,152.0,143.0,46.0,74.0,0.0,6.0,6.0,2.0,238.0
346,Chris Stratton,3 Tms,13761,14.0,15.0,4.534350834745321,42.0,42.0,17.0,1.0,1.0,0.0,0.0,0.0,218.1,946.0,228.0,116.0,110.0,26.0,90.0,1.0,3.0,9.0,0.0,170.0
347,Gage Jump,ATH,35418,6.0,11.0,5.472973114038754,20.0,20.0,6.0,0.0,0.0,0.0,0.0,0.0,98.2,437.0,104.0,62.0,60.0,12.0,46.0,2.0,4.0,7.0,0.0,108.0
348,Daniel Mengden,2 Tms,16980,14.0,12.0,4.253424921476918,35.0,35.0,14.0,2.0,2.0,0.0,0.0,0.0,194.2,810.0,181.0,98.0,92.0,30.0,53.0,0.0,2.0,10.0,0.0,130.0
349,Justus Sheffield,SEA,17285,10.0,12.0,5.389221679989516,33.0,33.0,10.0,0.0,0.0,0.0,0.0,0.0,167.0,763.0,197.0,108.0,100.0,21.0,73.0,1.0,12.0,9.0,0.0,145.0
350,Daniel Lynch IV,KCR,21537,13.0,26.0,5.202658202921582,64.0,64.0,10.0,0.0,0.0,0.0,0.0,0.0,301.0,1347.0,330.0,185.0,174.0,47.0,120.0,2.0,14.0,13.0,4.0,246.0
351,Doug Fister,2 Tms,9425,6.0,14.0,4.620000234985364,27.0,27.0,12.0,1.0,0.0,0.0,0.0,0.0,150.0,651.0,153.0,90.0,77.0,20.0,53.0,2.0,9.0,2.0,1.0,119.0
352,Albert Suárez,BAL,6175,8.0,7.0,3.744000228515639,25.0,25.0,7.0,0.0,0.0,0.0,0.0,0.0,125.0,531.0,125.0,52.0,52.0,16.0,40.0,1.0,3.0,1.0,1.0,106.0
353,Spencer Arrighetti,2 Tms,29921,15.0,25.0,4.849514776389068,54.0,54.0,18.0,0.0,0.0,0.0,0.0,0.0,274.2,1207.0,248.0,158.0,148.0,42.0,137.0,0.0,24.0,4.0,1.0,292.0
354,Kumar Rocker,TEX,31843,8.0,17.0,4.917218807020628,43.0,43.0,9.0,0.0,0.0,0.0,0.0,0.0,201.1,899.0,210.0,113.0,110.0,30.0,85.0,0.0,9.0,13.0,0.0,185.0
355,Jeremy Hellickson,3 Tms,4371,15.0,17.0,4.895096814861389,57.0,57.0,16.0,0.0,0.0,0.0,0.0,0.0,292.1,1239.0,282.0,175.0,159.0,54.0,87.0,4.0,17.0,7.0,2.0,191.0
356,Brandon Williamson,CIN,25463,8.0,8.0,4.781250284984725,33.0,33.0,8.0,0.0,0.0,0.0,0.0,0.0,160.0,685.0,153.0,91.0,85.0,27.0,65.0,0.0,5.0,5.0,2.0,133.0
357,Matt Moore,4 Tms,1890,8.0,24.0,6.037457879146719,58.0,58.0,18.0,0.0,0.0,0.0,0.0,0.0,293.2,1360.0,352.0,212.0,197.0,48.0,127.0,7.0,13.0,16.0,0.0,248.0
358,Ian Seymour,TBR,27932,7.0,7.0,4.3310580486718,20.0,20.0,7.0,0.0,0.0,0.0,0.0,0.0,97.2,411.0,92.0,54.0,47.0,21.0,22.0,0.0,3.0,0.0,0.0,129.0
359,David Festa,MIN,30056,5.0,9.0,4.803681094015884,23.0,23.0,2.0,0.0,0.0,0.0,0.0,0.0,108.2,459.0,95.0,62.0,58.0,16.0,37.0,0.0,6.0,1.0,1.0,120.0
360,R.A. Dickey,ATL,1245,10.0,10.0,4.2631578947368425,31.0,31.0,18.0,0.0,0.0,0.0,0.0,0.0,190.0,815.0,193.0,99.0,90.0,26.0,67.0,3.0,10.0,13.0,2.0,136.0
361,Dan Straily,2 Tms,9460,16.0,19.0,4.588932979302274,64.0,64.0,21.0,0.0,0.0,0.0,0.0,0.0,337.1,1447.0,330.0,183.0,172.0,63.0,127.0,9.0,13.0,4.0,0.0,287.0
362,Trent Thornton,2 Tms,17948,5.0,9.0,5.140043452612921,36.0,36.0,9.0,0.0,0.0,0.0,0.0,0.0,152.1,687.0,171.0,97.0,87.0,26.0,65.0,0.0,6.0,4.0,0.0,148.0
363,Jake Faria,2 Tms,13699,8.0,8.0,4.317568235279016,29.0,29.0,11.0,0.0,0.0,0.0,0.0,0.0,148.0,629.0,132.0,73.0,71.0,20.0,60.0,1.0,9.0,9.0,0.0,130.0
364,Osvaldo Bido,2 Tms,23150,6.0,9.0,5.328947635898974,28.0,28.0,5.0,0.0,0.0,0.0,0.0,0.0,126.2,561.0,125.0,79.0,75.0,17.0,50.0,0.0,13.0,1.0,0.0,115.0
365,Joe Boyle,2 Tms,29608,6.0,11.0,5.36795267416257,25.0,25.0,5.0,0.0,0.0,0.0,0.0,0.0,112.1,500.0,95.0,76.0,67.0,11.0,68.0,1.0,5.0,10.0,1.0,127.0
366,Wei-Yin Chen,MIA,13071,8.0,13.0,4.715176864756526,31.0,31.0,13.0,0.0,0.0,0.0,0.0,0.0,160.1,684.0,154.0,88.0,84.0,22.0,56.0,6.0,2.0,5.0,1.0,131.0
367,Rafael Montero,NYM,12760,5.0,8.0,5.080139102729021,18.0,18.0,6.0,0.0,0.0,0.0,0.0,0.0,95.2,433.0,110.0,55.0,54.0,9.0,48.0,3.0,5.0,6.0,1.0,89.0
368,Keegan Akin,BAL,19362,3.0,13.0,6.064615829512951,30.0,30.0,2.0,0.0,0.0,0.0,0.0,0.0,108.1,491.0,120.0,77.0,73.0,19.0,51.0,1.0,2.0,4.0,2.0,113.0
369,Luis Ortiz,2 Tms,27646,12.0,20.0,4.153846263746738,50.0,50.0,15.0,0.0,0.0,0.0,0.0,0.0,264.1,1134.0,233.0,132.0,122.0,38.0,118.0,1.0,8.0,5.0,1.0,228.0
370,Tommy Milone,7 Tms,7608,4.0,12.0,5.8413467430592885,30.0,30.0,3.0,0.0,0.0,0.0,0.0,0.0,138.2,621.0,174.0,99.0,90.0,30.0,31.0,4.0,3.0,1.0,0.0,133.0
371,John Gant,2 Tms,13684,10.0,18.0,4.06153897798985,42.0,42.0,7.0,0.0,0.0,0.0,0.0,0.0,195.0,854.0,169.0,98.0,88.0,18.0,114.0,5.0,7.0,7.0,0.0,157.0
372,Ryan Gusto,2 Tms,26440,7.0,12.0,5.28387116280357,34.0,34.0,6.0,0.0,0.0,0.0,0.0,0.0,155.0,697.0,179.0,93.0,91.0,25.0,54.0,0.0,10.0,0.0,0.0,138.0
373,Tyler Chatwood,2 Tms,4338,15.0,23.0,4.867235361860984,55.0,55.0,15.0,1.0,1.0,0.0,0.0,0.0,273.2,1215.0,254.0,152.0,148.0,32.0,180.0,3.0,11.0,16.0,2.0,237.0
374,Emerson Hancock,SEA,27470,14.0,17.0,4.3052394418275535,56.0,56.0,21.0,0.0,0.0,0.0,0.0,0.0,292.2,1230.0,284.0,146.0,140.0,48.0,84.0,1.0,18.0,6.0,1.0,231.0
375,Griffin Jax,2 Tms,20253,9.0,13.0,4.482000273559587,37.0,37.0,4.0,0.0,0.0,0.0,0.0,0.0,166.2,698.0,153.0,96.0,83.0,30.0,51.0,1.0,7.0,6.0,0.0,156.0
376,Justin Wrobleski,LAD,31204,12.0,9.0,4.561886222025687,30.0,30.0,12.0,0.0,0.0,0.0,0.0,0.0,169.2,706.0,160.0,88.0,86.0,32.0,45.0,0.0,5.0,2.0,0.0,136.0
377,Wade LeBlanc,3 Tms,5221,12.0,11.0,4.855586562881731,50.0,50.0,12.0,0.0,0.0,0.0,0.0,0.0,244.2,1055.0,264.0,141.0,132.0,45.0,70.0,4.0,6.0,1.0,1.0,182.0
378,Joey Wentz,2 Tms,19962,6.0,19.0,5.948276253290916,39.0,39.0,5.0,0.0,0.0,0.0,0.0,0.0,174.0,794.0,204.0,126.0,115.0,27.0,73.0,1.0,1.0,7.0,2.0,155.0
379,Caleb Smith,3 Tms,14875,16.0,26.0,5.0021668885845125,64.0,64.0,18.0,0.0,0.0,0.0,0.0,0.0,307.2,1332.0,258.0,178.0,171.0,63.0,152.0,6.0,12.0,7.0,1.0,341.0
380,Hunter Dobbins,2 Tms,30240,6.0,4.0,4.064516129032258,19.0,19.0,5.0,0.0,0.0,0.0,0.0,0.0,93.0,395.0,88.0,46.0,42.0,10.0,34.0,0.0,4.0,0.0,0.0,78.0
381,Brandon Young,BAL,27819,10.0,11.0,4.381967487145563,38.0,38.0,14.0,0.0,0.0,0.0,0.0,0.0,203.1,885.0,212.0,110.0,99.0,33.0,77.0,0.0,4.0,3.0,0.0,165.0
382,Josh Tomlin,2 Tms,9388,11.0,14.0,5.538461081375069,41.0,41.0,10.0,1.0,0.0,0.0,0.0,0.0,208.0,888.0,257.0,132.0,128.0,45.0,24.0,1.0,9.0,3.0,0.0,151.0
383,Ty Blach,3 Tms,14361,18.0,32.0,5.740947319219789,68.0,68.0,21.0,1.0,1.0,0.0,0.0,0.0,359.0,1584.0,447.0,238.0,229.0,56.0,108.0,2.0,11.0,6.0,1.0,194.0
384,Shawn Armstrong,2 Tms,12857,0.0,3.0,1.5140187185772105,18.0,18.0,0.0,0.0,0.0,0.0,0.0,0.0,35.2,138.0,27.0,8.0,6.0,2.0,8.0,0.0,0.0,0.0,1.0,42.0
385,Adrian Sampson,2 Tms,13339,8.0,16.0,4.379464472168874,43.0,43.0,13.0,1.0,0.0,0.0,0.0,0.0,224.0,952.0,244.0,115.0,109.0,44.0,55.0,0.0,13.0,5.0,2.0,167.0
386,Dereck Rodríguez,SFG,14509,10.0,14.0,3.9246933103815502,35.0,35.0,17.0,0.0,0.0,0.0,0.0,0.0,190.1,805.0,178.0,98.0,83.0,27.0,62.0,2.0,8.0,2.0,0.0,138.0
387,Cooper Criswell,3 Tms,24975,5.0,4.0,3.5379310577519587,21.0,21.0,2.0,0.0,0.0,0.0,0.0,0.0,96.2,403.0,96.0,41.0,38.0,11.0,27.0,0.0,7.0,1.0,0.0,75.0
388,Francisco Liriano,2 Tms,3201,11.0,17.0,5.12286170788284,44.0,44.0,15.0,0.0,0.0,0.0,0.0,0.0,214.1,953.0,216.0,141.0,122.0,30.0,115.0,1.0,7.0,13.0,1.0,183.0
389,Roansy Contreras,2 Tms,22810,7.0,11.0,4.785558206575508,33.0,33.0,7.0,0.0,0.0,0.0,0.0,0.0,152.1,669.0,154.0,87.0,81.0,20.0,68.0,3.0,2.0,14.0,0.0,126.0
390,Sixto Sánchez,MIA,19680,3.0,4.0,4.5445545412678205,14.0,14.0,4.0,1.0,0.0,0.0,0.0,0.0,67.1,286.0,71.0,37.0,34.0,5.0,22.0,1.0,4.0,2.0,1.0,47.0
391,Mitch White,2 Tms,19225,0.0,9.0,5.456446410050433,22.0,22.0,1.0,0.0,0.0,0.0,0.0,0.0,95.2,428.0,104.0,59.0,58.0,11.0,37.0,0.0,2.0,5.0,0.0,82.0
392,Miguel González,2 Tms,7024,8.0,16.0,5.186138182932637,30.0,30.0,15.0,0.0,0.0,0.0,0.0,0.0,168.1,750.0,191.0,106.0,97.0,26.0,61.0,2.0,6.0,2.0,0.0,105.0
393,Adalberto Mejía,MIN,13188,6.0,7.0,4.142044758778336,25.0,25.0,3.0,0.0,0.0,0.0,0.0,0.0,117.1,525.0,126.0,57.0,54.0,14.0,53.0,4.0,7.0,4.0,2.0,94.0
394,Huascar Ynoa,ATL,20468,4.0,8.0,5.185975941482028,24.0,24.0,6.0,0.0,0.0,0.0,0.0,0.0,109.1,466.0,103.0,64.0,63.0,18.0,37.0,1.0,6.0,6.0,1.0,118.0
395,Brad Lord,WSN,31972,4.0,9.0,4.688103008898352,24.0,24.0,5.0,0.0,0.0,0.0,0.0,0.0,103.2,439.0,102.0,55.0,54.0,14.0,37.0,0.0,4.0,0.0,0.0,86.0
396,Jesse Hahn,OAK,13287,3.0,6.0,5.513088564800756,13.0,13.0,6.0,0.0,0.0,0.0,0.0,0.0,63.2,290.0,71.0,44.0,39.0,4.0,26.0,0.0,3.0,2.0,0.0,52.0
397,James Shields,CHW,7059,12.0,22.0,4.766355026902171,54.0,54.0,26.0,0.0,0.0,0.0,0.0,0.0,321.0,1381.0,304.0,186.0,170.0,61.0,129.0,3.0,12.0,16.0,1.0,257.0
398,Matt Wisler,4 Tms,12804,1.0,2.0,2.40410962044846,21.0,21.0,1.0,0.0,0.0,0.0,0.0,0.0,48.2,191.0,32.0,13.0,13.0,4.0,17.0,0.0,1.0,0.0,0.0,47.0
399,Ariel Jurado,2 Tms,17030,8.0,13.0,6.521738589598731,27.0,27.0,9.0,1.0,0.0,0.0,0.0,0.0,138.0,619.0,175.0,109.0,100.0,24.0,43.0,1.0,4.0,2.0,0.0,84.0
400,J.P. France,HOU,21212,10.0,9.0,4.490526351852629,28.0,28.0,13.0,0.0,0.0,0.0,0.0,0.0,158.1,685.0,166.0,84.0,79.0,24.0,56.0,0.0,3.0,8.0,1.0,119.0
401,Ian Kennedy,KCR,6986,8.0,22.0,5.02781099531653,53.0,53.0,19.0,0.0,0.0,0.0,0.0,0.0,275.2,1181.0,269.0,165.0,154.0,54.0,102.0,4.0,6.0,8.0,1.0,239.0
402,Matt Shoemaker,3 Tms,4776,13.0,13.0,4.860000099827695,43.0,43.0,13.0,0.0,0.0,0.0,0.0,0.0,216.2,913.0,199.0,124.0,117.0,40.0,77.0,0.0,8.0,7.0,1.0,186.0
403,Jordan Hicks,3 Tms,19618,5.0,17.0,5.023255981065705,39.0,39.0,5.0,0.0,0.0,0.0,0.0,0.0,172.0,758.0,170.0,101.0,96.0,17.0,80.0,0.0,18.0,13.0,2.0,158.0
404,Zach Thompson,2 Tms,16094,4.0,17.0,4.445783336859248,36.0,36.0,5.0,0.0,0.0,0.0,0.0,0.0,166.0,719.0,165.0,94.0,82.0,25.0,63.0,1.0,4.0,8.0,0.0,131.0
405,Asher Wojciechowski,3 Tms,10836,7.0,14.0,5.789934547806105,32.0,32.0,5.0,0.0,0.0,0.0,0.0,0.0,152.1,679.0,167.0,102.0,98.0,37.0,49.0,0.0,15.0,2.0,0.0,148.0
406,Shane Drohan,MIL,27814,5.0,5.0,5.1240878765962625,18.0,18.0,5.0,0.0,0.0,0.0,0.0,0.0,91.1,394.0,96.0,54.0,52.0,13.0,35.0,0.0,5.0,0.0,0.0,92.0
407,Trevor McDonald,SFG,26448,4.0,7.0,4.428000270263689,16.0,16.0,7.0,0.0,0.0,0.0,0.0,0.0,83.1,360.0,79.0,47.0,41.0,8.0,24.0,0.0,12.0,6.0,1.0,70.0
408,Jeff Hoffman,2 Tms,17432,11.0,16.0,5.690966966776085,44.0,44.0,8.0,0.0,0.0,0.0,0.0,0.0,210.1,944.0,224.0,138.0,133.0,40.0,98.0,5.0,11.0,9.0,0.0,183.0
409,Luiz Gohara,ATL,15166,1.0,4.0,4.860000463485762,6.0,6.0,2.0,0.0,0.0,0.0,0.0,0.0,33.1,143.0,36.0,19.0,18.0,2.0,12.0,0.0,0.0,1.0,0.0,37.0
410,Spenser Watkins,2 Tms,17489,6.0,14.0,5.449541582401826,31.0,31.0,5.0,0.0,0.0,0.0,0.0,0.0,145.1,642.0,165.0,93.0,88.0,21.0,45.0,0.0,6.0,6.0,1.0,94.0
411,Jerad Eickhoff,3 Tms,12664,7.0,16.0,5.592232834956847,40.0,40.0,11.0,0.0,0.0,0.0,0.0,0.0,206.0,929.0,230.0,140.0,128.0,42.0,81.0,6.0,13.0,6.0,1.0,187.0
412,Gabriel Hughes,COL,31614,0.0,8.0,6.639344262295082,13.0,13.0,1.0,0.0,0.0,0.0,0.0,0.0,61.0,272.0,66.0,46.0,45.0,7.0,23.0,1.0,3.0,3.0,0.0,55.0
413,Joe Biagini,TOR,13194,2.0,15.0,6.075000253468763,22.0,22.0,5.0,0.0,0.0,0.0,0.0,0.0,106.2,481.0,126.0,80.0,72.0,15.0,39.0,0.0,2.0,6.0,0.0,83.0
414,Ryan Bergert,2 Tms,29863,1.0,2.0,3.8571431283655917,15.0,15.0,1.0,0.0,0.0,0.0,0.0,0.0,72.1,309.0,60.0,32.0,31.0,8.0,35.0,1.0,0.0,2.0,0.0,71.0
415,Josiah Gray,2 Tms,24580,17.0,27.0,4.797909571081331,73.0,73.0,25.0,0.0,0.0,0.0,0.0,0.0,382.2,1681.0,362.0,209.0,204.0,78.0,183.0,5.0,19.0,23.0,0.0,375.0
416,Mike Burrows,2 Tms,24728,5.0,13.0,5.140480736483385,36.0,36.0,6.0,0.0,0.0,0.0,0.0,0.0,180.1,783.0,190.0,110.0,103.0,33.0,64.0,1.0,8.0,3.0,0.0,166.0
417,Brandon Sproat,2 Tms,33850,3.0,8.0,5.119266323786026,23.0,23.0,6.0,0.0,0.0,0.0,0.0,0.0,109.0,466.0,98.0,63.0,62.0,16.0,49.0,0.0,11.0,9.0,0.0,110.0
418,Blaine Hardy,DET,6499,4.0,4.0,4.256158275308585,13.0,13.0,4.0,0.0,0.0,0.0,0.0,0.0,67.2,279.0,66.0,35.0,32.0,9.0,16.0,0.0,2.0,2.0,0.0,47.0
419,Andrew Suárez,SFG,18300,7.0,15.0,4.755381746695434,31.0,31.0,12.0,0.0,0.0,0.0,0.0,0.0,170.1,714.0,176.0,97.0,90.0,26.0,52.0,2.0,3.0,6.0,0.0,137.0
420,José Buttó,NYM,23313,2.0,6.0,3.759493670886076,15.0,15.0,6.0,0.0,0.0,0.0,0.0,0.0,79.0,336.0,61.0,33.0,33.0,8.0,42.0,0.0,4.0,1.0,0.0,74.0
421,Yariel Rodríguez,TOR,33838,1.0,8.0,4.61977199713332,22.0,22.0,2.0,0.0,0.0,0.0,0.0,0.0,87.2,374.0,76.0,48.0,45.0,12.0,42.0,0.0,3.0,1.0,3.0,86.0
422,Wilmer Font,3 Tms,5257,2.0,5.0,3.7185632989578816,22.0,22.0,0.0,0.0,0.0,0.0,0.0,0.0,55.2,231.0,44.0,23.0,23.0,8.0,23.0,1.0,1.0,1.0,0.0,58.0
423,Mitch Spence,2 Tms,27707,6.0,15.0,5.16568070657406,33.0,33.0,4.0,0.0,0.0,0.0,0.0,0.0,169.0,745.0,200.0,100.0,97.0,30.0,48.0,1.0,6.0,8.0,1.0,132.0
424,Alex Meyer,LAA,12833,4.0,5.0,3.742574540134433,13.0,13.0,6.0,0.0,0.0,0.0,0.0,0.0,67.1,292.0,48.0,30.0,28.0,6.0,42.0,0.0,4.0,5.0,1.0,75.0
425,Deivi García,NYY,20276,3.0,4.0,5.2734367534868545,8.0,8.0,3.0,0.0,0.0,0.0,0.0,0.0,42.2,184.0,43.0,27.0,25.0,7.0,10.0,0.0,2.0,0.0,0.0,40.0
426,Jacob Latz,TEX,21306,1.0,1.0,2.7931036319800824,10.0,10.0,1.0,0.0,0.0,0.0,0.0,0.0,48.1,184.0,33.0,15.0,15.0,6.0,16.0,0.0,0.0,0.0,0.0,41.0
427,Robbie Erlin,2 Tms,10354,3.0,7.0,6.631579113799123,18.0,18.0,1.0,0.0,0.0,0.0,0.0,0.0,76.0,338.0,96.0,61.0,56.0,13.0,15.0,0.0,1.0,1.0,1.0,61.0
428,Robert Stephenson,CIN,13594,5.0,6.0,4.063106608015514,14.0,14.0,4.0,0.0,0.0,0.0,0.0,0.0,68.2,311.0,62.0,37.0,31.0,6.0,48.0,5.0,1.0,6.0,0.0,66.0
429,Luis Medina,OAK,21649,4.0,13.0,5.312668695772094,26.0,26.0,4.0,0.0,0.0,0.0,0.0,0.0,123.2,558.0,126.0,78.0,73.0,14.0,65.0,2.0,7.0,13.0,2.0,107.0
430,Daniel Ponce de Leon,STL,16110,2.0,8.0,4.661870295695045,22.0,22.0,5.0,0.0,0.0,0.0,0.0,0.0,92.2,406.0,75.0,49.0,48.0,14.0,50.0,3.0,7.0,1.0,0.0,101.0
431,Andrew Painter,PHI,30091,3.0,10.0,5.6114459120841405,22.0,22.0,6.0,0.0,0.0,0.0,0.0,0.0,110.2,485.0,118.0,69.0,69.0,20.0,40.0,0.0,5.0,4.0,0.0,97.0
432,Jacob Waguespack,3 Tms,18318,4.0,5.0,4.0754720097803805,15.0,15.0,4.0,0.0,0.0,0.0,0.0,0.0,70.2,303.0,68.0,37.0,32.0,9.0,28.0,0.0,4.0,2.0,0.0,55.0
433,Bartolo Colon,3 Tms,375,14.0,26.0,6.088547596448965,52.0,52.0,17.0,2.0,0.0,0.0,0.0,0.0,282.1,1247.0,354.0,203.0,191.0,58.0,60.0,1.0,4.0,3.0,1.0,164.0
434,Brandon Walter,HOU,26056,1.0,3.0,3.3540374260203403,9.0,9.0,6.0,0.0,0.0,0.0,0.0,0.0,53.2,212.0,46.0,20.0,20.0,10.0,4.0,0.0,3.0,0.0,0.0,52.0
435,Matt Garza,MIL,3340,6.0,9.0,5.062500344855469,22.0,22.0,6.0,0.0,0.0,0.0,0.0,0.0,112.0,495.0,120.0,72.0,63.0,17.0,45.0,4.0,1.0,4.0,0.0,77.0
436,Austin Pruitt,2 Tms,15290,2.0,5.0,3.8382355094368603,17.0,17.0,4.0,0.0,0.0,0.0,0.0,0.0,68.0,273.0,59.0,29.0,29.0,11.0,12.0,0.0,2.0,0.0,0.0,49.0
437,Scott Feldman,CIN,6283,7.0,7.0,4.76946064205872,21.0,21.0,9.0,1.0,1.0,0.0,0.0,0.0,111.1,472.0,116.0,62.0,59.0,21.0,35.0,2.0,6.0,3.0,0.0,93.0
438,Jonathan Cannon,CHW,31730,8.0,18.0,5.0994943602432,38.0,38.0,10.0,0.0,0.0,0.0,0.0,0.0,197.2,859.0,210.0,117.0,112.0,35.0,71.0,1.0,9.0,4.0,2.0,148.0
439,Jorge López,2 Tms,14527,10.0,28.0,6.399239636544342,56.0,56.0,13.0,0.0,0.0,0.0,0.0,0.0,263.0,1187.0,309.0,195.0,187.0,51.0,103.0,2.0,23.0,18.0,2.0,216.0
440,Josh Lindblom,MIL,7882,2.0,4.0,5.400000633826697,10.0,10.0,0.0,0.0,0.0,0.0,0.0,0.0,43.1,185.0,42.0,26.0,26.0,6.0,16.0,0.0,3.0,2.0,0.0,50.0
441,Tyson Ross,4 Tms,7872,11.0,17.0,5.254746803725841,40.0,40.0,15.0,0.0,0.0,0.0,0.0,0.0,210.2,935.0,203.0,134.0,123.0,29.0,107.0,3.0,14.0,9.0,0.0,171.0
442,Kendall Graveman,2 Tms,15514,7.0,11.0,5.21797777410681,28.0,28.0,13.0,0.0,0.0,0.0,0.0,0.0,148.1,642.0,167.0,91.0,86.0,23.0,50.0,1.0,5.0,7.0,0.0,107.0
443,Quinn Mathews,STL,33851,2.0,3.0,3.6160715517340916,7.0,7.0,2.0,0.0,0.0,0.0,0.0,0.0,37.1,162.0,36.0,15.0,15.0,3.0,16.0,0.0,1.0,1.0,0.0,36.0
444,Randall Delgado,ARI,5985,0.0,1.0,2.52,5.0,5.0,0.0,0.0,0.0,0.0,0.0,0.0,25.0,99.0,25.0,8.0,7.0,2.0,5.0,0.0,0.0,0.0,0.0,24.0
445,Andrew Triggs,2 Tms,13533,8.0,7.0,4.554216658157134,23.0,23.0,8.0,0.0,0.0,0.0,0.0,0.0,110.2,484.0,109.0,67.0,56.0,17.0,40.0,0.0,7.0,8.0,0.0,97.0
446,Aaron Ashby,MIL,23550,3.0,10.0,4.872781463799851,27.0,27.0,3.0,0.0,0.0,0.0,0.0,0.0,112.2,504.0,110.0,77.0,61.0,18.0,52.0,0.0,4.0,8.0,1.0,124.0
447,Alex Faedo,DET,19874,3.0,11.0,4.997237832361181,30.0,30.0,5.0,0.0,0.0,0.0,0.0,0.0,120.2,526.0,116.0,71.0,67.0,19.0,52.0,0.0,3.0,5.0,0.0,106.0
448,Chad Bettis,COL,10587,7.0,8.0,5.4960470164870445,32.0,32.0,10.0,0.0,0.0,0.0,0.0,0.0,168.2,734.0,181.0,106.0,103.0,27.0,64.0,4.0,5.0,6.0,1.0,115.0
449,Brady Basso,OAK,25582,1.0,4.0,4.628571680808568,11.0,11.0,1.0,0.0,0.0,0.0,0.0,0.0,35.0,160.0,45.0,18.0,18.0,3.0,10.0,1.0,0.0,1.0,0.0,26.0
450,JC Ramírez,LAA,8302,9.0,12.0,4.348992898890472,26.0,26.0,11.0,0.0,0.0,0.0,0.0,0.0,149.0,629.0,149.0,77.0,72.0,23.0,54.0,0.0,6.0,5.0,0.0,106.0
451,Joan Adon,WSN,22925,3.0,16.0,6.563536205555498,26.0,26.0,4.0,0.0,0.0,0.0,0.0,0.0,120.2,572.0,142.0,90.0,88.0,15.0,67.0,4.0,10.0,13.0,0.0,110.0
452,Tanner Gordon,COL,27669,7.0,18.0,6.958763160263658,34.0,34.0,9.0,0.0,0.0,0.0,0.0,0.0,161.2,741.0,230.0,133.0,125.0,36.0,35.0,1.0,7.0,1.0,3.0,127.0
453,Brendan McKay,TBR,20186,2.0,4.0,5.400000735691716,11.0,11.0,1.0,0.0,0.0,0.0,0.0,0.0,46.2,206.0,51.0,32.0,28.0,8.0,15.0,0.0,0.0,0.0,0.0,53.0
454,Wily Peralta,2 Tms,7738,8.0,7.0,3.9528539721821647,27.0,27.0,8.0,0.0,0.0,0.0,0.0,0.0,134.1,583.0,133.0,69.0,59.0,20.0,57.0,1.0,5.0,2.0,0.0,92.0
455,Roki Sasaki,LAD,35323,6.0,6.0,4.626898239156357,31.0,31.0,8.0,0.0,0.0,0.0,0.0,0.0,153.2,665.0,140.0,81.0,79.0,28.0,70.0,0.0,8.0,10.0,0.0,141.0
456,Zac Thornton,NYM,33891,5.0,5.0,3.4033615627360345,14.0,14.0,8.0,0.0,0.0,0.0,0.0,0.0,79.1,318.0,74.0,31.0,30.0,13.0,17.0,0.0,3.0,1.0,0.0,59.0
457,Jordan Yamamoto,2 Tms,17585,4.0,7.0,5.124087662579719,19.0,19.0,4.0,0.0,0.0,0.0,0.0,0.0,91.1,391.0,76.0,58.0,52.0,15.0,43.0,1.0,6.0,5.0,0.0,94.0
458,Hunter Wood,TBR,15091,0.0,2.0,3.176468806284284,10.0,10.0,0.0,0.0,0.0,0.0,0.0,0.0,17.0,79.0,22.0,7.0,6.0,0.0,8.0,1.0,0.0,0.0,0.0,23.0
459,Nick Margevicius,2 Tms,20395,4.0,10.0,5.84536076727247,22.0,22.0,4.0,0.0,0.0,0.0,0.0,0.0,97.0,435.0,110.0,71.0,63.0,16.0,36.0,3.0,4.0,5.0,0.0,77.0
460,Jesse Chavez,3 Tms,5448,6.0,13.0,5.271149500148898,36.0,36.0,9.0,0.0,0.0,0.0,0.0,0.0,153.2,656.0,158.0,95.0,90.0,29.0,49.0,2.0,6.0,2.0,0.0,122.0
461,Jonathan Loáisiga,NYY,19753,2.0,2.0,4.226087306983558,11.0,11.0,0.0,0.0,0.0,0.0,0.0,0.0,38.1,166.0,38.0,18.0,18.0,5.0,17.0,0.0,1.0,1.0,0.0,44.0
462,Eddie Butler,CHC,13453,4.0,3.0,3.857142379421088,11.0,11.0,1.0,0.0,0.0,0.0,0.0,0.0,51.1,223.0,47.0,22.0,22.0,3.0,27.0,2.0,2.0,2.0,0.0,29.0
463,Mason Miller,OAK,31757,0.0,3.0,3.6986303302623975,6.0,6.0,2.0,0.0,0.0,0.0,0.0,0.0,24.1,101.0,17.0,10.0,10.0,1.0,11.0,0.0,2.0,2.0,0.0,27.0
464,Buck Farmer,2 Tms,14814,5.0,5.0,6.46012310570046,14.0,14.0,2.0,0.0,0.0,0.0,0.0,0.0,54.1,244.0,59.0,41.0,39.0,9.0,22.0,0.0,4.0,1.0,0.0,57.0
465,Fernando Romero,MIN,15885,3.0,3.0,4.688622326091623,11.0,11.0,3.0,0.0,0.0,0.0,0.0,0.0,55.2,247.0,60.0,31.0,29.0,6.0,19.0,1.0,7.0,7.0,0.0,45.0
466,David Sandlin,CHW,31743,2.0,2.0,5.259740390028035,5.0,5.0,2.0,0.0,0.0,0.0,0.0,0.0,25.2,103.0,21.0,18.0,15.0,2.0,8.0,0.0,0.0,2.0,0.0,23.0
467,Roenis Elías,SEA,12673,1.0,1.0,4.108693948540917,4.0,4.0,0.0,0.0,0.0,0.0,0.0,0.0,15.1,65.0,15.0,7.0,7.0,0.0,5.0,0.0,0.0,0.0,0.0,15.0
468,Drew Anderson,3 Tms,15130,1.0,4.0,3.5886077682209145,12.0,12.0,0.0,0.0,0.0,0.0,0.0,0.0,52.2,225.0,46.0,22.0,21.0,5.0,26.0,0.0,3.0,0.0,0.0,47.0
469,Diego Castillo,TBR,17496,0.0,1.0,3.6986291706061243,17.0,17.0,0.0,0.0,0.0,0.0,0.0,0.0,24.1,99.0,24.0,11.0,10.0,4.0,2.0,0.0,0.0,2.0,0.0,28.0
470,Edinson Volquez,2 Tms,3990,4.0,9.0,4.868851850059153,21.0,21.0,6.0,1.0,1.0,0.0,0.0,0.0,101.2,449.0,94.0,58.0,55.0,11.0,63.0,3.0,3.0,7.0,0.0,87.0
471,Ricky Nolasco,LAA,3830,6.0,15.0,4.922651518708833,33.0,33.0,12.0,1.0,1.0,0.0,0.0,0.0,181.0,787.0,205.0,102.0,99.0,35.0,58.0,3.0,3.0,4.0,0.0,143.0
472,Alec Marsh,KCR,27451,9.0,16.0,5.234694162819213,33.0,33.0,6.0,0.0,0.0,0.0,0.0,0.0,163.1,711.0,163.0,101.0,95.0,32.0,59.0,1.0,16.0,4.0,1.0,163.0
473,Lake Bachar,2 Tms,19222,0.0,3.0,2.589041332653638,11.0,11.0,0.0,0.0,0.0,0.0,0.0,0.0,24.1,100.0,15.0,7.0,7.0,1.0,13.0,1.0,2.0,1.0,0.0,27.0
474,Junior Guerra,2 Tms,5702,7.0,13.0,4.680000357055691,41.0,41.0,14.0,0.0,0.0,0.0,0.0,0.0,200.0,889.0,201.0,118.0,104.0,35.0,98.0,0.0,8.0,16.0,0.0,185.0
475,Odrisamer Despaigne,3 Tms,16017,2.0,8.0,6.06607904030556,16.0,16.0,6.0,0.0,0.0,0.0,0.0,0.0,75.2,350.0,94.0,57.0,51.0,8.0,34.0,1.0,3.0,1.0,0.0,47.0
476,Devin Smeltzer,2 Tms,19487,6.0,4.0,3.98360703070302,20.0,20.0,8.0,0.0,0.0,0.0,0.0,0.0,101.2,414.0,94.0,46.0,45.0,17.0,27.0,0.0,2.0,4.0,1.0,64.0
477,Glenn Otto Jr.,TEX,21366,7.0,13.0,5.320755099944716,33.0,33.0,8.0,0.0,0.0,0.0,0.0,0.0,159.0,698.0,151.0,98.0,94.0,23.0,70.0,0.0,15.0,6.0,0.0,135.0
478,Matt Cain,SFG,4732,3.0,11.0,5.053073164132525,23.0,23.0,6.0,0.0,0.0,0.0,0.0,0.0,119.1,539.0,148.0,77.0,67.0,16.0,44.0,5.0,1.0,2.0,0.0,73.0
479,Mick Abel,2 Tms,27756,4.0,4.0,4.235294117647059,11.0,11.0,4.0,0.0,0.0,0.0,0.0,0.0,51.0,219.0,49.0,24.0,24.0,8.0,18.0,0.0,4.0,2.0,0.0,51.0
480,Nate Karns,2 Tms,12638,2.0,3.0,3.1438352878690443,10.0,10.0,3.0,0.0,0.0,0.0,0.0,0.0,48.2,199.0,43.0,18.0,17.0,9.0,14.0,1.0,2.0,3.0,0.0,54.0
481,Michael Kopech,CHW,17282,12.0,22.0,4.264884736681136,60.0,60.0,14.0,0.0,0.0,0.0,0.0,0.0,274.1,1186.0,220.0,138.0,130.0,49.0,151.0,0.0,19.0,12.0,2.0,273.0
482,Drey Jameson,ARI,26260,3.0,1.0,2.4545455964143694,7.0,7.0,3.0,0.0,0.0,0.0,0.0,0.0,33.0,139.0,29.0,9.0,9.0,3.0,14.0,0.0,1.0,1.0,0.0,32.0
483,Carlos Hernández,KCR,22713,5.0,6.0,5.487096639150887,25.0,25.0,5.0,0.0,0.0,0.0,0.0,0.0,103.1,457.0,110.0,65.0,63.0,13.0,51.0,0.0,4.0,4.0,1.0,73.0
484,Connor Overton,2 Tms,18376,1.0,2.0,5.7401579113575725,10.0,10.0,2.0,0.0,0.0,0.0,0.0,0.0,42.1,177.0,44.0,27.0,27.0,5.0,17.0,0.0,0.0,0.0,0.0,28.0
485,Jack Perkins,ATH,31468,3.0,9.0,6.649254109923754,19.0,19.0,2.0,0.0,0.0,0.0,0.0,0.0,89.1,408.0,98.0,69.0,66.0,18.0,44.0,0.0,4.0,4.0,0.0,100.0
486,Parker Bridwell,LAA,11502,10.0,3.0,4.159663928050914,21.0,21.0,13.0,0.0,0.0,0.0,0.0,0.0,119.0,489.0,115.0,57.0,55.0,22.0,30.0,0.0,4.0,4.0,0.0,72.0
487,Ryan Merritt,CLE,13688,2.0,0.0,1.8305081786934516,4.0,4.0,1.0,0.0,0.0,0.0,0.0,0.0,19.2,85.0,25.0,6.0,4.0,0.0,4.0,0.0,0.0,0.0,0.0,7.0
488,Jonah Tong,NYM,32157,3.0,3.0,6.067415860367161,7.0,7.0,1.0,0.0,0.0,0.0,0.0,0.0,29.2,131.0,32.0,25.0,20.0,4.0,11.0,0.0,1.0,3.0,0.0,35.0
489,John Lackey,CHC,1507,12.0,11.0,4.561886324592774,30.0,30.0,12.0,0.0,0.0,0.0,0.0,0.0,169.2,726.0,163.0,92.0,86.0,36.0,53.0,3.0,12.0,11.0,1.0,148.0
490,Félix Hernández,SEA,4772,15.0,26.0,5.458378738543783,59.0,59.0,18.0,0.0,0.0,0.0,0.0,0.0,308.1,1356.0,325.0,209.0,187.0,60.0,108.0,0.0,24.0,24.0,0.0,258.0
491,Beau Brieske,DET,26079,3.0,9.0,4.160655958867156,29.0,29.0,6.0,0.0,0.0,0.0,0.0,0.0,101.2,428.0,92.0,49.0,47.0,15.0,37.0,0.0,1.0,2.0,1.0,76.0
492,Shaun Anderson,2 Tms,19453,3.0,6.0,5.931817860396458,18.0,18.0,4.0,0.0,0.0,0.0,0.0,0.0,88.0,403.0,114.0,65.0,58.0,13.0,31.0,2.0,3.0,8.0,0.0,59.0
493,Adbert Alzolay,CHC,17859,5.0,15.0,5.192307387583372,27.0,27.0,6.0,0.0,0.0,0.0,0.0,0.0,130.0,551.0,116.0,78.0,75.0,28.0,47.0,1.0,7.0,3.0,3.0,134.0
494,Sawyer Gipson-Long,DET,26048,1.0,2.0,4.90909105095982,7.0,7.0,0.0,0.0,0.0,0.0,0.0,0.0,33.0,139.0,28.0,19.0,18.0,5.0,13.0,0.0,0.0,1.0,0.0,37.0
495,Fernando Cruz,CIN,7048,0.0,1.0,2.9189194455645824,7.0,7.0,0.0,0.0,0.0,0.0,0.0,0.0,12.1,47.0,6.0,5.0,4.0,2.0,2.0,0.0,1.0,0.0,0.0,25.0
496,Brian Johnson,BOS,14272,6.0,5.0,4.391565836156023,25.0,25.0,3.0,1.0,1.0,0.0,0.0,0.0,110.2,497.0,129.0,59.0,54.0,20.0,42.0,1.0,1.0,6.0,0.0,89.0
497,Tanner Banks,2 Tms,16990,0.0,5.0,6.882353713355761,7.0,7.0,0.0,0.0,0.0,0.0,0.0,0.0,17.0,80.0,21.0,13.0,13.0,1.0,5.0,0.0,2.0,0.0,0.0,20.0
498,Josh Fleming,2 Tms,20418,8.0,9.0,5.713043952033329,25.0,25.0,2.0,0.0,0.0,0.0,0.0,0.0,115.0,511.0,139.0,80.0,73.0,19.0,39.0,5.0,1.0,1.0,0.0,81.0
499,Sam Long,2 Tms,25379,2.0,4.0,4.542056277179552,12.0,12.0,1.0,0.0,0.0,0.0,0.0,0.0,35.2,153.0,37.0,20.0,18.0,5.0,8.0,0.0,1.0,3.0,0.0,33.0
500,Max Kranick,PIT,22175,2.0,3.0,6.284483171955186,9.0,9.0,0.0,0.0,0.0,0.0,0.0,0.0,38.2,182.0,47.0,28.0,27.0,4.0,19.0,3.0,4.0,2.0,0.0,32.0
501,Touki Toussaint,4 Tms,16929,9.0,14.0,5.410018288444712,39.0,39.0,7.0,0.0,0.0,0.0,0.0,0.0,179.2,801.0,155.0,115.0,108.0,27.0,107.0,1.0,21.0,7.0,1.0,186.0
502,Tyler Holton,DET,26231,0.0,3.0,3.3000004196167527,19.0,19.0,0.0,0.0,0.0,0.0,0.0,0.0,30.0,118.0,25.0,11.0,11.0,5.0,5.0,0.0,1.0,0.0,0.0,30.0
503,Scott Alexander,2 Tms,10591,0.0,3.0,5.1081106590488545,13.0,13.0,0.0,0.0,0.0,0.0,0.0,0.0,12.1,54.0,15.0,9.0,7.0,0.0,1.0,0.0,0.0,0.0,0.0,9.0
504,Chad Green,NYY,15552,0.0,1.0,4.21875025145711,16.0,16.0,0.0,0.0,0.0,0.0,0.0,0.0,21.1,93.0,20.0,11.0,10.0,4.0,9.0,0.0,2.0,1.0,0.0,35.0
505,Michael Grove,LAD,23221,2.0,5.0,6.048000092285157,20.0,20.0,0.0,0.0,0.0,0.0,0.0,0.0,83.1,376.0,105.0,62.0,56.0,18.0,24.0,0.0,4.0,3.0,0.0,85.0
506,Pedro Avila,SDP,18864,1.0,3.0,4.114286386918159,8.0,8.0,1.0,0.0,0.0,0.0,0.0,0.0,35.0,164.0,35.0,22.0,16.0,3.0,21.0,0.0,4.0,3.0,1.0,36.0
507,Jackson Kent,WSN,35462,1.0,4.0,6.402062107442565,7.0,7.0,1.0,0.0,0.0,0.0,0.0,0.0,32.1,151.0,34.0,24.0,23.0,2.0,23.0,0.0,0.0,1.0,0.0,27.0
508,Davis Daniel,2 Tms,27582,1.0,5.0,6.177966301415857,8.0,8.0,1.0,0.0,0.0,0.0,0.0,0.0,39.1,176.0,48.0,28.0,27.0,6.0,13.0,0.0,1.0,0.0,1.0,36.0
509,Nabil Crismatt,2 Tms,17732,2.0,0.0,2.793103448275862,6.0,6.0,1.0,0.0,0.0,0.0,0.0,0.0,29.0,121.0,28.0,13.0,9.0,3.0,7.0,0.0,1.0,1.0,0.0,21.0
510,Josh Winder,MIN,24606,4.0,5.0,4.415094339622642,11.0,11.0,4.0,0.0,0.0,0.0,0.0,0.0,53.0,224.0,53.0,28.0,26.0,8.0,13.0,0.0,4.0,1.0,0.0,41.0
511,Brennan Bernardino,2 Tms,16835,0.0,2.0,3.1153853795763062,14.0,14.0,0.0,0.0,0.0,0.0,0.0,0.0,17.1,77.0,15.0,7.0,6.0,1.0,8.0,0.0,4.0,2.0,0.0,24.0
512,Jason Alexander,2 Tms,19666,7.0,6.0,4.488997848090892,26.0,26.0,7.0,0.0,0.0,0.0,0.0,0.0,136.1,588.0,145.0,74.0,68.0,22.0,44.0,0.0,8.0,1.0,0.0,100.0
513,River Ryan,LAD,29514,1.0,0.0,1.3278689354986557,4.0,4.0,0.0,0.0,0.0,0.0,0.0,0.0,20.1,81.0,15.0,4.0,3.0,1.0,9.0,0.0,0.0,0.0,0.0,18.0
514,Austin Bibens-Dirkx,TEX,9559,4.0,3.0,4.214633754206052,12.0,12.0,3.0,0.0,0.0,0.0,0.0,0.0,68.1,287.0,68.0,34.0,32.0,13.0,18.0,0.0,5.0,3.0,0.0,41.0
515,Hurston Waldrep,ATL,33527,5.0,3.0,5.4271360165043365,13.0,13.0,4.0,0.0,0.0,0.0,0.0,0.0,66.1,287.0,62.0,40.0,40.0,9.0,34.0,1.0,6.0,0.0,0.0,60.0
516,Jake Woodford,3 Tms,18674,4.0,11.0,5.873111951692931,25.0,25.0,1.0,0.0,0.0,0.0,0.0,0.0,110.1,499.0,136.0,80.0,72.0,18.0,34.0,0.0,6.0,4.0,0.0,71.0
517,DL Hall,2 Tms,22207,1.0,2.0,5.1240878765962625,12.0,12.0,1.0,0.0,0.0,0.0,0.0,0.0,45.2,209.0,48.0,28.0,26.0,5.0,27.0,0.0,4.0,1.0,0.0,48.0
518,Luis Cessa,2 Tms,13345,3.0,14.0,6.128834714411795,26.0,26.0,2.0,0.0,0.0,0.0,0.0,0.0,108.2,491.0,130.0,78.0,74.0,19.0,43.0,0.0,5.0,5.0,0.0,75.0
519,Kendry Rojas,MIN,29423,0.0,0.0,2.1891892456155015,4.0,4.0,0.0,0.0,0.0,0.0,0.0,0.0,12.1,49.0,5.0,3.0,3.0,0.0,7.0,0.0,1.0,0.0,0.0,14.0
520,Zack Thompson,STL,25918,3.0,6.0,5.340659480583785,12.0,12.0,1.0,0.0,0.0,0.0,0.0,0.0,60.2,264.0,64.0,37.0,36.0,12.0,22.0,0.0,2.0,2.0,0.0,57.0
521,Heath Fillmyer,KCR,17466,4.0,3.0,5.421687245351699,16.0,16.0,6.0,0.0,0.0,0.0,0.0,0.0,83.0,361.0,89.0,52.0,50.0,13.0,32.0,0.0,4.0,2.0,1.0,57.0
522,Paolo Espino,3 Tms,8246,5.0,14.0,5.283662549930244,42.0,42.0,1.0,1.0,0.0,0.0,0.0,0.0,185.2,805.0,216.0,113.0,109.0,42.0,45.0,2.0,4.0,2.0,0.0,150.0
523,Dillon Peters,3 Tms,18790,7.0,11.0,5.375838749833244,34.0,34.0,7.0,0.0,0.0,0.0,0.0,0.0,149.0,671.0,161.0,98.0,89.0,25.0,68.0,2.0,8.0,7.0,2.0,116.0
524,Mitch Bratt,ARI,30003,1.0,3.0,4.704545454545454,10.0,10.0,2.0,0.0,0.0,0.0,0.0,0.0,44.0,194.0,40.0,23.0,23.0,5.0,27.0,1.0,1.0,1.0,0.0,30.0
525,Jackson Jobe,DET,30203,6.0,4.0,4.115241752404472,18.0,18.0,4.0,0.0,0.0,0.0,0.0,0.0,89.2,390.0,81.0,43.0,41.0,14.0,41.0,0.0,6.0,1.0,0.0,82.0
526,Sam Gaviglio,3 Tms,12778,6.0,15.0,5.029877246923852,37.0,37.0,8.0,0.0,0.0,0.0,0.0,0.0,189.2,825.0,210.0,115.0,106.0,36.0,61.0,2.0,6.0,7.0,4.0,143.0
527,Sam Hentges,CLE,18548,0.0,4.0,7.902439759644277,12.0,12.0,0.0,0.0,0.0,0.0,0.0,0.0,41.0,198.0,53.0,38.0,36.0,4.0,27.0,0.0,0.0,7.0,0.0,36.0
528,Kyle Cody,TEX,19686,1.0,1.0,1.9636367041217984,5.0,5.0,0.0,0.0,0.0,0.0,0.0,0.0,18.1,76.0,14.0,5.0,4.0,1.0,10.0,0.0,0.0,2.0,0.0,12.0
529,Vladimir Gutierrez,CIN,19278,10.0,12.0,5.436241610738255,30.0,30.0,11.0,0.0,0.0,0.0,0.0,0.0,149.0,664.0,157.0,91.0,90.0,27.0,68.0,1.0,10.0,5.0,2.0,116.0
530,Yoendrys Gómez,CHW,22872,2.0,2.0,4.6,9.0,9.0,0.0,0.0,0.0,0.0,0.0,0.0,45.0,191.0,40.0,26.0,23.0,9.0,14.0,0.0,3.0,2.0,0.0,45.0
531,Francis Martes,HOU,17303,2.0,0.0,4.07547096477887,4.0,4.0,0.0,0.0,0.0,0.0,0.0,0.0,17.2,76.0,15.0,8.0,8.0,1.0,10.0,0.0,2.0,1.0,0.0,21.0
532,Casey Legumina,2 Tms,25921,0.0,0.0,1.5882356059593101,7.0,7.0,0.0,0.0,0.0,0.0,0.0,0.0,11.1,44.0,8.0,2.0,2.0,0.0,3.0,0.0,1.0,0.0,0.0,7.0
533,Alec Asher,BAL,13560,1.0,4.0,6.977529585233878,6.0,6.0,3.0,0.0,0.0,0.0,0.0,0.0,29.2,130.0,31.0,23.0,23.0,5.0,9.0,1.0,3.0,2.0,0.0,22.0
534,Alex Young,2 Tms,18333,7.0,11.0,4.8879315192179345,25.0,25.0,5.0,0.0,0.0,0.0,0.0,0.0,116.0,510.0,121.0,74.0,63.0,23.0,42.0,4.0,4.0,4.0,0.0,102.0
535,Derek Holland,5 Tms,4141,16.0,31.0,5.36011049180168,70.0,70.0,24.0,1.0,0.0,0.0,0.0,0.0,361.0,1604.0,371.0,234.0,215.0,70.0,174.0,8.0,16.0,10.0,1.0,329.0
536,Anthony Banda,4 Tms,14706,1.0,5.0,7.573170043603491,9.0,9.0,1.0,0.0,0.0,0.0,0.0,0.0,27.1,125.0,35.0,23.0,23.0,3.0,10.0,1.0,3.0,2.0,0.0,23.0
537,Yovani Gallardo,2 Tms,8173,12.0,18.0,6.0532267747934165,40.0,40.0,9.0,0.0,0.0,0.0,0.0,0.0,206.2,919.0,228.0,141.0,139.0,37.0,96.0,3.0,4.0,12.0,0.0,140.0
538,Eli Morgan,CLE,20203,5.0,8.0,5.361011125640931,19.0,19.0,5.0,0.0,0.0,0.0,0.0,0.0,92.1,391.0,91.0,56.0,55.0,21.0,24.0,0.0,4.0,0.0,1.0,86.0
539,Taylor Hearn,TEX,18325,8.0,10.0,6.362538224361292,25.0,25.0,4.0,0.0,0.0,0.0,0.0,0.0,110.1,497.0,129.0,80.0,78.0,18.0,47.0,0.0,4.0,6.0,0.0,91.0
540,Tomoyuki Sugano,2 Tms,35321,22.0,20.0,5.045606400422344,57.0,57.0,18.0,0.0,0.0,0.0,0.0,0.0,299.2,1289.0,333.0,175.0,168.0,64.0,70.0,2.0,11.0,4.0,1.0,192.0
541,Ryan Walker,SFG,20423,0.0,1.0,2.1093753143214156,14.0,14.0,0.0,0.0,0.0,0.0,0.0,0.0,21.1,94.0,20.0,6.0,5.0,3.0,12.0,0.0,2.0,1.0,0.0,34.0
542,Jarred Cosart,SDP,10304,0.0,2.0,4.242855986770634,6.0,6.0,0.0,0.0,0.0,0.0,0.0,0.0,23.1,108.0,25.0,13.0,11.0,0.0,16.0,0.0,2.0,1.0,1.0,15.0
543,Chris Rodriguez,LAA,22310,0.0,1.0,3.6,2.0,2.0,1.0,0.0,0.0,0.0,0.0,0.0,10.0,44.0,10.0,5.0,4.0,0.0,4.0,0.0,1.0,0.0,0.0,9.0
544,Spencer Miles,TOR,31621,0.0,2.0,6.631578947368421,7.0,7.0,0.0,0.0,0.0,0.0,0.0,0.0,19.0,85.0,24.0,14.0,14.0,2.0,5.0,0.0,0.0,0.0,0.0,15.0
545,Kai-Wei Teng,2 Tms,24282,4.0,9.0,6.291262368924867,17.0,17.0,2.0,0.0,0.0,0.0,0.0,0.0,68.2,325.0,75.0,55.0,48.0,9.0,37.0,0.0,14.0,1.0,0.0,78.0
546,John Brebbia,SFG,12777,0.0,2.0,1.5882354054896555,21.0,21.0,0.0,0.0,0.0,0.0,0.0,0.0,22.2,91.0,18.0,4.0,4.0,3.0,6.0,0.0,1.0,0.0,0.0,20.0
547,Elieser Hernández,2 Tms,16933,7.0,18.0,4.66328024520321,49.0,49.0,5.0,0.0,0.0,0.0,0.0,0.0,229.2,981.0,220.0,129.0,119.0,57.0,62.0,3.0,18.0,4.0,2.0,228.0
548,Aaron Wilkerson,MIL,16904,1.0,1.0,3.7674426960263574,3.0,3.0,1.0,0.0,0.0,0.0,0.0,0.0,14.1,56.0,10.0,6.0,6.0,1.0,4.0,0.0,0.0,0.0,0.0,10.0
549,Chi Chi González,4 Tms,14663,3.0,14.0,6.308411496082711,39.0,39.0,7.0,0.0,0.0,0.0,0.0,0.0,178.1,789.0,206.0,125.0,125.0,34.0,67.0,0.0,9.0,3.0,0.0,108.0
550,Bowden Francis,TOR,20548,7.0,12.0,4.340425649343333,27.0,27.0,10.0,0.0,0.0,0.0,0.0,0.0,141.0,578.0,116.0,71.0,68.0,32.0,40.0,0.0,12.0,3.0,0.0,127.0
551,AJ Smith-Shawver,ATL,29960,4.0,4.0,4.7589929853374935,20.0,20.0,2.0,0.0,0.0,0.0,0.0,0.0,92.2,410.0,87.0,52.0,49.0,15.0,46.0,0.0,3.0,6.0,0.0,81.0
552,Lucas Sims,2 Tms,13470,4.0,7.0,5.955882519999182,14.0,14.0,3.0,0.0,0.0,0.0,0.0,0.0,68.0,298.0,73.0,46.0,45.0,12.0,25.0,2.0,5.0,0.0,0.0,56.0
553,Brant Hurter,DET,30133,1.0,1.0,2.2500003576279255,5.0,5.0,0.0,0.0,0.0,0.0,0.0,0.0,12.0,56.0,10.0,7.0,3.0,0.0,6.0,0.0,2.0,0.0,1.0,12.0
554,Hayden Birdsong,SFG,31635,8.0,10.0,5.274052536789836,26.0,26.0,2.0,0.0,0.0,0.0,0.0,0.0,114.1,512.0,98.0,71.0,67.0,17.0,70.0,0.0,7.0,9.0,0.0,131.0
555,Adam Plutko,2 Tms,15846,12.0,12.0,5.26713603137186,37.0,37.0,14.0,0.0,0.0,0.0,0.0,0.0,189.2,803.0,197.0,113.0,111.0,45.0,49.0,3.0,6.0,3.0,1.0,138.0
556,Tatsuya Imai,HOU,37124,6.0,4.0,5.8295460863054975,15.0,15.0,5.0,0.0,0.0,0.0,0.0,0.0,58.2,265.0,50.0,38.0,38.0,9.0,40.0,0.0,4.0,1.0,3.0,72.0
557,Sean Reid-Foley,TOR,17034,4.0,7.0,4.500000887903849,13.0,13.0,1.0,0.0,0.0,0.0,0.0,0.0,58.0,268.0,57.0,38.0,29.0,9.0,37.0,0.0,3.0,6.0,0.0,62.0
558,Liam Hendriks,OAK,3548,0.0,1.0,3.374998994171919,10.0,10.0,0.0,0.0,0.0,0.0,0.0,0.0,10.2,46.0,9.0,4.0,4.0,0.0,5.0,0.0,1.0,0.0,0.0,9.0
559,Jeff Locke,MIA,2929,0.0,5.0,8.156247083098739,7.0,7.0,0.0,0.0,0.0,0.0,0.0,0.0,32.0,152.0,42.0,30.0,29.0,4.0,15.0,3.0,0.0,3.0,0.0,26.0
560,Tanner Anderson,OAK,18029,0.0,3.0,6.044774398583256,5.0,5.0,0.0,0.0,0.0,0.0,0.0,0.0,22.1,105.0,30.0,16.0,15.0,4.0,7.0,1.0,0.0,3.0,0.0,18.0
561,Robert Gsellman,NYM,13696,8.0,8.0,5.527559221149331,27.0,27.0,8.0,1.0,0.0,0.0,0.0,0.0,127.0,591.0,152.0,94.0,78.0,20.0,47.0,3.0,9.0,4.0,0.0,84.0
562,Tyler Phillips,2 Tms,20629,9.0,7.0,4.969780349987689,27.0,27.0,4.0,1.0,1.0,0.0,0.0,0.0,121.1,513.0,121.0,68.0,67.0,23.0,39.0,0.0,4.0,2.0,1.0,90.0
563,Tyler Gilbert,2 Tms,17964,2.0,4.0,4.200000323772455,19.0,19.0,2.0,1.0,1.0,0.0,0.0,0.0,75.0,305.0,63.0,38.0,35.0,12.0,22.0,1.0,2.0,0.0,0.0,46.0
564,Jared Shuster,2 Tms,27472,4.0,5.0,6.046875360421858,17.0,17.0,1.0,0.0,0.0,0.0,0.0,0.0,64.0,284.0,70.0,43.0,43.0,9.0,28.0,0.0,2.0,3.0,0.0,39.0
565,Chris Mazza,BOS,14151,1.0,2.0,5.014286397428021,6.0,6.0,0.0,0.0,0.0,0.0,0.0,0.0,23.1,107.0,30.0,15.0,13.0,3.0,10.0,0.0,2.0,2.0,0.0,20.0
566,Aríel Miranda,SEA,17526,8.0,7.0,4.803680981595092,30.0,30.0,9.0,1.0,0.0,0.0,0.0,0.0,163.0,690.0,142.0,89.0,87.0,35.0,66.0,1.0,5.0,8.0,0.0,140.0
567,Robert Stock,2 Tms,6576,1.0,5.0,6.461538461538462,10.0,10.0,0.0,0.0,0.0,0.0,0.0,0.0,39.0,190.0,47.0,29.0,28.0,5.0,24.0,0.0,5.0,2.0,0.0,38.0
568,Kade Anderson,SEA,37238,1.0,2.0,5.328947635898974,5.0,5.0,1.0,0.0,0.0,0.0,0.0,0.0,25.1,107.0,28.0,15.0,15.0,4.0,8.0,0.0,0.0,1.0,0.0,21.0
569,Aaron Brooks,2 Tms,12272,5.0,10.0,6.424437220233816,22.0,22.0,5.0,0.0,0.0,0.0,0.0,0.0,103.2,471.0,129.0,81.0,74.0,21.0,34.0,0.0,7.0,3.0,1.0,69.0
570,Richard Fitts,BOS,30160,1.0,5.0,3.7945946337168373,14.0,14.0,2.0,0.0,0.0,0.0,0.0,0.0,61.2,262.0,60.0,30.0,26.0,10.0,20.0,0.0,2.0,2.0,1.0,43.0
571,Mike Baumann,BAL,20206,0.0,1.0,5.400000374533939,4.0,4.0,0.0,0.0,0.0,0.0,0.0,0.0,18.1,79.0,26.0,11.0,11.0,2.0,3.0,0.0,0.0,0.0,0.0,10.0
572,Jayson Aquino,BAL,13150,1.0,1.0,3.9705893490144364,2.0,2.0,1.0,0.0,0.0,0.0,0.0,0.0,11.1,49.0,11.0,6.0,5.0,2.0,3.0,0.0,0.0,1.0,0.0,9.0
573,Tejay Antone,CIN,16233,0.0,2.0,3.436364232213147,5.0,5.0,0.0,0.0,0.0,0.0,0.0,0.0,18.1,76.0,14.0,7.0,7.0,3.0,10.0,0.0,1.0,1.0,0.0,21.0
574,Casey Kelly,SFG,9174,0.0,2.0,2.9347832171363866,3.0,3.0,1.0,0.0,0.0,0.0,0.0,0.0,15.1,69.0,22.0,7.0,5.0,2.0,1.0,0.0,0.0,0.0,1.0,9.0
575,Konnor Pilkington,CLE,21453,1.0,2.0,4.411765035873491,11.0,11.0,0.0,0.0,0.0,0.0,0.0,0.0,51.0,231.0,51.0,30.0,25.0,6.0,28.0,0.0,2.0,1.0,0.0,44.0
576,A.J. Griffin,TEX,11132,6.0,6.0,5.500000582801033,15.0,15.0,4.0,1.0,1.0,0.0,0.0,0.0,72.0,312.0,69.0,45.0,44.0,18.0,27.0,0.0,4.0,1.0,0.0,58.0
577,Matt Andriese,3 Tms,12022,5.0,7.0,5.142857136601262,23.0,23.0,6.0,0.0,0.0,0.0,0.0,0.0,98.0,433.0,105.0,61.0,56.0,20.0,35.0,1.0,6.0,3.0,2.0,90.0
578,Angel Zerpa,KCR,22717,1.0,4.0,3.4534884486861217,8.0,8.0,0.0,0.0,0.0,0.0,0.0,0.0,28.2,122.0,27.0,14.0,11.0,4.0,9.0,0.0,3.0,0.0,0.0,21.0
579,Jefry Rodriguez,2 Tms,17018,3.0,7.0,5.420848782119011,17.0,17.0,4.0,0.0,0.0,0.0,0.0,0.0,86.1,383.0,82.0,56.0,52.0,12.0,50.0,4.0,3.0,6.0,1.0,65.0
580,Noah Schultz,CHW,32056,3.0,8.0,6.414365181632294,14.0,14.0,2.0,0.0,0.0,0.0,0.0,0.0,60.1,272.0,59.0,44.0,43.0,9.0,31.0,0.0,7.0,2.0,1.0,55.0
581,Jackson Rutledge,WSN,26215,1.0,1.0,6.2027028625772545,5.0,5.0,1.0,0.0,0.0,0.0,0.0,0.0,24.2,108.0,27.0,17.0,17.0,4.0,8.0,0.0,2.0,1.0,0.0,18.0
582,Blade Tidwell,2 Tms,31701,1.0,3.0,5.732877011906716,10.0,10.0,1.0,0.0,0.0,0.0,0.0,0.0,48.2,215.0,46.0,32.0,31.0,7.0,24.0,0.0,6.0,0.0,0.0,38.0
583,Charlie Barnes,MIN,19865,0.0,3.0,5.9400002265930265,8.0,8.0,0.0,0.0,0.0,0.0,0.0,0.0,33.1,154.0,40.0,24.0,22.0,3.0,14.0,0.0,4.0,0.0,0.0,17.0
584,Valente Bellozo,MIA,23899,3.0,7.0,3.6512457250867962,19.0,19.0,2.0,0.0,0.0,0.0,0.0,0.0,93.2,401.0,91.0,42.0,38.0,18.0,32.0,1.0,4.0,0.0,1.0,62.0
585,Yilber Díaz,ARI,29271,1.0,1.0,4.05,4.0,4.0,2.0,0.0,0.0,0.0,0.0,0.0,20.0,83.0,18.0,9.0,9.0,2.0,8.0,0.0,0.0,1.0,0.0,14.0
586,Coleman Crow,MIL,27926,0.0,1.0,5.9400002265930265,4.0,4.0,0.0,0.0,0.0,0.0,0.0,0.0,16.2,76.0,20.0,13.0,11.0,2.0,5.0,0.0,1.0,0.0,0.0,10.0
587,Cody Reed,CIN,15232,1.0,3.0,6.209998815536725,8.0,8.0,1.0,0.0,0.0,0.0,0.0,0.0,33.1,156.0,39.0,25.0,23.0,6.0,17.0,1.0,2.0,3.0,0.0,35.0
588,Erik Miller,2 Tms,26252,0.0,0.0,0.7714286134680947,11.0,11.0,0.0,0.0,0.0,0.0,0.0,0.0,11.2,46.0,9.0,3.0,1.0,1.0,6.0,0.0,0.0,0.0,0.0,13.0
589,Jordan Wicks,CHC,30094,6.0,7.0,5.916335043499463,19.0,19.0,4.0,0.0,0.0,0.0,0.0,0.0,83.2,380.0,98.0,58.0,55.0,15.0,31.0,0.0,3.0,6.0,0.0,70.0
590,Chris Ellis,BAL,16125,0.0,0.0,3.6404496332473775,8.0,8.0,0.0,0.0,0.0,0.0,0.0,0.0,29.2,130.0,23.0,12.0,12.0,3.0,19.0,0.0,3.0,2.0,0.0,18.0
591,Caleb Kilian,CHC,26213,0.0,3.0,9.152542668764234,5.0,5.0,0.0,0.0,0.0,0.0,0.0,0.0,19.2,99.0,24.0,22.0,20.0,0.0,16.0,1.0,3.0,5.0,0.0,17.0
592,Peyton Battenfield,CLE,25777,0.0,5.0,4.683673834016281,6.0,6.0,2.0,0.0,0.0,0.0,0.0,0.0,32.2,134.0,31.0,19.0,17.0,6.0,8.0,0.0,0.0,1.0,0.0,25.0
593,Chase Dollander,COL,33482,3.0,13.0,6.125373587707159,24.0,24.0,5.0,0.0,0.0,0.0,0.0,0.0,111.2,500.0,116.0,81.0,76.0,20.0,57.0,0.0,6.0,2.0,0.0,94.0
594,Artie Lewicki,DET,16731,0.0,3.0,6.381815968664006,4.0,4.0,0.0,0.0,0.0,0.0,0.0,0.0,18.1,88.0,28.0,15.0,13.0,2.0,8.0,0.0,1.0,0.0,0.0,10.0
595,Cody Poteet,2 Tms,18769,5.0,4.0,4.0955058374033,13.0,13.0,2.0,0.0,0.0,0.0,0.0,0.0,59.1,245.0,45.0,28.0,27.0,10.0,27.0,0.0,1.0,3.0,0.0,50.0
596,PJ Poulin,WSN,23394,0.0,0.0,1.800000228881865,11.0,11.0,0.0,0.0,0.0,0.0,0.0,0.0,15.0,58.0,11.0,3.0,3.0,2.0,4.0,0.0,1.0,0.0,0.0,11.0
597,Andrew Kittredge,TBR,12828,0.0,1.0,5.2597425458844915,15.0,15.0,0.0,0.0,0.0,0.0,0.0,0.0,25.2,113.0,30.0,17.0,15.0,6.0,7.0,0.0,0.0,0.0,0.0,30.0
598,Reiver Sanmartin,CIN,19754,2.0,4.0,10.565218267458896,6.0,6.0,1.0,0.0,0.0,0.0,0.0,0.0,23.0,114.0,38.0,27.0,27.0,4.0,11.0,0.0,0.0,3.0,2.0,19.0
599,Humberto Castellanos,ARI,21183,5.0,3.0,5.615044342565019,16.0,16.0,0.0,0.0,0.0,0.0,0.0,0.0,75.1,327.0,85.0,47.0,47.0,13.0,20.0,0.0,5.0,2.0,0.0,49.0
600,Eric Skoglund,KCR,16155,2.0,11.0,6.5204087977904495,22.0,22.0,5.0,0.0,0.0,0.0,0.0,0.0,98.0,436.0,112.0,73.0,71.0,17.0,35.0,0.0,7.0,3.0,0.0,62.0
601,AJ Blubaugh,HOU,31764,0.0,1.0,1.6363636363636365,3.0,3.0,0.0,0.0,0.0,0.0,0.0,0.0,11.0,47.0,8.0,7.0,2.0,2.0,6.0,0.0,0.0,0.0,0.0,15.0
602,Tyler Pill,NYM,12751,0.0,2.0,4.9591846386626575,3.0,3.0,0.0,0.0,0.0,0.0,0.0,0.0,16.1,75.0,19.0,12.0,9.0,2.0,6.0,2.0,1.0,0.0,0.0,14.0
603,Tyler Beede,2 Tms,16981,5.0,13.0,5.719211513674636,29.0,29.0,6.0,0.0,0.0,0.0,0.0,0.0,135.1,615.0,150.0,91.0,86.0,25.0,58.0,2.0,8.0,8.0,0.0,128.0
604,Jalen Beeks,3 Tms,17192,0.0,5.0,5.894365642969917,21.0,21.0,0.0,0.0,0.0,0.0,0.0,0.0,47.1,218.0,55.0,31.0,31.0,9.0,21.0,0.0,2.0,4.0,0.0,48.0
605,Luis Morales,ATH,32227,4.0,5.0,4.333333562921607,11.0,11.0,3.0,0.0,0.0,0.0,0.0,0.0,54.0,232.0,48.0,27.0,26.0,12.0,25.0,0.0,2.0,2.0,0.0,48.0
606,Joey Estes,OAK,26257,7.0,12.0,5.842824956765965,29.0,29.0,8.0,1.0,1.0,0.0,0.0,0.0,146.1,638.0,160.0,98.0,95.0,32.0,34.0,2.0,14.0,3.0,0.0,108.0
607,Austin Cox,2 Tms,24604,0.0,1.0,6.750001024687818,4.0,4.0,0.0,0.0,0.0,0.0,0.0,0.0,10.2,51.0,15.0,8.0,8.0,1.0,6.0,0.0,0.0,0.0,0.0,9.0
608,Edwin Jackson,4 Tms,1841,13.0,18.0,5.523664636851502,43.0,43.0,15.0,0.0,0.0,0.0,0.0,0.0,218.1,968.0,237.0,152.0,134.0,47.0,86.0,3.0,5.0,12.0,1.0,171.0
609,José De León,3 Tms,15463,1.0,1.0,5.500000291400501,4.0,4.0,1.0,0.0,0.0,0.0,0.0,0.0,18.0,79.0,19.0,11.0,11.0,5.0,8.0,0.0,0.0,2.0,0.0,28.0
610,César Valdez,2 Tms,9013,1.0,1.0,9.391306294836436,4.0,4.0,1.0,0.0,0.0,0.0,0.0,0.0,15.1,72.0,23.0,17.0,16.0,2.0,6.0,1.0,0.0,0.0,1.0,11.0
611,Shelby Miller,3 Tms,10197,3.0,9.0,8.019803494709032,17.0,17.0,1.0,0.0,0.0,0.0,0.0,0.0,67.1,330.0,84.0,63.0,60.0,11.0,42.0,2.0,2.0,3.0,1.0,60.0
612,David Paulino,HOU,17418,2.0,0.0,6.517241379310345,6.0,6.0,1.0,0.0,0.0,0.0,0.0,0.0,29.0,128.0,36.0,21.0,21.0,8.0,7.0,0.0,0.0,5.0,0.0,34.0
613,Chris O'Grady,MIA,13818,2.0,1.0,5.4683550905101015,6.0,6.0,1.0,0.0,0.0,0.0,0.0,0.0,26.1,117.0,26.0,16.0,16.0,4.0,15.0,1.0,1.0,0.0,1.0,26.0
614,Kohl Stewart,2 Tms,15502,2.0,3.0,6.146340605618462,9.0,9.0,1.0,0.0,0.0,0.0,0.0,0.0,41.0,192.0,54.0,29.0,28.0,5.0,19.0,0.0,4.0,8.0,0.0,24.0
615,Aaron Slegers,2 Tms,15231,1.0,2.0,5.192309596835502,6.0,6.0,2.0,0.0,0.0,0.0,0.0,0.0,26.0,104.0,20.0,16.0,15.0,5.0,6.0,0.0,1.0,0.0,0.0,16.0
616,Riley Smith,ARI,19826,1.0,4.0,7.92,6.0,6.0,1.0,0.0,0.0,0.0,0.0,0.0,25.0,115.0,38.0,22.0,22.0,3.0,6.0,0.0,0.0,0.0,0.0,8.0
617,Keaton Winn,SFG,23499,4.0,11.0,6.805785338529014,17.0,17.0,6.0,0.0,0.0,0.0,0.0,0.0,80.2,343.0,79.0,61.0,61.0,14.0,24.0,0.0,8.0,2.0,0.0,72.0
618,George Klassen,LAA,33464,2.0,2.0,3.6666666666666665,6.0,6.0,2.0,0.0,0.0,0.0,0.0,0.0,27.0,125.0,23.0,13.0,11.0,2.0,21.0,0.0,1.0,2.0,0.0,24.0
619,Kenny Rosenberg,LAA,20009,2.0,2.0,3.7500001490116177,5.0,5.0,1.0,0.0,0.0,0.0,0.0,0.0,24.0,103.0,26.0,10.0,10.0,4.0,9.0,1.0,0.0,1.0,0.0,15.0
620,Mitch Farris,LAA,33628,1.0,3.0,6.657534594472315,5.0,5.0,1.0,0.0,0.0,0.0,0.0,0.0,24.1,107.0,24.0,19.0,18.0,4.0,11.0,0.0,1.0,1.0,0.0,24.0
621,Tristan Beck,SFG,21584,0.0,1.0,6.6315792802298335,5.0,5.0,0.0,0.0,0.0,0.0,0.0,0.0,19.0,86.0,27.0,14.0,14.0,3.0,4.0,0.0,0.0,1.0,0.0,12.0
622,Sean Nolin,WSN,11341,0.0,2.0,5.6037737865726465,5.0,5.0,0.0,0.0,0.0,0.0,0.0,0.0,17.2,82.0,26.0,11.0,11.0,4.0,4.0,0.0,2.0,0.0,0.0,16.0
623,Landon Knack,LAD,27487,5.0,7.0,4.1773587310997575,19.0,19.0,4.0,0.0,0.0,0.0,0.0,0.0,88.1,375.0,76.0,43.0,41.0,20.0,33.0,0.0,4.0,2.0,1.0,87.0
624,Luinder Avila,KCR,24452,5.0,3.0,6.270968050604448,12.0,12.0,1.0,0.0,0.0,0.0,0.0,0.0,51.2,232.0,52.0,36.0,36.0,7.0,33.0,0.0,2.0,1.0,1.0,45.0
625,Jimmy Lambert,CHW,19541,1.0,3.0,4.189655447970124,6.0,6.0,0.0,0.0,0.0,0.0,0.0,0.0,19.1,86.0,20.0,9.0,9.0,3.0,8.0,0.0,1.0,1.0,0.0,14.0
626,Allan Winans,2 Tms,21238,1.0,5.0,7.308271043518592,9.0,9.0,2.0,0.0,0.0,0.0,0.0,0.0,44.1,201.0,56.0,37.0,36.0,9.0,12.0,1.0,4.0,0.0,0.0,39.0
627,A.J. Alexy,TEX,22343,3.0,1.0,2.7931036319800824,4.0,4.0,1.0,0.0,0.0,0.0,0.0,0.0,19.1,77.0,9.0,6.0,6.0,2.0,13.0,0.0,0.0,0.0,0.0,14.0
628,Tommy Henry,ARI,26285,9.0,11.0,4.968000075805665,32.0,32.0,9.0,0.0,0.0,0.0,0.0,0.0,166.2,730.0,173.0,94.0,92.0,28.0,69.0,3.0,10.0,4.0,0.0,126.0
629,Daniel Castano,MIA,19805,1.0,6.0,4.4792628696662655,17.0,17.0,3.0,0.0,0.0,0.0,0.0,0.0,72.1,319.0,83.0,41.0,36.0,11.0,25.0,0.0,3.0,3.0,0.0,38.0
630,Anthony Molina,2 Tms,26952,2.0,2.0,7.1052635145319645,6.0,6.0,0.0,0.0,0.0,0.0,0.0,0.0,25.1,113.0,29.0,22.0,20.0,7.0,8.0,0.0,1.0,0.0,0.0,24.0
631,Elmer Rodríguez,NYY,31811,0.0,3.0,5.40000051498418,6.0,6.0,1.0,0.0,0.0,0.0,0.0,0.0,26.2,125.0,26.0,16.0,16.0,2.0,16.0,0.0,5.0,2.0,0.0,21.0
632,Dylan Covey,2 Tms,14825,5.0,27.0,6.935779272260838,46.0,46.0,8.0,0.0,0.0,0.0,0.0,0.0,218.0,992.0,256.0,182.0,168.0,41.0,100.0,5.0,3.0,13.0,1.0,154.0
633,Keegan Thompson,CHC,19795,6.0,6.0,4.943662303848153,23.0,23.0,4.0,0.0,0.0,0.0,0.0,0.0,94.2,427.0,104.0,59.0,52.0,16.0,40.0,0.0,7.0,5.0,0.0,80.0
634,Craig Stammen,SDP,7274,0.0,1.0,8.181818181818182,5.0,5.0,0.0,0.0,0.0,0.0,0.0,0.0,11.0,55.0,19.0,10.0,10.0,1.0,6.0,1.0,0.0,0.0,0.0,8.0
635,Kyle Muller,2 Tms,20167,4.0,10.0,6.666666902141815,24.0,24.0,0.0,0.0,0.0,0.0,0.0,0.0,108.0,500.0,124.0,80.0,80.0,17.0,59.0,2.0,5.0,13.0,0.0,94.0
636,Darius Vines,ATL,25928,1.0,1.0,3.7384616481623034,4.0,4.0,2.0,0.0,0.0,0.0,0.0,0.0,21.2,90.0,19.0,10.0,9.0,4.0,6.0,0.0,1.0,0.0,0.0,16.0
637,Josh James,HOU,16794,2.0,0.0,4.432836451863026,6.0,6.0,0.0,0.0,0.0,0.0,0.0,0.0,22.1,98.0,15.0,11.0,11.0,4.0,17.0,0.0,2.0,2.0,0.0,29.0
638,Colton Gordon,HOU,31312,4.0,4.0,5.619909550765279,15.0,15.0,1.0,0.0,0.0,0.0,0.0,0.0,73.2,330.0,97.0,48.0,46.0,19.0,13.0,2.0,3.0,3.0,1.0,66.0
639,Zac Lowther,BAL,20243,1.0,3.0,7.225352306778392,6.0,6.0,1.0,0.0,0.0,0.0,0.0,0.0,23.2,110.0,30.0,20.0,19.0,5.0,11.0,0.0,2.0,1.0,0.0,22.0
640,Tim Adleman,CIN,10968,5.0,9.0,5.46835469443187,20.0,20.0,7.0,0.0,0.0,0.0,0.0,0.0,105.1,457.0,109.0,68.0,64.0,24.0,44.0,1.0,5.0,0.0,1.0,93.0
641,Jesse Scholtens,2 Tms,19205,0.0,8.0,5.9062503520399545,13.0,13.0,3.0,0.0,0.0,0.0,0.0,0.0,64.0,291.0,81.0,44.0,42.0,13.0,22.0,1.0,3.0,0.0,0.0,48.0
642,Hogan Harris,OAK,21520,3.0,8.0,4.757709411006353,15.0,15.0,5.0,0.0,0.0,0.0,0.0,0.0,75.2,333.0,83.0,46.0,40.0,13.0,34.0,0.0,1.0,1.0,0.0,59.0
643,Miguel Díaz,2 Tms,18815,0.0,0.0,3.4468102241445195,8.0,8.0,0.0,0.0,0.0,0.0,0.0,0.0,15.2,72.0,14.0,6.0,6.0,2.0,11.0,0.0,0.0,0.0,0.0,15.0
644,Mike Mayers,2 Tms,15451,0.0,2.0,5.785714679834821,7.0,7.0,0.0,0.0,0.0,0.0,0.0,0.0,28.0,122.0,34.0,20.0,18.0,6.0,9.0,0.0,0.0,1.0,0.0,23.0
645,Cesar Perdomo,SFG,30334,0.0,1.0,4.108695992900682,3.0,3.0,1.0,0.0,0.0,0.0,0.0,0.0,15.1,68.0,19.0,7.0,7.0,2.0,6.0,0.0,0.0,0.0,0.0,8.0
646,Connor Phillips,CIN,27649,1.0,1.0,6.9677421498373135,5.0,5.0,1.0,0.0,0.0,0.0,0.0,0.0,20.2,96.0,18.0,16.0,16.0,5.0,13.0,0.0,1.0,2.0,0.0,26.0
647,Andrew Albers,2 Tms,7853,5.0,3.0,4.740458394880822,9.0,9.0,2.0,0.0,0.0,0.0,0.0,0.0,43.2,199.0,53.0,29.0,23.0,10.0,13.0,1.0,2.0,1.0,1.0,31.0
648,Tony Santillan,CIN,19926,1.0,2.0,3.566037864182593,5.0,5.0,1.0,0.0,0.0,0.0,0.0,0.0,17.2,86.0,18.0,8.0,7.0,3.0,11.0,0.0,3.0,0.0,0.0,20.0
649,Caleb Ferguson,2 Tms,19349,0.0,4.0,5.684208564811812,15.0,15.0,0.0,0.0,0.0,0.0,0.0,0.0,25.1,116.0,25.0,17.0,16.0,4.0,14.0,0.0,3.0,0.0,1.0,24.0
650,Cody Morris,CLE,25388,1.0,2.0,2.1774194218241605,5.0,5.0,1.0,0.0,0.0,0.0,0.0,0.0,20.2,89.0,19.0,7.0,5.0,3.0,11.0,0.0,0.0,1.0,0.0,20.0
651,Matt Peacock,ARI,20339,1.0,5.0,5.294117647058823,8.0,8.0,1.0,0.0,0.0,0.0,0.0,0.0,34.0,155.0,45.0,21.0,20.0,6.0,12.0,1.0,0.0,0.0,1.0,24.0
652,Andre Jackson,PIT,21298,1.0,3.0,5.333333710093584,7.0,7.0,0.0,0.0,0.0,0.0,0.0,0.0,27.0,115.0,19.0,16.0,16.0,4.0,17.0,0.0,2.0,0.0,0.0,25.0
653,Hector Velázquez,BOS,19341,3.0,6.0,5.265000351476693,19.0,19.0,0.0,0.0,0.0,0.0,0.0,0.0,66.2,292.0,73.0,44.0,39.0,12.0,30.0,1.0,3.0,2.0,0.0,50.0
654,Adam Conley,MIA,14457,7.0,7.0,6.168873860498195,20.0,20.0,8.0,0.0,0.0,0.0,0.0,0.0,100.2,454.0,112.0,73.0,69.0,18.0,42.0,4.0,7.0,5.0,0.0,71.0
655,Hyeon-Jong Yang,TEX,27513,0.0,3.0,6.600000419616726,4.0,4.0,0.0,0.0,0.0,0.0,0.0,0.0,15.0,67.0,17.0,13.0,11.0,3.0,9.0,0.0,0.0,1.0,0.0,14.0
656,Andrew Sears,DET,33664,0.0,0.0,4.218750628642831,3.0,3.0,0.0,0.0,0.0,0.0,0.0,0.0,10.2,54.0,12.0,11.0,5.0,1.0,6.0,0.0,3.0,1.0,0.0,9.0
657,Chase Silseth,LAA,30074,4.0,5.0,5.253393846516807,17.0,17.0,2.0,0.0,0.0,0.0,0.0,0.0,73.2,321.0,71.0,44.0,43.0,17.0,30.0,0.0,3.0,4.0,0.0,82.0
658,Mike Bolsinger,TOR,11137,0.0,2.0,5.6103889155215825,5.0,5.0,0.0,0.0,0.0,0.0,0.0,0.0,25.2,123.0,27.0,18.0,16.0,3.0,19.0,0.0,3.0,2.0,0.0,21.0
659,Jose Cabrera,ARI,30412,0.0,3.0,5.318181818181818,5.0,5.0,0.0,0.0,0.0,0.0,0.0,0.0,22.0,99.0,23.0,13.0,13.0,4.0,8.0,0.0,3.0,0.0,1.0,16.0
660,Jake Thompson,PHI,14371,3.0,2.0,3.266129434170807,8.0,8.0,1.0,0.0,0.0,0.0,0.0,0.0,41.1,185.0,44.0,22.0,15.0,8.0,18.0,0.0,5.0,1.0,0.0,32.0
661,Max Castillo,2 Tms,21956,0.0,2.0,6.92307717701388,6.0,6.0,0.0,0.0,0.0,0.0,0.0,0.0,26.0,116.0,30.0,22.0,20.0,5.0,9.0,0.0,2.0,1.0,0.0,21.0
662,Adrian Morejon,SDP,20039,0.0,1.0,4.285713117950134,9.0,9.0,0.0,0.0,0.0,0.0,0.0,0.0,21.0,91.0,20.0,11.0,10.0,5.0,9.0,0.0,0.0,0.0,0.0,21.0
663,Mason Englert,2 Tms,22288,0.0,3.0,5.210526838857434,5.0,5.0,0.0,0.0,0.0,0.0,0.0,0.0,19.0,86.0,24.0,12.0,11.0,5.0,5.0,0.0,0.0,0.0,0.0,18.0
664,Cody Ponce,2 Tms,17920,1.0,2.0,5.558822983689015,6.0,6.0,0.0,0.0,0.0,0.0,0.0,0.0,22.2,99.0,25.0,14.0,14.0,5.0,10.0,0.0,0.0,1.0,1.0,17.0
665,Denyi Reyes,2 Tms,20526,0.0,2.0,7.977273591786471,4.0,4.0,0.0,0.0,0.0,0.0,0.0,0.0,14.2,70.0,20.0,13.0,13.0,3.0,6.0,0.0,1.0,0.0,0.0,9.0
666,Chris Rowley,TOR,18820,1.0,1.0,4.609758242052703,3.0,3.0,0.0,0.0,0.0,0.0,0.0,0.0,13.2,64.0,14.0,7.0,7.0,2.0,9.0,0.0,0.0,1.0,1.0,7.0
667,Shawn Dubin,HOU,24977,0.0,0.0,3.6000003433227867,3.0,3.0,0.0,0.0,0.0,0.0,0.0,0.0,10.0,45.0,8.0,4.0,4.0,1.0,6.0,0.0,2.0,0.0,0.0,7.0
668,Huascar Brazobán,NYM,6107,0.0,1.0,3.2727275564651106,9.0,9.0,0.0,0.0,0.0,0.0,0.0,0.0,11.0,47.0,4.0,4.0,4.0,1.0,10.0,0.0,1.0,0.0,0.0,9.0
669,Zach Agnos,COL,31552,0.0,1.0,1.687500100582844,3.0,3.0,0.0,0.0,0.0,0.0,0.0,0.0,10.2,43.0,6.0,2.0,2.0,2.0,5.0,0.0,0.0,0.0,0.0,6.0
670,Daulton Jefferies,2 Tms,19345,2.0,9.0,7.07586225511912,11.0,11.0,2.0,0.0,0.0,0.0,0.0,0.0,48.1,221.0,63.0,43.0,38.0,9.0,13.0,0.0,2.0,3.0,0.0,33.0
671,Corey Oswalt,NYM,13677,2.0,4.0,4.806282482532557,14.0,14.0,3.0,0.0,0.0,0.0,0.0,0.0,63.2,271.0,65.0,35.0,34.0,13.0,18.0,1.0,4.0,3.0,0.0,47.0
672,Chris Volstad,CHW,9901,0.0,3.0,5.869566434272773,3.0,3.0,1.0,0.0,0.0,0.0,0.0,0.0,15.1,63.0,12.0,10.0,10.0,3.0,5.0,0.0,1.0,0.0,0.0,8.0
673,Noah Davis,COL,25862,0.0,4.0,7.2,6.0,6.0,0.0,0.0,0.0,0.0,0.0,0.0,25.0,119.0,32.0,21.0,20.0,5.0,14.0,0.0,4.0,2.0,1.0,22.0
674,Justin Nicolino,MIA,11754,2.0,2.0,5.234694896366138,8.0,8.0,1.0,0.0,0.0,0.0,0.0,0.0,32.2,157.0,47.0,24.0,19.0,5.0,13.0,3.0,1.0,0.0,0.0,19.0
675,Jared Koenig,2 Tms,27517,1.0,3.0,5.1702132904999605,11.0,11.0,0.0,0.0,0.0,0.0,0.0,0.0,31.1,142.0,31.0,18.0,18.0,4.0,14.0,0.0,3.0,4.0,1.0,21.0
676,Carlos Rodriguez,MIL,30161,0.0,3.0,7.2972980496481865,3.0,3.0,0.0,0.0,0.0,0.0,0.0,0.0,12.1,57.0,19.0,11.0,10.0,3.0,3.0,0.0,0.0,0.0,0.0,9.0
677,Jimmy Yacabonis,3 Tms,15157,0.0,4.0,5.165217835709407,13.0,13.0,0.0,0.0,0.0,0.0,0.0,0.0,38.1,175.0,40.0,24.0,22.0,7.0,20.0,0.0,4.0,4.0,0.0,27.0
678,Kyle Tyler,MIA,22092,0.0,2.0,5.4606746254116985,7.0,7.0,0.0,0.0,0.0,0.0,0.0,0.0,29.2,135.0,36.0,18.0,18.0,4.0,18.0,0.0,1.0,1.0,0.0,24.0
679,Yefry Ramírez,BAL,15655,1.0,9.0,7.147058452660669,13.0,13.0,1.0,0.0,0.0,0.0,0.0,0.0,56.2,267.0,62.0,47.0,45.0,12.0,36.0,1.0,4.0,4.0,0.0,56.0
680,Braden Shipley,ARI,15158,0.0,1.0,7.297299178174812,3.0,3.0,0.0,0.0,0.0,0.0,0.0,0.0,12.1,64.0,16.0,11.0,10.0,1.0,11.0,0.0,0.0,0.0,0.0,7.0
681,Luis Patiño,3 Tms,22815,4.0,6.0,5.653429848621216,23.0,23.0,2.0,0.0,0.0,0.0,0.0,0.0,92.1,421.0,97.0,61.0,58.0,17.0,46.0,3.0,4.0,8.0,1.0,80.0
682,Josh Rogers,2 Tms,18510,4.0,6.0,4.695652928379519,12.0,12.0,2.0,0.0,0.0,0.0,0.0,0.0,61.1,267.0,63.0,32.0,32.0,12.0,24.0,0.0,2.0,0.0,0.0,35.0
683,Jack Kochanowicz,LAA,27688,7.0,22.0,5.879334662361254,47.0,47.0,17.0,0.0,0.0,0.0,0.0,0.0,240.1,1074.0,269.0,166.0,157.0,35.0,104.0,6.0,20.0,11.0,1.0,144.0
684,Yohander Méndez,TEX,14391,1.0,2.0,7.285714285714286,5.0,5.0,1.0,0.0,0.0,0.0,0.0,0.0,21.0,95.0,23.0,18.0,17.0,4.0,12.0,0.0,0.0,0.0,0.0,13.0
685,Xzavion Curry,3 Tms,25595,1.0,6.0,5.6359224605542355,17.0,17.0,1.0,0.0,0.0,0.0,0.0,0.0,68.2,301.0,76.0,46.0,43.0,13.0,25.0,0.0,2.0,1.0,2.0,41.0
686,Josh Winckowski,BOS,22387,6.0,7.0,4.86397092931207,21.0,21.0,3.0,0.0,0.0,0.0,0.0,0.0,90.2,393.0,98.0,50.0,49.0,14.0,31.0,1.0,4.0,0.0,0.0,51.0
687,Connor Gillispie,MIA,26171,0.0,3.0,8.653846153846153,6.0,6.0,0.0,0.0,0.0,0.0,0.0,0.0,26.0,123.0,32.0,26.0,25.0,6.0,11.0,0.0,1.0,1.0,0.0,23.0
688,Logan Evans,SEA,33699,6.0,5.0,4.365957730294587,15.0,15.0,2.0,0.0,0.0,0.0,0.0,0.0,78.1,338.0,80.0,44.0,38.0,13.0,30.0,1.0,4.0,4.0,0.0,58.0
689,Jharel Cotton,OAK,13654,9.0,10.0,5.5813953488372094,24.0,24.0,6.0,0.0,0.0,0.0,0.0,0.0,129.0,566.0,133.0,91.0,80.0,28.0,53.0,1.0,4.0,9.0,2.0,105.0
690,Phil Hughes,MIN,7450,4.0,3.0,5.999999152289616,11.0,11.0,3.0,0.0,0.0,0.0,0.0,0.0,54.0,245.0,70.0,39.0,36.0,12.0,15.0,1.0,2.0,0.0,0.0,35.0
691,Mason Black,SFG,30171,1.0,5.0,5.881188563068394,8.0,8.0,0.0,0.0,0.0,0.0,0.0,0.0,33.2,155.0,43.0,22.0,22.0,6.0,13.0,0.0,2.0,0.0,0.0,29.0
692,Braydon Fisher,TOR,24609,0.0,0.0,4.263158429692724,11.0,11.0,0.0,0.0,0.0,0.0,0.0,0.0,12.2,54.0,7.0,6.0,6.0,2.0,11.0,0.0,0.0,0.0,0.0,12.0
693,Carson Spiers,CIN,27685,4.0,9.0,6.617647337253542,14.0,14.0,3.0,0.0,0.0,0.0,0.0,0.0,68.0,305.0,80.0,52.0,50.0,18.0,23.0,0.0,2.0,0.0,0.0,63.0
694,Scott Kazmir,SFG,4897,0.0,1.0,5.225806612377985,4.0,4.0,0.0,0.0,0.0,0.0,0.0,0.0,10.1,48.0,12.0,7.0,6.0,2.0,5.0,1.0,0.0,0.0,0.0,8.0
695,Drew VerHagen,DET,13424,2.0,4.0,7.874997594394524,7.0,7.0,1.0,0.0,0.0,0.0,0.0,0.0,32.0,152.0,48.0,30.0,28.0,9.0,11.0,0.0,1.0,1.0,0.0,28.0
696,Bryan Garcia,DET,19457,2.0,0.0,3.540983827996415,4.0,4.0,2.0,0.0,0.0,0.0,0.0,0.0,20.1,84.0,14.0,8.0,8.0,3.0,10.0,0.0,3.0,1.0,0.0,17.0
697,Casey Lawrence,TOR,11121,0.0,2.0,7.941178698028873,2.0,2.0,0.0,0.0,0.0,0.0,0.0,0.0,11.1,58.0,18.0,11.0,10.0,2.0,6.0,1.0,0.0,0.0,0.0,5.0
698,Nick Tropeano,LAA,12385,5.0,7.0,5.222222714103672,15.0,15.0,4.0,0.0,0.0,0.0,0.0,0.0,81.0,341.0,74.0,48.0,47.0,17.0,34.0,2.0,3.0,2.0,0.0,67.0
699,A.J. Cole,WSN,11467,3.0,6.0,5.2312493763864785,10.0,10.0,3.0,0.0,0.0,0.0,0.0,0.0,53.1,243.0,58.0,32.0,31.0,11.0,29.0,0.0,3.0,0.0,0.0,50.0
700,Henderson Alvarez,PHI,5669,0.0,1.0,4.2954536144400475,3.0,3.0,0.0,0.0,0.0,0.0,0.0,0.0,14.2,67.0,14.0,7.0,7.0,2.0,11.0,1.0,0.0,0.0,1.0,6.0
701,Drew Rom,STL,24602,1.0,4.0,8.019802586002356,8.0,8.0,0.0,0.0,0.0,0.0,0.0,0.0,33.2,170.0,51.0,34.0,30.0,7.0,19.0,0.0,0.0,1.0,0.0,32.0
702,Brett Kennedy,2 Tms,17877,2.0,2.0,5.890908580181072,8.0,8.0,1.0,0.0,0.0,0.0,0.0,0.0,36.2,170.0,44.0,24.0,24.0,6.0,15.0,1.0,3.0,1.0,0.0,23.0
703,Matt Wilkinson,SFG,33760,0.0,3.0,6.136363902367847,4.0,4.0,1.0,0.0,0.0,0.0,0.0,0.0,14.2,64.0,16.0,13.0,10.0,4.0,4.0,0.0,0.0,0.0,1.0,8.0
704,Bryse Wilson,4 Tms,19990,9.0,19.0,5.441326954224797,57.0,57.0,12.0,0.0,0.0,0.0,0.0,0.0,261.1,1166.0,300.0,168.0,158.0,47.0,96.0,5.0,15.0,7.0,2.0,183.0
705,Thomas Pannone,2 Tms,17281,4.0,7.0,7.24736987613274,14.0,14.0,5.0,0.0,0.0,0.0,0.0,0.0,63.1,284.0,67.0,53.0,51.0,14.0,25.0,0.0,3.0,2.0,0.0,45.0
706,Erasmo Ramírez,3 Tms,10314,6.0,10.0,5.558823585097765,33.0,33.0,9.0,0.0,0.0,0.0,0.0,0.0,158.2,684.0,170.0,106.0,98.0,37.0,41.0,2.0,6.0,2.0,0.0,131.0
707,Gabriel Ynoa,BAL,12938,1.0,12.0,5.656127335036106,17.0,17.0,4.0,0.0,0.0,0.0,0.0,0.0,84.1,363.0,95.0,57.0,53.0,22.0,20.0,0.0,4.0,1.0,1.0,43.0
708,Enyel De Los Santos,PHI,18403,1.0,1.0,7.363639555688145,3.0,3.0,1.0,0.0,0.0,0.0,0.0,0.0,14.2,65.0,19.0,12.0,12.0,3.0,7.0,0.0,1.0,2.0,1.0,10.0
709,Jhonathan Díaz,2 Tms,20298,1.0,1.0,4.068493682194237,7.0,7.0,0.0,0.0,0.0,0.0,0.0,0.0,24.1,117.0,28.0,11.0,11.0,3.0,18.0,0.0,2.0,0.0,0.0,18.0
710,Kyle Hart,2 Tms,19646,2.0,3.0,6.853846656641348,13.0,13.0,1.0,0.0,0.0,0.0,0.0,0.0,43.1,197.0,51.0,35.0,33.0,10.0,18.0,0.0,0.0,0.0,1.0,37.0
711,Sean Sullivan,COL,33502,0.0,3.0,8.865672146565004,5.0,5.0,0.0,0.0,0.0,0.0,0.0,0.0,22.1,114.0,34.0,22.0,22.0,5.0,11.0,0.0,3.0,0.0,1.0,16.0
712,Garrett Hill,DET,25097,3.0,3.0,4.21875025145711,8.0,8.0,2.0,0.0,0.0,0.0,0.0,0.0,42.2,185.0,38.0,22.0,20.0,6.0,18.0,0.0,3.0,1.0,0.0,21.0
713,Vance Worley,MIA,6435,2.0,5.0,7.394904638275939,12.0,12.0,2.0,0.0,0.0,0.0,0.0,0.0,52.1,241.0,69.0,44.0,43.0,8.0,22.0,2.0,5.0,1.0,0.0,31.0
714,Ryan Johnson,LAA,35325,5.0,8.0,4.324219007743538,17.0,17.0,5.0,0.0,0.0,0.0,0.0,0.0,85.1,362.0,74.0,46.0,41.0,16.0,36.0,0.0,5.0,3.0,0.0,67.0
715,Bryan Mitchell,2 Tms,11479,2.0,4.0,4.3783782880962825,12.0,12.0,3.0,0.0,0.0,0.0,0.0,0.0,61.2,277.0,66.0,31.0,30.0,8.0,36.0,1.0,1.0,1.0,0.0,33.0
716,Dietrich Enns,3 Tms,13932,1.0,1.0,5.785715960726931,4.0,4.0,0.0,0.0,0.0,0.0,0.0,0.0,14.0,63.0,16.0,11.0,9.0,4.0,5.0,0.0,0.0,0.0,0.0,10.0
717,Brandon Bielak,HOU,19866,6.0,9.0,4.500000175164677,21.0,21.0,3.0,0.0,0.0,0.0,0.0,0.0,98.0,437.0,108.0,59.0,49.0,19.0,46.0,0.0,5.0,4.0,0.0,78.0
718,Jacob Turner,2 Tms,10185,0.0,2.0,8.027029095992294,3.0,3.0,1.0,0.0,0.0,0.0,0.0,0.0,12.1,59.0,17.0,13.0,11.0,3.0,5.0,0.0,1.0,0.0,0.0,8.0
719,Raúl Alcántara,OAK,12790,1.0,2.0,7.2,4.0,4.0,0.0,0.0,0.0,0.0,0.0,0.0,15.0,66.0,13.0,12.0,12.0,3.0,7.0,0.0,1.0,0.0,0.0,10.0
720,Dario Agrazal,PIT,15821,4.0,5.0,5.04672933180831,14.0,14.0,5.0,0.0,0.0,0.0,0.0,0.0,71.1,315.0,82.0,43.0,40.0,15.0,18.0,0.0,10.0,0.0,0.0,40.0
721,Drew Thorpe,CHW,31967,3.0,3.0,5.4812031647303066,9.0,9.0,5.0,0.0,0.0,0.0,0.0,0.0,44.1,190.0,35.0,29.0,27.0,8.0,21.0,0.0,1.0,0.0,1.0,25.0
722,Easton Lucas,TOR,26058,2.0,3.0,8.23728920077168,5.0,5.0,0.0,0.0,0.0,0.0,0.0,0.0,19.2,90.0,21.0,18.0,18.0,5.0,11.0,0.0,0.0,1.0,0.0,20.0
723,Rony García,DET,20430,3.0,3.0,5.571428571428571,10.0,10.0,1.0,0.0,0.0,0.0,0.0,0.0,42.0,178.0,39.0,29.0,26.0,10.0,12.0,0.0,4.0,2.0,0.0,36.0
724,Thomas Hatch,3 Tms,19264,1.0,1.0,6.4800012977602695,7.0,7.0,0.0,0.0,0.0,0.0,0.0,0.0,25.0,115.0,30.0,18.0,18.0,6.0,11.0,0.0,3.0,2.0,0.0,20.0
725,Carson Fulmer,2 Tms,18311,5.0,9.0,5.644599003032246,24.0,24.0,6.0,0.0,0.0,0.0,0.0,0.0,95.2,436.0,88.0,65.0,60.0,17.0,56.0,1.0,8.0,3.0,5.0,86.0
726,Brock Burke,2 Tms,17968,0.0,3.0,8.162790878712652,8.0,8.0,3.0,0.0,0.0,0.0,0.0,0.0,28.2,130.0,34.0,26.0,26.0,7.0,11.0,0.0,2.0,0.0,0.0,16.0
727,Chad Bell,DET,10297,0.0,2.0,9.391306294836436,4.0,4.0,0.0,0.0,0.0,0.0,0.0,0.0,15.1,80.0,27.0,16.0,16.0,4.0,9.0,0.0,1.0,0.0,0.0,15.0
728,Mason Adams,COL,31663,0.0,1.0,5.086956521739131,5.0,5.0,0.0,0.0,0.0,0.0,0.0,0.0,23.0,101.0,26.0,13.0,13.0,6.0,12.0,0.0,1.0,2.0,0.0,23.0
729,Alex Wells,BAL,19845,1.0,3.0,7.054054054054054,8.0,8.0,1.0,0.0,0.0,0.0,0.0,0.0,37.0,168.0,45.0,29.0,29.0,10.0,12.0,0.0,3.0,0.0,0.0,24.0
730,Jackson Tetreault,WSN,20565,2.0,2.0,5.142857142857143,4.0,4.0,2.0,0.0,0.0,0.0,0.0,0.0,21.0,96.0,23.0,15.0,12.0,4.0,10.0,0.0,0.0,0.0,0.0,9.0
731,A.J. Puk,MIA,19343,0.0,4.0,9.219512624020117,4.0,4.0,0.0,0.0,0.0,0.0,0.0,0.0,13.2,77.0,19.0,17.0,14.0,1.0,17.0,0.0,1.0,1.0,0.0,12.0
732,Cole Sands,MIN,21461,0.0,3.0,7.269231302498399,6.0,6.0,0.0,0.0,0.0,0.0,0.0,0.0,17.1,83.0,21.0,14.0,14.0,4.0,7.0,0.0,2.0,1.0,0.0,16.0
733,Taylor Clarke,2 Tms,17611,5.0,4.0,5.38043422487153,23.0,23.0,3.0,0.0,0.0,0.0,0.0,0.0,92.0,406.0,96.0,61.0,55.0,20.0,36.0,1.0,5.0,2.0,0.0,77.0
734,Jackson Stephens,2 Tms,14420,1.0,1.0,6.646152871036108,5.0,5.0,1.0,0.0,0.0,0.0,0.0,0.0,21.2,93.0,22.0,16.0,16.0,6.0,9.0,0.0,0.0,1.0,0.0,18.0
735,Ky Bush,CHW,29823,0.0,3.0,5.6037737865726465,4.0,4.0,1.0,0.0,0.0,0.0,0.0,0.0,17.2,87.0,20.0,11.0,11.0,2.0,16.0,1.0,1.0,2.0,0.0,11.0
736,Mark Leiter Jr.,2 Tms,15551,3.0,7.0,5.760000512695358,15.0,15.0,4.0,0.0,0.0,0.0,0.0,0.0,75.0,330.0,83.0,55.0,48.0,19.0,22.0,0.0,7.0,1.0,0.0,66.0
737,Karl Kauffmann,COL,27488,0.0,3.0,11.368421623251143,3.0,3.0,0.0,0.0,0.0,0.0,0.0,0.0,12.2,64.0,22.0,17.0,16.0,3.0,7.0,0.0,1.0,0.0,0.0,7.0
738,Pedro Payano,TEX,18313,0.0,2.0,7.312504358592247,4.0,4.0,0.0,0.0,0.0,0.0,0.0,0.0,16.0,81.0,23.0,16.0,13.0,3.0,13.0,0.0,1.0,1.0,0.0,10.0
739,James Marvel,PIT,19675,0.0,3.0,8.307693831314277,4.0,4.0,0.0,0.0,0.0,0.0,0.0,0.0,17.1,84.0,25.0,16.0,16.0,4.0,6.0,0.0,2.0,0.0,0.0,9.0
740,Adam Mazur,2 Tms,31900,1.0,7.0,6.219895536408571,14.0,14.0,2.0,0.0,0.0,0.0,0.0,0.0,63.2,297.0,73.0,49.0,44.0,10.0,33.0,0.0,3.0,2.0,0.0,41.0
741,Deck McGuire,2 Tms,11596,1.0,3.0,7.641510946464906,6.0,6.0,0.0,0.0,0.0,0.0,0.0,0.0,17.2,86.0,21.0,17.0,15.0,5.0,9.0,0.0,3.0,2.0,0.0,20.0
742,Packy Naughton,2 Tms,23292,0.0,6.0,8.50685009300481,8.0,8.0,0.0,0.0,0.0,0.0,0.0,0.0,24.1,116.0,34.0,23.0,23.0,5.0,11.0,0.0,1.0,0.0,0.0,16.0
743,Mike Vasil,CHW,30105,0.0,0.0,6.545455112930221,3.0,3.0,0.0,0.0,0.0,0.0,0.0,0.0,11.0,52.0,14.0,8.0,8.0,3.0,6.0,0.0,2.0,0.0,0.0,11.0
744,Gregory Soto,DET,19677,0.0,3.0,8.485711973541267,7.0,7.0,0.0,0.0,0.0,0.0,0.0,0.0,23.1,114.0,31.0,22.0,22.0,6.0,12.0,0.0,0.0,1.0,0.0,16.0
745,Alan Rangel,PHI,19524,0.0,2.0,6.352941354665794,3.0,3.0,0.0,0.0,0.0,0.0,0.0,0.0,11.1,57.0,13.0,8.0,8.0,3.0,10.0,0.0,1.0,0.0,1.0,13.0
746,Chandler Shepherd,BAL,16166,0.0,0.0,8.25,3.0,3.0,0.0,0.0,0.0,0.0,0.0,0.0,12.0,53.0,15.0,12.0,11.0,5.0,3.0,0.0,2.0,1.0,0.0,12.0
747,Conner Menez,SFG,19199,0.0,1.0,6.136362306342925,4.0,4.0,0.0,0.0,0.0,0.0,0.0,0.0,14.2,62.0,12.0,10.0,10.0,4.0,9.0,0.0,0.0,0.0,0.0,15.0
748,Jackson Kowar,KCR,21549,0.0,6.0,11.853659088025864,8.0,8.0,1.0,0.0,0.0,0.0,0.0,0.0,27.1,142.0,40.0,36.0,36.0,6.0,20.0,0.0,1.0,6.0,0.0,28.0
749,Kohl Drake,ARI,32070,0.0,1.0,6.532258265472482,5.0,5.0,0.0,0.0,0.0,0.0,0.0,0.0,20.2,95.0,24.0,15.0,15.0,5.0,7.0,0.0,4.0,0.0,0.0,17.0
750,Lewis Thorpe,MIN,15906,0.0,3.0,5.99999936421719,7.0,7.0,0.0,0.0,0.0,0.0,0.0,0.0,27.0,123.0,32.0,21.0,18.0,6.0,17.0,0.0,0.0,2.0,0.0,21.0
751,Louis Varland,2 Tms,27691,4.0,10.0,5.183381145481461,23.0,23.0,6.0,0.0,0.0,0.0,0.0,0.0,116.1,508.0,130.0,69.0,67.0,27.0,33.0,1.0,5.0,3.0,0.0,106.0
752,Walker Lockett,2 Tms,13804,1.0,4.0,8.422019085492046,8.0,8.0,0.0,0.0,0.0,0.0,0.0,0.0,36.1,170.0,48.0,34.0,34.0,8.0,16.0,1.0,2.0,1.0,0.0,28.0
753,Seth Frankoff,ARI,11346,0.0,2.0,9.219512624020117,3.0,3.0,0.0,0.0,0.0,0.0,0.0,0.0,13.2,68.0,17.0,14.0,14.0,3.0,9.0,0.0,2.0,3.0,0.0,11.0
754,Humberto Mejía,2 Tms,20739,0.0,5.0,6.680412633853112,8.0,8.0,0.0,0.0,0.0,0.0,0.0,0.0,32.1,154.0,45.0,27.0,24.0,8.0,15.0,1.0,1.0,0.0,0.0,31.0
755,Ken Waldichuk,OAK,27681,4.0,7.0,5.230024599534344,29.0,29.0,5.0,0.0,0.0,0.0,0.0,0.0,137.2,613.0,141.0,86.0,80.0,27.0,62.0,0.0,10.0,6.0,1.0,129.0
756,John Lamb,LAA,8493,0.0,1.0,7.2,3.0,3.0,0.0,0.0,0.0,0.0,0.0,0.0,10.0,50.0,15.0,10.0,8.0,4.0,4.0,1.0,0.0,0.0,0.0,11.0
757,Erik Swanson,SEA,16587,1.0,5.0,6.524999066591397,11.0,11.0,2.0,0.0,0.0,0.0,0.0,0.0,40.0,169.0,41.0,33.0,29.0,13.0,6.0,0.0,0.0,0.0,0.0,29.0
758,Nick Neidert,MIA,18699,1.0,3.0,4.909091249576308,8.0,8.0,0.0,0.0,0.0,0.0,0.0,0.0,36.2,161.0,33.0,20.0,20.0,5.0,23.0,1.0,4.0,2.0,0.0,22.0
759,Zach Neal,OAK,11294,1.0,0.0,4.5,2.0,2.0,0.0,0.0,0.0,0.0,0.0,0.0,10.0,43.0,8.0,7.0,5.0,3.0,5.0,0.0,1.0,0.0,0.0,8.0
760,Christian Bergman,SEA,10925,4.0,5.0,5.333333144953228,10.0,10.0,4.0,0.0,0.0,0.0,0.0,0.0,54.0,228.0,60.0,33.0,32.0,13.0,15.0,0.0,1.0,0.0,0.0,33.0
761,Miguel Yajure,PIT,21111,0.0,2.0,6.456521872987372,4.0,4.0,0.0,0.0,0.0,0.0,0.0,0.0,15.1,67.0,16.0,11.0,11.0,4.0,8.0,0.0,0.0,0.0,0.0,9.0
762,Colten Brewer,BOS,12997,0.0,3.0,6.906973680463533,4.0,4.0,0.0,0.0,0.0,0.0,0.0,0.0,14.1,71.0,20.0,11.0,11.0,4.0,9.0,0.0,0.0,1.0,0.0,12.0
763,Brandon Finnegan,CIN,16208,1.0,4.0,6.1485160126102585,9.0,9.0,1.0,0.0,0.0,0.0,0.0,0.0,33.2,162.0,36.0,26.0,23.0,6.0,28.0,2.0,0.0,2.0,0.0,30.0
764,Jeff Brigham,MIA,16631,0.0,4.0,6.061225669476581,4.0,4.0,0.0,0.0,0.0,0.0,0.0,0.0,16.1,77.0,16.0,11.0,11.0,2.0,13.0,0.0,2.0,0.0,0.0,12.0
765,Brock Stewart,LAD,16727,0.0,0.0,5.399999207716838,6.0,6.0,0.0,0.0,0.0,0.0,0.0,0.0,21.2,105.0,24.0,19.0,13.0,4.0,15.0,2.0,0.0,1.0,0.0,16.0
766,Drew Hutchison,2 Tms,10732,4.0,8.0,5.230769529223537,25.0,25.0,2.0,0.0,0.0,0.0,0.0,0.0,117.0,528.0,140.0,77.0,68.0,20.0,47.0,0.0,3.0,4.0,0.0,67.0
767,Glenn Sparkman,KCR,15200,4.0,11.0,6.098985007774431,26.0,26.0,6.0,1.0,1.0,0.0,0.0,0.0,131.1,583.0,157.0,94.0,89.0,29.0,39.0,1.0,5.0,6.0,3.0,80.0
768,Matt Brash,SEA,25756,1.0,3.0,7.65,5.0,5.0,0.0,0.0,0.0,0.0,0.0,0.0,20.0,95.0,24.0,17.0,17.0,3.0,17.0,0.0,1.0,0.0,0.0,19.0
769,Jon Duplantier,ARI,19546,0.0,4.0,9.692308047819433,7.0,7.0,0.0,0.0,0.0,0.0,0.0,0.0,26.0,127.0,35.0,28.0,28.0,7.0,12.0,0.0,2.0,0.0,0.0,24.0
770,Hisashi Iwakuma,SEA,13048,0.0,2.0,4.354838709677419,6.0,6.0,2.0,0.0,0.0,0.0,0.0,0.0,31.0,128.0,27.0,16.0,15.0,7.0,12.0,0.0,2.0,1.0,0.0,16.0
771,Ethan Pecko,HOU,33515,1.0,0.0,5.192308073213143,4.0,4.0,0.0,0.0,0.0,0.0,0.0,0.0,17.1,77.0,16.0,11.0,10.0,4.0,10.0,0.0,1.0,0.0,0.0,11.0
772,Ubaldo Jiménez,BAL,3374,6.0,11.0,7.200000439453151,25.0,25.0,5.0,0.0,0.0,0.0,0.0,0.0,125.0,575.0,154.0,101.0,100.0,32.0,54.0,0.0,5.0,2.0,0.0,118.0
773,Stephen Gonsalves,MIN,15492,0.0,2.0,11.6756786850797,4.0,4.0,0.0,0.0,0.0,0.0,0.0,0.0,12.1,72.0,24.0,19.0,16.0,2.0,13.0,0.0,1.0,1.0,0.0,6.0
774,Taylor Widener,ARI,19266,2.0,1.0,4.278688792162335,13.0,13.0,2.0,0.0,0.0,0.0,0.0,0.0,61.0,273.0,53.0,31.0,29.0,13.0,32.0,2.0,6.0,1.0,0.0,64.0
775,Reiss Knehr,SDP,21541,0.0,3.0,7.71428641494446,7.0,7.0,0.0,0.0,0.0,0.0,0.0,0.0,21.0,100.0,24.0,18.0,18.0,4.0,12.0,0.0,3.0,1.0,1.0,11.0
776,Wes Benjamin,TEX,19243,0.0,1.0,10.80000102996836,3.0,3.0,0.0,0.0,0.0,0.0,0.0,0.0,10.0,52.0,16.0,12.0,12.0,4.0,6.0,0.0,0.0,0.0,0.0,9.0
777,Jake Bloss,HOU,33168,0.0,1.0,6.942857521212852,3.0,3.0,0.0,0.0,0.0,0.0,0.0,0.0,11.2,55.0,16.0,9.0,9.0,5.0,3.0,0.0,0.0,2.0,0.0,11.0
778,Mike Paredes,MIN,30187,0.0,2.0,4.5,5.0,5.0,0.0,0.0,0.0,0.0,0.0,0.0,22.0,96.0,23.0,11.0,11.0,5.0,7.0,0.0,2.0,0.0,0.0,11.0
779,Jarlín García,MIA,18282,1.0,1.0,3.4411764705882355,7.0,7.0,3.0,0.0,0.0,0.0,0.0,0.0,34.0,135.0,23.0,14.0,13.0,7.0,13.0,0.0,0.0,0.0,1.0,22.0
780,Sam Aldegheri,LAA,26443,3.0,7.0,6.000000238418589,11.0,11.0,1.0,0.0,0.0,0.0,0.0,0.0,48.0,233.0,53.0,38.0,32.0,8.0,29.0,0.0,6.0,4.0,0.0,32.0
781,Carson Palmquist,2 Tms,31612,0.0,6.0,8.491936332911617,13.0,13.0,0.0,0.0,0.0,0.0,0.0,0.0,41.1,202.0,52.0,40.0,39.0,9.0,24.0,0.0,5.0,1.0,0.0,35.0
782,Andrew Moore,SEA,17553,1.0,5.0,5.464284783723562,10.0,10.0,4.0,0.0,0.0,0.0,0.0,0.0,56.0,231.0,59.0,35.0,34.0,15.0,7.0,0.0,1.0,0.0,0.0,25.0
783,Zach Logue,OAK,20231,2.0,8.0,6.2027028625772545,10.0,10.0,2.0,0.0,0.0,0.0,0.0,0.0,49.1,215.0,53.0,35.0,34.0,11.0,16.0,0.0,2.0,0.0,0.0,37.0
784,Victor Mederos,LAA,31533,0.0,2.0,8.307692307692308,3.0,3.0,0.0,0.0,0.0,0.0,0.0,0.0,13.0,63.0,16.0,12.0,12.0,4.0,8.0,0.0,2.0,0.0,0.0,10.0
785,Mason Barnett,ATH,31741,1.0,4.0,8.424000514160188,10.0,10.0,0.0,0.0,0.0,0.0,0.0,0.0,41.2,204.0,54.0,41.0,39.0,10.0,26.0,0.0,3.0,5.0,0.0,37.0
786,Ljay Newsome,SEA,19942,0.0,2.0,9.81818607425086,5.0,5.0,0.0,0.0,0.0,0.0,0.0,0.0,14.2,71.0,24.0,16.0,16.0,6.0,3.0,1.0,1.0,0.0,0.0,9.0
787,Nick Kingham,PIT,11694,5.0,8.0,6.126923391550972,19.0,19.0,6.0,0.0,0.0,0.0,0.0,0.0,86.2,400.0,102.0,65.0,59.0,21.0,31.0,3.0,5.0,2.0,1.0,81.0
788,Ronald Bolaños,2 Tms,20041,0.0,4.0,7.854542730663393,5.0,5.0,1.0,0.0,0.0,0.0,0.0,0.0,18.1,89.0,21.0,18.0,16.0,4.0,14.0,0.0,2.0,3.0,0.0,15.0
789,Logan Allen,2 Tms,18555,3.0,9.0,7.068063744797918,15.0,15.0,4.0,0.0,0.0,0.0,0.0,0.0,63.2,285.0,76.0,54.0,50.0,13.0,25.0,0.0,4.0,4.0,0.0,43.0
790,Lisalverto Bonilla,CIN,11266,0.0,3.0,7.838712088896256,4.0,4.0,1.0,1.0,0.0,0.0,0.0,0.0,20.2,96.0,23.0,18.0,18.0,5.0,13.0,0.0,1.0,1.0,0.0,10.0
791,Darren McCaughan,2 Tms,20038,0.0,0.0,7.460526690258563,6.0,6.0,0.0,0.0,0.0,0.0,0.0,0.0,25.1,119.0,35.0,23.0,21.0,7.0,6.0,0.0,5.0,1.0,0.0,18.0
792,Tucker Davidson,3 Tms,19871,2.0,8.0,5.499999990893735,17.0,17.0,3.0,0.0,0.0,0.0,0.0,0.0,72.0,328.0,67.0,49.0,44.0,11.0,46.0,0.0,2.0,1.0,0.0,51.0
793,Bryan Hoeing,MIA,26304,0.0,5.0,7.884956284579136,10.0,10.0,0.0,0.0,0.0,0.0,0.0,0.0,37.2,175.0,50.0,34.0,33.0,9.0,15.0,0.0,1.0,1.0,0.0,26.0
794,Tim Melville,2 Tms,9149,2.0,4.0,5.6454540927154335,8.0,8.0,1.0,0.0,0.0,0.0,0.0,0.0,36.2,161.0,38.0,23.0,23.0,10.0,17.0,0.0,2.0,1.0,0.0,28.0
795,Mat Latos,TOR,3815,0.0,1.0,6.6,3.0,3.0,1.0,0.0,0.0,0.0,0.0,0.0,15.0,70.0,19.0,11.0,11.0,5.0,8.0,1.0,1.0,1.0,0.0,10.0
796,Troy Scribner,2 Tms,15570,1.0,2.0,4.426228072303514,5.0,5.0,0.0,0.0,0.0,0.0,0.0,0.0,20.1,91.0,15.0,13.0,10.0,6.0,13.0,0.0,2.0,0.0,0.0,19.0
797,Luke Farrell,4 Tms,15101,0.0,3.0,11.499998019801588,7.0,7.0,0.0,0.0,0.0,0.0,0.0,0.0,18.0,93.0,31.0,23.0,23.0,6.0,7.0,0.0,1.0,1.0,0.0,14.0
798,Héctor Santiago,3 Tms,4026,6.0,10.0,5.605263345459498,24.0,24.0,6.0,0.0,0.0,0.0,0.0,0.0,114.0,512.0,117.0,73.0,71.0,24.0,59.0,1.0,6.0,0.0,1.0,84.0
799,Chase De Jong,4 Tms,15036,2.0,8.0,6.365019196050352,19.0,19.0,2.0,0.0,0.0,0.0,0.0,0.0,87.2,396.0,105.0,64.0,62.0,20.0,36.0,2.0,2.0,2.0,0.0,70.0
800,Gunnar Hoglund,ATH,31318,1.0,3.0,6.402062107442565,6.0,6.0,1.0,0.0,0.0,0.0,0.0,0.0,32.1,139.0,38.0,23.0,23.0,10.0,11.0,0.0,0.0,1.0,0.0,23.0
801,Burch Smith,2 Tms,12784,1.0,5.0,10.323531017958027,7.0,7.0,1.0,0.0,0.0,0.0,0.0,0.0,22.2,108.0,32.0,26.0,26.0,7.0,9.0,0.0,1.0,0.0,0.0,20.0
802,Julian Aguiar,CIN,30031,2.0,1.0,6.2526320810926,7.0,7.0,2.0,0.0,0.0,0.0,0.0,0.0,31.2,140.0,30.0,22.0,22.0,8.0,12.0,1.0,5.0,1.0,0.0,19.0
803,Jordan Holloway,MIA,20631,0.0,2.0,10.500000834465093,4.0,4.0,0.0,0.0,0.0,0.0,0.0,0.0,12.0,65.0,14.0,16.0,14.0,3.0,16.0,0.0,0.0,1.0,0.0,12.0
804,Adrián Martinez,OAK,21023,4.0,7.0,6.150000293254866,13.0,13.0,1.0,0.0,0.0,0.0,0.0,0.0,60.0,270.0,72.0,43.0,41.0,14.0,20.0,1.0,4.0,6.0,1.0,56.0
805,McCade Brown,COL,30004,0.0,5.0,7.363637093247956,7.0,7.0,0.0,0.0,0.0,0.0,0.0,0.0,25.2,126.0,30.0,21.0,21.0,6.0,17.0,0.0,5.0,1.0,0.0,23.0
806,Daniel Gossett,OAK,16164,4.0,14.0,5.913544311034302,23.0,23.0,8.0,0.0,0.0,0.0,0.0,0.0,115.2,516.0,141.0,81.0,76.0,26.0,39.0,0.0,1.0,11.0,0.0,84.0
807,Jacob Nix,SDP,17775,2.0,5.0,7.015749506619867,9.0,9.0,3.0,0.0,0.0,0.0,0.0,0.0,42.1,190.0,52.0,33.0,33.0,8.0,13.0,0.0,4.0,4.0,0.0,21.0
808,David Holmberg,CHW,7725,1.0,3.0,5.33721048603734,7.0,7.0,0.0,0.0,0.0,0.0,0.0,0.0,28.2,133.0,30.0,23.0,17.0,7.0,17.0,0.0,2.0,0.0,0.0,18.0
809,Shintaro Fujinami,OAK,31839,0.0,6.0,14.264152996733035,7.0,7.0,1.0,0.0,0.0,0.0,0.0,0.0,17.2,94.0,26.0,28.0,28.0,4.0,12.0,0.0,3.0,2.0,0.0,14.0
810,JR Ritchie,ATL,31760,1.0,3.0,6.090225738589229,9.0,9.0,1.0,0.0,0.0,0.0,0.0,0.0,44.1,202.0,42.0,33.0,30.0,9.0,28.0,0.0,5.0,1.0,0.0,41.0
811,Dillon Gee,2 Tms,7396,1.0,2.0,7.875000117346646,4.0,4.0,1.0,0.0,0.0,0.0,0.0,0.0,16.0,77.0,23.0,14.0,14.0,7.0,8.0,0.0,0.0,0.0,0.0,13.0
812,Nate Pearson,2 Tms,20160,0.0,1.0,6.864408000178062,6.0,6.0,0.0,0.0,0.0,0.0,0.0,0.0,19.2,94.0,18.0,18.0,15.0,5.0,18.0,0.0,0.0,1.0,0.0,14.0
813,Hunter Gaddis,CLE,25636,1.0,3.0,7.681034798500241,9.0,9.0,2.0,0.0,0.0,0.0,0.0,0.0,38.2,177.0,45.0,33.0,33.0,11.0,14.0,0.0,4.0,1.0,0.0,25.0
814,Rookie Davis,2 Tms,14962,1.0,4.0,8.64,7.0,7.0,0.0,0.0,0.0,0.0,0.0,0.0,25.0,130.0,38.0,26.0,24.0,7.0,18.0,0.0,1.0,3.0,0.0,20.0
815,Hector Noesí,MIA,3292,0.0,3.0,11.290911048700341,4.0,4.0,0.0,0.0,0.0,0.0,0.0,0.0,18.1,87.0,20.0,23.0,23.0,6.0,12.0,0.0,1.0,1.0,0.0,15.0
816,Carson Whisenhunt,SFG,31676,5.0,5.0,5.896552111957952,13.0,13.0,0.0,0.0,0.0,0.0,0.0,0.0,58.0,266.0,63.0,40.0,38.0,11.0,33.0,0.0,3.0,4.0,0.0,42.0
817,Ryan Weber,2 Tms,10160,1.0,3.0,6.882352892915271,9.0,9.0,1.0,0.0,0.0,0.0,0.0,0.0,34.0,158.0,43.0,26.0,26.0,9.0,12.0,0.0,3.0,1.0,0.0,14.0
818,Manny Banuelos,CHW,5365,2.0,4.0,8.048075742270287,8.0,8.0,0.0,0.0,0.0,0.0,0.0,0.0,34.2,166.0,47.0,31.0,31.0,11.0,21.0,2.0,1.0,2.0,1.0,32.0
819,Trey Gibson,BAL,33794,1.0,3.0,7.548388025639198,7.0,7.0,0.0,0.0,0.0,0.0,0.0,0.0,31.0,151.0,35.0,26.0,26.0,7.0,24.0,0.0,1.0,2.0,0.0,28.0
820,Steven Wright,BOS,8185,2.0,4.0,6.1875,9.0,9.0,4.0,0.0,0.0,0.0,0.0,0.0,48.0,215.0,61.0,35.0,33.0,12.0,15.0,1.0,3.0,1.0,0.0,30.0
821,Didier Fuentes,ATL,30661,0.0,3.0,13.500000804662752,5.0,5.0,0.0,0.0,0.0,0.0,0.0,0.0,16.0,87.0,30.0,24.0,24.0,7.0,7.0,0.0,2.0,1.0,0.0,19.0
822,Thomas Eshelman,BAL,18361,1.0,6.0,7.000000247248906,14.0,14.0,0.0,0.0,0.0,0.0,0.0,0.0,54.0,248.0,72.0,48.0,42.0,17.0,18.0,0.0,0.0,0.0,0.0,30.0
823,Jonathan Heasley,KCR,22224,5.0,11.0,5.233146095453466,24.0,24.0,7.0,0.0,0.0,0.0,0.0,0.0,118.2,524.0,123.0,75.0,69.0,22.0,50.0,0.0,8.0,9.0,0.0,76.0
824,Jhony Brito,NYY,25386,3.0,6.0,6.322785115436849,13.0,13.0,0.0,0.0,0.0,0.0,0.0,0.0,52.2,232.0,57.0,38.0,37.0,13.0,21.0,0.0,2.0,0.0,1.0,38.0
825,Bruce Zimmermann,2 Tms,20370,5.0,11.0,5.96277938209626,28.0,28.0,5.0,0.0,0.0,0.0,0.0,0.0,134.1,597.0,171.0,94.0,89.0,35.0,35.0,0.0,6.0,1.0,1.0,99.0
826,Travis Wood,2 Tms,9884,3.0,5.0,7.025510751024421,14.0,14.0,3.0,0.0,0.0,0.0,0.0,0.0,65.1,302.0,84.0,56.0,51.0,16.0,27.0,0.0,1.0,0.0,0.0,44.0
827,Chase Petty,CIN,30170,0.0,2.0,11.207548178146306,5.0,5.0,0.0,0.0,0.0,0.0,0.0,0.0,17.2,90.0,25.0,23.0,22.0,6.0,12.0,0.0,1.0,0.0,0.0,10.0
828,T.J. Zeuch,2 Tms,19269,0.0,5.0,7.2000006866455735,10.0,10.0,0.0,0.0,0.0,0.0,0.0,0.0,40.0,192.0,55.0,33.0,32.0,10.0,18.0,0.0,3.0,1.0,0.0,21.0
829,Spencer Howard,4 Tms,23252,3.0,12.0,7.07142839079001,32.0,32.0,0.0,0.0,0.0,0.0,0.0,0.0,112.0,529.0,138.0,95.0,88.0,24.0,55.0,1.0,5.0,5.0,1.0,96.0
830,Justin Dunn,2 Tms,19268,6.0,7.0,4.443890358863324,32.0,32.0,5.0,0.0,0.0,0.0,0.0,0.0,133.2,584.0,102.0,67.0,66.0,27.0,86.0,1.0,9.0,1.0,0.0,113.0
831,Nick Tepesch,2 Tms,11716,1.0,2.0,5.1702116775320714,4.0,4.0,1.0,0.0,0.0,0.0,0.0,0.0,15.2,80.0,22.0,15.0,9.0,6.0,9.0,1.0,3.0,0.0,0.0,9.0
832,Joe Palumbo,TEX,17035,0.0,3.0,14.343745725230656,4.0,4.0,0.0,0.0,0.0,0.0,0.0,0.0,10.2,59.0,20.0,17.0,17.0,7.0,6.0,0.0,2.0,0.0,0.0,14.0
833,Dylan Dodd,ATL,29928,2.0,2.0,7.601942029117549,7.0,7.0,1.0,0.0,0.0,0.0,0.0,0.0,34.1,164.0,53.0,29.0,29.0,9.0,12.0,1.0,1.0,1.0,0.0,15.0
834,Robert Dugger,3 Tms,19191,0.0,7.0,6.792454082968629,13.0,13.0,3.0,0.0,0.0,0.0,0.0,0.0,53.0,246.0,56.0,46.0,40.0,11.0,30.0,1.0,6.0,4.0,0.0,36.0
835,Nick Nastrini,CHW,29833,0.0,7.0,7.793814739495296,8.0,8.0,1.0,0.0,0.0,0.0,0.0,0.0,32.1,160.0,31.0,33.0,28.0,7.0,32.0,0.0,1.0,3.0,0.0,24.0
836,J.C. Mejía,CLE,20617,0.0,7.0,9.779527852802662,11.0,11.0,1.0,0.0,0.0,0.0,0.0,0.0,42.1,202.0,54.0,46.0,46.0,11.0,22.0,0.0,3.0,2.0,2.0,36.0
837,Drew Rucinski,OAK,12499,0.0,4.0,9.000000953674418,4.0,4.0,0.0,0.0,0.0,0.0,0.0,0.0,18.0,95.0,27.0,22.0,18.0,5.0,14.0,0.0,1.0,0.0,0.0,6.0
838,Lyon Richardson,CIN,24581,0.0,3.0,10.188680711952168,5.0,5.0,0.0,0.0,0.0,0.0,0.0,0.0,17.2,88.0,18.0,20.0,20.0,7.0,17.0,0.0,1.0,0.0,0.0,14.0
839,Cory Abbott,2 Tms,20277,0.0,5.0,5.7272727272727275,10.0,10.0,1.0,0.0,0.0,0.0,0.0,0.0,44.0,202.0,44.0,30.0,28.0,12.0,25.0,0.0,5.0,2.0,0.0,40.0
840,Matt Swarmer,CHC,19705,1.0,3.0,5.837837988308004,5.0,5.0,2.0,0.0,0.0,0.0,0.0,0.0,24.2,107.0,23.0,20.0,16.0,11.0,10.0,0.0,0.0,1.0,0.0,24.0
841,Bronson Arroyo,CIN,978,3.0,6.0,7.352112676056338,14.0,14.0,3.0,0.0,0.0,0.0,0.0,0.0,71.0,322.0,94.0,59.0,58.0,23.0,19.0,2.0,2.0,1.0,0.0,45.0
842,Connor Seabold,2 Tms,19695,1.0,11.0,8.40249015855529,19.0,19.0,2.0,0.0,0.0,0.0,0.0,0.0,80.1,381.0,110.0,79.0,75.0,22.0,31.0,0.0,7.0,5.0,0.0,60.0
843,David Hess,2 Tms,16130,4.0,21.0,6.124260078553868,34.0,34.0,10.0,0.0,0.0,0.0,0.0,0.0,169.0,758.0,188.0,132.0,115.0,48.0,61.0,2.0,8.0,4.0,1.0,128.0
844,Caden Dana,LAA,31508,1.0,6.0,7.118182126746703,8.0,8.0,2.0,0.0,0.0,0.0,0.0,0.0,36.2,164.0,37.0,31.0,29.0,12.0,20.0,0.0,2.0,2.0,0.0,35.0
845,Tom Koehler,2 Tms,6570,1.0,6.0,7.417581795696066,13.0,13.0,2.0,0.0,0.0,0.0,0.0,0.0,60.2,283.0,71.0,51.0,50.0,15.0,32.0,3.0,7.0,1.0,0.0,51.0
846,Wil Crowe,2 Tms,19800,4.0,10.0,5.841689154132831,29.0,29.0,3.0,0.0,0.0,0.0,0.0,0.0,126.1,573.0,140.0,88.0,82.0,31.0,64.0,1.0,7.0,1.0,1.0,120.0
847,Chris Smith,OAK,4544,0.0,4.0,6.942858088746491,9.0,9.0,3.0,0.0,0.0,0.0,0.0,0.0,46.2,208.0,50.0,39.0,36.0,15.0,18.0,0.0,1.0,3.0,0.0,27.0
848,Ryan Carpenter,DET,12699,2.0,8.0,8.663101781000591,14.0,14.0,1.0,0.0,0.0,0.0,0.0,0.0,62.1,300.0,95.0,65.0,60.0,20.0,16.0,0.0,4.0,0.0,2.0,39.0
849,Ryan Castellani,COL,16377,1.0,4.0,6.044775302013492,10.0,10.0,1.0,0.0,0.0,0.0,0.0,0.0,44.2,198.0,40.0,32.0,30.0,13.0,30.0,0.0,6.0,1.0,0.0,25.0
850,Kohei Arihara,TEX,27505,3.0,7.0,7.67045487795981,14.0,14.0,1.0,0.0,0.0,0.0,0.0,0.0,58.2,274.0,77.0,51.0,50.0,15.0,23.0,0.0,7.0,1.0,0.0,37.0
851,Ross Detwiler,2 Tms,2859,3.0,6.0,6.958762955014366,17.0,17.0,2.0,0.0,0.0,0.0,0.0,0.0,64.2,295.0,79.0,52.0,50.0,22.0,25.0,3.0,4.0,2.0,0.0,47.0
852,Mike Pelfrey,CHW,5203,3.0,12.0,6.009965711073765,21.0,21.0,2.0,0.0,0.0,0.0,0.0,0.0,100.1,457.0,107.0,75.0,67.0,22.0,55.0,4.0,7.0,1.0,0.0,64.0
853,Bradley Blalock,COL,26419,3.0,9.0,8.332031746627793,18.0,18.0,1.0,0.0,0.0,0.0,0.0,0.0,85.1,405.0,115.0,81.0,79.0,19.0,42.0,1.0,4.0,2.0,0.0,45.0
854,Matt Koch,2 Tms,13420,5.0,5.0,4.615385066828123,15.0,15.0,6.0,0.0,0.0,0.0,0.0,0.0,78.0,329.0,83.0,43.0,40.0,19.0,22.0,1.0,6.0,3.0,0.0,41.0
855,Elvin Rodríguez,2 Tms,20962,0.0,5.0,10.020618950779667,7.0,7.0,0.0,0.0,0.0,0.0,0.0,0.0,32.1,152.0,46.0,36.0,36.0,14.0,13.0,1.0,2.0,1.0,0.0,23.0
856,Jered Weaver,SDP,4235,0.0,5.0,7.440944434882671,9.0,9.0,4.0,0.0,0.0,0.0,0.0,0.0,42.1,191.0,51.0,41.0,35.0,16.0,12.0,0.0,4.0,0.0,0.0,23.0
857,Amir Garrett,CIN,14375,3.0,8.0,7.4851473840169795,14.0,14.0,6.0,0.0,0.0,0.0,0.0,0.0,67.1,306.0,70.0,58.0,56.0,23.0,36.0,2.0,2.0,1.0,0.0,61.0
858,Adam Oller,2 Tms,20132,4.0,12.0,6.5873494922015965,23.0,23.0,4.0,0.0,0.0,0.0,0.0,0.0,110.2,502.0,125.0,83.0,81.0,25.0,55.0,0.0,4.0,5.0,0.0,80.0
859,Chris Tillman,BAL,5279,2.0,12.0,8.67857349770459,26.0,26.0,4.0,0.0,0.0,0.0,0.0,0.0,112.0,548.0,160.0,114.0,108.0,29.0,65.0,0.0,4.0,17.0,0.0,71.0
860,Corbin Martin,2 Tms,19884,1.0,5.0,7.363637065887518,10.0,10.0,0.0,0.0,0.0,0.0,0.0,0.0,36.2,180.0,45.0,32.0,30.0,16.0,27.0,0.0,1.0,1.0,0.0,34.0
861,Roddery Muñoz,MIA,25311,2.0,7.0,6.635593434854069,17.0,17.0,2.0,0.0,0.0,0.0,0.0,0.0,78.2,359.0,85.0,64.0,58.0,26.0,38.0,0.0,5.0,4.0,1.0,68.0
